{
  "experiment": {
    "name": "ARQ_3__ESC_8",
    "timestamp": "2025-06-19T18:32:58.486366",
    "repeat_index": 6
  },
  "effects": {
    "num_taps": {
      "is_categorical": true,
      "bins": null,
      "values": {
        "6": {
          "Éxito": 0.8370768229166666,
          "Error": 0.16292317708333334
        }
      }
    },
    "snr_db": {
      "is_categorical": false,
      "bins": 10,
      "values": {
        "(7.997, 8.4]": {
          "Éxito": 0.8133116883116883,
          "Error": 0.18668831168831168
        },
        "(8.4, 8.8]": {
          "Éxito": 0.8122923588039868,
          "Error": 0.1877076411960133
        },
        "(8.8, 9.2]": {
          "Éxito": 0.8389154704944178,
          "Error": 0.16108452950558214
        },
        "(9.2, 9.6]": {
          "Éxito": 0.8500823723228995,
          "Error": 0.14991762767710048
        },
        "(9.6, 9.999]": {
          "Éxito": 0.8441558441558441,
          "Error": 0.15584415584415584
        },
        "(9.999, 10.399]": {
          "Éxito": 0.8445839874411303,
          "Error": 0.1554160125588697
        },
        "(10.399, 10.799]": {
          "Éxito": 0.8330781010719756,
          "Error": 0.1669218989280245
        },
        "(10.799, 11.199]": {
          "Éxito": 0.8472468916518651,
          "Error": 0.152753108348135
        },
        "(11.199, 11.598]": {
          "Éxito": 0.859375,
          "Error": 0.140625
        },
        "(11.598, 11.998]": {
          "Éxito": 0.8267581475128645,
          "Error": 0.1732418524871355
        }
      }
    },
    "phase_offset": {
      "is_categorical": false,
      "bins": 10,
      "values": {
        "(-0.0382, 4.506]": {
          "Éxito": 0.8448844884488449,
          "Error": 0.1551155115511551
        },
        "(4.506, 9.005]": {
          "Éxito": 0.8429752066115702,
          "Error": 0.15702479338842976
        },
        "(9.005, 13.503]": {
          "Éxito": 0.8500797448165869,
          "Error": 0.14992025518341306
        },
        "(13.503, 18.002]": {
          "Éxito": 0.8413461538461539,
          "Error": 0.15865384615384615
        },
        "(18.002, 22.501]": {
          "Éxito": 0.8415672913117547,
          "Error": 0.15843270868824533
        },
        "(22.501, 27.0]": {
          "Éxito": 0.8380809595202399,
          "Error": 0.1619190404797601
        },
        "(27.0, 31.499]": {
          "Éxito": 0.8566666666666667,
          "Error": 0.14333333333333334
        },
        "(31.499, 35.998]": {
          "Éxito": 0.8283333333333334,
          "Error": 0.17166666666666666
        },
        "(35.998, 40.497]": {
          "Éxito": 0.8025682182985554,
          "Error": 0.19743178170144463
        },
        "(40.497, 44.996]": {
          "Éxito": 0.824793388429752,
          "Error": 0.17520661157024794
        }
      }
    },
    "roll_off": {
      "is_categorical": false,
      "bins": 10,
      "values": {
        "(0.2, 0.21]": {
          "Éxito": 0.8257042253521126,
          "Error": 0.1742957746478873
        },
        "(0.21, 0.22]": {
          "Éxito": 0.8316831683168316,
          "Error": 0.16831683168316833
        },
        "(0.22, 0.23]": {
          "Éxito": 0.8349673202614379,
          "Error": 0.1650326797385621
        },
        "(0.23, 0.24]": {
          "Éxito": 0.8657937806873978,
          "Error": 0.1342062193126023
        },
        "(0.24, 0.25]": {
          "Éxito": 0.8325123152709359,
          "Error": 0.16748768472906403
        },
        "(0.25, 0.26]": {
          "Éxito": 0.8202416918429003,
          "Error": 0.1797583081570997
        },
        "(0.26, 0.27]": {
          "Éxito": 0.8361934477379095,
          "Error": 0.16380655226209048
        },
        "(0.27, 0.28]": {
          "Éxito": 0.8599670510708401,
          "Error": 0.1400329489291598
        },
        "(0.28, 0.29]": {
          "Éxito": 0.8477905073649754,
          "Error": 0.15220949263502456
        },
        "(0.29, 0.3]": {
          "Éxito": 0.8168557536466775,
          "Error": 0.18314424635332252
        }
      }
    }
  }
}