{
  "experiment": {
    "name": "cnn_bilstm_attn_esc_4",
    "timestamp": "2025-06-19T16:34:21.609318",
    "repeat_index": 0,
    "fold_index": 2
  },
  "evaluation": {
    "loss": 0.09071027487516403,
    "accuracy": 0.9751830697059631
  },
  "classification_report": {
    "bpsk": {
      "precision": 1.0,
      "recall": 1.0,
      "f1-score": 1.0,
      "support": 410.0
    },
    "qpsk": {
      "precision": 1.0,
      "recall": 1.0,
      "f1-score": 1.0,
      "support": 410.0
    },
    "16qam": {
      "precision": 0.9784172661870504,
      "recall": 0.9951219512195122,
      "f1-score": 0.9866989117291415,
      "support": 410.0
    },
    "32qam cross": {
      "precision": 0.9776674937965261,
      "recall": 0.9609756097560975,
      "f1-score": 0.9692496924969249,
      "support": 410.0
    },
    "64qam": {
      "precision": 0.9564164648910412,
      "recall": 0.9657701711491442,
      "f1-score": 0.9610705596107055,
      "support": 409.0
    },
    "128qam cross": {
      "precision": 0.9382716049382716,
      "recall": 0.9290953545232273,
      "f1-score": 0.9336609336609337,
      "support": 409.0
    },
    "accuracy": 0.9751830756712775,
    "macro avg": {
      "precision": 0.9751288049688148,
      "recall": 0.9751605144413302,
      "f1-score": 0.975113349582951,
      "support": 2458.0
    },
    "weighted avg": {
      "precision": 0.9751514125929435,
      "recall": 0.9751830756712775,
      "f1-score": 0.9751359269653327,
      "support": 2458.0
    }
  }
}