{
  "experiment": {
    "name": "red_carlos_ESC_3",
    "timestamp": "2025-06-18T06:16:43.704821",
    "repeat_index": 1,
    "fold_index": 3
  },
  "effects": {
    "num_taps": {
      "is_categorical": true,
      "bins": null,
      "values": {
        "2": {
          "Éxito": 0.9576891781936534,
          "Error": 0.04231082180634662
        }
      }
    },
    "snr_db": {
      "is_categorical": false,
      "bins": 10,
      "values": {
        "(8.0, 8.403]": {
          "Éxito": 0.926923076923077,
          "Error": 0.07307692307692308
        },
        "(8.403, 8.803]": {
          "Éxito": 0.9473684210526315,
          "Error": 0.05263157894736842
        },
        "(8.803, 9.203]": {
          "Éxito": 0.9477911646586346,
          "Error": 0.05220883534136546
        },
        "(9.203, 9.602]": {
          "Éxito": 0.9418604651162791,
          "Error": 0.05813953488372093
        },
        "(9.602, 10.002]": {
          "Éxito": 0.932806324110672,
          "Error": 0.06719367588932806
        },
        "(10.002, 10.401]": {
          "Éxito": 0.9724770642201835,
          "Error": 0.027522935779816515
        },
        "(10.401, 10.801]": {
          "Éxito": 0.9799196787148594,
          "Error": 0.020080321285140562
        },
        "(10.801, 11.201]": {
          "Éxito": 0.9663865546218487,
          "Error": 0.03361344537815126
        },
        "(11.201, 11.6]": {
          "Éxito": 0.9769230769230769,
          "Error": 0.023076923076923078
        },
        "(11.6, 12.0]": {
          "Éxito": 0.9911504424778761,
          "Error": 0.008849557522123894
        }
      }
    },
    "phase_offset": {
      "is_categorical": false,
      "bins": 10,
      "values": {
        "(0.00453, 4.544]": {
          "Éxito": 0.9661016949152542,
          "Error": 0.03389830508474576
        },
        "(4.544, 9.039]": {
          "Éxito": 0.9576923076923077,
          "Error": 0.04230769230769231
        },
        "(9.039, 13.534]": {
          "Éxito": 0.9625,
          "Error": 0.0375
        },
        "(13.534, 18.028]": {
          "Éxito": 0.96,
          "Error": 0.04
        },
        "(18.028, 22.523]": {
          "Éxito": 0.9311740890688259,
          "Error": 0.06882591093117409
        },
        "(22.523, 27.018]": {
          "Éxito": 0.9748953974895398,
          "Error": 0.02510460251046025
        },
        "(27.018, 31.512]": {
          "Éxito": 0.9458333333333333,
          "Error": 0.05416666666666667
        },
        "(31.512, 36.007]": {
          "Éxito": 0.9678714859437751,
          "Error": 0.0321285140562249
        },
        "(36.007, 40.502]": {
          "Éxito": 0.9598393574297188,
          "Error": 0.040160642570281124
        },
        "(40.502, 44.997]": {
          "Éxito": 0.9516129032258065,
          "Error": 0.04838709677419355
        }
      }
    },
    "roll_off": {
      "is_categorical": false,
      "bins": 10,
      "values": {
        "(0.2, 0.21]": {
          "Éxito": 0.9442231075697212,
          "Error": 0.055776892430278883
        },
        "(0.21, 0.22]": {
          "Éxito": 0.9603174603174603,
          "Error": 0.03968253968253968
        },
        "(0.22, 0.23]": {
          "Éxito": 0.9768339768339769,
          "Error": 0.023166023166023165
        },
        "(0.23, 0.24]": {
          "Éxito": 0.9642857142857143,
          "Error": 0.03571428571428571
        },
        "(0.24, 0.25]": {
          "Éxito": 0.956140350877193,
          "Error": 0.043859649122807015
        },
        "(0.25, 0.26]": {
          "Éxito": 0.9311926605504587,
          "Error": 0.06880733944954129
        },
        "(0.26, 0.27]": {
          "Éxito": 0.9458483754512635,
          "Error": 0.05415162454873646
        },
        "(0.27, 0.28]": {
          "Éxito": 0.9730941704035875,
          "Error": 0.026905829596412557
        },
        "(0.28, 0.29]": {
          "Éxito": 0.9609375,
          "Error": 0.0390625
        },
        "(0.29, 0.3]": {
          "Éxito": 0.9629629629629629,
          "Error": 0.037037037037037035
        }
      }
    }
  }
}