{
  "experiment": {
    "name": "ARQ_3__ESC_1",
    "timestamp": "2025-06-19T07:03:17.762944",
    "repeat_index": 6
  },
  "effects": {
    "num_taps": {
      "is_categorical": true,
      "bins": null,
      "values": {
        "2": {
          "Éxito": 0.806640625,
          "Error": 0.193359375
        }
      }
    },
    "snr_db": {
      "is_categorical": false,
      "bins": 10,
      "values": {
        "(-0.00268, 0.401]": {
          "Éxito": 0.7980456026058632,
          "Error": 0.20195439739413681
        },
        "(0.401, 0.801]": {
          "Éxito": 0.7788018433179723,
          "Error": 0.22119815668202766
        },
        "(0.801, 1.201]": {
          "Éxito": 0.7818991097922848,
          "Error": 0.21810089020771514
        },
        "(1.201, 1.6]": {
          "Éxito": 0.7772277227722773,
          "Error": 0.22277227722772278
        },
        "(1.6, 2.0]": {
          "Éxito": 0.8129032258064516,
          "Error": 0.1870967741935484
        },
        "(2.0, 2.4]": {
          "Éxito": 0.789983844911147,
          "Error": 0.210016155088853
        },
        "(2.4, 2.799]": {
          "Éxito": 0.8183361629881154,
          "Error": 0.18166383701188454
        },
        "(2.799, 3.199]": {
          "Éxito": 0.8457538994800693,
          "Error": 0.15424610051993068
        },
        "(3.199, 3.599]": {
          "Éxito": 0.8172757475083057,
          "Error": 0.18272425249169436
        },
        "(3.599, 3.999]": {
          "Éxito": 0.8547297297297297,
          "Error": 0.14527027027027026
        }
      }
    },
    "phase_offset": {
      "is_categorical": false,
      "bins": 10,
      "values": {
        "(-0.0368, 4.506]": {
          "Éxito": 0.8107667210440457,
          "Error": 0.18923327895595432
        },
        "(4.506, 9.004]": {
          "Éxito": 0.8232484076433121,
          "Error": 0.1767515923566879
        },
        "(9.004, 13.502]": {
          "Éxito": 0.7947882736156352,
          "Error": 0.20521172638436483
        },
        "(13.502, 17.999]": {
          "Éxito": 0.7886178861788617,
          "Error": 0.21138211382113822
        },
        "(17.999, 22.497]": {
          "Éxito": 0.8108108108108109,
          "Error": 0.1891891891891892
        },
        "(22.497, 26.995]": {
          "Éxito": 0.7857142857142857,
          "Error": 0.21428571428571427
        },
        "(26.995, 31.493]": {
          "Éxito": 0.7800963081861958,
          "Error": 0.21990369181380418
        },
        "(31.493, 35.991]": {
          "Éxito": 0.8330550918196995,
          "Error": 0.1669449081803005
        },
        "(35.991, 40.488]": {
          "Éxito": 0.8121827411167513,
          "Error": 0.18781725888324874
        },
        "(40.488, 44.986]": {
          "Éxito": 0.8278560250391236,
          "Error": 0.17214397496087636
        }
      }
    },
    "roll_off": {
      "is_categorical": false,
      "bins": 10,
      "values": {
        "(0.2, 0.21]": {
          "Éxito": 0.7716150081566069,
          "Error": 0.22838499184339314
        },
        "(0.21, 0.22]": {
          "Éxito": 0.8049921996879875,
          "Error": 0.19500780031201248
        },
        "(0.22, 0.23]": {
          "Éxito": 0.7904761904761904,
          "Error": 0.20952380952380953
        },
        "(0.23, 0.24]": {
          "Éxito": 0.8104265402843602,
          "Error": 0.1895734597156398
        },
        "(0.24, 0.25]": {
          "Éxito": 0.7948303715670436,
          "Error": 0.20516962843295639
        },
        "(0.25, 0.26]": {
          "Éxito": 0.7966666666666666,
          "Error": 0.20333333333333334
        },
        "(0.26, 0.27]": {
          "Éxito": 0.828665568369028,
          "Error": 0.171334431630972
        },
        "(0.27, 0.28]": {
          "Éxito": 0.8405103668261563,
          "Error": 0.1594896331738437
        },
        "(0.28, 0.29]": {
          "Éxito": 0.803448275862069,
          "Error": 0.19655172413793104
        },
        "(0.29, 0.3]": {
          "Éxito": 0.8249158249158249,
          "Error": 0.1750841750841751
        }
      }
    }
  }
}