{
  "experiment": {
    "name": "red_carlos_ESC_5",
    "timestamp": "2025-06-18T11:31:32.712339",
    "repeat_index": 2,
    "fold_index": 0
  },
  "effects": {
    "num_taps": {
      "is_categorical": true,
      "bins": null,
      "values": {
        "2": {
          "Éxito": 0.9857607811228641,
          "Error": 0.014239218877135883
        }
      }
    },
    "snr_db": {
      "is_categorical": false,
      "bins": 10,
      "values": {
        "(15.996, 16.4]": {
          "Éxito": 0.9796747967479674,
          "Error": 0.02032520325203252
        },
        "(16.4, 16.8]": {
          "Éxito": 0.987012987012987,
          "Error": 0.012987012987012988
        },
        "(16.8, 17.2]": {
          "Éxito": 0.970954356846473,
          "Error": 0.029045643153526972
        },
        "(17.2, 17.6]": {
          "Éxito": 0.9838056680161943,
          "Error": 0.016194331983805668
        },
        "(17.6, 18.0]": {
          "Éxito": 0.9954954954954955,
          "Error": 0.0045045045045045045
        },
        "(18.0, 18.4]": {
          "Éxito": 0.9762845849802372,
          "Error": 0.023715415019762844
        },
        "(18.4, 18.799]": {
          "Éxito": 0.9962406015037594,
          "Error": 0.0037593984962406013
        },
        "(18.799, 19.199]": {
          "Éxito": 0.9896551724137931,
          "Error": 0.010344827586206896
        },
        "(19.199, 19.599]": {
          "Éxito": 0.9916666666666667,
          "Error": 0.008333333333333333
        },
        "(19.599, 19.999]": {
          "Éxito": 0.9864864864864865,
          "Error": 0.013513513513513514
        }
      }
    },
    "phase_offset": {
      "is_categorical": false,
      "bins": 10,
      "values": {
        "(-0.0217, 4.518]": {
          "Éxito": 0.9880952380952381,
          "Error": 0.011904761904761904
        },
        "(4.518, 9.013]": {
          "Éxito": 0.9915254237288136,
          "Error": 0.00847457627118644
        },
        "(9.013, 13.507]": {
          "Éxito": 0.9871794871794872,
          "Error": 0.01282051282051282
        },
        "(13.507, 18.002]": {
          "Éxito": 0.9841269841269841,
          "Error": 0.015873015873015872
        },
        "(18.002, 22.497]": {
          "Éxito": 0.9789029535864979,
          "Error": 0.02109704641350211
        },
        "(22.497, 26.991]": {
          "Éxito": 0.9919678714859438,
          "Error": 0.008032128514056224
        },
        "(26.991, 31.486]": {
          "Éxito": 0.9884615384615385,
          "Error": 0.011538461538461539
        },
        "(31.486, 35.981]": {
          "Éxito": 0.9881422924901185,
          "Error": 0.011857707509881422
        },
        "(35.981, 40.475]": {
          "Éxito": 0.979253112033195,
          "Error": 0.02074688796680498
        },
        "(40.475, 44.97]": {
          "Éxito": 0.9795081967213115,
          "Error": 0.020491803278688523
        }
      }
    },
    "roll_off": {
      "is_categorical": false,
      "bins": 10,
      "values": {
        "(0.2, 0.21]": {
          "Éxito": 0.9727626459143969,
          "Error": 0.027237354085603113
        },
        "(0.21, 0.22]": {
          "Éxito": 0.9924528301886792,
          "Error": 0.007547169811320755
        },
        "(0.22, 0.23]": {
          "Éxito": 0.9775784753363229,
          "Error": 0.02242152466367713
        },
        "(0.23, 0.24]": {
          "Éxito": 0.9880952380952381,
          "Error": 0.011904761904761904
        },
        "(0.24, 0.25]": {
          "Éxito": 0.9767441860465116,
          "Error": 0.023255813953488372
        },
        "(0.25, 0.26]": {
          "Éxito": 0.9910714285714286,
          "Error": 0.008928571428571428
        },
        "(0.26, 0.27]": {
          "Éxito": 0.9782608695652174,
          "Error": 0.021739130434782608
        },
        "(0.27, 0.28]": {
          "Éxito": 0.9963235294117647,
          "Error": 0.003676470588235294
        },
        "(0.28, 0.29]": {
          "Éxito": 0.9914163090128756,
          "Error": 0.008583690987124463
        },
        "(0.29, 0.3]": {
          "Éxito": 0.9918032786885246,
          "Error": 0.00819672131147541
        }
      }
    }
  }
}