{
  "experiment": {
    "name": "ARQ_1__ESC_1",
    "timestamp": "2025-06-21T12:49:15.864155",
    "repeat_index": 0
  },
  "effects": {
    "num_taps": {
      "is_categorical": true,
      "bins": null,
      "values": {
        "2": {
          "Éxito": 0.8053385416666666,
          "Error": 0.19466145833333334
        }
      }
    },
    "snr_db": {
      "is_categorical": false,
      "bins": 10,
      "values": {
        "(-0.00268, 0.401]": {
          "Éxito": 0.7719869706840391,
          "Error": 0.2280130293159609
        },
        "(0.401, 0.801]": {
          "Éxito": 0.7726574500768049,
          "Error": 0.22734254992319508
        },
        "(0.801, 1.201]": {
          "Éxito": 0.7729970326409495,
          "Error": 0.22700296735905046
        },
        "(1.201, 1.6]": {
          "Éxito": 0.7838283828382838,
          "Error": 0.21617161716171618
        },
        "(1.6, 2.0]": {
          "Éxito": 0.832258064516129,
          "Error": 0.16774193548387098
        },
        "(2.0, 2.4]": {
          "Éxito": 0.789983844911147,
          "Error": 0.210016155088853
        },
        "(2.4, 2.799]": {
          "Éxito": 0.8251273344651953,
          "Error": 0.17487266553480477
        },
        "(2.799, 3.199]": {
          "Éxito": 0.8370883882149047,
          "Error": 0.16291161178509533
        },
        "(3.199, 3.599]": {
          "Éxito": 0.8222591362126246,
          "Error": 0.1777408637873754
        },
        "(3.599, 3.999]": {
          "Éxito": 0.8547297297297297,
          "Error": 0.14527027027027026
        }
      }
    },
    "phase_offset": {
      "is_categorical": false,
      "bins": 10,
      "values": {
        "(-0.0368, 4.506]": {
          "Éxito": 0.8172920065252854,
          "Error": 0.18270799347471453
        },
        "(4.506, 9.004]": {
          "Éxito": 0.8105095541401274,
          "Error": 0.18949044585987262
        },
        "(9.004, 13.502]": {
          "Éxito": 0.7996742671009772,
          "Error": 0.2003257328990228
        },
        "(13.502, 17.999]": {
          "Éxito": 0.8048780487804879,
          "Error": 0.1951219512195122
        },
        "(17.999, 22.497]": {
          "Éxito": 0.7787162162162162,
          "Error": 0.22128378378378377
        },
        "(22.497, 26.995]": {
          "Éxito": 0.792063492063492,
          "Error": 0.20793650793650795
        },
        "(26.995, 31.493]": {
          "Éxito": 0.7945425361155698,
          "Error": 0.20545746388443017
        },
        "(31.493, 35.991]": {
          "Éxito": 0.8213689482470785,
          "Error": 0.17863105175292154
        },
        "(35.991, 40.488]": {
          "Éxito": 0.8121827411167513,
          "Error": 0.18781725888324874
        },
        "(40.488, 44.986]": {
          "Éxito": 0.8215962441314554,
          "Error": 0.1784037558685446
        }
      }
    },
    "roll_off": {
      "is_categorical": false,
      "bins": 10,
      "values": {
        "(0.2, 0.21]": {
          "Éxito": 0.7928221859706363,
          "Error": 0.20717781402936378
        },
        "(0.21, 0.22]": {
          "Éxito": 0.7987519500780031,
          "Error": 0.20124804992199688
        },
        "(0.22, 0.23]": {
          "Éxito": 0.8238095238095238,
          "Error": 0.1761904761904762
        },
        "(0.23, 0.24]": {
          "Éxito": 0.7930489731437599,
          "Error": 0.20695102685624012
        },
        "(0.24, 0.25]": {
          "Éxito": 0.7835218093699515,
          "Error": 0.21647819063004847
        },
        "(0.25, 0.26]": {
          "Éxito": 0.8083333333333333,
          "Error": 0.19166666666666668
        },
        "(0.26, 0.27]": {
          "Éxito": 0.8138385502471169,
          "Error": 0.18616144975288304
        },
        "(0.27, 0.28]": {
          "Éxito": 0.8309409888357256,
          "Error": 0.16905901116427433
        },
        "(0.28, 0.29]": {
          "Éxito": 0.7913793103448276,
          "Error": 0.20862068965517241
        },
        "(0.29, 0.3]": {
          "Éxito": 0.8164983164983165,
          "Error": 0.1835016835016835
        }
      }
    }
  }
}