{
  "experiment": {
    "name": "ARQ_1__ESC_11",
    "timestamp": "2025-06-22T18:18:37.405491",
    "repeat_index": 7
  },
  "evaluation": {
    "loss": 0.07431710511445999,
    "accuracy": 0.9777018427848816
  },
  "classification_report": {
    "bpsk": {
      "precision": 1.0,
      "recall": 1.0,
      "f1-score": 1.0,
      "support": 1024.0
    },
    "qpsk": {
      "precision": 1.0,
      "recall": 1.0,
      "f1-score": 1.0,
      "support": 1024.0
    },
    "16qam": {
      "precision": 0.9941520467836257,
      "recall": 0.99609375,
      "f1-score": 0.9951219512195122,
      "support": 1024.0
    },
    "32qam cross": {
      "precision": 0.9283694627709708,
      "recall": 0.9619140625,
      "f1-score": 0.9448441247002398,
      "support": 1024.0
    },
    "64qam": {
      "precision": 0.9882926829268293,
      "recall": 0.9892578125,
      "f1-score": 0.9887750122010737,
      "support": 1024.0
    },
    "128qam cross": {
      "precision": 0.9563008130081301,
      "recall": 0.9189453125,
      "f1-score": 0.9372509960159362,
      "support": 1024.0
    },
    "accuracy": 0.9777018229166666,
    "macro avg": {
      "precision": 0.9778525009149259,
      "recall": 0.9777018229166666,
      "f1-score": 0.977665347356127,
      "support": 6144.0
    },
    "weighted avg": {
      "precision": 0.9778525009149259,
      "recall": 0.9777018229166666,
      "f1-score": 0.977665347356127,
      "support": 6144.0
    }
  }
}