{
  "experiment": {
    "name": "ARQ_2__ESC_3_WITH_256_QAM",
    "timestamp": "2025-06-23T01:02:02.198137",
    "repeat_index": 8
  },
  "effects": {
    "num_taps": {
      "is_categorical": true,
      "bins": null,
      "values": {
        "2": {
          "Éxito": 0.8681640625,
          "Error": 0.1318359375
        }
      }
    },
    "snr_db": {
      "is_categorical": false,
      "bins": 10,
      "values": {
        "(7.997, 8.401]": {
          "Éxito": 0.8431372549019608,
          "Error": 0.1568627450980392
        },
        "(8.401, 8.801]": {
          "Éxito": 0.8468834688346883,
          "Error": 0.15311653116531165
        },
        "(8.801, 9.201]": {
          "Éxito": 0.85297845373891,
          "Error": 0.14702154626108999
        },
        "(9.201, 9.601]": {
          "Éxito": 0.8680851063829788,
          "Error": 0.13191489361702127
        },
        "(9.601, 10.0]": {
          "Éxito": 0.8719346049046321,
          "Error": 0.12806539509536785
        },
        "(10.0, 10.4]": {
          "Éxito": 0.855755894590846,
          "Error": 0.14424410540915394
        },
        "(10.4, 10.8]": {
          "Éxito": 0.8790896159317212,
          "Error": 0.12091038406827881
        },
        "(10.8, 11.2]": {
          "Éxito": 0.890881913303438,
          "Error": 0.10911808669656203
        },
        "(11.2, 11.599]": {
          "Éxito": 0.886039886039886,
          "Error": 0.11396011396011396
        },
        "(11.599, 11.999]": {
          "Éxito": 0.8917748917748918,
          "Error": 0.10822510822510822
        }
      }
    },
    "phase_offset": {
      "is_categorical": false,
      "bins": 10,
      "values": {
        "(-0.0368, 4.507]": {
          "Éxito": 0.8816155988857939,
          "Error": 0.11838440111420613
        },
        "(4.507, 9.006]": {
          "Éxito": 0.8770718232044199,
          "Error": 0.12292817679558012
        },
        "(9.006, 13.505]": {
          "Éxito": 0.8543140028288543,
          "Error": 0.1456859971711457
        },
        "(13.505, 18.003]": {
          "Éxito": 0.8421787709497207,
          "Error": 0.15782122905027932
        },
        "(18.003, 22.502]": {
          "Éxito": 0.8771676300578035,
          "Error": 0.12283236994219653
        },
        "(22.502, 27.001]": {
          "Éxito": 0.875,
          "Error": 0.125
        },
        "(27.001, 31.5]": {
          "Éxito": 0.8736263736263736,
          "Error": 0.12637362637362637
        },
        "(31.5, 35.999]": {
          "Éxito": 0.8692528735632183,
          "Error": 0.1307471264367816
        },
        "(35.999, 40.497]": {
          "Éxito": 0.8616262482168331,
          "Error": 0.1383737517831669
        },
        "(40.497, 44.996]": {
          "Éxito": 0.8693333333333333,
          "Error": 0.13066666666666665
        }
      }
    },
    "roll_off": {
      "is_categorical": false,
      "bins": 10,
      "values": {
        "(0.2, 0.21]": {
          "Éxito": 0.8547249647390691,
          "Error": 0.14527503526093088
        },
        "(0.21, 0.22]": {
          "Éxito": 0.8811475409836066,
          "Error": 0.11885245901639344
        },
        "(0.22, 0.23]": {
          "Éxito": 0.8825174825174825,
          "Error": 0.11748251748251748
        },
        "(0.23, 0.24]": {
          "Éxito": 0.854251012145749,
          "Error": 0.145748987854251
        },
        "(0.24, 0.25]": {
          "Éxito": 0.8804945054945055,
          "Error": 0.11950549450549451
        },
        "(0.25, 0.26]": {
          "Éxito": 0.8762446657183499,
          "Error": 0.12375533428165007
        },
        "(0.26, 0.27]": {
          "Éxito": 0.875,
          "Error": 0.125
        },
        "(0.27, 0.28]": {
          "Éxito": 0.851150202976996,
          "Error": 0.14884979702300405
        },
        "(0.28, 0.29]": {
          "Éxito": 0.8706896551724138,
          "Error": 0.12931034482758622
        },
        "(0.29, 0.3]": {
          "Éxito": 0.8554744525547445,
          "Error": 0.14452554744525548
        }
      }
    }
  }
}