{
  "experiment": {
    "name": "ARQ_3__ESC_5",
    "timestamp": "2025-06-19T13:00:07.568711",
    "repeat_index": 2
  },
  "effects": {
    "num_taps": {
      "is_categorical": true,
      "bins": null,
      "values": {
        "2": {
          "Éxito": 0.9864908854166666,
          "Error": 0.013509114583333334
        }
      }
    },
    "snr_db": {
      "is_categorical": false,
      "bins": 10,
      "values": {
        "(15.997, 16.401]": {
          "Éxito": 0.9853181076672104,
          "Error": 0.01468189233278956
        },
        "(16.401, 16.801]": {
          "Éxito": 0.9825673534072901,
          "Error": 0.017432646592709985
        },
        "(16.801, 17.201]": {
          "Éxito": 0.9834710743801653,
          "Error": 0.01652892561983471
        },
        "(17.201, 17.6]": {
          "Éxito": 0.9872813990461049,
          "Error": 0.012718600953895072
        },
        "(17.6, 18.0]": {
          "Éxito": 0.9827044025157232,
          "Error": 0.01729559748427673
        },
        "(18.0, 18.4]": {
          "Éxito": 0.991869918699187,
          "Error": 0.008130081300813009
        },
        "(18.4, 18.8]": {
          "Éxito": 0.9900990099009901,
          "Error": 0.009900990099009901
        },
        "(18.8, 19.2]": {
          "Éxito": 0.9841017488076311,
          "Error": 0.01589825119236884
        },
        "(19.2, 19.599]": {
          "Éxito": 0.9864406779661017,
          "Error": 0.013559322033898305
        },
        "(19.599, 19.999]": {
          "Éxito": 0.9915254237288136,
          "Error": 0.00847457627118644
        }
      }
    },
    "phase_offset": {
      "is_categorical": false,
      "bins": 10,
      "values": {
        "(-0.0341, 4.51]": {
          "Éxito": 0.9862778730703259,
          "Error": 0.0137221269296741
        },
        "(4.51, 9.008]": {
          "Éxito": 0.9904153354632588,
          "Error": 0.009584664536741214
        },
        "(9.008, 13.507]": {
          "Éxito": 0.9852216748768473,
          "Error": 0.014778325123152709
        },
        "(13.507, 18.006]": {
          "Éxito": 0.9905511811023622,
          "Error": 0.009448818897637795
        },
        "(18.006, 22.504]": {
          "Éxito": 0.9855305466237942,
          "Error": 0.014469453376205787
        },
        "(22.504, 27.003]": {
          "Éxito": 0.983739837398374,
          "Error": 0.016260162601626018
        },
        "(27.003, 31.502]": {
          "Éxito": 0.9794628751974723,
          "Error": 0.020537124802527645
        },
        "(31.502, 36.0]": {
          "Éxito": 0.9917898193760263,
          "Error": 0.008210180623973728
        },
        "(36.0, 40.499]": {
          "Éxito": 0.9917218543046358,
          "Error": 0.008278145695364239
        },
        "(40.499, 44.998]": {
          "Éxito": 0.9802631578947368,
          "Error": 0.019736842105263157
        }
      }
    },
    "roll_off": {
      "is_categorical": false,
      "bins": 10,
      "values": {
        "(0.2, 0.21]": {
          "Éxito": 0.9792332268370607,
          "Error": 0.020766773162939296
        },
        "(0.21, 0.22]": {
          "Éxito": 0.9831649831649831,
          "Error": 0.016835016835016835
        },
        "(0.22, 0.23]": {
          "Éxito": 0.9923312883435583,
          "Error": 0.007668711656441718
        },
        "(0.23, 0.24]": {
          "Éxito": 0.9823321554770318,
          "Error": 0.0176678445229682
        },
        "(0.24, 0.25]": {
          "Éxito": 0.9899497487437185,
          "Error": 0.010050251256281407
        },
        "(0.25, 0.26]": {
          "Éxito": 0.9816971713810316,
          "Error": 0.018302828618968387
        },
        "(0.26, 0.27]": {
          "Éxito": 0.9951060358890701,
          "Error": 0.004893964110929853
        },
        "(0.27, 0.28]": {
          "Éxito": 0.9907120743034056,
          "Error": 0.009287925696594427
        },
        "(0.28, 0.29]": {
          "Éxito": 0.9863247863247864,
          "Error": 0.013675213675213675
        },
        "(0.29, 0.3]": {
          "Éxito": 0.983433734939759,
          "Error": 0.016566265060240965
        }
      }
    }
  }
}