{
  "experiment": {
    "name": "ARQ_3__ESC_2",
    "timestamp": "2025-06-19T08:16:06.559173",
    "repeat_index": 4
  },
  "evaluation": {
    "loss": 0.2588643729686737,
    "accuracy": 0.8990885615348816
  },
  "classification_report": {
    "bpsk": {
      "precision": 1.0,
      "recall": 0.9990234375,
      "f1-score": 0.9995114802149487,
      "support": 1024.0
    },
    "qpsk": {
      "precision": 0.9990243902439024,
      "recall": 1.0,
      "f1-score": 0.9995119570522206,
      "support": 1024.0
    },
    "16qam": {
      "precision": 0.9326275264677575,
      "recall": 0.9462890625,
      "f1-score": 0.9394086282113427,
      "support": 1024.0
    },
    "32qam cross": {
      "precision": 0.7450450450450451,
      "recall": 0.8076171875,
      "f1-score": 0.7750702905342081,
      "support": 1024.0
    },
    "64qam": {
      "precision": 0.9337944664031621,
      "recall": 0.9228515625,
      "f1-score": 0.9282907662082515,
      "support": 1024.0
    },
    "128qam cross": {
      "precision": 0.7871657754010695,
      "recall": 0.71875,
      "f1-score": 0.7514037774374681,
      "support": 1024.0
    },
    "accuracy": 0.8990885416666666,
    "macro avg": {
      "precision": 0.8996095339268227,
      "recall": 0.8990885416666666,
      "f1-score": 0.8988661499430733,
      "support": 6144.0
    },
    "weighted avg": {
      "precision": 0.8996095339268227,
      "recall": 0.8990885416666666,
      "f1-score": 0.8988661499430733,
      "support": 6144.0
    }
  }
}