{
  "experiment": {
    "name": "ARQ_3__ESC_7",
    "timestamp": "2025-06-19T17:28:29.743205",
    "repeat_index": 9
  },
  "effects": {
    "num_taps": {
      "is_categorical": true,
      "bins": null,
      "values": {
        "4": {
          "Éxito": 0.8821614583333334,
          "Error": 0.11783854166666667
        }
      }
    },
    "snr_db": {
      "is_categorical": false,
      "bins": 10,
      "values": {
        "(7.996, 8.4]": {
          "Éxito": 0.8487261146496815,
          "Error": 0.15127388535031847
        },
        "(8.4, 8.8]": {
          "Éxito": 0.8661016949152542,
          "Error": 0.13389830508474576
        },
        "(8.8, 9.2]": {
          "Éxito": 0.8695652173913043,
          "Error": 0.13043478260869565
        },
        "(9.2, 9.6]": {
          "Éxito": 0.8629441624365483,
          "Error": 0.13705583756345177
        },
        "(9.6, 10.0]": {
          "Éxito": 0.8985736925515055,
          "Error": 0.10142630744849446
        },
        "(10.0, 10.4]": {
          "Éxito": 0.8904538341158059,
          "Error": 0.10954616588419405
        },
        "(10.4, 10.8]": {
          "Éxito": 0.8922829581993569,
          "Error": 0.10771704180064309
        },
        "(10.8, 11.2]": {
          "Éxito": 0.9027303754266212,
          "Error": 0.09726962457337884
        },
        "(11.2, 11.6]": {
          "Éxito": 0.9104234527687296,
          "Error": 0.08957654723127036
        },
        "(11.6, 12.0]": {
          "Éxito": 0.8794212218649518,
          "Error": 0.12057877813504823
        }
      }
    },
    "phase_offset": {
      "is_categorical": false,
      "bins": 10,
      "values": {
        "(-0.0414, 4.503]": {
          "Éxito": 0.869701726844584,
          "Error": 0.130298273155416
        },
        "(4.503, 9.003]": {
          "Éxito": 0.8719298245614036,
          "Error": 0.1280701754385965
        },
        "(9.003, 13.502]": {
          "Éxito": 0.8888888888888888,
          "Error": 0.1111111111111111
        },
        "(13.502, 18.002]": {
          "Éxito": 0.875,
          "Error": 0.125
        },
        "(18.002, 22.501]": {
          "Éxito": 0.8685524126455907,
          "Error": 0.1314475873544093
        },
        "(22.501, 27.001]": {
          "Éxito": 0.9102773246329527,
          "Error": 0.08972267536704731
        },
        "(27.001, 31.5]": {
          "Éxito": 0.8871794871794871,
          "Error": 0.11282051282051282
        },
        "(31.5, 36.0]": {
          "Éxito": 0.8832807570977917,
          "Error": 0.1167192429022082
        },
        "(36.0, 40.499]": {
          "Éxito": 0.8956386292834891,
          "Error": 0.1043613707165109
        },
        "(40.499, 44.999]": {
          "Éxito": 0.8707592891760905,
          "Error": 0.12924071082390953
        }
      }
    },
    "roll_off": {
      "is_categorical": false,
      "bins": 10,
      "values": {
        "(0.2, 0.21]": {
          "Éxito": 0.8723051409618574,
          "Error": 0.12769485903814262
        },
        "(0.21, 0.22]": {
          "Éxito": 0.8980891719745223,
          "Error": 0.10191082802547771
        },
        "(0.22, 0.23]": {
          "Éxito": 0.8788368336025848,
          "Error": 0.12116316639741519
        },
        "(0.23, 0.24]": {
          "Éxito": 0.8851132686084142,
          "Error": 0.11488673139158576
        },
        "(0.24, 0.25]": {
          "Éxito": 0.8756218905472637,
          "Error": 0.12437810945273632
        },
        "(0.25, 0.26]": {
          "Éxito": 0.8857142857142857,
          "Error": 0.11428571428571428
        },
        "(0.26, 0.27]": {
          "Éxito": 0.8747993579454254,
          "Error": 0.12520064205457465
        },
        "(0.27, 0.28]": {
          "Éxito": 0.8707037643207856,
          "Error": 0.12929623567921442
        },
        "(0.28, 0.29]": {
          "Éxito": 0.8762057877813505,
          "Error": 0.12379421221864952
        },
        "(0.29, 0.3]": {
          "Éxito": 0.9035369774919614,
          "Error": 0.09646302250803858
        }
      }
    }
  }
}