{
  "experiment": {
    "name": "res_tcn_se_esc_1",
    "timestamp": "2025-06-16T05:10:47.544444",
    "repeat_index": 0,
    "fold_index": 1
  },
  "effects": {
    "num_taps": {
      "is_categorical": true,
      "bins": null,
      "values": {
        "2": {
          "Éxito": 0.7571196094385679,
          "Error": 0.24288039056143207
        }
      }
    },
    "snr_db": {
      "is_categorical": false,
      "bins": 10,
      "values": {
        "(-0.0038, 0.4]": {
          "Éxito": 0.703862660944206,
          "Error": 0.296137339055794
        },
        "(0.4, 0.8]": {
          "Éxito": 0.7458333333333333,
          "Error": 0.25416666666666665
        },
        "(0.8, 1.2]": {
          "Éxito": 0.7549407114624506,
          "Error": 0.2450592885375494
        },
        "(1.2, 1.6]": {
          "Éxito": 0.735632183908046,
          "Error": 0.26436781609195403
        },
        "(1.6, 2.0]": {
          "Éxito": 0.757201646090535,
          "Error": 0.24279835390946503
        },
        "(2.0, 2.399]": {
          "Éxito": 0.7649572649572649,
          "Error": 0.23504273504273504
        },
        "(2.399, 2.799]": {
          "Éxito": 0.7862903225806451,
          "Error": 0.21370967741935484
        },
        "(2.799, 3.199]": {
          "Éxito": 0.8008130081300813,
          "Error": 0.1991869918699187
        },
        "(3.199, 3.599]": {
          "Éxito": 0.7665369649805448,
          "Error": 0.23346303501945526
        },
        "(3.599, 3.999]": {
          "Éxito": 0.7530864197530864,
          "Error": 0.24691358024691357
        }
      }
    },
    "phase_offset": {
      "is_categorical": false,
      "bins": 10,
      "values": {
        "(-0.0293, 4.512]": {
          "Éxito": 0.7965367965367965,
          "Error": 0.20346320346320346
        },
        "(4.512, 9.009]": {
          "Éxito": 0.7434944237918215,
          "Error": 0.25650557620817843
        },
        "(9.009, 13.506]": {
          "Éxito": 0.7459016393442623,
          "Error": 0.2540983606557377
        },
        "(13.506, 18.003]": {
          "Éxito": 0.7551867219917012,
          "Error": 0.24481327800829875
        },
        "(18.003, 22.5]": {
          "Éxito": 0.7433962264150943,
          "Error": 0.25660377358490566
        },
        "(22.5, 26.996]": {
          "Éxito": 0.7606837606837606,
          "Error": 0.23931623931623933
        },
        "(26.996, 31.493]": {
          "Éxito": 0.728,
          "Error": 0.272
        },
        "(31.493, 35.99]": {
          "Éxito": 0.7811158798283262,
          "Error": 0.21888412017167383
        },
        "(35.99, 40.487]": {
          "Éxito": 0.7408906882591093,
          "Error": 0.2591093117408907
        },
        "(40.487, 44.984]": {
          "Éxito": 0.7827868852459017,
          "Error": 0.21721311475409835
        }
      }
    },
    "roll_off": {
      "is_categorical": false,
      "bins": 10,
      "values": {
        "(0.2, 0.21]": {
          "Éxito": 0.7401574803149606,
          "Error": 0.25984251968503935
        },
        "(0.21, 0.22]": {
          "Éxito": 0.8049792531120332,
          "Error": 0.1950207468879668
        },
        "(0.22, 0.23]": {
          "Éxito": 0.7426470588235294,
          "Error": 0.25735294117647056
        },
        "(0.23, 0.24]": {
          "Éxito": 0.7807017543859649,
          "Error": 0.21929824561403508
        },
        "(0.24, 0.25]": {
          "Éxito": 0.7465437788018433,
          "Error": 0.2534562211981567
        },
        "(0.25, 0.26]": {
          "Éxito": 0.74235807860262,
          "Error": 0.2576419213973799
        },
        "(0.26, 0.27]": {
          "Éxito": 0.7631578947368421,
          "Error": 0.23684210526315788
        },
        "(0.27, 0.28]": {
          "Éxito": 0.7509025270758123,
          "Error": 0.2490974729241877
        },
        "(0.28, 0.29]": {
          "Éxito": 0.7341269841269841,
          "Error": 0.26587301587301587
        },
        "(0.29, 0.3]": {
          "Éxito": 0.7692307692307693,
          "Error": 0.23076923076923078
        }
      }
    }
  }
}