{
  "experiment": {
    "name": "ARQ_1__ESC_10",
    "timestamp": "2025-06-22T21:58:16.973670",
    "repeat_index": 7
  },
  "evaluation": {
    "loss": 0.07420889288187027,
    "accuracy": 0.9773762822151184
  },
  "classification_report": {
    "bpsk": {
      "precision": 1.0,
      "recall": 1.0,
      "f1-score": 1.0,
      "support": 1024.0
    },
    "qpsk": {
      "precision": 1.0,
      "recall": 0.9990234375,
      "f1-score": 0.9995114802149487,
      "support": 1024.0
    },
    "16qam": {
      "precision": 0.9921951219512195,
      "recall": 0.9931640625,
      "f1-score": 0.9926793557833089,
      "support": 1024.0
    },
    "32qam cross": {
      "precision": 0.937015503875969,
      "recall": 0.9443359375,
      "f1-score": 0.9406614785992218,
      "support": 1024.0
    },
    "64qam": {
      "precision": 0.9873663751214772,
      "recall": 0.9921875,
      "f1-score": 0.9897710667316122,
      "support": 1024.0
    },
    "128qam cross": {
      "precision": 0.9475766567754699,
      "recall": 0.935546875,
      "f1-score": 0.9415233415233416,
      "support": 1024.0
    },
    "accuracy": 0.9773763020833334,
    "macro avg": {
      "precision": 0.9773589429540226,
      "recall": 0.9773763020833334,
      "f1-score": 0.9773577871420721,
      "support": 6144.0
    },
    "weighted avg": {
      "precision": 0.9773589429540226,
      "recall": 0.9773763020833334,
      "f1-score": 0.9773577871420721,
      "support": 6144.0
    }
  }
}