{
  "experiment": {
    "name": "ARQ_1__ESC_10",
    "timestamp": "2025-06-22T21:58:18.915759",
    "repeat_index": 7
  },
  "effects": {
    "num_taps": {
      "is_categorical": true,
      "bins": null,
      "values": {
        "2": {
          "Éxito": 0.9773763020833334,
          "Error": 0.022623697916666668
        }
      }
    },
    "snr_db": {
      "is_categorical": false,
      "bins": 10,
      "values": {
        "(7.997, 8.401]": {
          "Éxito": 0.9642301710730948,
          "Error": 0.03576982892690513
        },
        "(8.401, 8.801]": {
          "Éxito": 0.9753954305799648,
          "Error": 0.02460456942003515
        },
        "(8.801, 9.201]": {
          "Éxito": 0.9662379421221865,
          "Error": 0.03376205787781351
        },
        "(9.201, 9.6]": {
          "Éxito": 0.9712,
          "Error": 0.0288
        },
        "(9.6, 10.0]": {
          "Éxito": 0.9856687898089171,
          "Error": 0.014331210191082803
        },
        "(10.0, 10.4]": {
          "Éxito": 0.9847198641765704,
          "Error": 0.015280135823429542
        },
        "(10.4, 10.8]": {
          "Éxito": 0.9759615384615384,
          "Error": 0.02403846153846154
        },
        "(10.8, 11.2]": {
          "Éxito": 0.9826771653543307,
          "Error": 0.01732283464566929
        },
        "(11.2, 11.6]": {
          "Éxito": 0.9837133550488599,
          "Error": 0.016286644951140065
        },
        "(11.6, 11.999]": {
          "Éxito": 0.984873949579832,
          "Error": 0.015126050420168067
        }
      }
    },
    "phase_offset": {
      "is_categorical": false,
      "bins": 10,
      "values": {
        "(89.957, 94.5]": {
          "Éxito": 0.9742765273311897,
          "Error": 0.02572347266881029
        },
        "(94.5, 98.998]": {
          "Éxito": 0.9778481012658228,
          "Error": 0.022151898734177215
        },
        "(98.998, 103.496]": {
          "Éxito": 0.9727564102564102,
          "Error": 0.027243589743589744
        },
        "(103.496, 107.994]": {
          "Éxito": 0.9758064516129032,
          "Error": 0.024193548387096774
        },
        "(107.994, 112.492]": {
          "Éxito": 0.9770491803278688,
          "Error": 0.022950819672131147
        },
        "(112.492, 116.99]": {
          "Éxito": 0.9748743718592965,
          "Error": 0.02512562814070352
        },
        "(116.99, 121.488]": {
          "Éxito": 0.9732283464566929,
          "Error": 0.026771653543307086
        },
        "(121.488, 125.986]": {
          "Éxito": 0.9795275590551181,
          "Error": 0.02047244094488189
        },
        "(125.986, 130.483]": {
          "Éxito": 0.988313856427379,
          "Error": 0.011686143572621035
        },
        "(130.483, 134.981]": {
          "Éxito": 0.980701754385965,
          "Error": 0.01929824561403509
        }
      }
    },
    "roll_off": {
      "is_categorical": false,
      "bins": 10,
      "values": {
        "(0.2, 0.21]": {
          "Éxito": 0.9798994974874372,
          "Error": 0.020100502512562814
        },
        "(0.21, 0.22]": {
          "Éxito": 0.9763779527559056,
          "Error": 0.023622047244094488
        },
        "(0.22, 0.23]": {
          "Éxito": 0.9810996563573883,
          "Error": 0.018900343642611683
        },
        "(0.23, 0.24]": {
          "Éxito": 0.9706896551724138,
          "Error": 0.029310344827586206
        },
        "(0.24, 0.25]": {
          "Éxito": 0.9699842022116903,
          "Error": 0.030015797788309637
        },
        "(0.25, 0.26]": {
          "Éxito": 0.977810650887574,
          "Error": 0.022189349112426034
        },
        "(0.26, 0.27]": {
          "Éxito": 0.9762308998302207,
          "Error": 0.023769100169779286
        },
        "(0.27, 0.28]": {
          "Éxito": 0.9787234042553191,
          "Error": 0.02127659574468085
        },
        "(0.28, 0.29]": {
          "Éxito": 0.9728,
          "Error": 0.0272
        },
        "(0.29, 0.3]": {
          "Éxito": 0.9902597402597403,
          "Error": 0.00974025974025974
        }
      }
    }
  }
}