{
  "experiment": {
    "name": "cnn_bilstm_attn_esc_9",
    "timestamp": "2025-06-19T00:54:06.929240",
    "repeat_index": 2,
    "fold_index": 2
  },
  "effects": {
    "num_taps": {
      "is_categorical": true,
      "bins": null,
      "values": {
        "2": {
          "Éxito": 0.9633848657445078,
          "Error": 0.03661513425549227
        }
      }
    },
    "snr_db": {
      "is_categorical": false,
      "bins": 10,
      "values": {
        "(7.997, 8.401]": {
          "Éxito": 0.9234042553191489,
          "Error": 0.07659574468085106
        },
        "(8.401, 8.801]": {
          "Éxito": 0.9741379310344828,
          "Error": 0.02586206896551724
        },
        "(8.801, 9.201]": {
          "Éxito": 0.9467213114754098,
          "Error": 0.05327868852459016
        },
        "(9.201, 9.6]": {
          "Éxito": 0.9829787234042553,
          "Error": 0.01702127659574468
        },
        "(9.6, 10.0]": {
          "Éxito": 0.9700374531835206,
          "Error": 0.0299625468164794
        },
        "(10.0, 10.4]": {
          "Éxito": 0.968609865470852,
          "Error": 0.03139013452914798
        },
        "(10.4, 10.8]": {
          "Éxito": 0.9769230769230769,
          "Error": 0.023076923076923078
        },
        "(10.8, 11.2]": {
          "Éxito": 0.96875,
          "Error": 0.03125
        },
        "(11.2, 11.6]": {
          "Éxito": 0.9606299212598425,
          "Error": 0.03937007874015748
        },
        "(11.6, 12.0]": {
          "Éxito": 0.9603174603174603,
          "Error": 0.03968253968253968
        }
      }
    },
    "phase_offset": {
      "is_categorical": false,
      "bins": 10,
      "values": {
        "(44.956, 49.5]": {
          "Éxito": 0.9772727272727273,
          "Error": 0.022727272727272728
        },
        "(49.5, 53.999]": {
          "Éxito": 0.97165991902834,
          "Error": 0.02834008097165992
        },
        "(53.999, 58.498]": {
          "Éxito": 0.9590163934426229,
          "Error": 0.040983606557377046
        },
        "(58.498, 62.998]": {
          "Éxito": 0.9631147540983607,
          "Error": 0.036885245901639344
        },
        "(62.998, 67.497]": {
          "Éxito": 0.9692982456140351,
          "Error": 0.03070175438596491
        },
        "(67.497, 71.996]": {
          "Éxito": 0.952,
          "Error": 0.048
        },
        "(71.996, 76.495]": {
          "Éxito": 0.9728506787330317,
          "Error": 0.027149321266968326
        },
        "(76.495, 80.995]": {
          "Éxito": 0.9769230769230769,
          "Error": 0.023076923076923078
        },
        "(80.995, 85.494]": {
          "Éxito": 0.9518072289156626,
          "Error": 0.04819277108433735
        },
        "(85.494, 89.993]": {
          "Éxito": 0.9402390438247012,
          "Error": 0.05976095617529881
        }
      }
    },
    "roll_off": {
      "is_categorical": false,
      "bins": 10,
      "values": {
        "(0.2, 0.21]": {
          "Éxito": 0.9477611940298507,
          "Error": 0.05223880597014925
        },
        "(0.21, 0.22]": {
          "Éxito": 0.9707112970711297,
          "Error": 0.029288702928870293
        },
        "(0.22, 0.23]": {
          "Éxito": 0.9704641350210971,
          "Error": 0.029535864978902954
        },
        "(0.23, 0.24]": {
          "Éxito": 0.9676113360323887,
          "Error": 0.032388663967611336
        },
        "(0.24, 0.25]": {
          "Éxito": 0.9715447154471545,
          "Error": 0.028455284552845527
        },
        "(0.25, 0.26]": {
          "Éxito": 0.9665271966527197,
          "Error": 0.03347280334728033
        },
        "(0.26, 0.27]": {
          "Éxito": 0.9493670886075949,
          "Error": 0.05063291139240506
        },
        "(0.27, 0.28]": {
          "Éxito": 0.9563492063492064,
          "Error": 0.04365079365079365
        },
        "(0.28, 0.29]": {
          "Éxito": 0.9598214285714286,
          "Error": 0.04017857142857143
        },
        "(0.29, 0.3]": {
          "Éxito": 0.9739776951672863,
          "Error": 0.026022304832713755
        }
      }
    }
  }
}