{
  "experiment": {
    "name": "cnn_bilstm_attn_esc_11",
    "timestamp": "2025-06-22T12:21:16.815058",
    "repeat_index": 1,
    "fold_index": 1
  },
  "effects": {
    "num_taps": {
      "is_categorical": true,
      "bins": null,
      "values": {
        "2": {
          "Éxito": 0.9727420667209113,
          "Error": 0.02725793327908869
        }
      }
    },
    "snr_db": {
      "is_categorical": false,
      "bins": 10,
      "values": {
        "(7.999, 8.402]": {
          "Éxito": 0.9625468164794008,
          "Error": 0.03745318352059925
        },
        "(8.402, 8.802]": {
          "Éxito": 0.9846743295019157,
          "Error": 0.01532567049808429
        },
        "(8.802, 9.202]": {
          "Éxito": 0.9535864978902954,
          "Error": 0.046413502109704644
        },
        "(9.202, 9.601]": {
          "Éxito": 0.961038961038961,
          "Error": 0.03896103896103896
        },
        "(9.601, 10.001]": {
          "Éxito": 0.9586776859504132,
          "Error": 0.04132231404958678
        },
        "(10.001, 10.401]": {
          "Éxito": 0.9786324786324786,
          "Error": 0.021367521367521368
        },
        "(10.401, 10.801]": {
          "Éxito": 0.9727626459143969,
          "Error": 0.027237354085603113
        },
        "(10.801, 11.2]": {
          "Éxito": 0.9823788546255506,
          "Error": 0.01762114537444934
        },
        "(11.2, 11.6]": {
          "Éxito": 0.9826086956521739,
          "Error": 0.017391304347826087
        },
        "(11.6, 12.0]": {
          "Éxito": 0.9889705882352942,
          "Error": 0.011029411764705883
        }
      }
    },
    "phase_offset": {
      "is_categorical": false,
      "bins": 10,
      "values": {
        "(134.965, 139.508]": {
          "Éxito": 0.9661654135338346,
          "Error": 0.03383458646616541
        },
        "(139.508, 144.007]": {
          "Éxito": 0.975103734439834,
          "Error": 0.024896265560165973
        },
        "(144.007, 148.505]": {
          "Éxito": 0.9764705882352941,
          "Error": 0.023529411764705882
        },
        "(148.505, 153.004]": {
          "Éxito": 0.984313725490196,
          "Error": 0.01568627450980392
        },
        "(153.004, 157.502]": {
          "Éxito": 0.9789029535864979,
          "Error": 0.02109704641350211
        },
        "(157.502, 162.0]": {
          "Éxito": 0.98,
          "Error": 0.02
        },
        "(162.0, 166.499]": {
          "Éxito": 0.975609756097561,
          "Error": 0.024390243902439025
        },
        "(166.499, 170.997]": {
          "Éxito": 0.9663865546218487,
          "Error": 0.03361344537815126
        },
        "(170.997, 175.496]": {
          "Éxito": 0.9592760180995475,
          "Error": 0.04072398190045249
        },
        "(175.496, 179.994]": {
          "Éxito": 0.963855421686747,
          "Error": 0.03614457831325301
        }
      }
    },
    "roll_off": {
      "is_categorical": false,
      "bins": 10,
      "values": {
        "(0.2, 0.21]": {
          "Éxito": 0.9710743801652892,
          "Error": 0.028925619834710745
        },
        "(0.21, 0.22]": {
          "Éxito": 0.984375,
          "Error": 0.015625
        },
        "(0.22, 0.23]": {
          "Éxito": 0.9516129032258065,
          "Error": 0.04838709677419355
        },
        "(0.23, 0.24]": {
          "Éxito": 0.948,
          "Error": 0.052
        },
        "(0.24, 0.25]": {
          "Éxito": 0.984251968503937,
          "Error": 0.015748031496062992
        },
        "(0.25, 0.26]": {
          "Éxito": 0.9786324786324786,
          "Error": 0.021367521367521368
        },
        "(0.26, 0.27]": {
          "Éxito": 0.9567099567099567,
          "Error": 0.04329004329004329
        },
        "(0.27, 0.28]": {
          "Éxito": 0.983402489626556,
          "Error": 0.016597510373443983
        },
        "(0.28, 0.29]": {
          "Éxito": 0.9802371541501976,
          "Error": 0.019762845849802372
        },
        "(0.29, 0.3]": {
          "Éxito": 0.9879518072289156,
          "Error": 0.012048192771084338
        }
      }
    }
  }
}