{
  "experiment": {
    "name": "res_tcn_se_esc_8",
    "timestamp": "2025-06-21T10:53:34.109555",
    "repeat_index": 2,
    "fold_index": 4
  },
  "effects": {
    "num_taps": {
      "is_categorical": true,
      "bins": null,
      "values": {
        "6": {
          "Éxito": 0.7982099267697315,
          "Error": 0.2017900732302685
        }
      }
    },
    "snr_db": {
      "is_categorical": false,
      "bins": 10,
      "values": {
        "(7.997, 8.401]": {
          "Éxito": 0.8,
          "Error": 0.2
        },
        "(8.401, 8.8]": {
          "Éxito": 0.7479338842975206,
          "Error": 0.25206611570247933
        },
        "(8.8, 9.2]": {
          "Éxito": 0.8018433179723502,
          "Error": 0.19815668202764977
        },
        "(9.2, 9.6]": {
          "Éxito": 0.7835497835497836,
          "Error": 0.21645021645021645
        },
        "(9.6, 9.999]": {
          "Éxito": 0.8008658008658008,
          "Error": 0.19913419913419914
        },
        "(9.999, 10.399]": {
          "Éxito": 0.8204081632653061,
          "Error": 0.17959183673469387
        },
        "(10.399, 10.798]": {
          "Éxito": 0.8508064516129032,
          "Error": 0.14919354838709678
        },
        "(10.798, 11.198]": {
          "Éxito": 0.8218623481781376,
          "Error": 0.17813765182186234
        },
        "(11.198, 11.598]": {
          "Éxito": 0.8053435114503816,
          "Error": 0.1946564885496183
        },
        "(11.598, 11.997]": {
          "Éxito": 0.7490196078431373,
          "Error": 0.25098039215686274
        }
      }
    },
    "phase_offset": {
      "is_categorical": false,
      "bins": 10,
      "values": {
        "(-0.00871, 4.53]": {
          "Éxito": 0.7909836065573771,
          "Error": 0.20901639344262296
        },
        "(4.53, 9.025]": {
          "Éxito": 0.7868852459016393,
          "Error": 0.21311475409836064
        },
        "(9.025, 13.519]": {
          "Éxito": 0.7818930041152263,
          "Error": 0.21810699588477367
        },
        "(13.519, 18.013]": {
          "Éxito": 0.7896825396825397,
          "Error": 0.21031746031746032
        },
        "(18.013, 22.507]": {
          "Éxito": 0.8046875,
          "Error": 0.1953125
        },
        "(22.507, 27.001]": {
          "Éxito": 0.8177777777777778,
          "Error": 0.18222222222222223
        },
        "(27.001, 31.495]": {
          "Éxito": 0.7815126050420168,
          "Error": 0.2184873949579832
        },
        "(31.495, 35.99]": {
          "Éxito": 0.8070866141732284,
          "Error": 0.19291338582677164
        },
        "(35.99, 40.484]": {
          "Éxito": 0.8415094339622642,
          "Error": 0.15849056603773584
        },
        "(40.484, 44.978]": {
          "Éxito": 0.7763713080168776,
          "Error": 0.22362869198312235
        }
      }
    },
    "roll_off": {
      "is_categorical": false,
      "bins": 10,
      "values": {
        "(0.2, 0.21]": {
          "Éxito": 0.8028673835125448,
          "Error": 0.1971326164874552
        },
        "(0.21, 0.22]": {
          "Éxito": 0.7923728813559322,
          "Error": 0.2076271186440678
        },
        "(0.22, 0.23]": {
          "Éxito": 0.7935222672064778,
          "Error": 0.20647773279352227
        },
        "(0.23, 0.24]": {
          "Éxito": 0.7838983050847458,
          "Error": 0.21610169491525424
        },
        "(0.24, 0.25]": {
          "Éxito": 0.7637795275590551,
          "Error": 0.23622047244094488
        },
        "(0.25, 0.26]": {
          "Éxito": 0.8117154811715481,
          "Error": 0.18828451882845187
        },
        "(0.26, 0.27]": {
          "Éxito": 0.8194444444444444,
          "Error": 0.18055555555555555
        },
        "(0.27, 0.28]": {
          "Éxito": 0.8212765957446808,
          "Error": 0.17872340425531916
        },
        "(0.28, 0.29]": {
          "Éxito": 0.8,
          "Error": 0.2
        },
        "(0.29, 0.3]": {
          "Éxito": 0.796812749003984,
          "Error": 0.20318725099601595
        }
      }
    }
  }
}