{
  "experiment": {
    "name": "ARQ_1__ESC_11",
    "timestamp": "2025-06-22T15:06:02.436100",
    "repeat_index": 4
  },
  "effects": {
    "num_taps": {
      "is_categorical": true,
      "bins": null,
      "values": {
        "2": {
          "Éxito": 0.9817708333333334,
          "Error": 0.018229166666666668
        }
      }
    },
    "snr_db": {
      "is_categorical": false,
      "bins": 10,
      "values": {
        "(7.996, 8.4]": {
          "Éxito": 0.96513470681458,
          "Error": 0.03486529318541997
        },
        "(8.4, 8.8]": {
          "Éxito": 0.9703947368421053,
          "Error": 0.029605263157894735
        },
        "(8.8, 9.2]": {
          "Éxito": 0.984399375975039,
          "Error": 0.015600624024960999
        },
        "(9.2, 9.6]": {
          "Éxito": 0.9738988580750407,
          "Error": 0.026101141924959218
        },
        "(9.6, 10.0]": {
          "Éxito": 0.984641638225256,
          "Error": 0.015358361774744027
        },
        "(10.0, 10.4]": {
          "Éxito": 0.9864864864864865,
          "Error": 0.013513513513513514
        },
        "(10.4, 10.8]": {
          "Éxito": 0.9900990099009901,
          "Error": 0.009900990099009901
        },
        "(10.8, 11.2]": {
          "Éxito": 0.9794168096054888,
          "Error": 0.02058319039451115
        },
        "(11.2, 11.6]": {
          "Éxito": 0.9922480620155039,
          "Error": 0.007751937984496124
        },
        "(11.6, 12.0]": {
          "Éxito": 0.9906103286384976,
          "Error": 0.009389671361502348
        }
      }
    },
    "phase_offset": {
      "is_categorical": false,
      "bins": 10,
      "values": {
        "(134.963, 139.507]": {
          "Éxito": 0.977491961414791,
          "Error": 0.022508038585209004
        },
        "(139.507, 144.006]": {
          "Éxito": 0.9761904761904762,
          "Error": 0.023809523809523808
        },
        "(144.006, 148.505]": {
          "Éxito": 0.987220447284345,
          "Error": 0.012779552715654952
        },
        "(148.505, 153.004]": {
          "Éxito": 0.9818780889621087,
          "Error": 0.018121911037891267
        },
        "(153.004, 157.503]": {
          "Éxito": 0.9810725552050473,
          "Error": 0.01892744479495268
        },
        "(157.503, 162.002]": {
          "Éxito": 0.985172981878089,
          "Error": 0.014827018121911038
        },
        "(162.002, 166.501]": {
          "Éxito": 0.9853896103896104,
          "Error": 0.01461038961038961
        },
        "(166.501, 171.0]": {
          "Éxito": 0.9812286689419796,
          "Error": 0.01877133105802048
        },
        "(171.0, 175.498]": {
          "Éxito": 0.9770114942528736,
          "Error": 0.022988505747126436
        },
        "(175.498, 179.997]": {
          "Éxito": 0.985172981878089,
          "Error": 0.014827018121911038
        }
      }
    },
    "roll_off": {
      "is_categorical": false,
      "bins": 10,
      "values": {
        "(0.2, 0.21]": {
          "Éxito": 0.9775862068965517,
          "Error": 0.022413793103448276
        },
        "(0.21, 0.22]": {
          "Éxito": 0.9763912310286678,
          "Error": 0.023608768971332208
        },
        "(0.22, 0.23]": {
          "Éxito": 0.9786184210526315,
          "Error": 0.02138157894736842
        },
        "(0.23, 0.24]": {
          "Éxito": 0.984375,
          "Error": 0.015625
        },
        "(0.24, 0.25]": {
          "Éxito": 0.9837133550488599,
          "Error": 0.016286644951140065
        },
        "(0.25, 0.26]": {
          "Éxito": 0.9872,
          "Error": 0.0128
        },
        "(0.26, 0.27]": {
          "Éxito": 0.9746621621621622,
          "Error": 0.02533783783783784
        },
        "(0.27, 0.28]": {
          "Éxito": 0.9808612440191388,
          "Error": 0.019138755980861243
        },
        "(0.28, 0.29]": {
          "Éxito": 0.990625,
          "Error": 0.009375
        },
        "(0.29, 0.3]": {
          "Éxito": 0.9824,
          "Error": 0.0176
        }
      }
    }
  }
}