{
  "experiment": {
    "name": "ARQ_1__ESC_5",
    "timestamp": "2025-06-22T11:01:57.747539",
    "repeat_index": 1
  },
  "evaluation": {
    "loss": 0.01659231446683407,
    "accuracy": 0.9944661259651184
  },
  "classification_report": {
    "bpsk": {
      "precision": 1.0,
      "recall": 0.9990234375,
      "f1-score": 0.9995114802149487,
      "support": 1024.0
    },
    "qpsk": {
      "precision": 1.0,
      "recall": 1.0,
      "f1-score": 1.0,
      "support": 1024.0
    },
    "16qam": {
      "precision": 0.99609375,
      "recall": 0.99609375,
      "f1-score": 0.99609375,
      "support": 1024.0
    },
    "32qam cross": {
      "precision": 0.9911764705882353,
      "recall": 0.9873046875,
      "f1-score": 0.9892367906066536,
      "support": 1024.0
    },
    "64qam": {
      "precision": 0.9951124144672532,
      "recall": 0.994140625,
      "f1-score": 0.9946262823644357,
      "support": 1024.0
    },
    "128qam cross": {
      "precision": 0.9844660194174757,
      "recall": 0.990234375,
      "f1-score": 0.9873417721518988,
      "support": 1024.0
    },
    "accuracy": 0.9944661458333334,
    "macro avg": {
      "precision": 0.994474775745494,
      "recall": 0.9944661458333334,
      "f1-score": 0.994468345889656,
      "support": 6144.0
    },
    "weighted avg": {
      "precision": 0.994474775745494,
      "recall": 0.9944661458333334,
      "f1-score": 0.994468345889656,
      "support": 6144.0
    }
  }
}