{
  "experiment": {
    "name": "res_tcn_se_esc_1",
    "timestamp": "2025-06-21T02:46:45.879394",
    "repeat_index": 2,
    "fold_index": 4
  },
  "effects": {
    "num_taps": {
      "is_categorical": true,
      "bins": null,
      "values": {
        "2": {
          "Éxito": 0.7453213995117982,
          "Error": 0.2546786004882018
        }
      }
    },
    "snr_db": {
      "is_categorical": false,
      "bins": 10,
      "values": {
        "(-0.00364, 0.4]": {
          "Éxito": 0.7440758293838863,
          "Error": 0.2559241706161137
        },
        "(0.4, 0.8]": {
          "Éxito": 0.7518796992481203,
          "Error": 0.24812030075187969
        },
        "(0.8, 1.2]": {
          "Éxito": 0.7615062761506276,
          "Error": 0.2384937238493724
        },
        "(1.2, 1.6]": {
          "Éxito": 0.7364620938628159,
          "Error": 0.26353790613718414
        },
        "(1.6, 1.999]": {
          "Éxito": 0.7142857142857143,
          "Error": 0.2857142857142857
        },
        "(1.999, 2.399]": {
          "Éxito": 0.6988847583643123,
          "Error": 0.30111524163568776
        },
        "(2.399, 2.799]": {
          "Éxito": 0.7959183673469388,
          "Error": 0.20408163265306123
        },
        "(2.799, 3.199]": {
          "Éxito": 0.7656903765690377,
          "Error": 0.23430962343096234
        },
        "(3.199, 3.599]": {
          "Éxito": 0.7439024390243902,
          "Error": 0.25609756097560976
        },
        "(3.599, 3.999]": {
          "Éxito": 0.746606334841629,
          "Error": 0.25339366515837103
        }
      }
    },
    "phase_offset": {
      "is_categorical": false,
      "bins": 10,
      "values": {
        "(-0.0246, 4.517]": {
          "Éxito": 0.7385892116182573,
          "Error": 0.26141078838174275
        },
        "(4.517, 9.014]": {
          "Éxito": 0.788235294117647,
          "Error": 0.21176470588235294
        },
        "(9.014, 13.51]": {
          "Éxito": 0.7478991596638656,
          "Error": 0.25210084033613445
        },
        "(13.51, 18.007]": {
          "Éxito": 0.7058823529411765,
          "Error": 0.29411764705882354
        },
        "(18.007, 22.503]": {
          "Éxito": 0.7188755020080321,
          "Error": 0.28112449799196787
        },
        "(22.503, 27.0]": {
          "Éxito": 0.7606177606177607,
          "Error": 0.23938223938223938
        },
        "(27.0, 31.497]": {
          "Éxito": 0.7591836734693878,
          "Error": 0.24081632653061225
        },
        "(31.497, 35.993]": {
          "Éxito": 0.7235772357723578,
          "Error": 0.2764227642276423
        },
        "(35.993, 40.49]": {
          "Éxito": 0.7379912663755459,
          "Error": 0.26200873362445415
        },
        "(40.49, 44.986]": {
          "Éxito": 0.7674418604651163,
          "Error": 0.23255813953488372
        }
      }
    },
    "roll_off": {
      "is_categorical": false,
      "bins": 10,
      "values": {
        "(0.2, 0.21]": {
          "Éxito": 0.7777777777777778,
          "Error": 0.2222222222222222
        },
        "(0.21, 0.22]": {
          "Éxito": 0.7698744769874477,
          "Error": 0.2301255230125523
        },
        "(0.22, 0.23]": {
          "Éxito": 0.7682926829268293,
          "Error": 0.23170731707317074
        },
        "(0.23, 0.24]": {
          "Éxito": 0.7158671586715867,
          "Error": 0.28413284132841327
        },
        "(0.24, 0.25]": {
          "Éxito": 0.7016129032258065,
          "Error": 0.29838709677419356
        },
        "(0.25, 0.26]": {
          "Éxito": 0.6875,
          "Error": 0.3125
        },
        "(0.26, 0.27]": {
          "Éxito": 0.7246963562753036,
          "Error": 0.27530364372469635
        },
        "(0.27, 0.28]": {
          "Éxito": 0.7756653992395437,
          "Error": 0.22433460076045628
        },
        "(0.28, 0.29]": {
          "Éxito": 0.7741935483870968,
          "Error": 0.22580645161290322
        },
        "(0.29, 0.3]": {
          "Éxito": 0.7563025210084033,
          "Error": 0.24369747899159663
        }
      }
    }
  }
}