{
  "experiment": {
    "name": "cnn_bilstm_attn_esc_1",
    "timestamp": "2025-06-19T05:01:47.221493",
    "repeat_index": 3,
    "fold_index": 3
  },
  "effects": {
    "num_taps": {
      "is_categorical": true,
      "bins": null,
      "values": {
        "2": {
          "Éxito": 0.8014646053702197,
          "Error": 0.19853539462978032
        }
      }
    },
    "snr_db": {
      "is_categorical": false,
      "bins": 10,
      "values": {
        "(-0.00225, 0.402]": {
          "Éxito": 0.6951219512195121,
          "Error": 0.3048780487804878
        },
        "(0.402, 0.801]": {
          "Éxito": 0.7787610619469026,
          "Error": 0.22123893805309736
        },
        "(0.801, 1.201]": {
          "Éxito": 0.7876447876447876,
          "Error": 0.21235521235521235
        },
        "(1.201, 1.601]": {
          "Éxito": 0.842911877394636,
          "Error": 0.15708812260536398
        },
        "(1.601, 2.001]": {
          "Éxito": 0.7841409691629956,
          "Error": 0.21585903083700442
        },
        "(2.001, 2.401]": {
          "Éxito": 0.8052434456928839,
          "Error": 0.1947565543071161
        },
        "(2.401, 2.8]": {
          "Éxito": 0.8254716981132075,
          "Error": 0.17452830188679244
        },
        "(2.8, 3.2]": {
          "Éxito": 0.8106060606060606,
          "Error": 0.1893939393939394
        },
        "(3.2, 3.6]": {
          "Éxito": 0.8346774193548387,
          "Error": 0.16532258064516128
        },
        "(3.6, 4.0]": {
          "Éxito": 0.8467741935483871,
          "Error": 0.1532258064516129
        }
      }
    },
    "phase_offset": {
      "is_categorical": false,
      "bins": 10,
      "values": {
        "(-0.0246, 4.515]": {
          "Éxito": 0.7901785714285714,
          "Error": 0.20982142857142858
        },
        "(4.515, 9.01]": {
          "Éxito": 0.8170731707317073,
          "Error": 0.18292682926829268
        },
        "(9.01, 13.506]": {
          "Éxito": 0.7782805429864253,
          "Error": 0.22171945701357465
        },
        "(13.506, 18.001]": {
          "Éxito": 0.7986111111111112,
          "Error": 0.2013888888888889
        },
        "(18.001, 22.496]": {
          "Éxito": 0.7824427480916031,
          "Error": 0.21755725190839695
        },
        "(22.496, 26.991]": {
          "Éxito": 0.8482142857142857,
          "Error": 0.15178571428571427
        },
        "(26.991, 31.486]": {
          "Éxito": 0.8076923076923077,
          "Error": 0.19230769230769232
        },
        "(31.486, 35.981]": {
          "Éxito": 0.8278688524590164,
          "Error": 0.1721311475409836
        },
        "(35.981, 40.476]": {
          "Éxito": 0.7686274509803922,
          "Error": 0.23137254901960785
        },
        "(40.476, 44.971]": {
          "Éxito": 0.8,
          "Error": 0.2
        }
      }
    },
    "roll_off": {
      "is_categorical": false,
      "bins": 10,
      "values": {
        "(0.2, 0.21]": {
          "Éxito": 0.771551724137931,
          "Error": 0.22844827586206898
        },
        "(0.21, 0.22]": {
          "Éxito": 0.8061674008810573,
          "Error": 0.19383259911894274
        },
        "(0.22, 0.23]": {
          "Éxito": 0.8282442748091603,
          "Error": 0.1717557251908397
        },
        "(0.23, 0.24]": {
          "Éxito": 0.7966804979253111,
          "Error": 0.2033195020746888
        },
        "(0.24, 0.25]": {
          "Éxito": 0.7853881278538812,
          "Error": 0.2146118721461187
        },
        "(0.25, 0.26]": {
          "Éxito": 0.8203125,
          "Error": 0.1796875
        },
        "(0.26, 0.27]": {
          "Éxito": 0.776,
          "Error": 0.224
        },
        "(0.27, 0.28]": {
          "Éxito": 0.8207885304659498,
          "Error": 0.17921146953405018
        },
        "(0.28, 0.29]": {
          "Éxito": 0.8163265306122449,
          "Error": 0.1836734693877551
        },
        "(0.29, 0.3]": {
          "Éxito": 0.7854251012145749,
          "Error": 0.2145748987854251
        }
      }
    }
  }
}