{
  "experiment": {
    "name": "red_carlos_ESC_11",
    "timestamp": "2025-06-21T07:22:31.730012",
    "repeat_index": 0,
    "fold_index": 1
  },
  "effects": {
    "num_taps": {
      "is_categorical": true,
      "bins": null,
      "values": {
        "2": {
          "Éxito": 0.950772986167616,
          "Error": 0.04922701383238405
        }
      }
    },
    "snr_db": {
      "is_categorical": false,
      "bins": 10,
      "values": {
        "(8.004, 8.407]": {
          "Éxito": 0.94,
          "Error": 0.06
        },
        "(8.407, 8.806]": {
          "Éxito": 0.930327868852459,
          "Error": 0.06967213114754098
        },
        "(8.806, 9.205]": {
          "Éxito": 0.9368029739776952,
          "Error": 0.06319702602230483
        },
        "(9.205, 9.604]": {
          "Éxito": 0.932,
          "Error": 0.068
        },
        "(9.604, 10.003]": {
          "Éxito": 0.9598393574297188,
          "Error": 0.040160642570281124
        },
        "(10.003, 10.403]": {
          "Éxito": 0.9423868312757202,
          "Error": 0.05761316872427984
        },
        "(10.403, 10.802]": {
          "Éxito": 0.976,
          "Error": 0.024
        },
        "(10.802, 11.201]": {
          "Éxito": 0.9705882352941176,
          "Error": 0.029411764705882353
        },
        "(11.201, 11.6]": {
          "Éxito": 0.9576271186440678,
          "Error": 0.0423728813559322
        },
        "(11.6, 11.999]": {
          "Éxito": 0.9650655021834061,
          "Error": 0.034934497816593885
        }
      }
    },
    "phase_offset": {
      "is_categorical": false,
      "bins": 10,
      "values": {
        "(134.965, 139.508]": {
          "Éxito": 0.9493087557603687,
          "Error": 0.05069124423963134
        },
        "(139.508, 144.007]": {
          "Éxito": 0.9559471365638766,
          "Error": 0.04405286343612335
        },
        "(144.007, 148.505]": {
          "Éxito": 0.9573643410852714,
          "Error": 0.04263565891472868
        },
        "(148.505, 153.004]": {
          "Éxito": 0.9496124031007752,
          "Error": 0.050387596899224806
        },
        "(153.004, 157.502]": {
          "Éxito": 0.9375,
          "Error": 0.0625
        },
        "(157.502, 162.0]": {
          "Éxito": 0.9358490566037736,
          "Error": 0.06415094339622641
        },
        "(162.0, 166.499]": {
          "Éxito": 0.952755905511811,
          "Error": 0.047244094488188976
        },
        "(166.499, 170.997]": {
          "Éxito": 0.9530685920577617,
          "Error": 0.04693140794223827
        },
        "(170.997, 175.496]": {
          "Éxito": 0.9495798319327731,
          "Error": 0.05042016806722689
        },
        "(175.496, 179.994]": {
          "Éxito": 0.9666666666666667,
          "Error": 0.03333333333333333
        }
      }
    },
    "roll_off": {
      "is_categorical": false,
      "bins": 10,
      "values": {
        "(0.2, 0.21]": {
          "Éxito": 0.9181034482758621,
          "Error": 0.08189655172413793
        },
        "(0.21, 0.22]": {
          "Éxito": 0.950381679389313,
          "Error": 0.04961832061068702
        },
        "(0.22, 0.23]": {
          "Éxito": 0.9465020576131687,
          "Error": 0.053497942386831275
        },
        "(0.23, 0.24]": {
          "Éxito": 0.9387755102040817,
          "Error": 0.061224489795918366
        },
        "(0.24, 0.25]": {
          "Éxito": 0.9590163934426229,
          "Error": 0.040983606557377046
        },
        "(0.25, 0.26]": {
          "Éxito": 0.9469387755102041,
          "Error": 0.053061224489795916
        },
        "(0.26, 0.27]": {
          "Éxito": 0.952755905511811,
          "Error": 0.047244094488188976
        },
        "(0.27, 0.28]": {
          "Éxito": 0.9495412844036697,
          "Error": 0.05045871559633028
        },
        "(0.28, 0.29]": {
          "Éxito": 0.9727626459143969,
          "Error": 0.027237354085603113
        },
        "(0.29, 0.3]": {
          "Éxito": 0.9689922480620154,
          "Error": 0.031007751937984496
        }
      }
    }
  }
}