{
  "experiment": {
    "name": "ARQ_1__ESC_9",
    "timestamp": "2025-06-22T05:02:06.172377",
    "repeat_index": 3
  },
  "effects": {
    "num_taps": {
      "is_categorical": true,
      "bins": null,
      "values": {
        "2": {
          "Éxito": 0.97900390625,
          "Error": 0.02099609375
        }
      }
    },
    "snr_db": {
      "is_categorical": false,
      "bins": 10,
      "values": {
        "(7.997, 8.401]": {
          "Éxito": 0.967948717948718,
          "Error": 0.03205128205128205
        },
        "(8.401, 8.801]": {
          "Éxito": 0.9746192893401016,
          "Error": 0.025380710659898477
        },
        "(8.801, 9.2]": {
          "Éxito": 0.9766666666666667,
          "Error": 0.023333333333333334
        },
        "(9.2, 9.6]": {
          "Éxito": 0.9721792890262752,
          "Error": 0.027820710973724884
        },
        "(9.6, 10.0]": {
          "Éxito": 0.9773095623987034,
          "Error": 0.022690437601296597
        },
        "(10.0, 10.4]": {
          "Éxito": 0.9689655172413794,
          "Error": 0.03103448275862069
        },
        "(10.4, 10.8]": {
          "Éxito": 0.9846625766871165,
          "Error": 0.015337423312883436
        },
        "(10.8, 11.2]": {
          "Éxito": 0.9826771653543307,
          "Error": 0.01732283464566929
        },
        "(11.2, 11.599]": {
          "Éxito": 0.993485342019544,
          "Error": 0.006514657980456026
        },
        "(11.599, 11.999]": {
          "Éxito": 0.9914383561643836,
          "Error": 0.008561643835616438
        }
      }
    },
    "phase_offset": {
      "is_categorical": false,
      "bins": 10,
      "values": {
        "(44.968, 49.511]": {
          "Éxito": 0.9789983844911146,
          "Error": 0.0210016155088853
        },
        "(49.511, 54.009]": {
          "Éxito": 0.9740484429065744,
          "Error": 0.025951557093425604
        },
        "(54.009, 58.507]": {
          "Éxito": 0.9885807504078303,
          "Error": 0.011419249592169658
        },
        "(58.507, 63.005]": {
          "Éxito": 0.9782608695652174,
          "Error": 0.021739130434782608
        },
        "(63.005, 67.503]": {
          "Éxito": 0.9821717990275527,
          "Error": 0.017828200972447326
        },
        "(67.503, 72.001]": {
          "Éxito": 0.9858934169278997,
          "Error": 0.014106583072100314
        },
        "(72.001, 76.499]": {
          "Éxito": 0.9795275590551181,
          "Error": 0.02047244094488189
        },
        "(76.499, 80.997]": {
          "Éxito": 0.9746434231378764,
          "Error": 0.025356576862123614
        },
        "(80.997, 85.495]": {
          "Éxito": 0.9754901960784313,
          "Error": 0.024509803921568627
        },
        "(85.495, 89.993]": {
          "Éxito": 0.9718076285240465,
          "Error": 0.028192371475953566
        }
      }
    },
    "roll_off": {
      "is_categorical": false,
      "bins": 10,
      "values": {
        "(0.2, 0.21]": {
          "Éxito": 0.9826498422712934,
          "Error": 0.017350157728706624
        },
        "(0.21, 0.22]": {
          "Éxito": 0.9792332268370607,
          "Error": 0.020766773162939296
        },
        "(0.22, 0.23]": {
          "Éxito": 0.9779874213836478,
          "Error": 0.0220125786163522
        },
        "(0.23, 0.24]": {
          "Éxito": 0.9800664451827242,
          "Error": 0.019933554817275746
        },
        "(0.24, 0.25]": {
          "Éxito": 0.9824868651488616,
          "Error": 0.017513134851138354
        },
        "(0.25, 0.26]": {
          "Éxito": 0.9775862068965517,
          "Error": 0.022413793103448276
        },
        "(0.26, 0.27]": {
          "Éxito": 0.9781931464174455,
          "Error": 0.021806853582554516
        },
        "(0.27, 0.28]": {
          "Éxito": 0.9793977812995246,
          "Error": 0.020602218700475437
        },
        "(0.28, 0.29]": {
          "Éxito": 0.9789983844911146,
          "Error": 0.0210016155088853
        },
        "(0.29, 0.3]": {
          "Éxito": 0.9734660033167496,
          "Error": 0.026533996683250415
        }
      }
    }
  }
}