{
  "experiment": {
    "name": "ARQ_2__ESC_7",
    "timestamp": "2025-06-19T18:35:44.462265",
    "repeat_index": 0
  },
  "evaluation": {
    "loss": 0.324601411819458,
    "accuracy": 0.90771484375
  },
  "classification_report": {
    "bpsk": {
      "precision": 1.0,
      "recall": 1.0,
      "f1-score": 1.0,
      "support": 1024.0
    },
    "qpsk": {
      "precision": 0.9980506822612085,
      "recall": 1.0,
      "f1-score": 0.9990243902439024,
      "support": 1024.0
    },
    "16qam": {
      "precision": 0.8835740072202166,
      "recall": 0.9560546875,
      "f1-score": 0.9183864915572233,
      "support": 1024.0
    },
    "32qam cross": {
      "precision": 0.8239366963402571,
      "recall": 0.8134765625,
      "f1-score": 0.8186732186732186,
      "support": 1024.0
    },
    "64qam": {
      "precision": 0.9302809573361083,
      "recall": 0.873046875,
      "f1-score": 0.9007556675062972,
      "support": 1024.0
    },
    "128qam cross": {
      "precision": 0.8116370808678501,
      "recall": 0.8037109375,
      "f1-score": 0.8076545632973503,
      "support": 1024.0
    },
    "accuracy": 0.90771484375,
    "macro avg": {
      "precision": 0.9079132373376068,
      "recall": 0.90771484375,
      "f1-score": 0.9074157218796653,
      "support": 6144.0
    },
    "weighted avg": {
      "precision": 0.9079132373376068,
      "recall": 0.90771484375,
      "f1-score": 0.9074157218796653,
      "support": 6144.0
    }
  }
}