{
  "experiment": {
    "name": "res_tcn_se_esc_9",
    "timestamp": "2025-06-22T00:06:19.805782",
    "repeat_index": 2,
    "fold_index": 2
  },
  "evaluation": {
    "loss": 0.21691276133060455,
    "accuracy": 0.9377542734146118
  },
  "classification_report": {
    "bpsk": {
      "precision": 1.0,
      "recall": 1.0,
      "f1-score": 1.0,
      "support": 409.0
    },
    "qpsk": {
      "precision": 0.9975609756097561,
      "recall": 0.9975609756097561,
      "f1-score": 0.9975609756097561,
      "support": 410.0
    },
    "16qam": {
      "precision": 0.9758454106280193,
      "recall": 0.9853658536585366,
      "f1-score": 0.9805825242718447,
      "support": 410.0
    },
    "32qam cross": {
      "precision": 0.8427518427518428,
      "recall": 0.8386308068459658,
      "f1-score": 0.8406862745098039,
      "support": 409.0
    },
    "64qam": {
      "precision": 0.9708029197080292,
      "recall": 0.973170731707317,
      "f1-score": 0.9719853836784409,
      "support": 410.0
    },
    "128qam cross": {
      "precision": 0.8378378378378378,
      "recall": 0.8317073170731707,
      "f1-score": 0.8347613219094248,
      "support": 410.0
    },
    "accuracy": 0.9377542717656632,
    "macro avg": {
      "precision": 0.9374664977559143,
      "recall": 0.937739280815791,
      "f1-score": 0.937596079996545,
      "support": 2458.0
    },
    "weighted avg": {
      "precision": 0.9374795901695674,
      "recall": 0.9377542717656632,
      "f1-score": 0.9376101181924291,
      "support": 2458.0
    }
  }
}