{
  "experiment": {
    "name": "res_tcn_se_esc_2",
    "timestamp": "2025-06-16T06:15:11.362011",
    "repeat_index": 0,
    "fold_index": 0
  },
  "effects": {
    "num_taps": {
      "is_categorical": true,
      "bins": null,
      "values": {
        "2": {
          "Éxito": 0.8580146460537021,
          "Error": 0.1419853539462978
        }
      }
    },
    "snr_db": {
      "is_categorical": false,
      "bins": 10,
      "values": {
        "(4.003, 4.406]": {
          "Éxito": 0.825531914893617,
          "Error": 0.17446808510638298
        },
        "(4.406, 4.804]": {
          "Éxito": 0.8603773584905661,
          "Error": 0.13962264150943396
        },
        "(4.804, 5.203]": {
          "Éxito": 0.8275862068965517,
          "Error": 0.1724137931034483
        },
        "(5.203, 5.601]": {
          "Éxito": 0.8215767634854771,
          "Error": 0.17842323651452283
        },
        "(5.601, 6.0]": {
          "Éxito": 0.8491379310344828,
          "Error": 0.15086206896551724
        },
        "(6.0, 6.398]": {
          "Éxito": 0.8588709677419355,
          "Error": 0.14112903225806453
        },
        "(6.398, 6.797]": {
          "Éxito": 0.8835341365461847,
          "Error": 0.11646586345381527
        },
        "(6.797, 7.195]": {
          "Éxito": 0.8940677966101694,
          "Error": 0.1059322033898305
        },
        "(7.195, 7.594]": {
          "Éxito": 0.8612244897959184,
          "Error": 0.13877551020408163
        },
        "(7.594, 7.992]": {
          "Éxito": 0.8983739837398373,
          "Error": 0.1016260162601626
        }
      }
    },
    "phase_offset": {
      "is_categorical": false,
      "bins": 10,
      "values": {
        "(-0.0353, 4.506]": {
          "Éxito": 0.8744769874476988,
          "Error": 0.12552301255230125
        },
        "(4.506, 9.002]": {
          "Éxito": 0.8658536585365854,
          "Error": 0.13414634146341464
        },
        "(9.002, 13.498]": {
          "Éxito": 0.8305785123966942,
          "Error": 0.16942148760330578
        },
        "(13.498, 17.994]": {
          "Éxito": 0.8232931726907631,
          "Error": 0.17670682730923695
        },
        "(17.994, 22.49]": {
          "Éxito": 0.8625954198473282,
          "Error": 0.13740458015267176
        },
        "(22.49, 26.986]": {
          "Éxito": 0.8672566371681416,
          "Error": 0.13274336283185842
        },
        "(26.986, 31.482]": {
          "Éxito": 0.8841698841698842,
          "Error": 0.11583011583011583
        },
        "(31.482, 35.979]": {
          "Éxito": 0.8203125,
          "Error": 0.1796875
        },
        "(35.979, 40.475]": {
          "Éxito": 0.8629032258064516,
          "Error": 0.13709677419354838
        },
        "(40.475, 44.971]": {
          "Éxito": 0.8917748917748918,
          "Error": 0.10822510822510822
        }
      }
    },
    "roll_off": {
      "is_categorical": false,
      "bins": 10,
      "values": {
        "(0.2, 0.21]": {
          "Éxito": 0.8312236286919831,
          "Error": 0.16877637130801687
        },
        "(0.21, 0.22]": {
          "Éxito": 0.872,
          "Error": 0.128
        },
        "(0.22, 0.23]": {
          "Éxito": 0.8723404255319149,
          "Error": 0.1276595744680851
        },
        "(0.23, 0.24]": {
          "Éxito": 0.8333333333333334,
          "Error": 0.16666666666666666
        },
        "(0.24, 0.25]": {
          "Éxito": 0.8528138528138528,
          "Error": 0.1471861471861472
        },
        "(0.25, 0.26]": {
          "Éxito": 0.8693877551020408,
          "Error": 0.1306122448979592
        },
        "(0.26, 0.27]": {
          "Éxito": 0.8605577689243028,
          "Error": 0.1394422310756972
        },
        "(0.27, 0.28]": {
          "Éxito": 0.8509803921568627,
          "Error": 0.14901960784313725
        },
        "(0.28, 0.29]": {
          "Éxito": 0.8847583643122676,
          "Error": 0.11524163568773234
        },
        "(0.29, 0.3]": {
          "Éxito": 0.8482490272373541,
          "Error": 0.1517509727626459
        }
      }
    }
  }
}