{
  "experiment": {
    "name": "ARQ_3__ESC_7",
    "timestamp": "2025-06-19T16:31:25.703645",
    "repeat_index": 2
  },
  "effects": {
    "num_taps": {
      "is_categorical": true,
      "bins": null,
      "values": {
        "4": {
          "Éxito": 0.8844401041666666,
          "Error": 0.11555989583333333
        }
      }
    },
    "snr_db": {
      "is_categorical": false,
      "bins": 10,
      "values": {
        "(7.996, 8.4]": {
          "Éxito": 0.8519108280254777,
          "Error": 0.1480891719745223
        },
        "(8.4, 8.8]": {
          "Éxito": 0.8627118644067797,
          "Error": 0.13728813559322034
        },
        "(8.8, 9.2]": {
          "Éxito": 0.8663446054750402,
          "Error": 0.13365539452495975
        },
        "(9.2, 9.6]": {
          "Éxito": 0.8798646362098139,
          "Error": 0.12013536379018612
        },
        "(9.6, 10.0]": {
          "Éxito": 0.9049128367670365,
          "Error": 0.09508716323296355
        },
        "(10.0, 10.4]": {
          "Éxito": 0.9076682316118936,
          "Error": 0.09233176838810642
        },
        "(10.4, 10.8]": {
          "Éxito": 0.8954983922829582,
          "Error": 0.1045016077170418
        },
        "(10.8, 11.2]": {
          "Éxito": 0.9027303754266212,
          "Error": 0.09726962457337884
        },
        "(11.2, 11.6]": {
          "Éxito": 0.8941368078175895,
          "Error": 0.10586319218241043
        },
        "(11.6, 12.0]": {
          "Éxito": 0.8778135048231511,
          "Error": 0.12218649517684887
        }
      }
    },
    "phase_offset": {
      "is_categorical": false,
      "bins": 10,
      "values": {
        "(-0.0414, 4.503]": {
          "Éxito": 0.8822605965463108,
          "Error": 0.11773940345368916
        },
        "(4.503, 9.003]": {
          "Éxito": 0.875438596491228,
          "Error": 0.12456140350877193
        },
        "(9.003, 13.502]": {
          "Éxito": 0.9021558872305141,
          "Error": 0.0978441127694859
        },
        "(13.502, 18.002]": {
          "Éxito": 0.875,
          "Error": 0.125
        },
        "(18.002, 22.501]": {
          "Éxito": 0.8685524126455907,
          "Error": 0.1314475873544093
        },
        "(22.501, 27.001]": {
          "Éxito": 0.8955954323001631,
          "Error": 0.10440456769983687
        },
        "(27.001, 31.5]": {
          "Éxito": 0.8940170940170941,
          "Error": 0.10598290598290598
        },
        "(31.5, 36.0]": {
          "Éxito": 0.8943217665615142,
          "Error": 0.1056782334384858
        },
        "(36.0, 40.499]": {
          "Éxito": 0.8769470404984424,
          "Error": 0.12305295950155763
        },
        "(40.499, 44.999]": {
          "Éxito": 0.8804523424878837,
          "Error": 0.11954765751211632
        }
      }
    },
    "roll_off": {
      "is_categorical": false,
      "bins": 10,
      "values": {
        "(0.2, 0.21]": {
          "Éxito": 0.8656716417910447,
          "Error": 0.13432835820895522
        },
        "(0.21, 0.22]": {
          "Éxito": 0.8853503184713376,
          "Error": 0.11464968152866242
        },
        "(0.22, 0.23]": {
          "Éxito": 0.8885298869143781,
          "Error": 0.11147011308562198
        },
        "(0.23, 0.24]": {
          "Éxito": 0.8964401294498382,
          "Error": 0.10355987055016182
        },
        "(0.24, 0.25]": {
          "Éxito": 0.87893864013267,
          "Error": 0.12106135986733002
        },
        "(0.25, 0.26]": {
          "Éxito": 0.9058823529411765,
          "Error": 0.09411764705882353
        },
        "(0.26, 0.27]": {
          "Éxito": 0.869983948635634,
          "Error": 0.13001605136436598
        },
        "(0.27, 0.28]": {
          "Éxito": 0.8772504091653028,
          "Error": 0.12274959083469722
        },
        "(0.28, 0.29]": {
          "Éxito": 0.8697749196141479,
          "Error": 0.1302250803858521
        },
        "(0.29, 0.3]": {
          "Éxito": 0.9067524115755627,
          "Error": 0.0932475884244373
        }
      }
    }
  }
}