{
  "experiment": {
    "name": "red_carlos_ESC_5",
    "timestamp": "2025-06-18T12:08:11.329075",
    "repeat_index": 3,
    "fold_index": 0
  },
  "effects": {
    "num_taps": {
      "is_categorical": true,
      "bins": null,
      "values": {
        "2": {
          "Éxito": 0.9914564686737185,
          "Error": 0.00854353132628153
        }
      }
    },
    "snr_db": {
      "is_categorical": false,
      "bins": 10,
      "values": {
        "(15.998, 16.402]": {
          "Éxito": 0.984375,
          "Error": 0.015625
        },
        "(16.402, 16.802]": {
          "Éxito": 1.0,
          "Error": 0.0
        },
        "(16.802, 17.201]": {
          "Éxito": 0.9915966386554622,
          "Error": 0.008403361344537815
        },
        "(17.201, 17.601]": {
          "Éxito": 0.9912280701754386,
          "Error": 0.008771929824561403
        },
        "(17.601, 18.001]": {
          "Éxito": 0.9959677419354839,
          "Error": 0.004032258064516129
        },
        "(18.001, 18.4]": {
          "Éxito": 0.9881422924901185,
          "Error": 0.011857707509881422
        },
        "(18.4, 18.8]": {
          "Éxito": 1.0,
          "Error": 0.0
        },
        "(18.8, 19.2]": {
          "Éxito": 0.9920948616600791,
          "Error": 0.007905138339920948
        },
        "(19.2, 19.6]": {
          "Éxito": 0.9922178988326849,
          "Error": 0.007782101167315175
        },
        "(19.6, 19.999]": {
          "Éxito": 0.98046875,
          "Error": 0.01953125
        }
      }
    },
    "phase_offset": {
      "is_categorical": false,
      "bins": 10,
      "values": {
        "(-0.0379, 4.505]": {
          "Éxito": 0.988,
          "Error": 0.012
        },
        "(4.505, 9.003]": {
          "Éxito": 0.9910313901345291,
          "Error": 0.008968609865470852
        },
        "(9.003, 13.501]": {
          "Éxito": 0.9876543209876543,
          "Error": 0.012345679012345678
        },
        "(13.501, 17.999]": {
          "Éxito": 1.0,
          "Error": 0.0
        },
        "(17.999, 22.497]": {
          "Éxito": 0.9961240310077519,
          "Error": 0.003875968992248062
        },
        "(22.497, 26.995]": {
          "Éxito": 0.9809160305343512,
          "Error": 0.019083969465648856
        },
        "(26.995, 31.493]": {
          "Éxito": 0.9878048780487805,
          "Error": 0.012195121951219513
        },
        "(31.493, 35.991]": {
          "Éxito": 0.9918032786885246,
          "Error": 0.00819672131147541
        },
        "(35.991, 40.489]": {
          "Éxito": 0.9959514170040485,
          "Error": 0.004048582995951417
        },
        "(40.489, 44.987]": {
          "Éxito": 0.9958677685950413,
          "Error": 0.004132231404958678
        }
      }
    },
    "roll_off": {
      "is_categorical": false,
      "bins": 10,
      "values": {
        "(0.2, 0.21]": {
          "Éxito": 0.9878542510121457,
          "Error": 0.012145748987854251
        },
        "(0.21, 0.22]": {
          "Éxito": 0.9884169884169884,
          "Error": 0.011583011583011582
        },
        "(0.22, 0.23]": {
          "Éxito": 0.9908675799086758,
          "Error": 0.0091324200913242
        },
        "(0.23, 0.24]": {
          "Éxito": 0.9956140350877193,
          "Error": 0.0043859649122807015
        },
        "(0.24, 0.25]": {
          "Éxito": 0.9921875,
          "Error": 0.0078125
        },
        "(0.25, 0.26]": {
          "Éxito": 0.9916666666666667,
          "Error": 0.008333333333333333
        },
        "(0.26, 0.27]": {
          "Éxito": 0.9881422924901185,
          "Error": 0.011857707509881422
        },
        "(0.27, 0.28]": {
          "Éxito": 0.9891304347826086,
          "Error": 0.010869565217391304
        },
        "(0.28, 0.29]": {
          "Éxito": 0.9957264957264957,
          "Error": 0.004273504273504274
        },
        "(0.29, 0.3]": {
          "Éxito": 0.9959349593495935,
          "Error": 0.0040650406504065045
        }
      }
    }
  }
}