{
  "experiment": {
    "name": "ARQ_3__ESC_2",
    "timestamp": "2025-06-19T07:52:06.986242",
    "repeat_index": 1
  },
  "effects": {
    "num_taps": {
      "is_categorical": true,
      "bins": null,
      "values": {
        "2": {
          "Éxito": 0.8982747395833334,
          "Error": 0.10172526041666667
        }
      }
    },
    "snr_db": {
      "is_categorical": false,
      "bins": 10,
      "values": {
        "(3.998, 4.402]": {
          "Éxito": 0.8781645569620253,
          "Error": 0.12183544303797468
        },
        "(4.402, 4.801]": {
          "Éxito": 0.8482428115015974,
          "Error": 0.15175718849840256
        },
        "(4.801, 5.201]": {
          "Éxito": 0.8955954323001631,
          "Error": 0.10440456769983687
        },
        "(5.201, 5.601]": {
          "Éxito": 0.8934817170111288,
          "Error": 0.10651828298887123
        },
        "(5.601, 6.001]": {
          "Éxito": 0.8956661316211878,
          "Error": 0.1043338683788122
        },
        "(6.001, 6.4]": {
          "Éxito": 0.9060955518945635,
          "Error": 0.09390444810543658
        },
        "(6.4, 6.8]": {
          "Éxito": 0.9053356282271945,
          "Error": 0.09466437177280551
        },
        "(6.8, 7.2]": {
          "Éxito": 0.9064516129032258,
          "Error": 0.0935483870967742
        },
        "(7.2, 7.6]": {
          "Éxito": 0.9253246753246753,
          "Error": 0.07467532467532467
        },
        "(7.6, 7.999]": {
          "Éxito": 0.931323283082077,
          "Error": 0.06867671691792294
        }
      }
    },
    "phase_offset": {
      "is_categorical": false,
      "bins": 10,
      "values": {
        "(-0.0413, 4.503]": {
          "Éxito": 0.8908794788273615,
          "Error": 0.10912052117263844
        },
        "(4.503, 9.003]": {
          "Éxito": 0.9059011164274322,
          "Error": 0.09409888357256778
        },
        "(9.003, 13.502]": {
          "Éxito": 0.8930390492359932,
          "Error": 0.10696095076400679
        },
        "(13.502, 18.002]": {
          "Éxito": 0.9111470113085622,
          "Error": 0.0888529886914378
        },
        "(18.002, 22.501]": {
          "Éxito": 0.8934426229508197,
          "Error": 0.10655737704918032
        },
        "(22.501, 27.001]": {
          "Éxito": 0.8914100486223663,
          "Error": 0.1085899513776337
        },
        "(27.001, 31.5]": {
          "Éxito": 0.9074960127591707,
          "Error": 0.09250398724082935
        },
        "(31.5, 36.0]": {
          "Éxito": 0.8986928104575164,
          "Error": 0.10130718954248366
        },
        "(36.0, 40.499]": {
          "Éxito": 0.8837579617834395,
          "Error": 0.11624203821656051
        },
        "(40.499, 44.999]": {
          "Éxito": 0.9068219633943427,
          "Error": 0.09317803660565724
        }
      }
    },
    "roll_off": {
      "is_categorical": false,
      "bins": 10,
      "values": {
        "(0.2, 0.21]": {
          "Éxito": 0.892436974789916,
          "Error": 0.10756302521008404
        },
        "(0.21, 0.22]": {
          "Éxito": 0.8896210873146623,
          "Error": 0.11037891268533773
        },
        "(0.22, 0.23]": {
          "Éxito": 0.893048128342246,
          "Error": 0.10695187165775401
        },
        "(0.23, 0.24]": {
          "Éxito": 0.8869969040247678,
          "Error": 0.1130030959752322
        },
        "(0.24, 0.25]": {
          "Éxito": 0.9185867895545314,
          "Error": 0.08141321044546851
        },
        "(0.25, 0.26]": {
          "Éxito": 0.9001512859304085,
          "Error": 0.09984871406959153
        },
        "(0.26, 0.27]": {
          "Éxito": 0.8843648208469055,
          "Error": 0.11563517915309446
        },
        "(0.27, 0.28]": {
          "Éxito": 0.9144736842105263,
          "Error": 0.08552631578947369
        },
        "(0.28, 0.29]": {
          "Éxito": 0.9200652528548124,
          "Error": 0.0799347471451876
        },
        "(0.29, 0.3]": {
          "Éxito": 0.8809523809523809,
          "Error": 0.11904761904761904
        }
      }
    }
  }
}