{
  "experiment": {
    "name": "red_carlos_ESC_6",
    "timestamp": "2025-06-18T14:18:29.499285",
    "repeat_index": 3,
    "fold_index": 1
  },
  "evaluation": {
    "loss": 0.15384125709533691,
    "accuracy": 0.9597233533859253
  },
  "classification_report": {
    "bpsk": {
      "precision": 1.0,
      "recall": 1.0,
      "f1-score": 1.0,
      "support": 409.0
    },
    "qpsk": {
      "precision": 1.0,
      "recall": 1.0,
      "f1-score": 1.0,
      "support": 410.0
    },
    "16qam": {
      "precision": 0.9926829268292683,
      "recall": 0.9926829268292683,
      "f1-score": 0.9926829268292683,
      "support": 410.0
    },
    "32qam cross": {
      "precision": 0.8975,
      "recall": 0.875609756097561,
      "f1-score": 0.8864197530864198,
      "support": 410.0
    },
    "64qam": {
      "precision": 0.9926470588235294,
      "recall": 0.9902200488997555,
      "f1-score": 0.9914320685434517,
      "support": 409.0
    },
    "128qam cross": {
      "precision": 0.8764845605700713,
      "recall": 0.9,
      "f1-score": 0.888086642599278,
      "support": 410.0
    },
    "accuracy": 0.9597233523189586,
    "macro avg": {
      "precision": 0.9598857577038116,
      "recall": 0.9597521219710975,
      "f1-score": 0.9597702318430698,
      "support": 2458.0
    },
    "weighted avg": {
      "precision": 0.9598561093948544,
      "recall": 0.9597233523189586,
      "f1-score": 0.9597409838345842,
      "support": 2458.0
    }
  }
}