{
  "experiment": {
    "name": "ARQ_2__ESC_5",
    "timestamp": "2025-06-19T15:02:07.934411",
    "repeat_index": 1
  },
  "effects": {
    "num_taps": {
      "is_categorical": true,
      "bins": null,
      "values": {
        "2": {
          "Éxito": 0.9944661458333334,
          "Error": 0.005533854166666667
        }
      }
    },
    "snr_db": {
      "is_categorical": false,
      "bins": 10,
      "values": {
        "(15.997, 16.401]": {
          "Éxito": 0.9967373572593801,
          "Error": 0.0032626427406199023
        },
        "(16.401, 16.801]": {
          "Éxito": 0.9857369255150554,
          "Error": 0.014263074484944533
        },
        "(16.801, 17.201]": {
          "Éxito": 0.9933884297520661,
          "Error": 0.006611570247933884
        },
        "(17.201, 17.6]": {
          "Éxito": 0.9888712241653418,
          "Error": 0.011128775834658187
        },
        "(17.6, 18.0]": {
          "Éxito": 0.9968553459119497,
          "Error": 0.0031446540880503146
        },
        "(18.0, 18.4]": {
          "Éxito": 0.9951219512195122,
          "Error": 0.004878048780487805
        },
        "(18.4, 18.8]": {
          "Éxito": 0.9983498349834984,
          "Error": 0.0016501650165016502
        },
        "(18.8, 19.2]": {
          "Éxito": 0.9968203497615262,
          "Error": 0.003179650238473768
        },
        "(19.2, 19.599]": {
          "Éxito": 0.9949152542372881,
          "Error": 0.005084745762711864
        },
        "(19.599, 19.999]": {
          "Éxito": 0.9983050847457627,
          "Error": 0.001694915254237288
        }
      }
    },
    "phase_offset": {
      "is_categorical": false,
      "bins": 10,
      "values": {
        "(-0.0341, 4.51]": {
          "Éxito": 0.9982847341337907,
          "Error": 0.0017152658662092624
        },
        "(4.51, 9.008]": {
          "Éxito": 0.9968051118210862,
          "Error": 0.003194888178913738
        },
        "(9.008, 13.507]": {
          "Éxito": 0.9950738916256158,
          "Error": 0.0049261083743842365
        },
        "(13.507, 18.006]": {
          "Éxito": 0.9937007874015747,
          "Error": 0.006299212598425197
        },
        "(18.006, 22.504]": {
          "Éxito": 0.9919614147909968,
          "Error": 0.008038585209003215
        },
        "(22.504, 27.003]": {
          "Éxito": 0.9983739837398374,
          "Error": 0.0016260162601626016
        },
        "(27.003, 31.502]": {
          "Éxito": 0.9873617693522907,
          "Error": 0.01263823064770932
        },
        "(31.502, 36.0]": {
          "Éxito": 0.9917898193760263,
          "Error": 0.008210180623973728
        },
        "(36.0, 40.499]": {
          "Éxito": 0.9933774834437086,
          "Error": 0.006622516556291391
        },
        "(40.499, 44.998]": {
          "Éxito": 0.9983552631578947,
          "Error": 0.001644736842105263
        }
      }
    },
    "roll_off": {
      "is_categorical": false,
      "bins": 10,
      "values": {
        "(0.2, 0.21]": {
          "Éxito": 0.9936102236421726,
          "Error": 0.006389776357827476
        },
        "(0.21, 0.22]": {
          "Éxito": 0.9915824915824916,
          "Error": 0.008417508417508417
        },
        "(0.22, 0.23]": {
          "Éxito": 0.9938650306748467,
          "Error": 0.006134969325153374
        },
        "(0.23, 0.24]": {
          "Éxito": 0.9929328621908127,
          "Error": 0.007067137809187279
        },
        "(0.24, 0.25]": {
          "Éxito": 0.9916247906197655,
          "Error": 0.008375209380234505
        },
        "(0.25, 0.26]": {
          "Éxito": 0.9983361064891847,
          "Error": 0.0016638935108153079
        },
        "(0.26, 0.27]": {
          "Éxito": 0.9967373572593801,
          "Error": 0.0032626427406199023
        },
        "(0.27, 0.28]": {
          "Éxito": 0.9984520123839009,
          "Error": 0.0015479876160990713
        },
        "(0.28, 0.29]": {
          "Éxito": 0.9931623931623932,
          "Error": 0.006837606837606838
        },
        "(0.29, 0.3]": {
          "Éxito": 0.9939759036144579,
          "Error": 0.006024096385542169
        }
      }
    }
  }
}