{
  "experiment": {
    "name": "red_carlos_ESC_5",
    "timestamp": "2025-06-18T11:21:30.079884",
    "repeat_index": 1,
    "fold_index": 4
  },
  "evaluation": {
    "loss": 0.11406189203262329,
    "accuracy": 0.9861676096916199
  },
  "classification_report": {
    "bpsk": {
      "precision": 1.0,
      "recall": 1.0,
      "f1-score": 1.0,
      "support": 410.0
    },
    "qpsk": {
      "precision": 0.9975669099756691,
      "recall": 1.0,
      "f1-score": 0.9987819732034106,
      "support": 410.0
    },
    "16qam": {
      "precision": 0.9927007299270073,
      "recall": 0.9951219512195122,
      "f1-score": 0.9939098660170523,
      "support": 410.0
    },
    "32qam cross": {
      "precision": 0.9901234567901235,
      "recall": 0.9780487804878049,
      "f1-score": 0.9840490797546012,
      "support": 410.0
    },
    "64qam": {
      "precision": 0.9688249400479616,
      "recall": 0.9877750611246944,
      "f1-score": 0.9782082324455206,
      "support": 409.0
    },
    "128qam cross": {
      "precision": 0.9678217821782178,
      "recall": 0.9559902200488998,
      "f1-score": 0.961869618696187,
      "support": 409.0
    },
    "accuracy": 0.9861676159479251,
    "macro avg": {
      "precision": 0.9861729698198299,
      "recall": 0.9861560021468185,
      "f1-score": 0.9861364616861286,
      "support": 2458.0
    },
    "weighted avg": {
      "precision": 0.9861874935047011,
      "recall": 0.9861676159479251,
      "f1-score": 0.9861495597627074,
      "support": 2458.0
    }
  }
}