{
  "experiment": {
    "name": "cnn_bilstm_attn_esc_9",
    "timestamp": "2025-06-18T21:05:48.763142",
    "repeat_index": 1,
    "fold_index": 0
  },
  "evaluation": {
    "loss": 0.24319185316562653,
    "accuracy": 0.9406021237373352
  },
  "classification_report": {
    "bpsk": {
      "precision": 1.0,
      "recall": 1.0,
      "f1-score": 1.0,
      "support": 410.0
    },
    "qpsk": {
      "precision": 0.9975669099756691,
      "recall": 1.0,
      "f1-score": 0.9987819732034104,
      "support": 410.0
    },
    "16qam": {
      "precision": 0.99,
      "recall": 0.9658536585365853,
      "f1-score": 0.9777777777777777,
      "support": 410.0
    },
    "32qam cross": {
      "precision": 0.9266503667481663,
      "recall": 0.9243902439024391,
      "f1-score": 0.9255189255189256,
      "support": 410.0
    },
    "64qam": {
      "precision": 0.9104477611940298,
      "recall": 0.8948655256723717,
      "f1-score": 0.9025893958076449,
      "support": 409.0
    },
    "128qam cross": {
      "precision": 0.823943661971831,
      "recall": 0.8581907090464548,
      "f1-score": 0.8407185628742515,
      "support": 409.0
    },
    "accuracy": 0.9406021155410903,
    "macro avg": {
      "precision": 0.9414347833149495,
      "recall": 0.9405500228596417,
      "f1-score": 0.940897772530335,
      "support": 2458.0
    },
    "weighted avg": {
      "precision": 0.9414951893944709,
      "recall": 0.9406021155410903,
      "f1-score": 0.9409541141033126,
      "support": 2458.0
    }
  }
}