{
  "experiment": {
    "name": "ARQ_3__ESC_10",
    "timestamp": "2025-06-19T21:10:58.810097",
    "repeat_index": 3
  },
  "evaluation": {
    "loss": 0.15688873827457428,
    "accuracy": 0.9640299677848816
  },
  "classification_report": {
    "bpsk": {
      "precision": 1.0,
      "recall": 0.9990234375,
      "f1-score": 0.9995114802149487,
      "support": 1024.0
    },
    "qpsk": {
      "precision": 1.0,
      "recall": 0.998046875,
      "f1-score": 0.9990224828934506,
      "support": 1024.0
    },
    "16qam": {
      "precision": 0.987378640776699,
      "recall": 0.9931640625,
      "f1-score": 0.9902629016553067,
      "support": 1024.0
    },
    "32qam cross": {
      "precision": 0.8895184135977338,
      "recall": 0.919921875,
      "f1-score": 0.9044647143542967,
      "support": 1024.0
    },
    "64qam": {
      "precision": 0.989247311827957,
      "recall": 0.98828125,
      "f1-score": 0.9887640449438202,
      "support": 1024.0
    },
    "128qam cross": {
      "precision": 0.9189463019250254,
      "recall": 0.8857421875,
      "f1-score": 0.9020387866732968,
      "support": 1024.0
    },
    "accuracy": 0.9640299479166666,
    "macro avg": {
      "precision": 0.9641817780212358,
      "recall": 0.9640299479166666,
      "f1-score": 0.9640107351225199,
      "support": 6144.0
    },
    "weighted avg": {
      "precision": 0.9641817780212358,
      "recall": 0.9640299479166666,
      "f1-score": 0.9640107351225199,
      "support": 6144.0
    }
  }
}