{
  "experiment": {
    "name": "ARQ_1__ESC_1",
    "timestamp": "2025-06-21T13:27:11.226417",
    "repeat_index": 1
  },
  "effects": {
    "num_taps": {
      "is_categorical": true,
      "bins": null,
      "values": {
        "2": {
          "Éxito": 0.8175455729166666,
          "Error": 0.18245442708333334
        }
      }
    },
    "snr_db": {
      "is_categorical": false,
      "bins": 10,
      "values": {
        "(-0.00268, 0.401]": {
          "Éxito": 0.7817589576547231,
          "Error": 0.2182410423452769
        },
        "(0.401, 0.801]": {
          "Éxito": 0.7910906298003072,
          "Error": 0.20890937019969277
        },
        "(0.801, 1.201]": {
          "Éxito": 0.7818991097922848,
          "Error": 0.21810089020771514
        },
        "(1.201, 1.6]": {
          "Éxito": 0.7805280528052805,
          "Error": 0.21947194719471946
        },
        "(1.6, 2.0]": {
          "Éxito": 0.8274193548387097,
          "Error": 0.17258064516129032
        },
        "(2.0, 2.4]": {
          "Éxito": 0.8336025848142165,
          "Error": 0.16639741518578352
        },
        "(2.4, 2.799]": {
          "Éxito": 0.8455008488964346,
          "Error": 0.15449915110356535
        },
        "(2.799, 3.199]": {
          "Éxito": 0.8422876949740035,
          "Error": 0.15771230502599654
        },
        "(3.199, 3.599]": {
          "Éxito": 0.8338870431893688,
          "Error": 0.16611295681063123
        },
        "(3.599, 3.999]": {
          "Éxito": 0.8665540540540541,
          "Error": 0.13344594594594594
        }
      }
    },
    "phase_offset": {
      "is_categorical": false,
      "bins": 10,
      "values": {
        "(-0.0368, 4.506]": {
          "Éxito": 0.8254486133768353,
          "Error": 0.17455138662316477
        },
        "(4.506, 9.004]": {
          "Éxito": 0.8232484076433121,
          "Error": 0.1767515923566879
        },
        "(9.004, 13.502]": {
          "Éxito": 0.7866449511400652,
          "Error": 0.21335504885993486
        },
        "(13.502, 17.999]": {
          "Éxito": 0.8195121951219512,
          "Error": 0.18048780487804877
        },
        "(17.999, 22.497]": {
          "Éxito": 0.8260135135135135,
          "Error": 0.17398648648648649
        },
        "(22.497, 26.995]": {
          "Éxito": 0.8063492063492064,
          "Error": 0.19365079365079366
        },
        "(26.995, 31.493]": {
          "Éxito": 0.7993579454253612,
          "Error": 0.20064205457463885
        },
        "(31.493, 35.991]": {
          "Éxito": 0.8280467445742905,
          "Error": 0.17195325542570952
        },
        "(35.991, 40.488]": {
          "Éxito": 0.8324873096446701,
          "Error": 0.16751269035532995
        },
        "(40.488, 44.986]": {
          "Éxito": 0.8294209702660407,
          "Error": 0.1705790297339593
        }
      }
    },
    "roll_off": {
      "is_categorical": false,
      "bins": 10,
      "values": {
        "(0.2, 0.21]": {
          "Éxito": 0.799347471451876,
          "Error": 0.200652528548124
        },
        "(0.21, 0.22]": {
          "Éxito": 0.8174726989079563,
          "Error": 0.18252730109204368
        },
        "(0.22, 0.23]": {
          "Éxito": 0.8285714285714286,
          "Error": 0.17142857142857143
        },
        "(0.23, 0.24]": {
          "Éxito": 0.7993680884676145,
          "Error": 0.20063191153238547
        },
        "(0.24, 0.25]": {
          "Éxito": 0.8077544426494345,
          "Error": 0.19224555735056542
        },
        "(0.25, 0.26]": {
          "Éxito": 0.81,
          "Error": 0.19
        },
        "(0.26, 0.27]": {
          "Éxito": 0.8253706754530478,
          "Error": 0.17462932454695224
        },
        "(0.27, 0.28]": {
          "Éxito": 0.8452950558213717,
          "Error": 0.1547049441786284
        },
        "(0.28, 0.29]": {
          "Éxito": 0.8051724137931034,
          "Error": 0.19482758620689655
        },
        "(0.29, 0.3]": {
          "Éxito": 0.8367003367003367,
          "Error": 0.1632996632996633
        }
      }
    }
  }
}