{
  "experiment": {
    "name": "cnn_bilstm_attn_esc_7",
    "timestamp": "2025-06-17T05:57:37.275680",
    "repeat_index": 1,
    "fold_index": 3
  },
  "effects": {
    "num_taps": {
      "is_categorical": true,
      "bins": null,
      "values": {
        "4": {
          "Éxito": 0.8694060211554109,
          "Error": 0.1305939788445891
        }
      }
    },
    "snr_db": {
      "is_categorical": false,
      "bins": 10,
      "values": {
        "(7.997, 8.4]": {
          "Éxito": 0.8297872340425532,
          "Error": 0.1702127659574468
        },
        "(8.4, 8.8]": {
          "Éxito": 0.8874458874458875,
          "Error": 0.11255411255411256
        },
        "(8.8, 9.199]": {
          "Éxito": 0.8793774319066148,
          "Error": 0.12062256809338522
        },
        "(9.199, 9.599]": {
          "Éxito": 0.8340248962655602,
          "Error": 0.16597510373443983
        },
        "(9.599, 9.999]": {
          "Éxito": 0.856,
          "Error": 0.144
        },
        "(9.999, 10.398]": {
          "Éxito": 0.8745098039215686,
          "Error": 0.12549019607843137
        },
        "(10.398, 10.798]": {
          "Éxito": 0.8884297520661157,
          "Error": 0.1115702479338843
        },
        "(10.798, 11.197]": {
          "Éxito": 0.8830645161290323,
          "Error": 0.11693548387096774
        },
        "(11.197, 11.597]": {
          "Éxito": 0.8653846153846154,
          "Error": 0.1346153846153846
        },
        "(11.597, 11.997]": {
          "Éxito": 0.895397489539749,
          "Error": 0.10460251046025104
        }
      }
    },
    "phase_offset": {
      "is_categorical": false,
      "bins": 10,
      "values": {
        "(-0.0373, 4.503]": {
          "Éxito": 0.8663793103448276,
          "Error": 0.1336206896551724
        },
        "(4.503, 8.999]": {
          "Éxito": 0.888,
          "Error": 0.112
        },
        "(8.999, 13.495]": {
          "Éxito": 0.8796992481203008,
          "Error": 0.12030075187969924
        },
        "(13.495, 17.991]": {
          "Éxito": 0.8471615720524017,
          "Error": 0.15283842794759825
        },
        "(17.991, 22.487]": {
          "Éxito": 0.8991935483870968,
          "Error": 0.10080645161290322
        },
        "(22.487, 26.982]": {
          "Éxito": 0.8293838862559242,
          "Error": 0.17061611374407584
        },
        "(26.982, 31.478]": {
          "Éxito": 0.8787878787878788,
          "Error": 0.12121212121212122
        },
        "(31.478, 35.974]": {
          "Éxito": 0.8464730290456431,
          "Error": 0.15352697095435686
        },
        "(35.974, 40.47]": {
          "Éxito": 0.8671875,
          "Error": 0.1328125
        },
        "(40.47, 44.966]": {
          "Éxito": 0.8812260536398467,
          "Error": 0.11877394636015326
        }
      }
    },
    "roll_off": {
      "is_categorical": false,
      "bins": 10,
      "values": {
        "(0.2, 0.21]": {
          "Éxito": 0.820627802690583,
          "Error": 0.17937219730941703
        },
        "(0.21, 0.22]": {
          "Éxito": 0.8406374501992032,
          "Error": 0.1593625498007968
        },
        "(0.22, 0.23]": {
          "Éxito": 0.8740458015267175,
          "Error": 0.12595419847328243
        },
        "(0.23, 0.24]": {
          "Éxito": 0.8735632183908046,
          "Error": 0.12643678160919541
        },
        "(0.24, 0.25]": {
          "Éxito": 0.8571428571428571,
          "Error": 0.14285714285714285
        },
        "(0.25, 0.26]": {
          "Éxito": 0.9021739130434783,
          "Error": 0.09782608695652174
        },
        "(0.26, 0.27]": {
          "Éxito": 0.8906882591093117,
          "Error": 0.10931174089068826
        },
        "(0.27, 0.28]": {
          "Éxito": 0.8395061728395061,
          "Error": 0.16049382716049382
        },
        "(0.28, 0.29]": {
          "Éxito": 0.8732394366197183,
          "Error": 0.1267605633802817
        },
        "(0.29, 0.3]": {
          "Éxito": 0.9139344262295082,
          "Error": 0.0860655737704918
        }
      }
    }
  }
}