{
  "experiment": {
    "name": "ARQ_1__ESC_2",
    "timestamp": "2025-06-21T17:39:23.592274",
    "repeat_index": 2
  },
  "evaluation": {
    "loss": 0.3206702172756195,
    "accuracy": 0.9119465947151184
  },
  "classification_report": {
    "bpsk": {
      "precision": 1.0,
      "recall": 0.9990234375,
      "f1-score": 0.9995114802149487,
      "support": 1024.0
    },
    "qpsk": {
      "precision": 0.9990243902439024,
      "recall": 1.0,
      "f1-score": 0.9995119570522206,
      "support": 1024.0
    },
    "16qam": {
      "precision": 0.973816717019134,
      "recall": 0.9443359375,
      "f1-score": 0.9588497768963807,
      "support": 1024.0
    },
    "32qam cross": {
      "precision": 0.7952917093142272,
      "recall": 0.7587890625,
      "f1-score": 0.7766116941529235,
      "support": 1024.0
    },
    "64qam": {
      "precision": 0.9377358490566038,
      "recall": 0.970703125,
      "f1-score": 0.9539347408829175,
      "support": 1024.0
    },
    "128qam cross": {
      "precision": 0.7673545966228893,
      "recall": 0.798828125,
      "f1-score": 0.7827751196172249,
      "support": 1024.0
    },
    "accuracy": 0.9119466145833334,
    "macro avg": {
      "precision": 0.9122038770427928,
      "recall": 0.9119466145833334,
      "f1-score": 0.9118657948027692,
      "support": 6144.0
    },
    "weighted avg": {
      "precision": 0.9122038770427928,
      "recall": 0.9119466145833334,
      "f1-score": 0.9118657948027692,
      "support": 6144.0
    }
  }
}