{
  "experiment": {
    "name": "ARQ_1__ESC_2",
    "timestamp": "2025-06-21T17:39:25.572478",
    "repeat_index": 2
  },
  "effects": {
    "num_taps": {
      "is_categorical": true,
      "bins": null,
      "values": {
        "2": {
          "Éxito": 0.9119466145833334,
          "Error": 0.08805338541666667
        }
      }
    },
    "snr_db": {
      "is_categorical": false,
      "bins": 10,
      "values": {
        "(3.998, 4.402]": {
          "Éxito": 0.8892405063291139,
          "Error": 0.11075949367088607
        },
        "(4.402, 4.801]": {
          "Éxito": 0.8594249201277955,
          "Error": 0.14057507987220447
        },
        "(4.801, 5.201]": {
          "Éxito": 0.9135399673735726,
          "Error": 0.0864600326264274
        },
        "(5.201, 5.601]": {
          "Éxito": 0.8950715421303657,
          "Error": 0.10492845786963434
        },
        "(5.601, 6.001]": {
          "Éxito": 0.9069020866773676,
          "Error": 0.09309791332263243
        },
        "(6.001, 6.4]": {
          "Éxito": 0.9110378912685337,
          "Error": 0.08896210873146623
        },
        "(6.4, 6.8]": {
          "Éxito": 0.9328743545611016,
          "Error": 0.06712564543889846
        },
        "(6.8, 7.2]": {
          "Éxito": 0.932258064516129,
          "Error": 0.06774193548387097
        },
        "(7.2, 7.6]": {
          "Éxito": 0.9334415584415584,
          "Error": 0.06655844155844155
        },
        "(7.6, 7.999]": {
          "Éxito": 0.949748743718593,
          "Error": 0.05025125628140704
        }
      }
    },
    "phase_offset": {
      "is_categorical": false,
      "bins": 10,
      "values": {
        "(-0.0413, 4.503]": {
          "Éxito": 0.9299674267100977,
          "Error": 0.07003257328990228
        },
        "(4.503, 9.003]": {
          "Éxito": 0.9106858054226475,
          "Error": 0.08931419457735247
        },
        "(9.003, 13.502]": {
          "Éxito": 0.8998302207130731,
          "Error": 0.100169779286927
        },
        "(13.502, 18.002]": {
          "Éxito": 0.901453957996769,
          "Error": 0.09854604200323101
        },
        "(18.002, 22.501]": {
          "Éxito": 0.9,
          "Error": 0.1
        },
        "(22.501, 27.001]": {
          "Éxito": 0.9157212317666127,
          "Error": 0.08427876823338736
        },
        "(27.001, 31.5]": {
          "Éxito": 0.9330143540669856,
          "Error": 0.06698564593301436
        },
        "(31.5, 36.0]": {
          "Éxito": 0.9166666666666666,
          "Error": 0.08333333333333333
        },
        "(36.0, 40.499]": {
          "Éxito": 0.9187898089171974,
          "Error": 0.08121019108280254
        },
        "(40.499, 44.999]": {
          "Éxito": 0.891846921797005,
          "Error": 0.10815307820299501
        }
      }
    },
    "roll_off": {
      "is_categorical": false,
      "bins": 10,
      "values": {
        "(0.2, 0.21]": {
          "Éxito": 0.8823529411764706,
          "Error": 0.11764705882352941
        },
        "(0.21, 0.22]": {
          "Éxito": 0.8830313014827018,
          "Error": 0.11696869851729819
        },
        "(0.22, 0.23]": {
          "Éxito": 0.9055258467023173,
          "Error": 0.0944741532976827
        },
        "(0.23, 0.24]": {
          "Éxito": 0.9071207430340558,
          "Error": 0.09287925696594428
        },
        "(0.24, 0.25]": {
          "Éxito": 0.9400921658986175,
          "Error": 0.059907834101382486
        },
        "(0.25, 0.26]": {
          "Éxito": 0.903177004538578,
          "Error": 0.09682299546142209
        },
        "(0.26, 0.27]": {
          "Éxito": 0.9136807817589576,
          "Error": 0.08631921824104234
        },
        "(0.27, 0.28]": {
          "Éxito": 0.9375,
          "Error": 0.0625
        },
        "(0.28, 0.29]": {
          "Éxito": 0.9216965742251223,
          "Error": 0.07830342577487764
        },
        "(0.29, 0.3]": {
          "Éxito": 0.923469387755102,
          "Error": 0.07653061224489796
        }
      }
    }
  }
}