{
  "experiment": {
    "name": "ARQ_1__ESC_8",
    "timestamp": "2025-06-22T08:02:39.733170",
    "repeat_index": 2
  },
  "evaluation": {
    "loss": 0.39555278420448303,
    "accuracy": 0.8509114384651184
  },
  "classification_report": {
    "bpsk": {
      "precision": 1.0,
      "recall": 1.0,
      "f1-score": 1.0,
      "support": 1024.0
    },
    "qpsk": {
      "precision": 0.9970674486803519,
      "recall": 0.99609375,
      "f1-score": 0.9965803615046409,
      "support": 1024.0
    },
    "16qam": {
      "precision": 0.8881720430107527,
      "recall": 0.806640625,
      "f1-score": 0.8454452405322416,
      "support": 1024.0
    },
    "32qam cross": {
      "precision": 0.7151219512195122,
      "recall": 0.7158203125,
      "f1-score": 0.7154709614446071,
      "support": 1024.0
    },
    "64qam": {
      "precision": 0.8423114593535749,
      "recall": 0.83984375,
      "f1-score": 0.8410757946210269,
      "support": 1024.0
    },
    "128qam cross": {
      "precision": 0.6824264049955397,
      "recall": 0.7470703125,
      "f1-score": 0.7132867132867133,
      "support": 1024.0
    },
    "accuracy": 0.8509114583333334,
    "macro avg": {
      "precision": 0.854183217876622,
      "recall": 0.8509114583333334,
      "f1-score": 0.8519765118982049,
      "support": 6144.0
    },
    "weighted avg": {
      "precision": 0.854183217876622,
      "recall": 0.8509114583333334,
      "f1-score": 0.8519765118982049,
      "support": 6144.0
    }
  }
}