{
  "experiment": {
    "name": "ARQ_3__ESC_10",
    "timestamp": "2025-06-19T21:34:53.749979",
    "repeat_index": 6
  },
  "evaluation": {
    "loss": 0.10598979145288467,
    "accuracy": 0.96044921875
  },
  "classification_report": {
    "bpsk": {
      "precision": 1.0,
      "recall": 1.0,
      "f1-score": 1.0,
      "support": 1024.0
    },
    "qpsk": {
      "precision": 1.0,
      "recall": 0.9990234375,
      "f1-score": 0.9995114802149487,
      "support": 1024.0
    },
    "16qam": {
      "precision": 0.9960474308300395,
      "recall": 0.984375,
      "f1-score": 0.9901768172888016,
      "support": 1024.0
    },
    "32qam cross": {
      "precision": 0.8986083499005965,
      "recall": 0.8828125,
      "f1-score": 0.8906403940886699,
      "support": 1024.0
    },
    "64qam": {
      "precision": 0.9835271317829457,
      "recall": 0.9912109375,
      "f1-score": 0.9873540856031129,
      "support": 1024.0
    },
    "128qam cross": {
      "precision": 0.8853868194842407,
      "recall": 0.9052734375,
      "f1-score": 0.895219700627716,
      "support": 1024.0
    },
    "accuracy": 0.96044921875,
    "macro avg": {
      "precision": 0.9605949553329705,
      "recall": 0.96044921875,
      "f1-score": 0.9604837463038748,
      "support": 6144.0
    },
    "weighted avg": {
      "precision": 0.9605949553329705,
      "recall": 0.96044921875,
      "f1-score": 0.9604837463038748,
      "support": 6144.0
    }
  }
}