{
  "experiment": {
    "name": "ARQ_3__ESC_10",
    "timestamp": "2025-06-19T21:34:54.292032",
    "repeat_index": 6
  },
  "effects": {
    "num_taps": {
      "is_categorical": true,
      "bins": null,
      "values": {
        "2": {
          "Éxito": 0.96044921875,
          "Error": 0.03955078125
        }
      }
    },
    "snr_db": {
      "is_categorical": false,
      "bins": 10,
      "values": {
        "(7.997, 8.401]": {
          "Éxito": 0.9362363919129082,
          "Error": 0.06376360808709176
        },
        "(8.401, 8.801]": {
          "Éxito": 0.945518453427065,
          "Error": 0.054481546572934976
        },
        "(8.801, 9.201]": {
          "Éxito": 0.9565916398713826,
          "Error": 0.04340836012861737
        },
        "(9.201, 9.6]": {
          "Éxito": 0.9504,
          "Error": 0.0496
        },
        "(9.6, 10.0]": {
          "Éxito": 0.9665605095541401,
          "Error": 0.03343949044585987
        },
        "(10.0, 10.4]": {
          "Éxito": 0.9575551782682513,
          "Error": 0.042444821731748725
        },
        "(10.4, 10.8]": {
          "Éxito": 0.9663461538461539,
          "Error": 0.03365384615384615
        },
        "(10.8, 11.2]": {
          "Éxito": 0.9700787401574803,
          "Error": 0.029921259842519685
        },
        "(11.2, 11.6]": {
          "Éxito": 0.9837133550488599,
          "Error": 0.016286644951140065
        },
        "(11.6, 11.999]": {
          "Éxito": 0.9714285714285714,
          "Error": 0.02857142857142857
        }
      }
    },
    "phase_offset": {
      "is_categorical": false,
      "bins": 10,
      "values": {
        "(89.957, 94.5]": {
          "Éxito": 0.9598070739549839,
          "Error": 0.04019292604501608
        },
        "(94.5, 98.998]": {
          "Éxito": 0.9683544303797469,
          "Error": 0.03164556962025317
        },
        "(98.998, 103.496]": {
          "Éxito": 0.9535256410256411,
          "Error": 0.046474358974358976
        },
        "(103.496, 107.994]": {
          "Éxito": 0.9483870967741935,
          "Error": 0.05161290322580645
        },
        "(107.994, 112.492]": {
          "Éxito": 0.9475409836065574,
          "Error": 0.05245901639344262
        },
        "(112.492, 116.99]": {
          "Éxito": 0.9698492462311558,
          "Error": 0.03015075376884422
        },
        "(116.99, 121.488]": {
          "Éxito": 0.9637795275590552,
          "Error": 0.03622047244094488
        },
        "(121.488, 125.986]": {
          "Éxito": 0.9700787401574803,
          "Error": 0.029921259842519685
        },
        "(125.986, 130.483]": {
          "Éxito": 0.9682804674457429,
          "Error": 0.03171953255425709
        },
        "(130.483, 134.981]": {
          "Éxito": 0.9543859649122807,
          "Error": 0.0456140350877193
        }
      }
    },
    "roll_off": {
      "is_categorical": false,
      "bins": 10,
      "values": {
        "(0.2, 0.21]": {
          "Éxito": 0.9581239530988275,
          "Error": 0.04187604690117253
        },
        "(0.21, 0.22]": {
          "Éxito": 0.9574803149606299,
          "Error": 0.04251968503937008
        },
        "(0.22, 0.23]": {
          "Éxito": 0.9621993127147767,
          "Error": 0.037800687285223365
        },
        "(0.23, 0.24]": {
          "Éxito": 0.9672413793103448,
          "Error": 0.032758620689655175
        },
        "(0.24, 0.25]": {
          "Éxito": 0.9557661927330173,
          "Error": 0.044233807266982623
        },
        "(0.25, 0.26]": {
          "Éxito": 0.9600591715976331,
          "Error": 0.03994082840236687
        },
        "(0.26, 0.27]": {
          "Éxito": 0.969439728353141,
          "Error": 0.030560271646859084
        },
        "(0.27, 0.28]": {
          "Éxito": 0.9656301145662848,
          "Error": 0.03436988543371522
        },
        "(0.28, 0.29]": {
          "Éxito": 0.9536,
          "Error": 0.0464
        },
        "(0.29, 0.3]": {
          "Éxito": 0.9561688311688312,
          "Error": 0.04383116883116883
        }
      }
    }
  }
}