{
  "experiment": {
    "name": "red_carlos_ESC_1",
    "timestamp": "2025-06-17T13:36:49.629179",
    "repeat_index": 1,
    "fold_index": 1
  },
  "evaluation": {
    "loss": 0.8658879399299622,
    "accuracy": 0.5996745228767395
  },
  "classification_report": {
    "bpsk": {
      "precision": 1.0,
      "recall": 1.0,
      "f1-score": 1.0,
      "support": 410.0
    },
    "qpsk": {
      "precision": 1.0,
      "recall": 1.0,
      "f1-score": 1.0,
      "support": 410.0
    },
    "16qam": {
      "precision": 0.3246753246753247,
      "recall": 0.12195121951219512,
      "f1-score": 0.1773049645390071,
      "support": 410.0
    },
    "32qam cross": {
      "precision": 0.3951367781155015,
      "recall": 0.6341463414634146,
      "f1-score": 0.4868913857677903,
      "support": 410.0
    },
    "64qam": {
      "precision": 0.5163398692810458,
      "recall": 0.5794621026894865,
      "f1-score": 0.5460829493087558,
      "support": 409.0
    },
    "128qam cross": {
      "precision": 0.29427792915531337,
      "recall": 0.26405867970660146,
      "f1-score": 0.27835051546391754,
      "support": 409.0
    },
    "accuracy": 0.6000813669650122,
    "macro avg": {
      "precision": 0.5884049835378643,
      "recall": 0.5999363905619497,
      "f1-score": 0.5814383025132451,
      "support": 2458.0
    },
    "weighted avg": {
      "precision": 0.5885539632647313,
      "recall": 0.6000813669650122,
      "f1-score": 0.5815759929690033,
      "support": 2458.0
    }
  }
}