{
  "experiment": {
    "name": "ARQ_1__ESC_9",
    "timestamp": "2025-06-22T01:11:17.062976",
    "repeat_index": 0
  },
  "effects": {
    "num_taps": {
      "is_categorical": true,
      "bins": null,
      "values": {
        "2": {
          "Éxito": 0.9822591145833334,
          "Error": 0.017740885416666668
        }
      }
    },
    "snr_db": {
      "is_categorical": false,
      "bins": 10,
      "values": {
        "(7.997, 8.401]": {
          "Éxito": 0.9711538461538461,
          "Error": 0.028846153846153848
        },
        "(8.401, 8.801]": {
          "Éxito": 0.9780033840947546,
          "Error": 0.021996615905245348
        },
        "(8.801, 9.2]": {
          "Éxito": 0.985,
          "Error": 0.015
        },
        "(9.2, 9.6]": {
          "Éxito": 0.9721792890262752,
          "Error": 0.027820710973724884
        },
        "(9.6, 10.0]": {
          "Éxito": 0.9708265802269044,
          "Error": 0.029173419773095625
        },
        "(10.0, 10.4]": {
          "Éxito": 0.9827586206896551,
          "Error": 0.017241379310344827
        },
        "(10.4, 10.8]": {
          "Éxito": 0.9938650306748467,
          "Error": 0.006134969325153374
        },
        "(10.8, 11.2]": {
          "Éxito": 0.9874015748031496,
          "Error": 0.012598425196850394
        },
        "(11.2, 11.599]": {
          "Éxito": 0.99185667752443,
          "Error": 0.008143322475570033
        },
        "(11.599, 11.999]": {
          "Éxito": 0.9897260273972602,
          "Error": 0.010273972602739725
        }
      }
    },
    "phase_offset": {
      "is_categorical": false,
      "bins": 10,
      "values": {
        "(44.968, 49.511]": {
          "Éxito": 0.975767366720517,
          "Error": 0.024232633279483037
        },
        "(49.511, 54.009]": {
          "Éxito": 0.9826989619377162,
          "Error": 0.01730103806228374
        },
        "(54.009, 58.507]": {
          "Éxito": 0.9836867862969005,
          "Error": 0.01631321370309951
        },
        "(58.507, 63.005]": {
          "Éxito": 0.9782608695652174,
          "Error": 0.021739130434782608
        },
        "(63.005, 67.503]": {
          "Éxito": 0.9902755267423015,
          "Error": 0.009724473257698542
        },
        "(67.503, 72.001]": {
          "Éxito": 0.9843260188087775,
          "Error": 0.01567398119122257
        },
        "(72.001, 76.499]": {
          "Éxito": 0.9858267716535433,
          "Error": 0.014173228346456693
        },
        "(76.499, 80.997]": {
          "Éxito": 0.9841521394611727,
          "Error": 0.01584786053882726
        },
        "(80.997, 85.495]": {
          "Éxito": 0.9787581699346405,
          "Error": 0.021241830065359478
        },
        "(85.495, 89.993]": {
          "Éxito": 0.978441127694859,
          "Error": 0.02155887230514096
        }
      }
    },
    "roll_off": {
      "is_categorical": false,
      "bins": 10,
      "values": {
        "(0.2, 0.21]": {
          "Éxito": 0.9826498422712934,
          "Error": 0.017350157728706624
        },
        "(0.21, 0.22]": {
          "Éxito": 0.987220447284345,
          "Error": 0.012779552715654952
        },
        "(0.22, 0.23]": {
          "Éxito": 0.9795597484276729,
          "Error": 0.020440251572327043
        },
        "(0.23, 0.24]": {
          "Éxito": 0.9750830564784053,
          "Error": 0.024916943521594685
        },
        "(0.24, 0.25]": {
          "Éxito": 0.9824868651488616,
          "Error": 0.017513134851138354
        },
        "(0.25, 0.26]": {
          "Éxito": 0.9810344827586207,
          "Error": 0.01896551724137931
        },
        "(0.26, 0.27]": {
          "Éxito": 0.9766355140186916,
          "Error": 0.02336448598130841
        },
        "(0.27, 0.28]": {
          "Éxito": 0.9857369255150554,
          "Error": 0.014263074484944533
        },
        "(0.28, 0.29]": {
          "Éxito": 0.9870759289176091,
          "Error": 0.012924071082390954
        },
        "(0.29, 0.3]": {
          "Éxito": 0.9850746268656716,
          "Error": 0.014925373134328358
        }
      }
    }
  }
}