{
  "experiment": {
    "name": "res_tcn_se_esc_11",
    "timestamp": "2025-06-22T01:19:51.730453",
    "repeat_index": 1,
    "fold_index": 1
  },
  "effects": {
    "num_taps": {
      "is_categorical": true,
      "bins": null,
      "values": {
        "2": {
          "Éxito": 0.9332790886899919,
          "Error": 0.06672091131000814
        }
      }
    },
    "snr_db": {
      "is_categorical": false,
      "bins": 10,
      "values": {
        "(7.999, 8.402]": {
          "Éxito": 0.9325842696629213,
          "Error": 0.06741573033707865
        },
        "(8.402, 8.802]": {
          "Éxito": 0.9080459770114943,
          "Error": 0.09195402298850575
        },
        "(8.802, 9.202]": {
          "Éxito": 0.9282700421940928,
          "Error": 0.07172995780590717
        },
        "(9.202, 9.601]": {
          "Éxito": 0.948051948051948,
          "Error": 0.05194805194805195
        },
        "(9.601, 10.001]": {
          "Éxito": 0.9545454545454546,
          "Error": 0.045454545454545456
        },
        "(10.001, 10.401]": {
          "Éxito": 0.9230769230769231,
          "Error": 0.07692307692307693
        },
        "(10.401, 10.801]": {
          "Éxito": 0.9221789883268483,
          "Error": 0.07782101167315175
        },
        "(10.801, 11.2]": {
          "Éxito": 0.947136563876652,
          "Error": 0.05286343612334802
        },
        "(11.2, 11.6]": {
          "Éxito": 0.9347826086956522,
          "Error": 0.06521739130434782
        },
        "(11.6, 12.0]": {
          "Éxito": 0.9375,
          "Error": 0.0625
        }
      }
    },
    "phase_offset": {
      "is_categorical": false,
      "bins": 10,
      "values": {
        "(134.965, 139.508]": {
          "Éxito": 0.8984962406015038,
          "Error": 0.10150375939849623
        },
        "(139.508, 144.007]": {
          "Éxito": 0.950207468879668,
          "Error": 0.04979253112033195
        },
        "(144.007, 148.505]": {
          "Éxito": 0.9137254901960784,
          "Error": 0.08627450980392157
        },
        "(148.505, 153.004]": {
          "Éxito": 0.9137254901960784,
          "Error": 0.08627450980392157
        },
        "(153.004, 157.502]": {
          "Éxito": 0.9324894514767933,
          "Error": 0.06751054852320675
        },
        "(157.502, 162.0]": {
          "Éxito": 0.956,
          "Error": 0.044
        },
        "(162.0, 166.499]": {
          "Éxito": 0.959349593495935,
          "Error": 0.04065040650406504
        },
        "(166.499, 170.997]": {
          "Éxito": 0.9453781512605042,
          "Error": 0.0546218487394958
        },
        "(170.997, 175.496]": {
          "Éxito": 0.9140271493212669,
          "Error": 0.08597285067873303
        },
        "(175.496, 179.994]": {
          "Éxito": 0.9518072289156626,
          "Error": 0.04819277108433735
        }
      }
    },
    "roll_off": {
      "is_categorical": false,
      "bins": 10,
      "values": {
        "(0.2, 0.21]": {
          "Éxito": 0.9173553719008265,
          "Error": 0.08264462809917356
        },
        "(0.21, 0.22]": {
          "Éxito": 0.91796875,
          "Error": 0.08203125
        },
        "(0.22, 0.23]": {
          "Éxito": 0.9193548387096774,
          "Error": 0.08064516129032258
        },
        "(0.23, 0.24]": {
          "Éxito": 0.916,
          "Error": 0.084
        },
        "(0.24, 0.25]": {
          "Éxito": 0.9212598425196851,
          "Error": 0.07874015748031496
        },
        "(0.25, 0.26]": {
          "Éxito": 0.9316239316239316,
          "Error": 0.06837606837606838
        },
        "(0.26, 0.27]": {
          "Éxito": 0.9307359307359307,
          "Error": 0.06926406926406926
        },
        "(0.27, 0.28]": {
          "Éxito": 0.9543568464730291,
          "Error": 0.04564315352697095
        },
        "(0.28, 0.29]": {
          "Éxito": 0.9723320158102767,
          "Error": 0.02766798418972332
        },
        "(0.29, 0.3]": {
          "Éxito": 0.9518072289156626,
          "Error": 0.04819277108433735
        }
      }
    }
  }
}