{
  "experiment": {
    "name": "cnn_bilstm_attn_esc_11",
    "timestamp": "2025-06-22T15:33:54.754405",
    "repeat_index": 1,
    "fold_index": 4
  },
  "effects": {
    "num_taps": {
      "is_categorical": true,
      "bins": null,
      "values": {
        "2": {
          "Éxito": 0.968673718470301,
          "Error": 0.03132628152969894
        }
      }
    },
    "snr_db": {
      "is_categorical": false,
      "bins": 10,
      "values": {
        "(7.999, 8.402]": {
          "Éxito": 0.9438202247191011,
          "Error": 0.056179775280898875
        },
        "(8.402, 8.802]": {
          "Éxito": 0.9693486590038314,
          "Error": 0.03065134099616858
        },
        "(8.802, 9.202]": {
          "Éxito": 0.9620253164556962,
          "Error": 0.0379746835443038
        },
        "(9.202, 9.601]": {
          "Éxito": 0.9783549783549783,
          "Error": 0.021645021645021644
        },
        "(9.601, 10.001]": {
          "Éxito": 0.9917355371900827,
          "Error": 0.008264462809917356
        },
        "(10.001, 10.401]": {
          "Éxito": 0.9615384615384616,
          "Error": 0.038461538461538464
        },
        "(10.401, 10.801]": {
          "Éxito": 0.9610894941634242,
          "Error": 0.038910505836575876
        },
        "(10.801, 11.2]": {
          "Éxito": 0.9691629955947136,
          "Error": 0.030837004405286344
        },
        "(11.2, 11.6]": {
          "Éxito": 0.9739130434782609,
          "Error": 0.02608695652173913
        },
        "(11.6, 12.0]": {
          "Éxito": 0.9779411764705882,
          "Error": 0.022058823529411766
        }
      }
    },
    "phase_offset": {
      "is_categorical": false,
      "bins": 10,
      "values": {
        "(134.965, 139.508]": {
          "Éxito": 0.9624060150375939,
          "Error": 0.03759398496240601
        },
        "(139.508, 144.007]": {
          "Éxito": 0.975103734439834,
          "Error": 0.024896265560165973
        },
        "(144.007, 148.505]": {
          "Éxito": 0.9803921568627451,
          "Error": 0.0196078431372549
        },
        "(148.505, 153.004]": {
          "Éxito": 0.9686274509803922,
          "Error": 0.03137254901960784
        },
        "(153.004, 157.502]": {
          "Éxito": 0.9493670886075949,
          "Error": 0.05063291139240506
        },
        "(157.502, 162.0]": {
          "Éxito": 0.988,
          "Error": 0.012
        },
        "(162.0, 166.499]": {
          "Éxito": 0.9796747967479674,
          "Error": 0.02032520325203252
        },
        "(166.499, 170.997]": {
          "Éxito": 0.9663865546218487,
          "Error": 0.03361344537815126
        },
        "(170.997, 175.496]": {
          "Éxito": 0.9366515837104072,
          "Error": 0.06334841628959276
        },
        "(175.496, 179.994]": {
          "Éxito": 0.9759036144578314,
          "Error": 0.024096385542168676
        }
      }
    },
    "roll_off": {
      "is_categorical": false,
      "bins": 10,
      "values": {
        "(0.2, 0.21]": {
          "Éxito": 0.9586776859504132,
          "Error": 0.04132231404958678
        },
        "(0.21, 0.22]": {
          "Éxito": 0.96484375,
          "Error": 0.03515625
        },
        "(0.22, 0.23]": {
          "Éxito": 0.9516129032258065,
          "Error": 0.04838709677419355
        },
        "(0.23, 0.24]": {
          "Éxito": 0.968,
          "Error": 0.032
        },
        "(0.24, 0.25]": {
          "Éxito": 0.984251968503937,
          "Error": 0.015748031496062992
        },
        "(0.25, 0.26]": {
          "Éxito": 0.9615384615384616,
          "Error": 0.038461538461538464
        },
        "(0.26, 0.27]": {
          "Éxito": 0.9523809523809523,
          "Error": 0.047619047619047616
        },
        "(0.27, 0.28]": {
          "Éxito": 0.979253112033195,
          "Error": 0.02074688796680498
        },
        "(0.28, 0.29]": {
          "Éxito": 0.9762845849802372,
          "Error": 0.023715415019762844
        },
        "(0.29, 0.3]": {
          "Éxito": 0.9879518072289156,
          "Error": 0.012048192771084338
        }
      }
    }
  }
}