{
  "experiment": {
    "name": "ARQ_1__ESC_4",
    "timestamp": "2025-06-22T01:45:12.864668",
    "repeat_index": 3
  },
  "effects": {
    "num_taps": {
      "is_categorical": true,
      "bins": null,
      "values": {
        "2": {
          "Éxito": 0.9886067708333334,
          "Error": 0.011393229166666666
        }
      }
    },
    "snr_db": {
      "is_categorical": false,
      "bins": 10,
      "values": {
        "(11.996, 12.4]": {
          "Éxito": 0.9825396825396825,
          "Error": 0.01746031746031746
        },
        "(12.4, 12.8]": {
          "Éxito": 0.9841269841269841,
          "Error": 0.015873015873015872
        },
        "(12.8, 13.2]": {
          "Éxito": 0.9876977152899824,
          "Error": 0.012302284710017574
        },
        "(13.2, 13.6]": {
          "Éxito": 0.987220447284345,
          "Error": 0.012779552715654952
        },
        "(13.6, 14.0]": {
          "Éxito": 0.9838187702265372,
          "Error": 0.016181229773462782
        },
        "(14.0, 14.4]": {
          "Éxito": 0.9918032786885246,
          "Error": 0.00819672131147541
        },
        "(14.4, 14.8]": {
          "Éxito": 0.9951768488745981,
          "Error": 0.00482315112540193
        },
        "(14.8, 15.2]": {
          "Éxito": 0.99,
          "Error": 0.01
        },
        "(15.2, 15.599]": {
          "Éxito": 0.9887096774193549,
          "Error": 0.01129032258064516
        },
        "(15.599, 15.999]": {
          "Éxito": 0.9951534733441034,
          "Error": 0.004846526655896607
        }
      }
    },
    "phase_offset": {
      "is_categorical": false,
      "bins": 10,
      "values": {
        "(-0.0418, 4.501]": {
          "Éxito": 0.9854132901134521,
          "Error": 0.014586709886547812
        },
        "(4.501, 9.0]": {
          "Éxito": 0.9904761904761905,
          "Error": 0.009523809523809525
        },
        "(9.0, 13.498]": {
          "Éxito": 0.9867549668874173,
          "Error": 0.013245033112582781
        },
        "(13.498, 17.996]": {
          "Éxito": 0.993431855500821,
          "Error": 0.006568144499178982
        },
        "(17.996, 22.495]": {
          "Éxito": 0.9864864864864865,
          "Error": 0.013513513513513514
        },
        "(22.495, 26.993]": {
          "Éxito": 0.9864176570458404,
          "Error": 0.013582342954159592
        },
        "(26.993, 31.491]": {
          "Éxito": 0.9871175523349437,
          "Error": 0.01288244766505636
        },
        "(31.491, 35.99]": {
          "Éxito": 0.9890282131661442,
          "Error": 0.0109717868338558
        },
        "(35.99, 40.488]": {
          "Éxito": 0.9879725085910653,
          "Error": 0.012027491408934709
        },
        "(40.488, 44.986]": {
          "Éxito": 0.9924471299093656,
          "Error": 0.0075528700906344415
        }
      }
    },
    "roll_off": {
      "is_categorical": false,
      "bins": 10,
      "values": {
        "(0.2, 0.21]": {
          "Éxito": 0.985781990521327,
          "Error": 0.014218009478672985
        },
        "(0.21, 0.22]": {
          "Éxito": 0.9878971255673222,
          "Error": 0.012102874432677761
        },
        "(0.22, 0.23]": {
          "Éxito": 0.9888,
          "Error": 0.0112
        },
        "(0.23, 0.24]": {
          "Éxito": 0.9845890410958904,
          "Error": 0.015410958904109588
        },
        "(0.24, 0.25]": {
          "Éxito": 0.9933333333333333,
          "Error": 0.006666666666666667
        },
        "(0.25, 0.26]": {
          "Éxito": 0.9871175523349437,
          "Error": 0.01288244766505636
        },
        "(0.26, 0.27]": {
          "Éxito": 0.9899665551839465,
          "Error": 0.010033444816053512
        },
        "(0.27, 0.28]": {
          "Éxito": 0.9884297520661157,
          "Error": 0.011570247933884297
        },
        "(0.28, 0.29]": {
          "Éxito": 0.9932773109243698,
          "Error": 0.0067226890756302525
        },
        "(0.29, 0.3]": {
          "Éxito": 0.9871382636655949,
          "Error": 0.012861736334405145
        }
      }
    }
  }
}