{
  "experiment": {
    "name": "ARQ_3__ESC_8",
    "timestamp": "2025-06-19T18:49:39.642863",
    "repeat_index": 8
  },
  "effects": {
    "num_taps": {
      "is_categorical": true,
      "bins": null,
      "values": {
        "6": {
          "Éxito": 0.8251953125,
          "Error": 0.1748046875
        }
      }
    },
    "snr_db": {
      "is_categorical": false,
      "bins": 10,
      "values": {
        "(7.997, 8.4]": {
          "Éxito": 0.8003246753246753,
          "Error": 0.19967532467532467
        },
        "(8.4, 8.8]": {
          "Éxito": 0.8089700996677741,
          "Error": 0.19102990033222592
        },
        "(8.8, 9.2]": {
          "Éxito": 0.8197767145135566,
          "Error": 0.18022328548644337
        },
        "(9.2, 9.6]": {
          "Éxito": 0.8401976935749588,
          "Error": 0.15980230642504117
        },
        "(9.6, 9.999]": {
          "Éxito": 0.8441558441558441,
          "Error": 0.15584415584415584
        },
        "(9.999, 10.399]": {
          "Éxito": 0.8194662480376766,
          "Error": 0.18053375196232338
        },
        "(10.399, 10.799]": {
          "Éxito": 0.8392036753445635,
          "Error": 0.16079632465543645
        },
        "(10.799, 11.199]": {
          "Éxito": 0.8330373001776199,
          "Error": 0.1669626998223801
        },
        "(11.199, 11.598]": {
          "Éxito": 0.8328125,
          "Error": 0.1671875
        },
        "(11.598, 11.998]": {
          "Éxito": 0.8130360205831904,
          "Error": 0.18696397941680962
        }
      }
    },
    "phase_offset": {
      "is_categorical": false,
      "bins": 10,
      "values": {
        "(-0.0382, 4.506]": {
          "Éxito": 0.8267326732673267,
          "Error": 0.17326732673267325
        },
        "(4.506, 9.005]": {
          "Éxito": 0.8115702479338843,
          "Error": 0.1884297520661157
        },
        "(9.005, 13.503]": {
          "Éxito": 0.8341307814992025,
          "Error": 0.16586921850079744
        },
        "(13.503, 18.002]": {
          "Éxito": 0.8397435897435898,
          "Error": 0.16025641025641027
        },
        "(18.002, 22.501]": {
          "Éxito": 0.8415672913117547,
          "Error": 0.15843270868824533
        },
        "(22.501, 27.0]": {
          "Éxito": 0.8365817091454273,
          "Error": 0.1634182908545727
        },
        "(27.0, 31.499]": {
          "Éxito": 0.8266666666666667,
          "Error": 0.17333333333333334
        },
        "(31.499, 35.998]": {
          "Éxito": 0.8116666666666666,
          "Error": 0.18833333333333332
        },
        "(35.998, 40.497]": {
          "Éxito": 0.8057784911717496,
          "Error": 0.1942215088282504
        },
        "(40.497, 44.996]": {
          "Éxito": 0.8165289256198347,
          "Error": 0.1834710743801653
        }
      }
    },
    "roll_off": {
      "is_categorical": false,
      "bins": 10,
      "values": {
        "(0.2, 0.21]": {
          "Éxito": 0.7975352112676056,
          "Error": 0.20246478873239437
        },
        "(0.21, 0.22]": {
          "Éxito": 0.8151815181518152,
          "Error": 0.1848184818481848
        },
        "(0.22, 0.23]": {
          "Éxito": 0.8186274509803921,
          "Error": 0.18137254901960784
        },
        "(0.23, 0.24]": {
          "Éxito": 0.8428805237315876,
          "Error": 0.15711947626841244
        },
        "(0.24, 0.25]": {
          "Éxito": 0.825944170771757,
          "Error": 0.17405582922824303
        },
        "(0.25, 0.26]": {
          "Éxito": 0.8368580060422961,
          "Error": 0.16314199395770393
        },
        "(0.26, 0.27]": {
          "Éxito": 0.8315132605304212,
          "Error": 0.1684867394695788
        },
        "(0.27, 0.28]": {
          "Éxito": 0.8369028006589786,
          "Error": 0.1630971993410214
        },
        "(0.28, 0.29]": {
          "Éxito": 0.8330605564648118,
          "Error": 0.16693944353518822
        },
        "(0.29, 0.3]": {
          "Éxito": 0.8103727714748784,
          "Error": 0.18962722852512157
        }
      }
    }
  }
}