{
  "experiment": {
    "name": "res_tcn_se_esc_1",
    "timestamp": "2025-06-16T05:03:38.021083",
    "repeat_index": 0,
    "fold_index": 0
  },
  "evaluation": {
    "loss": 0.5111106038093567,
    "accuracy": 0.7652562856674194
  },
  "classification_report": {
    "bpsk": {
      "precision": 1.0,
      "recall": 1.0,
      "f1-score": 1.0,
      "support": 410.0
    },
    "qpsk": {
      "precision": 1.0,
      "recall": 0.9926829268292683,
      "f1-score": 0.996328029375765,
      "support": 410.0
    },
    "16qam": {
      "precision": 0.7282051282051282,
      "recall": 0.6926829268292682,
      "f1-score": 0.71,
      "support": 410.0
    },
    "32qam cross": {
      "precision": 0.5863636363636363,
      "recall": 0.6292682926829268,
      "f1-score": 0.6070588235294118,
      "support": 410.0
    },
    "64qam": {
      "precision": 0.6887254901960784,
      "recall": 0.687041564792176,
      "f1-score": 0.6878824969400245,
      "support": 409.0
    },
    "128qam cross": {
      "precision": 0.5955334987593052,
      "recall": 0.58679706601467,
      "f1-score": 0.5911330049261084,
      "support": 409.0
    },
    "accuracy": 0.7648494711147275,
    "macro avg": {
      "precision": 0.7664712922540248,
      "recall": 0.7647454628580516,
      "f1-score": 0.765400392461885,
      "support": 2458.0
    },
    "weighted avg": {
      "precision": 0.7665724654011169,
      "recall": 0.7648494711147275,
      "f1-score": 0.7655028274834706,
      "support": 2458.0
    }
  }
}