{
  "experiment": {
    "name": "res_tcn_se_esc_1",
    "timestamp": "2025-06-16T05:03:38.371382",
    "repeat_index": 0,
    "fold_index": 0
  },
  "effects": {
    "num_taps": {
      "is_categorical": true,
      "bins": null,
      "values": {
        "2": {
          "Éxito": 0.7648494711147275,
          "Error": 0.23515052888527258
        }
      }
    },
    "snr_db": {
      "is_categorical": false,
      "bins": 10,
      "values": {
        "(-0.00277, 0.401]": {
          "Éxito": 0.7462121212121212,
          "Error": 0.2537878787878788
        },
        "(0.401, 0.801]": {
          "Éxito": 0.7317073170731707,
          "Error": 0.2682926829268293
        },
        "(0.801, 1.2]": {
          "Éxito": 0.728744939271255,
          "Error": 0.27125506072874495
        },
        "(1.2, 1.6]": {
          "Éxito": 0.7579365079365079,
          "Error": 0.24206349206349206
        },
        "(1.6, 2.0]": {
          "Éxito": 0.7605042016806722,
          "Error": 0.23949579831932774
        },
        "(2.0, 2.399]": {
          "Éxito": 0.8102766798418972,
          "Error": 0.18972332015810275
        },
        "(2.399, 2.799]": {
          "Éxito": 0.7591836734693878,
          "Error": 0.24081632653061225
        },
        "(2.799, 3.198]": {
          "Éxito": 0.7925311203319502,
          "Error": 0.2074688796680498
        },
        "(3.198, 3.598]": {
          "Éxito": 0.7644444444444445,
          "Error": 0.23555555555555555
        },
        "(3.598, 3.998]": {
          "Éxito": 0.7975708502024291,
          "Error": 0.20242914979757085
        }
      }
    },
    "phase_offset": {
      "is_categorical": false,
      "bins": 10,
      "values": {
        "(-0.0389, 4.505]": {
          "Éxito": 0.763265306122449,
          "Error": 0.23673469387755103
        },
        "(4.505, 9.004]": {
          "Éxito": 0.7186147186147186,
          "Error": 0.2813852813852814
        },
        "(9.004, 13.503]": {
          "Éxito": 0.7969924812030075,
          "Error": 0.20300751879699247
        },
        "(13.503, 18.001]": {
          "Éxito": 0.7317073170731707,
          "Error": 0.2682926829268293
        },
        "(18.001, 22.5]": {
          "Éxito": 0.7575757575757576,
          "Error": 0.24242424242424243
        },
        "(22.5, 26.999]": {
          "Éxito": 0.7590361445783133,
          "Error": 0.24096385542168675
        },
        "(26.999, 31.498]": {
          "Éxito": 0.7962085308056872,
          "Error": 0.2037914691943128
        },
        "(31.498, 35.997]": {
          "Éxito": 0.75,
          "Error": 0.25
        },
        "(35.997, 40.496]": {
          "Éxito": 0.8044280442804428,
          "Error": 0.19557195571955718
        },
        "(40.496, 44.995]": {
          "Éxito": 0.7649402390438247,
          "Error": 0.2350597609561753
        }
      }
    },
    "roll_off": {
      "is_categorical": false,
      "bins": 10,
      "values": {
        "(0.2, 0.21]": {
          "Éxito": 0.7364016736401674,
          "Error": 0.26359832635983266
        },
        "(0.21, 0.22]": {
          "Éxito": 0.7153558052434457,
          "Error": 0.2846441947565543
        },
        "(0.22, 0.23]": {
          "Éxito": 0.7379032258064516,
          "Error": 0.2620967741935484
        },
        "(0.23, 0.24]": {
          "Éxito": 0.8042553191489362,
          "Error": 0.19574468085106383
        },
        "(0.24, 0.25]": {
          "Éxito": 0.7870370370370371,
          "Error": 0.21296296296296297
        },
        "(0.25, 0.26]": {
          "Éxito": 0.784,
          "Error": 0.216
        },
        "(0.26, 0.27]": {
          "Éxito": 0.7584745762711864,
          "Error": 0.24152542372881355
        },
        "(0.27, 0.28]": {
          "Éxito": 0.7710843373493976,
          "Error": 0.2289156626506024
        },
        "(0.28, 0.29]": {
          "Éxito": 0.77734375,
          "Error": 0.22265625
        },
        "(0.29, 0.3]": {
          "Éxito": 0.7824427480916031,
          "Error": 0.21755725190839695
        }
      }
    }
  }
}