{
  "experiment": {
    "name": "red_carlos_ESC_11",
    "timestamp": "2025-06-21T07:59:42.448414",
    "repeat_index": 1,
    "fold_index": 2
  },
  "evaluation": {
    "loss": 0.23265032470226288,
    "accuracy": 0.9442636370658875
  },
  "classification_report": {
    "bpsk": {
      "precision": 1.0,
      "recall": 1.0,
      "f1-score": 1.0,
      "support": 410.0
    },
    "qpsk": {
      "precision": 1.0,
      "recall": 0.9975550122249389,
      "f1-score": 0.9987760097919216,
      "support": 409.0
    },
    "16qam": {
      "precision": 0.9712918660287081,
      "recall": 0.9902439024390244,
      "f1-score": 0.9806763285024155,
      "support": 410.0
    },
    "32qam cross": {
      "precision": 0.832579185520362,
      "recall": 0.8975609756097561,
      "f1-score": 0.8638497652582161,
      "support": 410.0
    },
    "64qam": {
      "precision": 0.9898477157360406,
      "recall": 0.9512195121951219,
      "f1-score": 0.9701492537313432,
      "support": 410.0
    },
    "128qam cross": {
      "precision": 0.8782383419689119,
      "recall": 0.8288508557457213,
      "f1-score": 0.8528301886792452,
      "support": 409.0
    },
    "accuracy": 0.9442636289666395,
    "macro avg": {
      "precision": 0.9453261848756705,
      "recall": 0.9442383763690937,
      "f1-score": 0.9443802576605237,
      "support": 2458.0
    },
    "weighted avg": {
      "precision": 0.9453312353344915,
      "recall": 0.9442636289666395,
      "f1-score": 0.9443953733305196,
      "support": 2458.0
    }
  }
}