{
  "experiment": {
    "name": "red_carlos_ESC_5",
    "timestamp": "2025-06-18T11:06:37.133295",
    "repeat_index": 1,
    "fold_index": 2
  },
  "effects": {
    "num_taps": {
      "is_categorical": true,
      "bins": null,
      "values": {
        "2": {
          "Éxito": 0.9918633034987795,
          "Error": 0.008136696501220505
        }
      }
    },
    "snr_db": {
      "is_categorical": false,
      "bins": 10,
      "values": {
        "(15.996, 16.399]": {
          "Éxito": 0.9875518672199171,
          "Error": 0.012448132780082987
        },
        "(16.399, 16.798]": {
          "Éxito": 0.9917695473251029,
          "Error": 0.00823045267489712
        },
        "(16.798, 17.197]": {
          "Éxito": 0.9961538461538462,
          "Error": 0.0038461538461538464
        },
        "(17.197, 17.596]": {
          "Éxito": 1.0,
          "Error": 0.0
        },
        "(17.596, 17.994]": {
          "Éxito": 0.9878542510121457,
          "Error": 0.012145748987854251
        },
        "(17.994, 18.393]": {
          "Éxito": 0.9885496183206107,
          "Error": 0.011450381679389313
        },
        "(18.393, 18.792]": {
          "Éxito": 0.9847328244274809,
          "Error": 0.015267175572519083
        },
        "(18.792, 19.191]": {
          "Éxito": 0.9881889763779528,
          "Error": 0.011811023622047244
        },
        "(19.191, 19.59]": {
          "Éxito": 0.995475113122172,
          "Error": 0.004524886877828055
        },
        "(19.59, 19.988]": {
          "Éxito": 1.0,
          "Error": 0.0
        }
      }
    },
    "phase_offset": {
      "is_categorical": false,
      "bins": 10,
      "values": {
        "(-0.0288, 4.514]": {
          "Éxito": 0.9962264150943396,
          "Error": 0.0037735849056603774
        },
        "(4.514, 9.011]": {
          "Éxito": 0.995850622406639,
          "Error": 0.004149377593360996
        },
        "(9.011, 13.508]": {
          "Éxito": 0.9959183673469387,
          "Error": 0.004081632653061225
        },
        "(13.508, 18.006]": {
          "Éxito": 0.9886792452830189,
          "Error": 0.011320754716981131
        },
        "(18.006, 22.503]": {
          "Éxito": 0.9829059829059829,
          "Error": 0.017094017094017096
        },
        "(22.503, 27.0]": {
          "Éxito": 0.9875518672199171,
          "Error": 0.012448132780082987
        },
        "(27.0, 31.498]": {
          "Éxito": 0.9768518518518519,
          "Error": 0.023148148148148147
        },
        "(31.498, 35.995]": {
          "Éxito": 0.996078431372549,
          "Error": 0.00392156862745098
        },
        "(35.995, 40.492]": {
          "Éxito": 0.9960159362549801,
          "Error": 0.00398406374501992
        },
        "(40.492, 44.989]": {
          "Éxito": 1.0,
          "Error": 0.0
        }
      }
    },
    "roll_off": {
      "is_categorical": false,
      "bins": 10,
      "values": {
        "(0.2, 0.21]": {
          "Éxito": 0.9880478087649402,
          "Error": 0.01195219123505976
        },
        "(0.21, 0.22]": {
          "Éxito": 1.0,
          "Error": 0.0
        },
        "(0.22, 0.23]": {
          "Éxito": 0.9875,
          "Error": 0.0125
        },
        "(0.23, 0.24]": {
          "Éxito": 0.9921875,
          "Error": 0.0078125
        },
        "(0.24, 0.25]": {
          "Éxito": 0.9924242424242424,
          "Error": 0.007575757575757576
        },
        "(0.25, 0.26]": {
          "Éxito": 0.9840637450199203,
          "Error": 0.01593625498007968
        },
        "(0.26, 0.27]": {
          "Éxito": 0.9914529914529915,
          "Error": 0.008547008547008548
        },
        "(0.27, 0.28]": {
          "Éxito": 1.0,
          "Error": 0.0
        },
        "(0.28, 0.29]": {
          "Éxito": 0.9956331877729258,
          "Error": 0.004366812227074236
        },
        "(0.29, 0.3]": {
          "Éxito": 0.9873949579831933,
          "Error": 0.012605042016806723
        }
      }
    }
  }
}