{
  "experiment": {
    "name": "res_tcn_se_esc_3",
    "timestamp": "2025-06-16T08:20:43.409570",
    "repeat_index": 1,
    "fold_index": 4
  },
  "effects": {
    "num_taps": {
      "is_categorical": true,
      "bins": null,
      "values": {
        "2": {
          "Éxito": 0.9410089503661514,
          "Error": 0.05899104963384866
        }
      }
    },
    "snr_db": {
      "is_categorical": false,
      "bins": 10,
      "values": {
        "(7.997, 8.401]": {
          "Éxito": 0.937984496124031,
          "Error": 0.06201550387596899
        },
        "(8.401, 8.8]": {
          "Éxito": 0.933920704845815,
          "Error": 0.06607929515418502
        },
        "(8.8, 9.2]": {
          "Éxito": 0.9260700389105059,
          "Error": 0.07392996108949416
        },
        "(9.2, 9.6]": {
          "Éxito": 0.9145299145299145,
          "Error": 0.08547008547008547
        },
        "(9.6, 10.0]": {
          "Éxito": 0.9572649572649573,
          "Error": 0.042735042735042736
        },
        "(10.0, 10.4]": {
          "Éxito": 0.9453125,
          "Error": 0.0546875
        },
        "(10.4, 10.8]": {
          "Éxito": 0.9444444444444444,
          "Error": 0.05555555555555555
        },
        "(10.8, 11.199]": {
          "Éxito": 0.9444444444444444,
          "Error": 0.05555555555555555
        },
        "(11.199, 11.599]": {
          "Éxito": 0.9528301886792453,
          "Error": 0.04716981132075472
        },
        "(11.599, 11.999]": {
          "Éxito": 0.9534883720930233,
          "Error": 0.046511627906976744
        }
      }
    },
    "phase_offset": {
      "is_categorical": false,
      "bins": 10,
      "values": {
        "(-0.00946, 4.532]": {
          "Éxito": 0.9619771863117871,
          "Error": 0.03802281368821293
        },
        "(4.532, 9.028]": {
          "Éxito": 0.9256198347107438,
          "Error": 0.0743801652892562
        },
        "(9.028, 13.524]": {
          "Éxito": 0.9364406779661016,
          "Error": 0.0635593220338983
        },
        "(13.524, 18.02]": {
          "Éxito": 0.9456521739130435,
          "Error": 0.05434782608695652
        },
        "(18.02, 22.516]": {
          "Éxito": 0.925,
          "Error": 0.075
        },
        "(22.516, 27.012]": {
          "Éxito": 0.9372549019607843,
          "Error": 0.06274509803921569
        },
        "(27.012, 31.508]": {
          "Éxito": 0.9055793991416309,
          "Error": 0.0944206008583691
        },
        "(31.508, 36.004]": {
          "Éxito": 0.9417040358744395,
          "Error": 0.05829596412556054
        },
        "(36.004, 40.5]": {
          "Éxito": 0.9601593625498008,
          "Error": 0.0398406374501992
        },
        "(40.5, 44.997]": {
          "Éxito": 0.9665271966527197,
          "Error": 0.03347280334728033
        }
      }
    },
    "roll_off": {
      "is_categorical": false,
      "bins": 10,
      "values": {
        "(0.2, 0.21]": {
          "Éxito": 0.9090909090909091,
          "Error": 0.09090909090909091
        },
        "(0.21, 0.22]": {
          "Éxito": 0.9736842105263158,
          "Error": 0.02631578947368421
        },
        "(0.22, 0.23]": {
          "Éxito": 0.935064935064935,
          "Error": 0.06493506493506493
        },
        "(0.23, 0.24]": {
          "Éxito": 0.9512195121951219,
          "Error": 0.04878048780487805
        },
        "(0.24, 0.25]": {
          "Éxito": 0.9658119658119658,
          "Error": 0.03418803418803419
        },
        "(0.25, 0.26]": {
          "Éxito": 0.9458333333333333,
          "Error": 0.05416666666666667
        },
        "(0.26, 0.27]": {
          "Éxito": 0.9330543933054394,
          "Error": 0.06694560669456066
        },
        "(0.27, 0.28]": {
          "Éxito": 0.9330855018587361,
          "Error": 0.06691449814126393
        },
        "(0.28, 0.29]": {
          "Éxito": 0.9234042553191489,
          "Error": 0.07659574468085106
        },
        "(0.29, 0.3]": {
          "Éxito": 0.948,
          "Error": 0.052
        }
      }
    }
  }
}