{
  "experiment": {
    "name": "cnn_bilstm_attn_esc_7",
    "timestamp": "2025-06-22T21:41:31.627820",
    "repeat_index": 3,
    "fold_index": 4
  },
  "evaluation": {
    "loss": 0.5091646909713745,
    "accuracy": 0.8685923218727112
  },
  "classification_report": {
    "bpsk": {
      "precision": 1.0,
      "recall": 1.0,
      "f1-score": 1.0,
      "support": 409.0
    },
    "qpsk": {
      "precision": 0.9975609756097561,
      "recall": 0.9975609756097561,
      "f1-score": 0.9975609756097561,
      "support": 410.0
    },
    "16qam": {
      "precision": 0.8836104513064132,
      "recall": 0.9073170731707317,
      "f1-score": 0.8953068592057761,
      "support": 410.0
    },
    "32qam cross": {
      "precision": 0.7650429799426934,
      "recall": 0.651219512195122,
      "f1-score": 0.7035573122529645,
      "support": 410.0
    },
    "64qam": {
      "precision": 0.8839506172839506,
      "recall": 0.8753056234718827,
      "f1-score": 0.8796068796068796,
      "support": 409.0
    },
    "128qam cross": {
      "precision": 0.6896551724137931,
      "recall": 0.7804878048780488,
      "f1-score": 0.7322654462242563,
      "support": 410.0
    },
    "accuracy": 0.8685923515052889,
    "macro avg": {
      "precision": 0.8699700327594343,
      "recall": 0.8686484982209235,
      "f1-score": 0.8680495788166054,
      "support": 2458.0
    },
    "weighted avg": {
      "precision": 0.8699114442518002,
      "recall": 0.8685923515052889,
      "f1-score": 0.8679911948776414,
      "support": 2458.0
    }
  }
}