{
  "experiment": {
    "name": "cnn_bilstm_attn_esc_7",
    "timestamp": "2025-06-22T21:41:36.970004",
    "repeat_index": 3,
    "fold_index": 4
  },
  "effects": {
    "num_taps": {
      "is_categorical": true,
      "bins": null,
      "values": {
        "4": {
          "Éxito": 0.8685923515052889,
          "Error": 0.13140764849471115
        }
      }
    },
    "snr_db": {
      "is_categorical": false,
      "bins": 10,
      "values": {
        "(7.996, 8.4]": {
          "Éxito": 0.8537549407114624,
          "Error": 0.14624505928853754
        },
        "(8.4, 8.8]": {
          "Éxito": 0.8695652173913043,
          "Error": 0.13043478260869565
        },
        "(8.8, 9.2]": {
          "Éxito": 0.8809523809523809,
          "Error": 0.11904761904761904
        },
        "(9.2, 9.599]": {
          "Éxito": 0.8217391304347826,
          "Error": 0.1782608695652174
        },
        "(9.599, 9.999]": {
          "Éxito": 0.9029535864978903,
          "Error": 0.0970464135021097
        },
        "(9.999, 10.399]": {
          "Éxito": 0.8448979591836735,
          "Error": 0.15510204081632653
        },
        "(10.399, 10.799]": {
          "Éxito": 0.9097744360902256,
          "Error": 0.09022556390977443
        },
        "(10.799, 11.199]": {
          "Éxito": 0.873015873015873,
          "Error": 0.12698412698412698
        },
        "(11.199, 11.598]": {
          "Éxito": 0.8813559322033898,
          "Error": 0.11864406779661017
        },
        "(11.598, 11.998]": {
          "Éxito": 0.8418803418803419,
          "Error": 0.1581196581196581
        }
      }
    },
    "phase_offset": {
      "is_categorical": false,
      "bins": 10,
      "values": {
        "(-0.0376, 4.505]": {
          "Éxito": 0.8590308370044053,
          "Error": 0.14096916299559473
        },
        "(4.505, 9.003]": {
          "Éxito": 0.8690476190476191,
          "Error": 0.13095238095238096
        },
        "(9.003, 13.501]": {
          "Éxito": 0.8849206349206349,
          "Error": 0.11507936507936507
        },
        "(13.501, 17.999]": {
          "Éxito": 0.8530612244897959,
          "Error": 0.1469387755102041
        },
        "(17.999, 22.497]": {
          "Éxito": 0.8839285714285714,
          "Error": 0.11607142857142858
        },
        "(22.497, 26.995]": {
          "Éxito": 0.87109375,
          "Error": 0.12890625
        },
        "(26.995, 31.492]": {
          "Éxito": 0.8814229249011858,
          "Error": 0.11857707509881422
        },
        "(31.492, 35.99]": {
          "Éxito": 0.8438818565400844,
          "Error": 0.15611814345991562
        },
        "(35.99, 40.488]": {
          "Éxito": 0.8906882591093117,
          "Error": 0.10931174089068826
        },
        "(40.488, 44.986]": {
          "Éxito": 0.8490566037735849,
          "Error": 0.1509433962264151
        }
      }
    },
    "roll_off": {
      "is_categorical": false,
      "bins": 10,
      "values": {
        "(0.2, 0.21]": {
          "Éxito": 0.8918918918918919,
          "Error": 0.10810810810810811
        },
        "(0.21, 0.22]": {
          "Éxito": 0.8680851063829788,
          "Error": 0.13191489361702127
        },
        "(0.22, 0.23]": {
          "Éxito": 0.8636363636363636,
          "Error": 0.13636363636363635
        },
        "(0.23, 0.24]": {
          "Éxito": 0.854251012145749,
          "Error": 0.145748987854251
        },
        "(0.24, 0.25]": {
          "Éxito": 0.8858267716535433,
          "Error": 0.1141732283464567
        },
        "(0.25, 0.26]": {
          "Éxito": 0.8467741935483871,
          "Error": 0.1532258064516129
        },
        "(0.26, 0.27]": {
          "Éxito": 0.8377192982456141,
          "Error": 0.16228070175438597
        },
        "(0.27, 0.28]": {
          "Éxito": 0.8943089430894309,
          "Error": 0.10569105691056911
        },
        "(0.28, 0.29]": {
          "Éxito": 0.8664122137404581,
          "Error": 0.13358778625954199
        },
        "(0.29, 0.3]": {
          "Éxito": 0.8734177215189873,
          "Error": 0.12658227848101267
        }
      }
    }
  }
}