{
  "experiment": {
    "name": "red_carlos_ESC_1",
    "timestamp": "2025-06-18T02:45:47.090190",
    "repeat_index": 2,
    "fold_index": 4
  },
  "effects": {
    "num_taps": {
      "is_categorical": true,
      "bins": null,
      "values": {
        "2": {
          "Éxito": 0.6045565500406835,
          "Error": 0.3954434499593165
        }
      }
    },
    "snr_db": {
      "is_categorical": false,
      "bins": 10,
      "values": {
        "(-0.00095, 0.403]": {
          "Éxito": 0.5972850678733032,
          "Error": 0.40271493212669685
        },
        "(0.403, 0.802]": {
          "Éxito": 0.5964912280701754,
          "Error": 0.40350877192982454
        },
        "(0.802, 1.202]": {
          "Éxito": 0.6363636363636364,
          "Error": 0.36363636363636365
        },
        "(1.202, 1.601]": {
          "Éxito": 0.6124031007751938,
          "Error": 0.3875968992248062
        },
        "(1.601, 2.001]": {
          "Éxito": 0.55,
          "Error": 0.45
        },
        "(2.001, 2.4]": {
          "Éxito": 0.5823293172690763,
          "Error": 0.41767068273092367
        },
        "(2.4, 2.8]": {
          "Éxito": 0.636734693877551,
          "Error": 0.363265306122449
        },
        "(2.8, 3.199]": {
          "Éxito": 0.603112840466926,
          "Error": 0.3968871595330739
        },
        "(3.199, 3.599]": {
          "Éxito": 0.5921052631578947,
          "Error": 0.40789473684210525
        },
        "(3.599, 3.999]": {
          "Éxito": 0.6305970149253731,
          "Error": 0.3694029850746269
        }
      }
    },
    "phase_offset": {
      "is_categorical": false,
      "bins": 10,
      "values": {
        "(-0.0211, 4.521]": {
          "Éxito": 0.539622641509434,
          "Error": 0.46037735849056605
        },
        "(4.521, 9.017]": {
          "Éxito": 0.6487603305785123,
          "Error": 0.3512396694214876
        },
        "(9.017, 13.514]": {
          "Éxito": 0.6198347107438017,
          "Error": 0.38016528925619836
        },
        "(13.514, 18.011]": {
          "Éxito": 0.6220472440944882,
          "Error": 0.3779527559055118
        },
        "(18.011, 22.508]": {
          "Éxito": 0.5941422594142259,
          "Error": 0.40585774058577406
        },
        "(22.508, 27.004]": {
          "Éxito": 0.626984126984127,
          "Error": 0.373015873015873
        },
        "(27.004, 31.501]": {
          "Éxito": 0.5968379446640316,
          "Error": 0.4031620553359684
        },
        "(31.501, 35.998]": {
          "Éxito": 0.6326530612244898,
          "Error": 0.3673469387755102
        },
        "(35.998, 40.495]": {
          "Éxito": 0.5446428571428571,
          "Error": 0.45535714285714285
        },
        "(40.495, 44.992]": {
          "Éxito": 0.6198347107438017,
          "Error": 0.38016528925619836
        }
      }
    },
    "roll_off": {
      "is_categorical": false,
      "bins": 10,
      "values": {
        "(0.2, 0.21]": {
          "Éxito": 0.58984375,
          "Error": 0.41015625
        },
        "(0.21, 0.22]": {
          "Éxito": 0.5747126436781609,
          "Error": 0.42528735632183906
        },
        "(0.22, 0.23]": {
          "Éxito": 0.6313725490196078,
          "Error": 0.3686274509803922
        },
        "(0.23, 0.24]": {
          "Éxito": 0.6570247933884298,
          "Error": 0.34297520661157027
        },
        "(0.24, 0.25]": {
          "Éxito": 0.5930735930735931,
          "Error": 0.4069264069264069
        },
        "(0.25, 0.26]": {
          "Éxito": 0.628099173553719,
          "Error": 0.371900826446281
        },
        "(0.26, 0.27]": {
          "Éxito": 0.5795918367346938,
          "Error": 0.4204081632653061
        },
        "(0.27, 0.28]": {
          "Éxito": 0.6260504201680672,
          "Error": 0.3739495798319328
        },
        "(0.28, 0.29]": {
          "Éxito": 0.6053811659192825,
          "Error": 0.39461883408071746
        },
        "(0.29, 0.3]": {
          "Éxito": 0.5660377358490566,
          "Error": 0.4339622641509434
        }
      }
    }
  }
}