{
  "experiment": {
    "name": "res_tcn_se_esc_1",
    "timestamp": "2025-06-16T05:56:20.396168",
    "repeat_index": 1,
    "fold_index": 2
  },
  "effects": {
    "num_taps": {
      "is_categorical": true,
      "bins": null,
      "values": {
        "2": {
          "Éxito": 0.6639544344995931,
          "Error": 0.3360455655004068
        }
      }
    },
    "snr_db": {
      "is_categorical": false,
      "bins": 10,
      "values": {
        "(0.00106, 0.405]": {
          "Éxito": 0.6447876447876448,
          "Error": 0.3552123552123552
        },
        "(0.405, 0.804]": {
          "Éxito": 0.5990990990990991,
          "Error": 0.4009009009009009
        },
        "(0.804, 1.203]": {
          "Éxito": 0.6653992395437263,
          "Error": 0.33460076045627374
        },
        "(1.203, 1.603]": {
          "Éxito": 0.6129032258064516,
          "Error": 0.3870967741935484
        },
        "(1.603, 2.002]": {
          "Éxito": 0.6936170212765957,
          "Error": 0.30638297872340425
        },
        "(2.002, 2.402]": {
          "Éxito": 0.7099236641221374,
          "Error": 0.2900763358778626
        },
        "(2.402, 2.801]": {
          "Éxito": 0.7148936170212766,
          "Error": 0.2851063829787234
        },
        "(2.801, 3.201]": {
          "Éxito": 0.6573705179282868,
          "Error": 0.3426294820717131
        },
        "(3.201, 3.6]": {
          "Éxito": 0.6428571428571429,
          "Error": 0.35714285714285715
        },
        "(3.6, 4.0]": {
          "Éxito": 0.6938775510204082,
          "Error": 0.30612244897959184
        }
      }
    },
    "phase_offset": {
      "is_categorical": false,
      "bins": 10,
      "values": {
        "(-0.0353, 4.509]": {
          "Éxito": 0.6932270916334662,
          "Error": 0.30677290836653387
        },
        "(4.509, 9.007]": {
          "Éxito": 0.6666666666666666,
          "Error": 0.3333333333333333
        },
        "(9.007, 13.506]": {
          "Éxito": 0.6468253968253969,
          "Error": 0.3531746031746032
        },
        "(13.506, 18.005]": {
          "Éxito": 0.6463414634146342,
          "Error": 0.35365853658536583
        },
        "(18.005, 22.504]": {
          "Éxito": 0.6807017543859649,
          "Error": 0.3192982456140351
        },
        "(22.504, 27.003]": {
          "Éxito": 0.6220472440944882,
          "Error": 0.3779527559055118
        },
        "(27.003, 31.501]": {
          "Éxito": 0.6764705882352942,
          "Error": 0.3235294117647059
        },
        "(31.501, 36.0]": {
          "Éxito": 0.6586538461538461,
          "Error": 0.34134615384615385
        },
        "(36.0, 40.499]": {
          "Éxito": 0.6711111111111111,
          "Error": 0.3288888888888889
        },
        "(40.499, 44.998]": {
          "Éxito": 0.67578125,
          "Error": 0.32421875
        }
      }
    },
    "roll_off": {
      "is_categorical": false,
      "bins": 10,
      "values": {
        "(0.2, 0.21]": {
          "Éxito": 0.6624472573839663,
          "Error": 0.33755274261603374
        },
        "(0.21, 0.22]": {
          "Éxito": 0.6212121212121212,
          "Error": 0.3787878787878788
        },
        "(0.22, 0.23]": {
          "Éxito": 0.6477732793522267,
          "Error": 0.3522267206477733
        },
        "(0.23, 0.24]": {
          "Éxito": 0.6653061224489796,
          "Error": 0.3346938775510204
        },
        "(0.24, 0.25]": {
          "Éxito": 0.7079646017699115,
          "Error": 0.2920353982300885
        },
        "(0.25, 0.26]": {
          "Éxito": 0.6571428571428571,
          "Error": 0.34285714285714286
        },
        "(0.26, 0.27]": {
          "Éxito": 0.6539923954372624,
          "Error": 0.34600760456273766
        },
        "(0.27, 0.28]": {
          "Éxito": 0.6958174904942965,
          "Error": 0.3041825095057034
        },
        "(0.28, 0.29]": {
          "Éxito": 0.6666666666666666,
          "Error": 0.3333333333333333
        },
        "(0.29, 0.3]": {
          "Éxito": 0.6666666666666666,
          "Error": 0.3333333333333333
        }
      }
    }
  }
}