{
  "experiment": {
    "name": "ARQ_3__ESC_7",
    "timestamp": "2025-06-19T17:12:51.589177",
    "repeat_index": 7
  },
  "effects": {
    "num_taps": {
      "is_categorical": true,
      "bins": null,
      "values": {
        "4": {
          "Éxito": 0.8839518229166666,
          "Error": 0.11604817708333333
        }
      }
    },
    "snr_db": {
      "is_categorical": false,
      "bins": 10,
      "values": {
        "(7.996, 8.4]": {
          "Éxito": 0.8694267515923567,
          "Error": 0.1305732484076433
        },
        "(8.4, 8.8]": {
          "Éxito": 0.8728813559322034,
          "Error": 0.1271186440677966
        },
        "(8.8, 9.2]": {
          "Éxito": 0.8615136876006442,
          "Error": 0.13848631239935588
        },
        "(9.2, 9.6]": {
          "Éxito": 0.9035532994923858,
          "Error": 0.09644670050761421
        },
        "(9.6, 10.0]": {
          "Éxito": 0.8874801901743264,
          "Error": 0.11251980982567353
        },
        "(10.0, 10.4]": {
          "Éxito": 0.8857589984350548,
          "Error": 0.11424100156494522
        },
        "(10.4, 10.8]": {
          "Éxito": 0.8922829581993569,
          "Error": 0.10771704180064309
        },
        "(10.8, 11.2]": {
          "Éxito": 0.8873720136518771,
          "Error": 0.11262798634812286
        },
        "(11.2, 11.6]": {
          "Éxito": 0.9039087947882736,
          "Error": 0.09609120521172639
        },
        "(11.6, 12.0]": {
          "Éxito": 0.8762057877813505,
          "Error": 0.12379421221864952
        }
      }
    },
    "phase_offset": {
      "is_categorical": false,
      "bins": 10,
      "values": {
        "(-0.0414, 4.503]": {
          "Éxito": 0.8885400313971743,
          "Error": 0.11145996860282574
        },
        "(4.503, 9.003]": {
          "Éxito": 0.8719298245614036,
          "Error": 0.1280701754385965
        },
        "(9.003, 13.502]": {
          "Éxito": 0.8938640132669984,
          "Error": 0.10613598673300166
        },
        "(13.502, 18.002]": {
          "Éxito": 0.878125,
          "Error": 0.121875
        },
        "(18.002, 22.501]": {
          "Éxito": 0.8835274542429284,
          "Error": 0.11647254575707154
        },
        "(22.501, 27.001]": {
          "Éxito": 0.9004893964110929,
          "Error": 0.09951060358890701
        },
        "(27.001, 31.5]": {
          "Éxito": 0.9025641025641026,
          "Error": 0.09743589743589744
        },
        "(31.5, 36.0]": {
          "Éxito": 0.8848580441640379,
          "Error": 0.11514195583596215
        },
        "(36.0, 40.499]": {
          "Éxito": 0.881619937694704,
          "Error": 0.11838006230529595
        },
        "(40.499, 44.999]": {
          "Éxito": 0.8546042003231018,
          "Error": 0.14539579967689822
        }
      }
    },
    "roll_off": {
      "is_categorical": false,
      "bins": 10,
      "values": {
        "(0.2, 0.21]": {
          "Éxito": 0.8839137645107794,
          "Error": 0.11608623548922056
        },
        "(0.21, 0.22]": {
          "Éxito": 0.8949044585987261,
          "Error": 0.10509554140127389
        },
        "(0.22, 0.23]": {
          "Éxito": 0.8885298869143781,
          "Error": 0.11147011308562198
        },
        "(0.23, 0.24]": {
          "Éxito": 0.883495145631068,
          "Error": 0.11650485436893204
        },
        "(0.24, 0.25]": {
          "Éxito": 0.8640132669983416,
          "Error": 0.13598673300165837
        },
        "(0.25, 0.26]": {
          "Éxito": 0.8991596638655462,
          "Error": 0.10084033613445378
        },
        "(0.26, 0.27]": {
          "Éxito": 0.8715890850722311,
          "Error": 0.12841091492776885
        },
        "(0.27, 0.28]": {
          "Éxito": 0.88379705400982,
          "Error": 0.11620294599018004
        },
        "(0.28, 0.29]": {
          "Éxito": 0.8729903536977492,
          "Error": 0.1270096463022508
        },
        "(0.29, 0.3]": {
          "Éxito": 0.8971061093247589,
          "Error": 0.10289389067524116
        }
      }
    }
  }
}