{
  "experiment": {
    "name": "ARQ_2__ESC_1",
    "timestamp": "2025-06-19T08:13:33.109777",
    "repeat_index": 1
  },
  "evaluation": {
    "loss": 0.8375807404518127,
    "accuracy": 0.6027018427848816
  },
  "classification_report": {
    "bpsk": {
      "precision": 1.0,
      "recall": 1.0,
      "f1-score": 1.0,
      "support": 1024.0
    },
    "qpsk": {
      "precision": 1.0,
      "recall": 0.9990234375,
      "f1-score": 0.9995114802149487,
      "support": 1024.0
    },
    "16qam": {
      "precision": 0.2791970802919708,
      "recall": 0.1494140625,
      "f1-score": 0.1946564885496183,
      "support": 1024.0
    },
    "32qam cross": {
      "precision": 0.415,
      "recall": 0.5673828125,
      "f1-score": 0.4793729372937294,
      "support": 1024.0
    },
    "64qam": {
      "precision": 0.5392976588628763,
      "recall": 0.6298828125,
      "f1-score": 0.581081081081081,
      "support": 1024.0
    },
    "128qam cross": {
      "precision": 0.2906610703043022,
      "recall": 0.2705078125,
      "f1-score": 0.28022255943348506,
      "support": 1024.0
    },
    "accuracy": 0.6027018229166666,
    "macro avg": {
      "precision": 0.5873593015765248,
      "recall": 0.6027018229166666,
      "f1-score": 0.5891407577621438,
      "support": 6144.0
    },
    "weighted avg": {
      "precision": 0.5873593015765248,
      "recall": 0.6027018229166666,
      "f1-score": 0.5891407577621438,
      "support": 6144.0
    }
  }
}