{
  "experiment": {
    "name": "red_carlos_ESC_7",
    "timestamp": "2025-06-18T14:50:45.648595",
    "repeat_index": 0,
    "fold_index": 2
  },
  "effects": {
    "num_taps": {
      "is_categorical": true,
      "bins": null,
      "values": {
        "4": {
          "Éxito": 0.8751017087062652,
          "Error": 0.12489829129373474
        }
      }
    },
    "snr_db": {
      "is_categorical": false,
      "bins": 10,
      "values": {
        "(7.996, 8.4]": {
          "Éxito": 0.875,
          "Error": 0.125
        },
        "(8.4, 8.8]": {
          "Éxito": 0.8623481781376519,
          "Error": 0.13765182186234817
        },
        "(8.8, 9.2]": {
          "Éxito": 0.8564593301435407,
          "Error": 0.14354066985645933
        },
        "(9.2, 9.6]": {
          "Éxito": 0.864,
          "Error": 0.136
        },
        "(9.6, 10.0]": {
          "Éxito": 0.8377192982456141,
          "Error": 0.16228070175438597
        },
        "(10.0, 10.4]": {
          "Éxito": 0.86,
          "Error": 0.14
        },
        "(10.4, 10.8]": {
          "Éxito": 0.8656126482213439,
          "Error": 0.13438735177865613
        },
        "(10.8, 11.2]": {
          "Éxito": 0.9304029304029304,
          "Error": 0.0695970695970696
        },
        "(11.2, 11.6]": {
          "Éxito": 0.9083969465648855,
          "Error": 0.0916030534351145
        },
        "(11.6, 12.0]": {
          "Éxito": 0.8782608695652174,
          "Error": 0.12173913043478261
        }
      }
    },
    "phase_offset": {
      "is_categorical": false,
      "bins": 10,
      "values": {
        "(-0.0423, 4.502]": {
          "Éxito": 0.9102040816326531,
          "Error": 0.08979591836734693
        },
        "(4.502, 9.002]": {
          "Éxito": 0.8538461538461538,
          "Error": 0.14615384615384616
        },
        "(9.002, 13.502]": {
          "Éxito": 0.8770491803278688,
          "Error": 0.12295081967213115
        },
        "(13.502, 18.002]": {
          "Éxito": 0.8854961832061069,
          "Error": 0.11450381679389313
        },
        "(18.002, 22.501]": {
          "Éxito": 0.8495934959349594,
          "Error": 0.15040650406504066
        },
        "(22.501, 27.001]": {
          "Éxito": 0.8692307692307693,
          "Error": 0.13076923076923078
        },
        "(27.001, 31.501]": {
          "Éxito": 0.8552631578947368,
          "Error": 0.14473684210526316
        },
        "(31.501, 36.001]": {
          "Éxito": 0.8879310344827587,
          "Error": 0.11206896551724138
        },
        "(36.001, 40.5]": {
          "Éxito": 0.9029535864978903,
          "Error": 0.0970464135021097
        },
        "(40.5, 45.0]": {
          "Éxito": 0.860655737704918,
          "Error": 0.13934426229508196
        }
      }
    },
    "roll_off": {
      "is_categorical": false,
      "bins": 10,
      "values": {
        "(0.2, 0.21]": {
          "Éxito": 0.8692307692307693,
          "Error": 0.13076923076923078
        },
        "(0.21, 0.22]": {
          "Éxito": 0.8529411764705882,
          "Error": 0.14705882352941177
        },
        "(0.22, 0.23]": {
          "Éxito": 0.9063829787234042,
          "Error": 0.09361702127659574
        },
        "(0.23, 0.24]": {
          "Éxito": 0.8876404494382022,
          "Error": 0.11235955056179775
        },
        "(0.24, 0.25]": {
          "Éxito": 0.8403041825095057,
          "Error": 0.1596958174904943
        },
        "(0.25, 0.26]": {
          "Éxito": 0.8582995951417004,
          "Error": 0.1417004048582996
        },
        "(0.26, 0.27]": {
          "Éxito": 0.870722433460076,
          "Error": 0.12927756653992395
        },
        "(0.27, 0.28]": {
          "Éxito": 0.8917748917748918,
          "Error": 0.10822510822510822
        },
        "(0.28, 0.29]": {
          "Éxito": 0.9205607476635514,
          "Error": 0.0794392523364486
        },
        "(0.29, 0.3]": {
          "Éxito": 0.8625,
          "Error": 0.1375
        }
      }
    }
  }
}