{
  "experiment": {
    "name": "cnn_bilstm_attn_esc_2",
    "timestamp": "2025-06-19T06:00:02.676502",
    "repeat_index": 2,
    "fold_index": 1
  },
  "effects": {
    "num_taps": {
      "is_categorical": true,
      "bins": null,
      "values": {
        "2": {
          "Éxito": 0.8925956061838893,
          "Error": 0.10740439381611067
        }
      }
    },
    "snr_db": {
      "is_categorical": false,
      "bins": 10,
      "values": {
        "(4.001, 4.404]": {
          "Éxito": 0.8577235772357723,
          "Error": 0.14227642276422764
        },
        "(4.404, 4.804]": {
          "Éxito": 0.8841698841698842,
          "Error": 0.11583011583011583
        },
        "(4.804, 5.203]": {
          "Éxito": 0.8649789029535865,
          "Error": 0.1350210970464135
        },
        "(5.203, 5.603]": {
          "Éxito": 0.8782608695652174,
          "Error": 0.12173913043478261
        },
        "(5.603, 6.002]": {
          "Éxito": 0.9051383399209486,
          "Error": 0.09486166007905138
        },
        "(6.002, 6.402]": {
          "Éxito": 0.9169960474308301,
          "Error": 0.08300395256916997
        },
        "(6.402, 6.801]": {
          "Éxito": 0.8870967741935484,
          "Error": 0.11290322580645161
        },
        "(6.801, 7.201]": {
          "Éxito": 0.9051383399209486,
          "Error": 0.09486166007905138
        },
        "(7.201, 7.6]": {
          "Éxito": 0.9115384615384615,
          "Error": 0.08846153846153847
        },
        "(7.6, 8.0]": {
          "Éxito": 0.91324200913242,
          "Error": 0.0867579908675799
        }
      }
    },
    "phase_offset": {
      "is_categorical": false,
      "bins": 10,
      "values": {
        "(-0.0433, 4.498]": {
          "Éxito": 0.8823529411764706,
          "Error": 0.11764705882352941
        },
        "(4.498, 8.994]": {
          "Éxito": 0.9134199134199135,
          "Error": 0.08658008658008658
        },
        "(8.994, 13.489]": {
          "Éxito": 0.890625,
          "Error": 0.109375
        },
        "(13.489, 17.985]": {
          "Éxito": 0.8874458874458875,
          "Error": 0.11255411255411256
        },
        "(17.985, 22.481]": {
          "Éxito": 0.8911290322580645,
          "Error": 0.10887096774193548
        },
        "(22.481, 26.977]": {
          "Éxito": 0.8685258964143426,
          "Error": 0.13147410358565736
        },
        "(26.977, 31.473]": {
          "Éxito": 0.9090909090909091,
          "Error": 0.09090909090909091
        },
        "(31.473, 35.969]": {
          "Éxito": 0.9061371841155235,
          "Error": 0.09386281588447654
        },
        "(35.969, 40.465]": {
          "Éxito": 0.8634538152610441,
          "Error": 0.13654618473895583
        },
        "(40.465, 44.961]": {
          "Éxito": 0.9148936170212766,
          "Error": 0.0851063829787234
        }
      }
    },
    "roll_off": {
      "is_categorical": false,
      "bins": 10,
      "values": {
        "(0.2, 0.21]": {
          "Éxito": 0.8807339449541285,
          "Error": 0.11926605504587157
        },
        "(0.21, 0.22]": {
          "Éxito": 0.9061371841155235,
          "Error": 0.09386281588447654
        },
        "(0.22, 0.23]": {
          "Éxito": 0.9033613445378151,
          "Error": 0.09663865546218488
        },
        "(0.23, 0.24]": {
          "Éxito": 0.8914728682170543,
          "Error": 0.10852713178294573
        },
        "(0.24, 0.25]": {
          "Éxito": 0.896414342629482,
          "Error": 0.10358565737051793
        },
        "(0.25, 0.26]": {
          "Éxito": 0.9080459770114943,
          "Error": 0.09195402298850575
        },
        "(0.26, 0.27]": {
          "Éxito": 0.8577777777777778,
          "Error": 0.14222222222222222
        },
        "(0.27, 0.28]": {
          "Éxito": 0.8835341365461847,
          "Error": 0.11646586345381527
        },
        "(0.28, 0.29]": {
          "Éxito": 0.8928571428571429,
          "Error": 0.10714285714285714
        },
        "(0.29, 0.3]": {
          "Éxito": 0.8995633187772926,
          "Error": 0.10043668122270742
        }
      }
    }
  }
}