{
  "experiment": {
    "name": "ARQ_3__ESC_1",
    "timestamp": "2025-06-19T06:55:48.692285",
    "repeat_index": 5
  },
  "effects": {
    "num_taps": {
      "is_categorical": true,
      "bins": null,
      "values": {
        "2": {
          "Éxito": 0.80615234375,
          "Error": 0.19384765625
        }
      }
    },
    "snr_db": {
      "is_categorical": false,
      "bins": 10,
      "values": {
        "(-0.00268, 0.401]": {
          "Éxito": 0.7915309446254072,
          "Error": 0.20846905537459284
        },
        "(0.401, 0.801]": {
          "Éxito": 0.7757296466973886,
          "Error": 0.22427035330261136
        },
        "(0.801, 1.201]": {
          "Éxito": 0.7685459940652819,
          "Error": 0.2314540059347181
        },
        "(1.201, 1.6]": {
          "Éxito": 0.7871287128712872,
          "Error": 0.21287128712871287
        },
        "(1.6, 2.0]": {
          "Éxito": 0.8129032258064516,
          "Error": 0.1870967741935484
        },
        "(2.0, 2.4]": {
          "Éxito": 0.8045234248788369,
          "Error": 0.19547657512116318
        },
        "(2.4, 2.799]": {
          "Éxito": 0.8268251273344652,
          "Error": 0.1731748726655348
        },
        "(2.799, 3.199]": {
          "Éxito": 0.8457538994800693,
          "Error": 0.15424610051993068
        },
        "(3.199, 3.599]": {
          "Éxito": 0.8073089700996677,
          "Error": 0.19269102990033224
        },
        "(3.599, 3.999]": {
          "Éxito": 0.8513513513513513,
          "Error": 0.14864864864864866
        }
      }
    },
    "phase_offset": {
      "is_categorical": false,
      "bins": 10,
      "values": {
        "(-0.0368, 4.506]": {
          "Éxito": 0.8156606851549756,
          "Error": 0.18433931484502447
        },
        "(4.506, 9.004]": {
          "Éxito": 0.8057324840764332,
          "Error": 0.1942675159235669
        },
        "(9.004, 13.502]": {
          "Éxito": 0.8013029315960912,
          "Error": 0.1986970684039088
        },
        "(13.502, 17.999]": {
          "Éxito": 0.8065040650406504,
          "Error": 0.19349593495934958
        },
        "(17.999, 22.497]": {
          "Éxito": 0.8057432432432432,
          "Error": 0.19425675675675674
        },
        "(22.497, 26.995]": {
          "Éxito": 0.819047619047619,
          "Error": 0.18095238095238095
        },
        "(26.995, 31.493]": {
          "Éxito": 0.7849117174959872,
          "Error": 0.21508828250401285
        },
        "(31.493, 35.991]": {
          "Éxito": 0.8146911519198664,
          "Error": 0.18530884808013356
        },
        "(35.991, 40.488]": {
          "Éxito": 0.8020304568527918,
          "Error": 0.19796954314720813
        },
        "(40.488, 44.986]": {
          "Éxito": 0.8059467918622848,
          "Error": 0.19405320813771518
        }
      }
    },
    "roll_off": {
      "is_categorical": false,
      "bins": 10,
      "values": {
        "(0.2, 0.21]": {
          "Éxito": 0.7879282218597063,
          "Error": 0.21207177814029363
        },
        "(0.21, 0.22]": {
          "Éxito": 0.7956318252730109,
          "Error": 0.20436817472698907
        },
        "(0.22, 0.23]": {
          "Éxito": 0.7904761904761904,
          "Error": 0.20952380952380953
        },
        "(0.23, 0.24]": {
          "Éxito": 0.8309636650868878,
          "Error": 0.16903633491311215
        },
        "(0.24, 0.25]": {
          "Éxito": 0.7883683360258481,
          "Error": 0.21163166397415187
        },
        "(0.25, 0.26]": {
          "Éxito": 0.8166666666666667,
          "Error": 0.18333333333333332
        },
        "(0.26, 0.27]": {
          "Éxito": 0.8187808896210873,
          "Error": 0.1812191103789127
        },
        "(0.27, 0.28]": {
          "Éxito": 0.8245614035087719,
          "Error": 0.17543859649122806
        },
        "(0.28, 0.29]": {
          "Éxito": 0.7965517241379311,
          "Error": 0.20344827586206896
        },
        "(0.29, 0.3]": {
          "Éxito": 0.8114478114478114,
          "Error": 0.18855218855218855
        }
      }
    }
  }
}