{
  "experiment": {
    "name": "ARQ_2__ESC_4",
    "timestamp": "2025-06-19T12:52:10.095019",
    "repeat_index": 1
  },
  "evaluation": {
    "loss": 0.08647490292787552,
    "accuracy": 0.9884440302848816
  },
  "classification_report": {
    "bpsk": {
      "precision": 1.0,
      "recall": 1.0,
      "f1-score": 1.0,
      "support": 1024.0
    },
    "qpsk": {
      "precision": 1.0,
      "recall": 1.0,
      "f1-score": 1.0,
      "support": 1024.0
    },
    "16qam": {
      "precision": 0.9902439024390244,
      "recall": 0.9912109375,
      "f1-score": 0.9907271839921913,
      "support": 1024.0
    },
    "32qam cross": {
      "precision": 0.9805258033106135,
      "recall": 0.9833984375,
      "f1-score": 0.9819600195026816,
      "support": 1024.0
    },
    "64qam": {
      "precision": 0.9844509232264335,
      "recall": 0.9892578125,
      "f1-score": 0.9868485143692158,
      "support": 1024.0
    },
    "128qam cross": {
      "precision": 0.9753694581280788,
      "recall": 0.966796875,
      "f1-score": 0.9710642471799902,
      "support": 1024.0
    },
    "accuracy": 0.9884440104166666,
    "macro avg": {
      "precision": 0.9884316811840251,
      "recall": 0.9884440104166666,
      "f1-score": 0.9884333275073466,
      "support": 6144.0
    },
    "weighted avg": {
      "precision": 0.9884316811840251,
      "recall": 0.9884440104166666,
      "f1-score": 0.9884333275073466,
      "support": 6144.0
    }
  }
}