{
  "experiment": {
    "name": "ARQ_3__ESC_1",
    "timestamp": "2025-06-19T06:35:20.264449",
    "repeat_index": 2
  },
  "effects": {
    "num_taps": {
      "is_categorical": true,
      "bins": null,
      "values": {
        "2": {
          "Éxito": 0.8146158854166666,
          "Error": 0.18538411458333334
        }
      }
    },
    "snr_db": {
      "is_categorical": false,
      "bins": 10,
      "values": {
        "(-0.00268, 0.401]": {
          "Éxito": 0.7882736156351792,
          "Error": 0.21172638436482086
        },
        "(0.401, 0.801]": {
          "Éxito": 0.7788018433179723,
          "Error": 0.22119815668202766
        },
        "(0.801, 1.201]": {
          "Éxito": 0.7863501483679525,
          "Error": 0.21364985163204747
        },
        "(1.201, 1.6]": {
          "Éxito": 0.7788778877887789,
          "Error": 0.22112211221122113
        },
        "(1.6, 2.0]": {
          "Éxito": 0.8274193548387097,
          "Error": 0.17258064516129032
        },
        "(2.0, 2.4]": {
          "Éxito": 0.8093699515347335,
          "Error": 0.19063004846526657
        },
        "(2.4, 2.799]": {
          "Éxito": 0.8573853989813243,
          "Error": 0.14261460101867574
        },
        "(2.799, 3.199]": {
          "Éxito": 0.8561525129982669,
          "Error": 0.1438474870017331
        },
        "(3.199, 3.599]": {
          "Éxito": 0.813953488372093,
          "Error": 0.18604651162790697
        },
        "(3.599, 3.999]": {
          "Éxito": 0.8597972972972973,
          "Error": 0.14020270270270271
        }
      }
    },
    "phase_offset": {
      "is_categorical": false,
      "bins": 10,
      "values": {
        "(-0.0368, 4.506]": {
          "Éxito": 0.8156606851549756,
          "Error": 0.18433931484502447
        },
        "(4.506, 9.004]": {
          "Éxito": 0.8359872611464968,
          "Error": 0.16401273885350318
        },
        "(9.004, 13.502]": {
          "Éxito": 0.8110749185667753,
          "Error": 0.18892508143322476
        },
        "(13.502, 17.999]": {
          "Éxito": 0.8178861788617886,
          "Error": 0.1821138211382114
        },
        "(17.999, 22.497]": {
          "Éxito": 0.8040540540540541,
          "Error": 0.19594594594594594
        },
        "(22.497, 26.995]": {
          "Éxito": 0.7968253968253968,
          "Error": 0.20317460317460317
        },
        "(26.995, 31.493]": {
          "Éxito": 0.8009630818619583,
          "Error": 0.19903691813804172
        },
        "(31.493, 35.991]": {
          "Éxito": 0.8146911519198664,
          "Error": 0.18530884808013356
        },
        "(35.991, 40.488]": {
          "Éxito": 0.8274111675126904,
          "Error": 0.17258883248730963
        },
        "(40.488, 44.986]": {
          "Éxito": 0.8215962441314554,
          "Error": 0.1784037558685446
        }
      }
    },
    "roll_off": {
      "is_categorical": false,
      "bins": 10,
      "values": {
        "(0.2, 0.21]": {
          "Éxito": 0.7911908646003263,
          "Error": 0.20880913539967375
        },
        "(0.21, 0.22]": {
          "Éxito": 0.8361934477379095,
          "Error": 0.16380655226209048
        },
        "(0.22, 0.23]": {
          "Éxito": 0.8126984126984127,
          "Error": 0.1873015873015873
        },
        "(0.23, 0.24]": {
          "Éxito": 0.8104265402843602,
          "Error": 0.1895734597156398
        },
        "(0.24, 0.25]": {
          "Éxito": 0.7835218093699515,
          "Error": 0.21647819063004847
        },
        "(0.25, 0.26]": {
          "Éxito": 0.825,
          "Error": 0.175
        },
        "(0.26, 0.27]": {
          "Éxito": 0.8204283360790774,
          "Error": 0.17957166392092258
        },
        "(0.27, 0.28]": {
          "Éxito": 0.835725677830941,
          "Error": 0.16427432216905902
        },
        "(0.28, 0.29]": {
          "Éxito": 0.8172413793103448,
          "Error": 0.18275862068965518
        },
        "(0.29, 0.3]": {
          "Éxito": 0.8131313131313131,
          "Error": 0.18686868686868688
        }
      }
    }
  }
}