{
  "experiment": {
    "name": "cnn_bilstm_attn_esc_5",
    "timestamp": "2025-06-23T07:31:41.473998",
    "repeat_index": 3,
    "fold_index": 3
  },
  "evaluation": {
    "loss": 0.040440261363983154,
    "accuracy": 0.9918633103370667
  },
  "classification_report": {
    "bpsk": {
      "precision": 1.0,
      "recall": 0.9975550122249389,
      "f1-score": 0.9987760097919216,
      "support": 409.0
    },
    "qpsk": {
      "precision": 0.9975669099756691,
      "recall": 1.0,
      "f1-score": 0.9987819732034106,
      "support": 410.0
    },
    "16qam": {
      "precision": 0.9902676399026764,
      "recall": 0.9926829268292683,
      "f1-score": 0.9914738124238732,
      "support": 410.0
    },
    "32qam cross": {
      "precision": 0.9950372208436724,
      "recall": 0.9780487804878049,
      "f1-score": 0.9864698646986471,
      "support": 410.0
    },
    "64qam": {
      "precision": 0.9950738916256158,
      "recall": 0.9877750611246944,
      "f1-score": 0.9914110429447852,
      "support": 409.0
    },
    "128qam cross": {
      "precision": 0.9737470167064439,
      "recall": 0.9951219512195122,
      "f1-score": 0.9843184559710495,
      "support": 410.0
    },
    "accuracy": 0.9918633034987795,
    "macro avg": {
      "precision": 0.9919487798423462,
      "recall": 0.9918639553143698,
      "f1-score": 0.9918718598389478,
      "support": 2458.0
    },
    "weighted avg": {
      "precision": 0.9919442329212963,
      "recall": 0.9918633034987795,
      "f1-score": 0.99186923846667,
      "support": 2458.0
    }
  }
}