{
  "experiment": {
    "name": "red_carlos_ESC_8",
    "timestamp": "2025-06-18T16:48:21.016458",
    "repeat_index": 0,
    "fold_index": 2
  },
  "effects": {
    "num_taps": {
      "is_categorical": true,
      "bins": null,
      "values": {
        "6": {
          "Éxito": 0.6236777868185517,
          "Error": 0.3763222131814483
        }
      }
    },
    "snr_db": {
      "is_categorical": false,
      "bins": 10,
      "values": {
        "(7.996, 8.4]": {
          "Éxito": 0.6255144032921811,
          "Error": 0.37448559670781895
        },
        "(8.4, 8.8]": {
          "Éxito": 0.5764705882352941,
          "Error": 0.4235294117647059
        },
        "(8.8, 9.2]": {
          "Éxito": 0.5863453815261044,
          "Error": 0.41365461847389556
        },
        "(9.2, 9.6]": {
          "Éxito": 0.6466165413533834,
          "Error": 0.3533834586466165
        },
        "(9.6, 10.0]": {
          "Éxito": 0.6412556053811659,
          "Error": 0.35874439461883406
        },
        "(10.0, 10.4]": {
          "Éxito": 0.6457399103139013,
          "Error": 0.3542600896860987
        },
        "(10.4, 10.8]": {
          "Éxito": 0.632,
          "Error": 0.368
        },
        "(10.8, 11.2]": {
          "Éxito": 0.625,
          "Error": 0.375
        },
        "(11.2, 11.6]": {
          "Éxito": 0.5936254980079682,
          "Error": 0.4063745019920319
        },
        "(11.6, 12.0]": {
          "Éxito": 0.668,
          "Error": 0.332
        }
      }
    },
    "phase_offset": {
      "is_categorical": false,
      "bins": 10,
      "values": {
        "(-0.0087, 4.529]": {
          "Éxito": 0.5972850678733032,
          "Error": 0.40271493212669685
        },
        "(4.529, 9.022]": {
          "Éxito": 0.6101694915254238,
          "Error": 0.3898305084745763
        },
        "(9.022, 13.515]": {
          "Éxito": 0.6144578313253012,
          "Error": 0.3855421686746988
        },
        "(13.515, 18.008]": {
          "Éxito": 0.6231343283582089,
          "Error": 0.376865671641791
        },
        "(18.008, 22.501]": {
          "Éxito": 0.6941176470588235,
          "Error": 0.3058823529411765
        },
        "(22.501, 26.994]": {
          "Éxito": 0.6074766355140186,
          "Error": 0.3925233644859813
        },
        "(26.994, 31.488]": {
          "Éxito": 0.61328125,
          "Error": 0.38671875
        },
        "(31.488, 35.981]": {
          "Éxito": 0.6115384615384616,
          "Error": 0.38846153846153847
        },
        "(35.981, 40.474]": {
          "Éxito": 0.6255144032921811,
          "Error": 0.37448559670781895
        },
        "(40.474, 44.967]": {
          "Éxito": 0.6328125,
          "Error": 0.3671875
        }
      }
    },
    "roll_off": {
      "is_categorical": false,
      "bins": 10,
      "values": {
        "(0.2, 0.21]": {
          "Éxito": 0.5977011494252874,
          "Error": 0.40229885057471265
        },
        "(0.21, 0.22]": {
          "Éxito": 0.6204081632653061,
          "Error": 0.3795918367346939
        },
        "(0.22, 0.23]": {
          "Éxito": 0.6205533596837944,
          "Error": 0.3794466403162055
        },
        "(0.23, 0.24]": {
          "Éxito": 0.644,
          "Error": 0.356
        },
        "(0.24, 0.25]": {
          "Éxito": 0.6396761133603239,
          "Error": 0.3603238866396761
        },
        "(0.25, 0.26]": {
          "Éxito": 0.6382113821138211,
          "Error": 0.3617886178861789
        },
        "(0.26, 0.27]": {
          "Éxito": 0.6498054474708171,
          "Error": 0.35019455252918286
        },
        "(0.27, 0.28]": {
          "Éxito": 0.6339285714285714,
          "Error": 0.36607142857142855
        },
        "(0.28, 0.29]": {
          "Éxito": 0.6075949367088608,
          "Error": 0.3924050632911392
        },
        "(0.29, 0.3]": {
          "Éxito": 0.5840336134453782,
          "Error": 0.41596638655462187
        }
      }
    }
  }
}