{
  "experiment": {
    "name": "cnn_bilstm_attn_esc_4",
    "timestamp": "2025-06-19T16:01:38.816318",
    "repeat_index": 0,
    "fold_index": 1
  },
  "effects": {
    "num_taps": {
      "is_categorical": true,
      "bins": null,
      "values": {
        "2": {
          "Éxito": 0.9800650935720098,
          "Error": 0.019934906427990236
        }
      }
    },
    "snr_db": {
      "is_categorical": false,
      "bins": 10,
      "values": {
        "(11.998, 12.401]": {
          "Éxito": 0.9748953974895398,
          "Error": 0.02510460251046025
        },
        "(12.401, 12.8]": {
          "Éxito": 0.9699570815450643,
          "Error": 0.030042918454935622
        },
        "(12.8, 13.199]": {
          "Éxito": 0.9630996309963099,
          "Error": 0.03690036900369004
        },
        "(13.199, 13.599]": {
          "Éxito": 0.9795918367346939,
          "Error": 0.02040816326530612
        },
        "(13.599, 13.998]": {
          "Éxito": 0.9782608695652174,
          "Error": 0.021739130434782608
        },
        "(13.998, 14.397]": {
          "Éxito": 0.9820627802690582,
          "Error": 0.017937219730941704
        },
        "(14.397, 14.797]": {
          "Éxito": 0.9922480620155039,
          "Error": 0.007751937984496124
        },
        "(14.797, 15.196]": {
          "Éxito": 0.9925093632958801,
          "Error": 0.00749063670411985
        },
        "(15.196, 15.595]": {
          "Éxito": 0.9779735682819384,
          "Error": 0.022026431718061675
        },
        "(15.595, 15.994]": {
          "Éxito": 0.9886792452830189,
          "Error": 0.011320754716981131
        }
      }
    },
    "phase_offset": {
      "is_categorical": false,
      "bins": 10,
      "values": {
        "(-0.0416, 4.497]": {
          "Éxito": 0.9744680851063829,
          "Error": 0.02553191489361702
        },
        "(4.497, 8.991]": {
          "Éxito": 0.9923371647509579,
          "Error": 0.007662835249042145
        },
        "(8.991, 13.485]": {
          "Éxito": 0.9656652360515021,
          "Error": 0.034334763948497854
        },
        "(13.485, 17.979]": {
          "Éxito": 0.9826086956521739,
          "Error": 0.017391304347826087
        },
        "(17.979, 22.473]": {
          "Éxito": 0.9839357429718876,
          "Error": 0.01606425702811245
        },
        "(22.473, 26.967]": {
          "Éxito": 0.9877551020408163,
          "Error": 0.012244897959183673
        },
        "(26.967, 31.46]": {
          "Éxito": 0.9732824427480916,
          "Error": 0.026717557251908396
        },
        "(31.46, 35.954]": {
          "Éxito": 0.9915611814345991,
          "Error": 0.008438818565400843
        },
        "(35.954, 40.448]": {
          "Éxito": 0.976,
          "Error": 0.024
        },
        "(40.448, 44.942]": {
          "Éxito": 0.97265625,
          "Error": 0.02734375
        }
      }
    },
    "roll_off": {
      "is_categorical": false,
      "bins": 10,
      "values": {
        "(0.2, 0.21]": {
          "Éxito": 0.9669421487603306,
          "Error": 0.03305785123966942
        },
        "(0.21, 0.22]": {
          "Éxito": 0.96875,
          "Error": 0.03125
        },
        "(0.22, 0.23]": {
          "Éxito": 0.9834710743801653,
          "Error": 0.01652892561983471
        },
        "(0.23, 0.24]": {
          "Éxito": 0.9779735682819384,
          "Error": 0.022026431718061675
        },
        "(0.24, 0.25]": {
          "Éxito": 0.9877049180327869,
          "Error": 0.012295081967213115
        },
        "(0.25, 0.26]": {
          "Éxito": 0.9880478087649402,
          "Error": 0.01195219123505976
        },
        "(0.26, 0.27]": {
          "Éxito": 0.9767441860465116,
          "Error": 0.023255813953488372
        },
        "(0.27, 0.28]": {
          "Éxito": 0.9726027397260274,
          "Error": 0.0273972602739726
        },
        "(0.28, 0.29]": {
          "Éxito": 0.9922178988326849,
          "Error": 0.007782101167315175
        },
        "(0.29, 0.3]": {
          "Éxito": 0.9847328244274809,
          "Error": 0.015267175572519083
        }
      }
    }
  }
}