{
  "experiment": {
    "name": "res_tcn_se_esc_11",
    "timestamp": "2025-06-22T00:40:51.096542",
    "repeat_index": 2,
    "fold_index": 4
  },
  "effects": {
    "num_taps": {
      "is_categorical": true,
      "bins": null,
      "values": {
        "2": {
          "Éxito": 0.9373474369406021,
          "Error": 0.06265256305939788
        }
      }
    },
    "snr_db": {
      "is_categorical": false,
      "bins": 10,
      "values": {
        "(7.996, 8.4]": {
          "Éxito": 0.9193548387096774,
          "Error": 0.08064516129032258
        },
        "(8.4, 8.8]": {
          "Éxito": 0.9239543726235742,
          "Error": 0.07604562737642585
        },
        "(8.8, 9.2]": {
          "Éxito": 0.9166666666666666,
          "Error": 0.08333333333333333
        },
        "(9.2, 9.6]": {
          "Éxito": 0.9469387755102041,
          "Error": 0.053061224489795916
        },
        "(9.6, 10.0]": {
          "Éxito": 0.9253112033195021,
          "Error": 0.07468879668049792
        },
        "(10.0, 10.4]": {
          "Éxito": 0.9294605809128631,
          "Error": 0.07053941908713693
        },
        "(10.4, 10.8]": {
          "Éxito": 0.9459459459459459,
          "Error": 0.05405405405405406
        },
        "(10.8, 11.2]": {
          "Éxito": 0.9431818181818182,
          "Error": 0.056818181818181816
        },
        "(11.2, 11.6]": {
          "Éxito": 0.9531914893617022,
          "Error": 0.04680851063829787
        },
        "(11.6, 12.0]": {
          "Éxito": 0.9761904761904762,
          "Error": 0.023809523809523808
        }
      }
    },
    "phase_offset": {
      "is_categorical": false,
      "bins": 10,
      "values": {
        "(134.969, 139.512]": {
          "Éxito": 0.9325396825396826,
          "Error": 0.06746031746031746
        },
        "(139.512, 144.01]": {
          "Éxito": 0.9422222222222222,
          "Error": 0.057777777777777775
        },
        "(144.01, 148.508]": {
          "Éxito": 0.9203187250996016,
          "Error": 0.0796812749003984
        },
        "(148.508, 153.006]": {
          "Éxito": 0.9422222222222222,
          "Error": 0.057777777777777775
        },
        "(153.006, 157.504]": {
          "Éxito": 0.925764192139738,
          "Error": 0.07423580786026202
        },
        "(157.504, 162.002]": {
          "Éxito": 0.9469387755102041,
          "Error": 0.053061224489795916
        },
        "(162.002, 166.5]": {
          "Éxito": 0.9333333333333333,
          "Error": 0.06666666666666667
        },
        "(166.5, 170.998]": {
          "Éxito": 0.9385245901639344,
          "Error": 0.06147540983606557
        },
        "(170.998, 175.496]": {
          "Éxito": 0.9423868312757202,
          "Error": 0.05761316872427984
        },
        "(175.496, 179.994]": {
          "Éxito": 0.948905109489051,
          "Error": 0.051094890510948905
        }
      }
    },
    "roll_off": {
      "is_categorical": false,
      "bins": 10,
      "values": {
        "(0.2, 0.21]": {
          "Éxito": 0.9182879377431906,
          "Error": 0.08171206225680934
        },
        "(0.21, 0.22]": {
          "Éxito": 0.9013452914798207,
          "Error": 0.09865470852017937
        },
        "(0.22, 0.23]": {
          "Éxito": 0.9313304721030042,
          "Error": 0.06866952789699571
        },
        "(0.23, 0.24]": {
          "Éxito": 0.9586776859504132,
          "Error": 0.04132231404958678
        },
        "(0.24, 0.25]": {
          "Éxito": 0.9262295081967213,
          "Error": 0.07377049180327869
        },
        "(0.25, 0.26]": {
          "Éxito": 0.9552845528455285,
          "Error": 0.044715447154471545
        },
        "(0.26, 0.27]": {
          "Éxito": 0.9534883720930233,
          "Error": 0.046511627906976744
        },
        "(0.27, 0.28]": {
          "Éxito": 0.9477911646586346,
          "Error": 0.05220883534136546
        },
        "(0.28, 0.29]": {
          "Éxito": 0.9475982532751092,
          "Error": 0.05240174672489083
        },
        "(0.29, 0.3]": {
          "Éxito": 0.9314079422382672,
          "Error": 0.06859205776173286
        }
      }
    }
  }
}