{
  "experiment": {
    "name": "res_tcn_se_esc_2",
    "timestamp": "2025-06-16T07:08:55.899633",
    "repeat_index": 1,
    "fold_index": 4
  },
  "evaluation": {
    "loss": 0.6271661520004272,
    "accuracy": 0.8665581941604614
  },
  "classification_report": {
    "bpsk": {
      "precision": 1.0,
      "recall": 1.0,
      "f1-score": 1.0,
      "support": 410.0
    },
    "qpsk": {
      "precision": 1.0,
      "recall": 0.9975609756097561,
      "f1-score": 0.9987789987789988,
      "support": 410.0
    },
    "16qam": {
      "precision": 0.8955223880597015,
      "recall": 0.8801955990220048,
      "f1-score": 0.8877928483353884,
      "support": 409.0
    },
    "32qam cross": {
      "precision": 0.7527472527472527,
      "recall": 0.6699266503667481,
      "f1-score": 0.7089262613195342,
      "support": 409.0
    },
    "64qam": {
      "precision": 0.8551401869158879,
      "recall": 0.8926829268292683,
      "f1-score": 0.873508353221957,
      "support": 410.0
    },
    "128qam cross": {
      "precision": 0.698876404494382,
      "recall": 0.7585365853658537,
      "f1-score": 0.7274853801169591,
      "support": 410.0
    },
    "accuracy": 0.8665581773799838,
    "macro avg": {
      "precision": 0.8670477053695373,
      "recall": 0.866483789532272,
      "f1-score": 0.8660819736288062,
      "support": 2458.0
    },
    "weighted avg": {
      "precision": 0.8670826222816334,
      "recall": 0.8665581773799838,
      "f1-score": 0.8661370773056177,
      "support": 2458.0
    }
  }
}