{
  "experiment": {
    "name": "cnn_bilstm_attn_esc_7",
    "timestamp": "2025-06-17T03:42:59.981652",
    "repeat_index": 0,
    "fold_index": 2
  },
  "evaluation": {
    "loss": 0.31634968519210815,
    "accuracy": 0.8706265091896057
  },
  "classification_report": {
    "bpsk": {
      "precision": 1.0,
      "recall": 1.0,
      "f1-score": 1.0,
      "support": 410.0
    },
    "qpsk": {
      "precision": 1.0,
      "recall": 0.9951219512195122,
      "f1-score": 0.9975550122249389,
      "support": 410.0
    },
    "16qam": {
      "precision": 0.9104477611940298,
      "recall": 0.8926829268292683,
      "f1-score": 0.9014778325123152,
      "support": 410.0
    },
    "32qam cross": {
      "precision": 0.7575757575757576,
      "recall": 0.6707317073170732,
      "f1-score": 0.7115135834411386,
      "support": 410.0
    },
    "64qam": {
      "precision": 0.8732394366197183,
      "recall": 0.9095354523227384,
      "f1-score": 0.8910179640718563,
      "support": 409.0
    },
    "128qam cross": {
      "precision": 0.688195991091314,
      "recall": 0.7555012224938875,
      "f1-score": 0.7202797202797203,
      "support": 409.0
    },
    "accuracy": 0.870626525630594,
    "macro avg": {
      "precision": 0.8715764910801367,
      "recall": 0.8705955433637467,
      "f1-score": 0.8703073520883282,
      "support": 2458.0
    },
    "weighted avg": {
      "precision": 0.8716504201096117,
      "recall": 0.870626525630594,
      "f1-score": 0.8703599627554662,
      "support": 2458.0
    }
  }
}