{
  "experiment": {
    "name": "cnn_bilstm_attn_esc_7",
    "timestamp": "2025-06-17T03:43:00.881197",
    "repeat_index": 0,
    "fold_index": 2
  },
  "effects": {
    "num_taps": {
      "is_categorical": true,
      "bins": null,
      "values": {
        "4": {
          "Éxito": 0.870626525630594,
          "Error": 0.12937347436940602
        }
      }
    },
    "snr_db": {
      "is_categorical": false,
      "bins": 10,
      "values": {
        "(7.996, 8.4]": {
          "Éxito": 0.85546875,
          "Error": 0.14453125
        },
        "(8.4, 8.8]": {
          "Éxito": 0.854251012145749,
          "Error": 0.145748987854251
        },
        "(8.8, 9.2]": {
          "Éxito": 0.8373205741626795,
          "Error": 0.16267942583732056
        },
        "(9.2, 9.6]": {
          "Éxito": 0.86,
          "Error": 0.14
        },
        "(9.6, 10.0]": {
          "Éxito": 0.8640350877192983,
          "Error": 0.13596491228070176
        },
        "(10.0, 10.4]": {
          "Éxito": 0.832,
          "Error": 0.168
        },
        "(10.4, 10.8]": {
          "Éxito": 0.8853754940711462,
          "Error": 0.11462450592885376
        },
        "(10.8, 11.2]": {
          "Éxito": 0.9377289377289377,
          "Error": 0.06227106227106227
        },
        "(11.2, 11.6]": {
          "Éxito": 0.8854961832061069,
          "Error": 0.11450381679389313
        },
        "(11.6, 12.0]": {
          "Éxito": 0.8826086956521739,
          "Error": 0.11739130434782609
        }
      }
    },
    "phase_offset": {
      "is_categorical": false,
      "bins": 10,
      "values": {
        "(-0.0423, 4.502]": {
          "Éxito": 0.8653061224489796,
          "Error": 0.1346938775510204
        },
        "(4.502, 9.002]": {
          "Éxito": 0.8961538461538462,
          "Error": 0.10384615384615385
        },
        "(9.002, 13.502]": {
          "Éxito": 0.860655737704918,
          "Error": 0.13934426229508196
        },
        "(13.502, 18.002]": {
          "Éxito": 0.8587786259541985,
          "Error": 0.14122137404580154
        },
        "(18.002, 22.501]": {
          "Éxito": 0.8495934959349594,
          "Error": 0.15040650406504066
        },
        "(22.501, 27.001]": {
          "Éxito": 0.8923076923076924,
          "Error": 0.1076923076923077
        },
        "(27.001, 31.501]": {
          "Éxito": 0.8728070175438597,
          "Error": 0.12719298245614036
        },
        "(31.501, 36.001]": {
          "Éxito": 0.8793103448275862,
          "Error": 0.1206896551724138
        },
        "(36.001, 40.5]": {
          "Éxito": 0.8649789029535865,
          "Error": 0.1350210970464135
        },
        "(40.5, 45.0]": {
          "Éxito": 0.8647540983606558,
          "Error": 0.13524590163934427
        }
      }
    },
    "roll_off": {
      "is_categorical": false,
      "bins": 10,
      "values": {
        "(0.2, 0.21]": {
          "Éxito": 0.8615384615384616,
          "Error": 0.13846153846153847
        },
        "(0.21, 0.22]": {
          "Éxito": 0.8529411764705882,
          "Error": 0.14705882352941177
        },
        "(0.22, 0.23]": {
          "Éxito": 0.8553191489361702,
          "Error": 0.14468085106382977
        },
        "(0.23, 0.24]": {
          "Éxito": 0.8651685393258427,
          "Error": 0.1348314606741573
        },
        "(0.24, 0.25]": {
          "Éxito": 0.8250950570342205,
          "Error": 0.17490494296577946
        },
        "(0.25, 0.26]": {
          "Éxito": 0.8947368421052632,
          "Error": 0.10526315789473684
        },
        "(0.26, 0.27]": {
          "Éxito": 0.8555133079847909,
          "Error": 0.1444866920152091
        },
        "(0.27, 0.28]": {
          "Éxito": 0.8961038961038961,
          "Error": 0.1038961038961039
        },
        "(0.28, 0.29]": {
          "Éxito": 0.9112149532710281,
          "Error": 0.08878504672897196
        },
        "(0.29, 0.3]": {
          "Éxito": 0.9,
          "Error": 0.1
        }
      }
    }
  }
}