{
  "experiment": {
    "name": "ARQ_3__ESC_7",
    "timestamp": "2025-06-19T16:15:29.908585",
    "repeat_index": 0
  },
  "effects": {
    "num_taps": {
      "is_categorical": true,
      "bins": null,
      "values": {
        "4": {
          "Éxito": 0.8857421875,
          "Error": 0.1142578125
        }
      }
    },
    "snr_db": {
      "is_categorical": false,
      "bins": 10,
      "values": {
        "(7.996, 8.4]": {
          "Éxito": 0.8646496815286624,
          "Error": 0.13535031847133758
        },
        "(8.4, 8.8]": {
          "Éxito": 0.8508474576271187,
          "Error": 0.14915254237288136
        },
        "(8.8, 9.2]": {
          "Éxito": 0.8631239935587761,
          "Error": 0.13687600644122383
        },
        "(9.2, 9.6]": {
          "Éxito": 0.8815566835871405,
          "Error": 0.11844331641285956
        },
        "(9.6, 10.0]": {
          "Éxito": 0.8858954041204438,
          "Error": 0.11410459587955626
        },
        "(10.0, 10.4]": {
          "Éxito": 0.9061032863849765,
          "Error": 0.09389671361502347
        },
        "(10.4, 10.8]": {
          "Éxito": 0.9019292604501608,
          "Error": 0.09807073954983923
        },
        "(10.8, 11.2]": {
          "Éxito": 0.9146757679180887,
          "Error": 0.08532423208191127
        },
        "(11.2, 11.6]": {
          "Éxito": 0.8908794788273615,
          "Error": 0.10912052117263844
        },
        "(11.6, 12.0]": {
          "Éxito": 0.8971061093247589,
          "Error": 0.10289389067524116
        }
      }
    },
    "phase_offset": {
      "is_categorical": false,
      "bins": 10,
      "values": {
        "(-0.0414, 4.503]": {
          "Éxito": 0.8948194662480377,
          "Error": 0.10518053375196232
        },
        "(4.503, 9.003]": {
          "Éxito": 0.8789473684210526,
          "Error": 0.12105263157894737
        },
        "(9.003, 13.502]": {
          "Éxito": 0.8905472636815921,
          "Error": 0.10945273631840796
        },
        "(13.502, 18.002]": {
          "Éxito": 0.878125,
          "Error": 0.121875
        },
        "(18.002, 22.501]": {
          "Éxito": 0.8718801996672213,
          "Error": 0.1281198003327787
        },
        "(22.501, 27.001]": {
          "Éxito": 0.9004893964110929,
          "Error": 0.09951060358890701
        },
        "(27.001, 31.5]": {
          "Éxito": 0.8957264957264958,
          "Error": 0.10427350427350428
        },
        "(31.5, 36.0]": {
          "Éxito": 0.8911671924290221,
          "Error": 0.10883280757097792
        },
        "(36.0, 40.499]": {
          "Éxito": 0.8925233644859814,
          "Error": 0.10747663551401869
        },
        "(40.499, 44.999]": {
          "Éxito": 0.8626817447495961,
          "Error": 0.13731825525040386
        }
      }
    },
    "roll_off": {
      "is_categorical": false,
      "bins": 10,
      "values": {
        "(0.2, 0.21]": {
          "Éxito": 0.8723051409618574,
          "Error": 0.12769485903814262
        },
        "(0.21, 0.22]": {
          "Éxito": 0.8757961783439491,
          "Error": 0.12420382165605096
        },
        "(0.22, 0.23]": {
          "Éxito": 0.864297253634895,
          "Error": 0.13570274636510501
        },
        "(0.23, 0.24]": {
          "Éxito": 0.9077669902912622,
          "Error": 0.09223300970873786
        },
        "(0.24, 0.25]": {
          "Éxito": 0.8922056384742952,
          "Error": 0.1077943615257048
        },
        "(0.25, 0.26]": {
          "Éxito": 0.892436974789916,
          "Error": 0.10756302521008404
        },
        "(0.26, 0.27]": {
          "Éxito": 0.8924558587479936,
          "Error": 0.10754414125200643
        },
        "(0.27, 0.28]": {
          "Éxito": 0.8805237315875614,
          "Error": 0.11947626841243862
        },
        "(0.28, 0.29]": {
          "Éxito": 0.887459807073955,
          "Error": 0.11254019292604502
        },
        "(0.29, 0.3]": {
          "Éxito": 0.8922829581993569,
          "Error": 0.10771704180064309
        }
      }
    }
  }
}