{
  "experiment": {
    "name": "res_tcn_se_esc_10",
    "timestamp": "2025-06-22T00:09:25.553766",
    "repeat_index": 2,
    "fold_index": 3
  },
  "effects": {
    "num_taps": {
      "is_categorical": true,
      "bins": null,
      "values": {
        "2": {
          "Éxito": 0.9296175752644427,
          "Error": 0.07038242473555736
        }
      }
    },
    "snr_db": {
      "is_categorical": false,
      "bins": 10,
      "values": {
        "(8.001, 8.405]": {
          "Éxito": 0.9148936170212766,
          "Error": 0.0851063829787234
        },
        "(8.405, 8.804]": {
          "Éxito": 0.9073170731707317,
          "Error": 0.09268292682926829
        },
        "(8.804, 9.204]": {
          "Éxito": 0.8996138996138996,
          "Error": 0.10038610038610038
        },
        "(9.204, 9.603]": {
          "Éxito": 0.9454545454545454,
          "Error": 0.05454545454545454
        },
        "(9.603, 10.002]": {
          "Éxito": 0.9176470588235294,
          "Error": 0.08235294117647059
        },
        "(10.002, 10.402]": {
          "Éxito": 0.9400921658986175,
          "Error": 0.059907834101382486
        },
        "(10.402, 10.801]": {
          "Éxito": 0.9547325102880658,
          "Error": 0.04526748971193416
        },
        "(10.801, 11.201]": {
          "Éxito": 0.9352226720647774,
          "Error": 0.06477732793522267
        },
        "(11.201, 11.6]": {
          "Éxito": 0.9481481481481482,
          "Error": 0.05185185185185185
        },
        "(11.6, 12.0]": {
          "Éxito": 0.9285714285714286,
          "Error": 0.07142857142857142
        }
      }
    },
    "phase_offset": {
      "is_categorical": false,
      "bins": 10,
      "values": {
        "(89.966, 94.505]": {
          "Éxito": 0.908,
          "Error": 0.092
        },
        "(94.505, 98.999]": {
          "Éxito": 0.9292035398230089,
          "Error": 0.07079646017699115
        },
        "(98.999, 103.494]": {
          "Éxito": 0.9166666666666666,
          "Error": 0.08333333333333333
        },
        "(103.494, 107.988]": {
          "Éxito": 0.9364406779661016,
          "Error": 0.0635593220338983
        },
        "(107.988, 112.483]": {
          "Éxito": 0.9318181818181818,
          "Error": 0.06818181818181818
        },
        "(112.483, 116.977]": {
          "Éxito": 0.9227642276422764,
          "Error": 0.07723577235772358
        },
        "(116.977, 121.472]": {
          "Éxito": 0.9393939393939394,
          "Error": 0.06060606060606061
        },
        "(121.472, 125.966]": {
          "Éxito": 0.939622641509434,
          "Error": 0.06037735849056604
        },
        "(125.966, 130.46]": {
          "Éxito": 0.925764192139738,
          "Error": 0.07423580786026202
        },
        "(130.46, 134.955]": {
          "Éxito": 0.9459459459459459,
          "Error": 0.05405405405405406
        }
      }
    },
    "roll_off": {
      "is_categorical": false,
      "bins": 10,
      "values": {
        "(0.2, 0.21]": {
          "Éxito": 0.9074889867841409,
          "Error": 0.09251101321585903
        },
        "(0.21, 0.22]": {
          "Éxito": 0.8937007874015748,
          "Error": 0.1062992125984252
        },
        "(0.22, 0.23]": {
          "Éxito": 0.9218106995884774,
          "Error": 0.07818930041152264
        },
        "(0.23, 0.24]": {
          "Éxito": 0.9427480916030534,
          "Error": 0.05725190839694656
        },
        "(0.24, 0.25]": {
          "Éxito": 0.9397590361445783,
          "Error": 0.060240963855421686
        },
        "(0.25, 0.26]": {
          "Éxito": 0.9473684210526315,
          "Error": 0.05263157894736842
        },
        "(0.26, 0.27]": {
          "Éxito": 0.9262295081967213,
          "Error": 0.07377049180327869
        },
        "(0.27, 0.28]": {
          "Éxito": 0.9612403100775194,
          "Error": 0.03875968992248062
        },
        "(0.28, 0.29]": {
          "Éxito": 0.9224137931034483,
          "Error": 0.07758620689655173
        },
        "(0.29, 0.3]": {
          "Éxito": 0.9297520661157025,
          "Error": 0.07024793388429752
        }
      }
    }
  }
}