{
  "experiment": {
    "name": "cnn_bilstm_attn_esc_7",
    "timestamp": "2025-06-22T21:36:27.985181",
    "repeat_index": 2,
    "fold_index": 4
  },
  "evaluation": {
    "loss": 0.3356752395629883,
    "accuracy": 0.8746948838233948
  },
  "classification_report": {
    "bpsk": {
      "precision": 1.0,
      "recall": 1.0,
      "f1-score": 1.0,
      "support": 409.0
    },
    "qpsk": {
      "precision": 1.0,
      "recall": 0.9975609756097561,
      "f1-score": 0.9987789987789988,
      "support": 410.0
    },
    "16qam": {
      "precision": 0.9183168316831684,
      "recall": 0.9048780487804878,
      "f1-score": 0.9115479115479116,
      "support": 410.0
    },
    "32qam cross": {
      "precision": 0.6878850102669405,
      "recall": 0.8190709046454768,
      "f1-score": 0.7477678571428571,
      "support": 409.0
    },
    "64qam": {
      "precision": 0.8822115384615384,
      "recall": 0.8951219512195122,
      "f1-score": 0.8886198547215496,
      "support": 410.0
    },
    "128qam cross": {
      "precision": 0.7777777777777778,
      "recall": 0.6317073170731707,
      "f1-score": 0.6971736204576043,
      "support": 410.0
    },
    "accuracy": 0.8746948738812043,
    "macro avg": {
      "precision": 0.8776985263649042,
      "recall": 0.874723199554734,
      "f1-score": 0.8739813737748202,
      "support": 2458.0
    },
    "weighted avg": {
      "precision": 0.8777259926148892,
      "recall": 0.8746948738812043,
      "f1-score": 0.8739814530630248,
      "support": 2458.0
    }
  }
}