{
  "experiment": {
    "name": "ARQ_2__ESC_11",
    "timestamp": "2025-06-20T02:36:06.014626",
    "repeat_index": 6
  },
  "effects": {
    "num_taps": {
      "is_categorical": true,
      "bins": null,
      "values": {
        "2": {
          "Éxito": 0.9739583333333334,
          "Error": 0.026041666666666668
        }
      }
    },
    "snr_db": {
      "is_categorical": false,
      "bins": 10,
      "values": {
        "(7.996, 8.4]": {
          "Éxito": 0.9413629160063391,
          "Error": 0.058637083993660855
        },
        "(8.4, 8.8]": {
          "Éxito": 0.9605263157894737,
          "Error": 0.039473684210526314
        },
        "(8.8, 9.2]": {
          "Éxito": 0.9781591263650546,
          "Error": 0.0218408736349454
        },
        "(9.2, 9.6]": {
          "Éxito": 0.9771615008156607,
          "Error": 0.022838499184339316
        },
        "(9.6, 10.0]": {
          "Éxito": 0.9692832764505119,
          "Error": 0.030716723549488054
        },
        "(10.0, 10.4]": {
          "Éxito": 0.9797297297297297,
          "Error": 0.02027027027027027
        },
        "(10.4, 10.8]": {
          "Éxito": 0.9801980198019802,
          "Error": 0.019801980198019802
        },
        "(10.8, 11.2]": {
          "Éxito": 0.9794168096054888,
          "Error": 0.02058319039451115
        },
        "(11.2, 11.6]": {
          "Éxito": 0.986046511627907,
          "Error": 0.013953488372093023
        },
        "(11.6, 12.0]": {
          "Éxito": 0.9874804381846636,
          "Error": 0.012519561815336464
        }
      }
    },
    "phase_offset": {
      "is_categorical": false,
      "bins": 10,
      "values": {
        "(134.963, 139.507]": {
          "Éxito": 0.9742765273311897,
          "Error": 0.02572347266881029
        },
        "(139.507, 144.006]": {
          "Éxito": 0.9714285714285714,
          "Error": 0.02857142857142857
        },
        "(144.006, 148.505]": {
          "Éxito": 0.9792332268370607,
          "Error": 0.020766773162939296
        },
        "(148.505, 153.004]": {
          "Éxito": 0.9818780889621087,
          "Error": 0.018121911037891267
        },
        "(153.004, 157.503]": {
          "Éxito": 0.9668769716088328,
          "Error": 0.033123028391167195
        },
        "(157.503, 162.002]": {
          "Éxito": 0.9785831960461285,
          "Error": 0.0214168039538715
        },
        "(162.002, 166.501]": {
          "Éxito": 0.9772727272727273,
          "Error": 0.022727272727272728
        },
        "(166.501, 171.0]": {
          "Éxito": 0.9692832764505119,
          "Error": 0.030716723549488054
        },
        "(171.0, 175.498]": {
          "Éxito": 0.9589490968801314,
          "Error": 0.041050903119868636
        },
        "(175.498, 179.997]": {
          "Éxito": 0.9818780889621087,
          "Error": 0.018121911037891267
        }
      }
    },
    "roll_off": {
      "is_categorical": false,
      "bins": 10,
      "values": {
        "(0.2, 0.21]": {
          "Éxito": 0.9637931034482758,
          "Error": 0.03620689655172414
        },
        "(0.21, 0.22]": {
          "Éxito": 0.9780775716694773,
          "Error": 0.021922428330522766
        },
        "(0.22, 0.23]": {
          "Éxito": 0.9720394736842105,
          "Error": 0.027960526315789474
        },
        "(0.23, 0.24]": {
          "Éxito": 0.9734375,
          "Error": 0.0265625
        },
        "(0.24, 0.25]": {
          "Éxito": 0.9706840390879479,
          "Error": 0.029315960912052116
        },
        "(0.25, 0.26]": {
          "Éxito": 0.9776,
          "Error": 0.0224
        },
        "(0.26, 0.27]": {
          "Éxito": 0.9712837837837838,
          "Error": 0.028716216216216218
        },
        "(0.27, 0.28]": {
          "Éxito": 0.9776714513556619,
          "Error": 0.022328548644338118
        },
        "(0.28, 0.29]": {
          "Éxito": 0.98125,
          "Error": 0.01875
        },
        "(0.29, 0.3]": {
          "Éxito": 0.9728,
          "Error": 0.0272
        }
      }
    }
  }
}