{
  "experiment": {
    "name": "res_tcn_se_esc_6",
    "timestamp": "2025-06-16T11:57:05.839283",
    "repeat_index": 1,
    "fold_index": 4
  },
  "effects": {
    "num_taps": {
      "is_categorical": true,
      "bins": null,
      "values": {
        "1": {
          "Éxito": 0.9580960130187144,
          "Error": 0.0419039869812856
        }
      }
    },
    "snr_db": {
      "is_categorical": false,
      "bins": 10,
      "values": {
        "(7.999, 8.403]": {
          "Éxito": 0.9404255319148936,
          "Error": 0.059574468085106386
        },
        "(8.403, 8.802]": {
          "Éxito": 0.9428571428571428,
          "Error": 0.05714285714285714
        },
        "(8.802, 9.202]": {
          "Éxito": 0.9588477366255144,
          "Error": 0.0411522633744856
        },
        "(9.202, 9.601]": {
          "Éxito": 0.9613899613899614,
          "Error": 0.03861003861003861
        },
        "(9.601, 10.001]": {
          "Éxito": 0.9683098591549296,
          "Error": 0.03169014084507042
        },
        "(10.001, 10.401]": {
          "Éxito": 0.9292035398230089,
          "Error": 0.07079646017699115
        },
        "(10.401, 10.8]": {
          "Éxito": 0.9605263157894737,
          "Error": 0.039473684210526314
        },
        "(10.8, 11.2]": {
          "Éxito": 0.9745762711864406,
          "Error": 0.025423728813559324
        },
        "(11.2, 11.599]": {
          "Éxito": 0.979757085020243,
          "Error": 0.020242914979757085
        },
        "(11.599, 11.999]": {
          "Éxito": 0.9607843137254902,
          "Error": 0.0392156862745098
        }
      }
    },
    "phase_offset": {
      "is_categorical": false,
      "bins": 10,
      "values": {
        "(-0.012, 4.528]": {
          "Éxito": 0.9586776859504132,
          "Error": 0.04132231404958678
        },
        "(4.528, 9.023]": {
          "Éxito": 0.9407407407407408,
          "Error": 0.05925925925925926
        },
        "(9.023, 13.517]": {
          "Éxito": 0.9588014981273408,
          "Error": 0.04119850187265917
        },
        "(13.517, 18.012]": {
          "Éxito": 0.9745762711864406,
          "Error": 0.025423728813559324
        },
        "(18.012, 22.507]": {
          "Éxito": 0.9733333333333334,
          "Error": 0.02666666666666667
        },
        "(22.507, 27.002]": {
          "Éxito": 0.952755905511811,
          "Error": 0.047244094488188976
        },
        "(27.002, 31.497]": {
          "Éxito": 0.9692307692307692,
          "Error": 0.03076923076923077
        },
        "(31.497, 35.991]": {
          "Éxito": 0.9629629629629629,
          "Error": 0.037037037037037035
        },
        "(35.991, 40.486]": {
          "Éxito": 0.9446808510638298,
          "Error": 0.05531914893617021
        },
        "(40.486, 44.981]": {
          "Éxito": 0.9486166007905138,
          "Error": 0.05138339920948617
        }
      }
    },
    "roll_off": {
      "is_categorical": false,
      "bins": 10,
      "values": {
        "(0.2, 0.21]": {
          "Éxito": 0.9446640316205533,
          "Error": 0.05533596837944664
        },
        "(0.21, 0.22]": {
          "Éxito": 0.9578544061302682,
          "Error": 0.0421455938697318
        },
        "(0.22, 0.23]": {
          "Éxito": 0.9393939393939394,
          "Error": 0.06060606060606061
        },
        "(0.23, 0.24]": {
          "Éxito": 0.9466666666666667,
          "Error": 0.05333333333333334
        },
        "(0.24, 0.25]": {
          "Éxito": 0.9562043795620438,
          "Error": 0.043795620437956206
        },
        "(0.25, 0.26]": {
          "Éxito": 0.9919028340080972,
          "Error": 0.008097165991902834
        },
        "(0.26, 0.27]": {
          "Éxito": 0.9598214285714286,
          "Error": 0.04017857142857143
        },
        "(0.27, 0.28]": {
          "Éxito": 0.9757085020242915,
          "Error": 0.024291497975708502
        },
        "(0.28, 0.29]": {
          "Éxito": 0.963265306122449,
          "Error": 0.036734693877551024
        },
        "(0.29, 0.3]": {
          "Éxito": 0.9442231075697212,
          "Error": 0.055776892430278883
        }
      }
    }
  }
}