{
  "experiment": {
    "name": "red_carlos_ESC_2",
    "timestamp": "2025-06-18T04:16:38.031083",
    "repeat_index": 1,
    "fold_index": 2
  },
  "evaluation": {
    "loss": 0.3591640293598175,
    "accuracy": 0.8913751244544983
  },
  "classification_report": {
    "bpsk": {
      "precision": 1.0,
      "recall": 1.0,
      "f1-score": 1.0,
      "support": 410.0
    },
    "qpsk": {
      "precision": 0.9975669099756691,
      "recall": 1.0,
      "f1-score": 0.9987819732034106,
      "support": 410.0
    },
    "16qam": {
      "precision": 0.9289099526066351,
      "recall": 0.9560975609756097,
      "f1-score": 0.9423076923076924,
      "support": 410.0
    },
    "32qam cross": {
      "precision": 0.7254901960784313,
      "recall": 0.8121951219512196,
      "f1-score": 0.7663981588032222,
      "support": 410.0
    },
    "64qam": {
      "precision": 0.9378238341968912,
      "recall": 0.8850855745721271,
      "f1-score": 0.9106918238993711,
      "support": 409.0
    },
    "128qam cross": {
      "precision": 0.7675675675675676,
      "recall": 0.6943765281173594,
      "f1-score": 0.7291399229781772,
      "support": 409.0
    },
    "accuracy": 0.8913751017087063,
    "macro avg": {
      "precision": 0.8928930767375324,
      "recall": 0.891292464269386,
      "f1-score": 0.891219928531979,
      "support": 2458.0
    },
    "weighted avg": {
      "precision": 0.8929257841222804,
      "recall": 0.8913751017087063,
      "f1-score": 0.8912779464775389,
      "support": 2458.0
    }
  }
}