{
  "experiment": {
    "name": "res_tcn_se_esc_2",
    "timestamp": "2025-06-16T06:36:57.496377",
    "repeat_index": 0,
    "fold_index": 4
  },
  "evaluation": {
    "loss": 0.39385825395584106,
    "accuracy": 0.8608624935150146
  },
  "classification_report": {
    "bpsk": {
      "precision": 1.0,
      "recall": 1.0,
      "f1-score": 1.0,
      "support": 410.0
    },
    "qpsk": {
      "precision": 0.9975669099756691,
      "recall": 1.0,
      "f1-score": 0.9987819732034106,
      "support": 410.0
    },
    "16qam": {
      "precision": 0.8669833729216152,
      "recall": 0.8924205378973105,
      "f1-score": 0.8795180722891566,
      "support": 409.0
    },
    "32qam cross": {
      "precision": 0.7054631828978623,
      "recall": 0.724390243902439,
      "f1-score": 0.7148014440433212,
      "support": 410.0
    },
    "64qam": {
      "precision": 0.884318766066838,
      "recall": 0.8410757946210269,
      "f1-score": 0.8621553884711779,
      "support": 409.0
    },
    "128qam cross": {
      "precision": 0.7142857142857143,
      "recall": 0.7073170731707317,
      "f1-score": 0.7107843137254902,
      "support": 410.0
    },
    "accuracy": 0.8608624898291294,
    "macro avg": {
      "precision": 0.8614363243579498,
      "recall": 0.860867274931918,
      "f1-score": 0.8610068652887595,
      "support": 2458.0
    },
    "weighted avg": {
      "precision": 0.8614247582512481,
      "recall": 0.8608624898291294,
      "f1-score": 0.8609988670258697,
      "support": 2458.0
    }
  }
}