{
  "experiment": {
    "name": "ARQ_1__ESC_8",
    "timestamp": "2025-06-22T13:06:16.780863",
    "repeat_index": 9
  },
  "evaluation": {
    "loss": 0.39874088764190674,
    "accuracy": 0.8600260615348816
  },
  "classification_report": {
    "bpsk": {
      "precision": 1.0,
      "recall": 1.0,
      "f1-score": 1.0,
      "support": 1024.0
    },
    "qpsk": {
      "precision": 0.9951267056530214,
      "recall": 0.9970703125,
      "f1-score": 0.9960975609756099,
      "support": 1024.0
    },
    "16qam": {
      "precision": 0.8907922912205567,
      "recall": 0.8125,
      "f1-score": 0.8498467824310519,
      "support": 1024.0
    },
    "32qam cross": {
      "precision": 0.7436932391523713,
      "recall": 0.7197265625,
      "f1-score": 0.7315136476426799,
      "support": 1024.0
    },
    "64qam": {
      "precision": 0.8253676470588235,
      "recall": 0.876953125,
      "f1-score": 0.850378787878788,
      "support": 1024.0
    },
    "128qam cross": {
      "precision": 0.7141535615171137,
      "recall": 0.75390625,
      "f1-score": 0.7334916864608076,
      "support": 1024.0
    },
    "accuracy": 0.8600260416666666,
    "macro avg": {
      "precision": 0.861522240766981,
      "recall": 0.8600260416666666,
      "f1-score": 0.8602214108981562,
      "support": 6144.0
    },
    "weighted avg": {
      "precision": 0.861522240766981,
      "recall": 0.8600260416666666,
      "f1-score": 0.8602214108981562,
      "support": 6144.0
    }
  }
}