{
  "experiment": {
    "name": "red_carlos_ESC_3",
    "timestamp": "2025-06-18T05:52:15.106183",
    "repeat_index": 1,
    "fold_index": 0
  },
  "evaluation": {
    "loss": 0.42865943908691406,
    "accuracy": 0.922701358795166
  },
  "classification_report": {
    "bpsk": {
      "precision": 1.0,
      "recall": 1.0,
      "f1-score": 1.0,
      "support": 410.0
    },
    "qpsk": {
      "precision": 1.0,
      "recall": 1.0,
      "f1-score": 1.0,
      "support": 410.0
    },
    "16qam": {
      "precision": 0.9779411764705882,
      "recall": 0.973170731707317,
      "f1-score": 0.9755501222493886,
      "support": 410.0
    },
    "32qam cross": {
      "precision": 0.9225181598062954,
      "recall": 0.9292682926829269,
      "f1-score": 0.9258809234507898,
      "support": 410.0
    },
    "64qam": {
      "precision": 0.8436018957345972,
      "recall": 0.8704156479217604,
      "f1-score": 0.8567990373044525,
      "support": 409.0
    },
    "128qam cross": {
      "precision": 0.7873417721518987,
      "recall": 0.7603911980440098,
      "f1-score": 0.7736318407960199,
      "support": 409.0
    },
    "accuracy": 0.9222945484133441,
    "macro avg": {
      "precision": 0.9219005006938965,
      "recall": 0.9222076450593356,
      "f1-score": 0.9219769873001086,
      "support": 2458.0
    },
    "weighted avg": {
      "precision": 0.9219870984699345,
      "recall": 0.9222945484133441,
      "f1-score": 0.9220638559317194,
      "support": 2458.0
    }
  }
}