{
  "experiment": {
    "name": "res_tcn_se_esc_1",
    "timestamp": "2025-06-21T02:26:22.514952",
    "repeat_index": 2,
    "fold_index": 1
  },
  "effects": {
    "num_taps": {
      "is_categorical": true,
      "bins": null,
      "values": {
        "2": {
          "Éxito": 0.6810414971521562,
          "Error": 0.3189585028478438
        }
      }
    },
    "snr_db": {
      "is_categorical": false,
      "bins": 10,
      "values": {
        "(-0.00373, 0.4]": {
          "Éxito": 0.6394849785407726,
          "Error": 0.3605150214592275
        },
        "(0.4, 0.8]": {
          "Éxito": 0.5918367346938775,
          "Error": 0.40816326530612246
        },
        "(0.8, 1.2]": {
          "Éxito": 0.6970802919708029,
          "Error": 0.3029197080291971
        },
        "(1.2, 1.599]": {
          "Éxito": 0.6412556053811659,
          "Error": 0.35874439461883406
        },
        "(1.599, 1.999]": {
          "Éxito": 0.7609561752988048,
          "Error": 0.23904382470119523
        },
        "(1.999, 2.399]": {
          "Éxito": 0.6872727272727273,
          "Error": 0.31272727272727274
        },
        "(2.399, 2.799]": {
          "Éxito": 0.723404255319149,
          "Error": 0.2765957446808511
        },
        "(2.799, 3.198]": {
          "Éxito": 0.686046511627907,
          "Error": 0.313953488372093
        },
        "(3.198, 3.598]": {
          "Éxito": 0.6981981981981982,
          "Error": 0.30180180180180183
        },
        "(3.598, 3.998]": {
          "Éxito": 0.6776859504132231,
          "Error": 0.32231404958677684
        }
      }
    },
    "phase_offset": {
      "is_categorical": false,
      "bins": 10,
      "values": {
        "(-0.0353, 4.509]": {
          "Éxito": 0.6697674418604651,
          "Error": 0.3302325581395349
        },
        "(4.509, 9.007]": {
          "Éxito": 0.7137096774193549,
          "Error": 0.2862903225806452
        },
        "(9.007, 13.506]": {
          "Éxito": 0.6625514403292181,
          "Error": 0.3374485596707819
        },
        "(13.506, 18.005]": {
          "Éxito": 0.6553191489361702,
          "Error": 0.3446808510638298
        },
        "(18.005, 22.504]": {
          "Éxito": 0.6901408450704225,
          "Error": 0.30985915492957744
        },
        "(22.504, 27.003]": {
          "Éxito": 0.7204724409448819,
          "Error": 0.2795275590551181
        },
        "(27.003, 31.501]": {
          "Éxito": 0.6889763779527559,
          "Error": 0.3110236220472441
        },
        "(31.501, 36.0]": {
          "Éxito": 0.6808510638297872,
          "Error": 0.3191489361702128
        },
        "(36.0, 40.499]": {
          "Éxito": 0.6448979591836734,
          "Error": 0.3551020408163265
        },
        "(40.499, 44.998]": {
          "Éxito": 0.6775510204081633,
          "Error": 0.3224489795918367
        }
      }
    },
    "roll_off": {
      "is_categorical": false,
      "bins": 10,
      "values": {
        "(0.2, 0.21]": {
          "Éxito": 0.6384976525821596,
          "Error": 0.3615023474178404
        },
        "(0.21, 0.22]": {
          "Éxito": 0.6798245614035088,
          "Error": 0.3201754385964912
        },
        "(0.22, 0.23]": {
          "Éxito": 0.6842105263157895,
          "Error": 0.3157894736842105
        },
        "(0.23, 0.24]": {
          "Éxito": 0.6953125,
          "Error": 0.3046875
        },
        "(0.24, 0.25]": {
          "Éxito": 0.6926229508196722,
          "Error": 0.3073770491803279
        },
        "(0.25, 0.26]": {
          "Éxito": 0.6692015209125475,
          "Error": 0.33079847908745247
        },
        "(0.26, 0.27]": {
          "Éxito": 0.720754716981132,
          "Error": 0.2792452830188679
        },
        "(0.27, 0.28]": {
          "Éxito": 0.6275303643724697,
          "Error": 0.3724696356275304
        },
        "(0.28, 0.29]": {
          "Éxito": 0.6995884773662552,
          "Error": 0.3004115226337449
        },
        "(0.29, 0.3]": {
          "Éxito": 0.6944444444444444,
          "Error": 0.3055555555555556
        }
      }
    }
  }
}