{
  "experiment": {
    "name": "cnn_bilstm_attn_esc_7",
    "timestamp": "2025-06-22T20:51:12.929968",
    "repeat_index": 3,
    "fold_index": 3
  },
  "effects": {
    "num_taps": {
      "is_categorical": true,
      "bins": null,
      "values": {
        "4": {
          "Éxito": 0.8836452400325467,
          "Error": 0.11635475996745322
        }
      }
    },
    "snr_db": {
      "is_categorical": false,
      "bins": 10,
      "values": {
        "(7.996, 8.4]": {
          "Éxito": 0.8814229249011858,
          "Error": 0.11857707509881422
        },
        "(8.4, 8.8]": {
          "Éxito": 0.8616600790513834,
          "Error": 0.1383399209486166
        },
        "(8.8, 9.2]": {
          "Éxito": 0.876984126984127,
          "Error": 0.12301587301587301
        },
        "(9.2, 9.599]": {
          "Éxito": 0.8478260869565217,
          "Error": 0.15217391304347827
        },
        "(9.599, 9.999]": {
          "Éxito": 0.9029535864978903,
          "Error": 0.0970464135021097
        },
        "(9.999, 10.399]": {
          "Éxito": 0.8693877551020408,
          "Error": 0.1306122448979592
        },
        "(10.399, 10.799]": {
          "Éxito": 0.8872180451127819,
          "Error": 0.11278195488721804
        },
        "(10.799, 11.199]": {
          "Éxito": 0.9206349206349206,
          "Error": 0.07936507936507936
        },
        "(11.199, 11.598]": {
          "Éxito": 0.9152542372881356,
          "Error": 0.0847457627118644
        },
        "(11.598, 11.998]": {
          "Éxito": 0.8717948717948718,
          "Error": 0.1282051282051282
        }
      }
    },
    "phase_offset": {
      "is_categorical": false,
      "bins": 10,
      "values": {
        "(-0.0376, 4.505]": {
          "Éxito": 0.8546255506607929,
          "Error": 0.14537444933920704
        },
        "(4.505, 9.003]": {
          "Éxito": 0.8809523809523809,
          "Error": 0.11904761904761904
        },
        "(9.003, 13.501]": {
          "Éxito": 0.9007936507936508,
          "Error": 0.0992063492063492
        },
        "(13.501, 17.999]": {
          "Éxito": 0.8734693877551021,
          "Error": 0.12653061224489795
        },
        "(17.999, 22.497]": {
          "Éxito": 0.8928571428571429,
          "Error": 0.10714285714285714
        },
        "(22.497, 26.995]": {
          "Éxito": 0.8671875,
          "Error": 0.1328125
        },
        "(26.995, 31.492]": {
          "Éxito": 0.8932806324110671,
          "Error": 0.1067193675889328
        },
        "(31.492, 35.99]": {
          "Éxito": 0.869198312236287,
          "Error": 0.1308016877637131
        },
        "(35.99, 40.488]": {
          "Éxito": 0.8987854251012146,
          "Error": 0.10121457489878542
        },
        "(40.488, 44.986]": {
          "Éxito": 0.9018867924528302,
          "Error": 0.09811320754716982
        }
      }
    },
    "roll_off": {
      "is_categorical": false,
      "bins": 10,
      "values": {
        "(0.2, 0.21]": {
          "Éxito": 0.918918918918919,
          "Error": 0.08108108108108109
        },
        "(0.21, 0.22]": {
          "Éxito": 0.8765957446808511,
          "Error": 0.12340425531914893
        },
        "(0.22, 0.23]": {
          "Éxito": 0.871900826446281,
          "Error": 0.128099173553719
        },
        "(0.23, 0.24]": {
          "Éxito": 0.8704453441295547,
          "Error": 0.12955465587044535
        },
        "(0.24, 0.25]": {
          "Éxito": 0.8818897637795275,
          "Error": 0.11811023622047244
        },
        "(0.25, 0.26]": {
          "Éxito": 0.9112903225806451,
          "Error": 0.08870967741935484
        },
        "(0.26, 0.27]": {
          "Éxito": 0.8728070175438597,
          "Error": 0.12719298245614036
        },
        "(0.27, 0.28]": {
          "Éxito": 0.9024390243902439,
          "Error": 0.0975609756097561
        },
        "(0.28, 0.29]": {
          "Éxito": 0.8740458015267175,
          "Error": 0.12595419847328243
        },
        "(0.29, 0.3]": {
          "Éxito": 0.8523206751054853,
          "Error": 0.14767932489451477
        }
      }
    }
  }
}