{
  "experiment": {
    "name": "cnn_bilstm_attn_esc_2",
    "timestamp": "2025-06-19T08:46:57.948506",
    "repeat_index": 3,
    "fold_index": 4
  },
  "effects": {
    "num_taps": {
      "is_categorical": true,
      "bins": null,
      "values": {
        "2": {
          "Éxito": 0.9015459723352319,
          "Error": 0.0984540276647681
        }
      }
    },
    "snr_db": {
      "is_categorical": false,
      "bins": 10,
      "values": {
        "(3.996, 4.4]": {
          "Éxito": 0.8690476190476191,
          "Error": 0.13095238095238096
        },
        "(4.4, 4.8]": {
          "Éxito": 0.9,
          "Error": 0.1
        },
        "(4.8, 5.2]": {
          "Éxito": 0.8731343283582089,
          "Error": 0.12686567164179105
        },
        "(5.2, 5.6]": {
          "Éxito": 0.8652173913043478,
          "Error": 0.13478260869565217
        },
        "(5.6, 6.0]": {
          "Éxito": 0.9146341463414634,
          "Error": 0.08536585365853659
        },
        "(6.0, 6.4]": {
          "Éxito": 0.88,
          "Error": 0.12
        },
        "(6.4, 6.8]": {
          "Éxito": 0.926829268292683,
          "Error": 0.07317073170731707
        },
        "(6.8, 7.2]": {
          "Éxito": 0.9213973799126638,
          "Error": 0.07860262008733625
        },
        "(7.2, 7.6]": {
          "Éxito": 0.94,
          "Error": 0.06
        },
        "(7.6, 7.999]": {
          "Éxito": 0.9246031746031746,
          "Error": 0.07539682539682539
        }
      }
    },
    "phase_offset": {
      "is_categorical": false,
      "bins": 10,
      "values": {
        "(-0.0429, 4.499]": {
          "Éxito": 0.8898678414096917,
          "Error": 0.11013215859030837
        },
        "(4.499, 8.996]": {
          "Éxito": 0.9294605809128631,
          "Error": 0.07053941908713693
        },
        "(8.996, 13.493]": {
          "Éxito": 0.907563025210084,
          "Error": 0.09243697478991597
        },
        "(13.493, 17.99]": {
          "Éxito": 0.927710843373494,
          "Error": 0.07228915662650602
        },
        "(17.99, 22.486]": {
          "Éxito": 0.9034749034749034,
          "Error": 0.09652509652509653
        },
        "(22.486, 26.983]": {
          "Éxito": 0.8943089430894309,
          "Error": 0.10569105691056911
        },
        "(26.983, 31.48]": {
          "Éxito": 0.9068825910931174,
          "Error": 0.0931174089068826
        },
        "(31.48, 35.977]": {
          "Éxito": 0.896551724137931,
          "Error": 0.10344827586206896
        },
        "(35.977, 40.474]": {
          "Éxito": 0.9173553719008265,
          "Error": 0.08264462809917356
        },
        "(40.474, 44.971]": {
          "Éxito": 0.842741935483871,
          "Error": 0.15725806451612903
        }
      }
    },
    "roll_off": {
      "is_categorical": false,
      "bins": 10,
      "values": {
        "(0.2, 0.21]": {
          "Éxito": 0.842741935483871,
          "Error": 0.15725806451612903
        },
        "(0.21, 0.22]": {
          "Éxito": 0.9047619047619048,
          "Error": 0.09523809523809523
        },
        "(0.22, 0.23]": {
          "Éxito": 0.9135802469135802,
          "Error": 0.08641975308641975
        },
        "(0.23, 0.24]": {
          "Éxito": 0.924901185770751,
          "Error": 0.07509881422924901
        },
        "(0.24, 0.25]": {
          "Éxito": 0.9109311740890689,
          "Error": 0.08906882591093117
        },
        "(0.25, 0.26]": {
          "Éxito": 0.8853754940711462,
          "Error": 0.11462450592885376
        },
        "(0.26, 0.27]": {
          "Éxito": 0.907563025210084,
          "Error": 0.09243697478991597
        },
        "(0.27, 0.28]": {
          "Éxito": 0.914396887159533,
          "Error": 0.08560311284046693
        },
        "(0.28, 0.29]": {
          "Éxito": 0.9142857142857143,
          "Error": 0.08571428571428572
        },
        "(0.29, 0.3]": {
          "Éxito": 0.8963963963963963,
          "Error": 0.1036036036036036
        }
      }
    }
  }
}