{
  "experiment": {
    "name": "ARQ_3__ESC_3",
    "timestamp": "2025-06-19T10:37:54.017742",
    "repeat_index": 9
  },
  "effects": {
    "num_taps": {
      "is_categorical": true,
      "bins": null,
      "values": {
        "2": {
          "Éxito": 0.9617513020833334,
          "Error": 0.038248697916666664
        }
      }
    },
    "snr_db": {
      "is_categorical": false,
      "bins": 10,
      "values": {
        "(7.996, 8.4]": {
          "Éxito": 0.952054794520548,
          "Error": 0.04794520547945205
        },
        "(8.4, 8.8]": {
          "Éxito": 0.9466248037676609,
          "Error": 0.05337519623233909
        },
        "(8.8, 9.2]": {
          "Éxito": 0.9420289855072463,
          "Error": 0.057971014492753624
        },
        "(9.2, 9.6]": {
          "Éxito": 0.9563182527301092,
          "Error": 0.0436817472698908
        },
        "(9.6, 10.0]": {
          "Éxito": 0.9584615384615385,
          "Error": 0.04153846153846154
        },
        "(10.0, 10.4]": {
          "Éxito": 0.9737274220032841,
          "Error": 0.026272577996715927
        },
        "(10.4, 10.8]": {
          "Éxito": 0.966499162479062,
          "Error": 0.03350083752093802
        },
        "(10.8, 11.2]": {
          "Éxito": 0.9791304347826087,
          "Error": 0.020869565217391306
        },
        "(11.2, 11.6]": {
          "Éxito": 0.9669291338582677,
          "Error": 0.03307086614173228
        },
        "(11.6, 12.0]": {
          "Éxito": 0.9781512605042016,
          "Error": 0.021848739495798318
        }
      }
    },
    "phase_offset": {
      "is_categorical": false,
      "bins": 10,
      "values": {
        "(-0.0388, 4.505]": {
          "Éxito": 0.9668989547038328,
          "Error": 0.033101045296167246
        },
        "(4.505, 9.004]": {
          "Éxito": 0.9669291338582677,
          "Error": 0.03307086614173228
        },
        "(9.004, 13.503]": {
          "Éxito": 0.9550561797752809,
          "Error": 0.0449438202247191
        },
        "(13.503, 18.002]": {
          "Éxito": 0.9610591900311527,
          "Error": 0.03894080996884735
        },
        "(18.002, 22.501]": {
          "Éxito": 0.9518072289156626,
          "Error": 0.04819277108433735
        },
        "(22.501, 27.0]": {
          "Éxito": 0.9563025210084034,
          "Error": 0.043697478991596636
        },
        "(27.0, 31.499]": {
          "Éxito": 0.9720853858784894,
          "Error": 0.027914614121510674
        },
        "(31.499, 35.998]": {
          "Éxito": 0.9772357723577236,
          "Error": 0.022764227642276424
        },
        "(35.998, 40.497]": {
          "Éxito": 0.953416149068323,
          "Error": 0.046583850931677016
        },
        "(40.497, 44.996]": {
          "Éxito": 0.9568690095846646,
          "Error": 0.04313099041533546
        }
      }
    },
    "roll_off": {
      "is_categorical": false,
      "bins": 10,
      "values": {
        "(0.2, 0.21]": {
          "Éxito": 0.9428571428571428,
          "Error": 0.05714285714285714
        },
        "(0.21, 0.22]": {
          "Éxito": 0.9608177172061328,
          "Error": 0.039182282793867124
        },
        "(0.22, 0.23]": {
          "Éxito": 0.9566563467492261,
          "Error": 0.043343653250773995
        },
        "(0.23, 0.24]": {
          "Éxito": 0.9519725557461407,
          "Error": 0.048027444253859346
        },
        "(0.24, 0.25]": {
          "Éxito": 0.9690402476780186,
          "Error": 0.030959752321981424
        },
        "(0.25, 0.26]": {
          "Éxito": 0.957613814756672,
          "Error": 0.0423861852433281
        },
        "(0.26, 0.27]": {
          "Éxito": 0.9713375796178344,
          "Error": 0.028662420382165606
        },
        "(0.27, 0.28]": {
          "Éxito": 0.9632721202003339,
          "Error": 0.03672787979966611
        },
        "(0.28, 0.29]": {
          "Éxito": 0.9712,
          "Error": 0.0288
        },
        "(0.29, 0.3]": {
          "Éxito": 0.9715719063545151,
          "Error": 0.028428093645484948
        }
      }
    }
  }
}