{
  "experiment": {
    "name": "cnn_bilstm_attn_esc_10",
    "timestamp": "2025-06-18T22:16:41.235413",
    "repeat_index": 0,
    "fold_index": 1
  },
  "effects": {
    "num_taps": {
      "is_categorical": true,
      "bins": null,
      "values": {
        "2": {
          "Éxito": 0.96826688364524,
          "Error": 0.03173311635475997
        }
      }
    },
    "snr_db": {
      "is_categorical": false,
      "bins": 10,
      "values": {
        "(7.997, 8.401]": {
          "Éxito": 0.963265306122449,
          "Error": 0.036734693877551024
        },
        "(8.401, 8.801]": {
          "Éxito": 0.9427480916030534,
          "Error": 0.05725190839694656
        },
        "(8.801, 9.201]": {
          "Éxito": 0.9385245901639344,
          "Error": 0.06147540983606557
        },
        "(9.201, 9.6]": {
          "Éxito": 0.9791666666666666,
          "Error": 0.020833333333333332
        },
        "(9.6, 10.0]": {
          "Éxito": 0.9719626168224299,
          "Error": 0.028037383177570093
        },
        "(10.0, 10.4]": {
          "Éxito": 0.9699248120300752,
          "Error": 0.03007518796992481
        },
        "(10.4, 10.8]": {
          "Éxito": 0.9549180327868853,
          "Error": 0.045081967213114756
        },
        "(10.8, 11.2]": {
          "Éxito": 0.9924528301886792,
          "Error": 0.007547169811320755
        },
        "(11.2, 11.6]": {
          "Éxito": 0.9781659388646288,
          "Error": 0.021834061135371178
        },
        "(11.6, 12.0]": {
          "Éxito": 0.9919678714859438,
          "Error": 0.008032128514056224
        }
      }
    },
    "phase_offset": {
      "is_categorical": false,
      "bins": 10,
      "values": {
        "(89.957, 94.496]": {
          "Éxito": 0.9707112970711297,
          "Error": 0.029288702928870293
        },
        "(94.496, 98.991]": {
          "Éxito": 0.9840637450199203,
          "Error": 0.01593625498007968
        },
        "(98.991, 103.485]": {
          "Éxito": 0.9561752988047809,
          "Error": 0.043824701195219126
        },
        "(103.485, 107.979]": {
          "Éxito": 0.9748953974895398,
          "Error": 0.02510460251046025
        },
        "(107.979, 112.474]": {
          "Éxito": 0.9769230769230769,
          "Error": 0.023076923076923078
        },
        "(112.474, 116.968]": {
          "Éxito": 0.9696969696969697,
          "Error": 0.030303030303030304
        },
        "(116.968, 121.463]": {
          "Éxito": 0.952755905511811,
          "Error": 0.047244094488188976
        },
        "(121.463, 125.957]": {
          "Éxito": 0.9796747967479674,
          "Error": 0.02032520325203252
        },
        "(125.957, 130.452]": {
          "Éxito": 0.9512195121951219,
          "Error": 0.04878048780487805
        },
        "(130.452, 134.946]": {
          "Éxito": 0.966804979253112,
          "Error": 0.03319502074688797
        }
      }
    },
    "roll_off": {
      "is_categorical": false,
      "bins": 10,
      "values": {
        "(0.2, 0.21]": {
          "Éxito": 0.9482071713147411,
          "Error": 0.05179282868525897
        },
        "(0.21, 0.22]": {
          "Éxito": 0.9455252918287937,
          "Error": 0.054474708171206226
        },
        "(0.22, 0.23]": {
          "Éxito": 0.9662921348314607,
          "Error": 0.033707865168539325
        },
        "(0.23, 0.24]": {
          "Éxito": 0.9497716894977168,
          "Error": 0.0502283105022831
        },
        "(0.24, 0.25]": {
          "Éxito": 0.980544747081712,
          "Error": 0.019455252918287938
        },
        "(0.25, 0.26]": {
          "Éxito": 0.972972972972973,
          "Error": 0.02702702702702703
        },
        "(0.26, 0.27]": {
          "Éxito": 0.973384030418251,
          "Error": 0.026615969581749048
        },
        "(0.27, 0.28]": {
          "Éxito": 0.9748953974895398,
          "Error": 0.02510460251046025
        },
        "(0.28, 0.29]": {
          "Éxito": 0.9873417721518988,
          "Error": 0.012658227848101266
        },
        "(0.29, 0.3]": {
          "Éxito": 0.983739837398374,
          "Error": 0.016260162601626018
        }
      }
    }
  }
}