{
  "experiment": {
    "name": "res_tcn_se_esc_9",
    "timestamp": "2025-06-22T02:29:27.558154",
    "repeat_index": 1,
    "fold_index": 3
  },
  "effects": {
    "num_taps": {
      "is_categorical": true,
      "bins": null,
      "values": {
        "2": {
          "Éxito": 0.950772986167616,
          "Error": 0.04922701383238405
        }
      }
    },
    "snr_db": {
      "is_categorical": false,
      "bins": 10,
      "values": {
        "(7.996, 8.4]": {
          "Éxito": 0.9367588932806324,
          "Error": 0.06324110671936758
        },
        "(8.4, 8.8]": {
          "Éxito": 0.9112903225806451,
          "Error": 0.08870967741935484
        },
        "(8.8, 9.2]": {
          "Éxito": 0.9411764705882353,
          "Error": 0.058823529411764705
        },
        "(9.2, 9.6]": {
          "Éxito": 0.947136563876652,
          "Error": 0.05286343612334802
        },
        "(9.6, 10.0]": {
          "Éxito": 0.9571984435797666,
          "Error": 0.042801556420233464
        },
        "(10.0, 10.4]": {
          "Éxito": 0.9596412556053812,
          "Error": 0.04035874439461883
        },
        "(10.4, 10.799]": {
          "Éxito": 0.9670781893004116,
          "Error": 0.03292181069958848
        },
        "(10.799, 11.199]": {
          "Éxito": 0.9580152671755725,
          "Error": 0.04198473282442748
        },
        "(11.199, 11.599]": {
          "Éxito": 0.9704641350210971,
          "Error": 0.029535864978902954
        },
        "(11.599, 11.999]": {
          "Éxito": 0.9592592592592593,
          "Error": 0.040740740740740744
        }
      }
    },
    "phase_offset": {
      "is_categorical": false,
      "bins": 10,
      "values": {
        "(44.957, 49.499]": {
          "Éxito": 0.95,
          "Error": 0.05
        },
        "(49.499, 53.997]": {
          "Éxito": 0.9591836734693877,
          "Error": 0.04081632653061224
        },
        "(53.997, 58.494]": {
          "Éxito": 0.9545454545454546,
          "Error": 0.045454545454545456
        },
        "(58.494, 62.991]": {
          "Éxito": 0.9678714859437751,
          "Error": 0.0321285140562249
        },
        "(62.991, 67.489]": {
          "Éxito": 0.9459459459459459,
          "Error": 0.05405405405405406
        },
        "(67.489, 71.986]": {
          "Éxito": 0.9465020576131687,
          "Error": 0.053497942386831275
        },
        "(71.986, 76.483]": {
          "Éxito": 0.9272030651340997,
          "Error": 0.07279693486590039
        },
        "(76.483, 80.98]": {
          "Éxito": 0.94140625,
          "Error": 0.05859375
        },
        "(80.98, 85.478]": {
          "Éxito": 0.9662921348314607,
          "Error": 0.033707865168539325
        },
        "(85.478, 89.975]": {
          "Éxito": 0.948936170212766,
          "Error": 0.05106382978723404
        }
      }
    },
    "roll_off": {
      "is_categorical": false,
      "bins": 10,
      "values": {
        "(0.2, 0.21]": {
          "Éxito": 0.946969696969697,
          "Error": 0.05303030303030303
        },
        "(0.21, 0.22]": {
          "Éxito": 0.9393939393939394,
          "Error": 0.06060606060606061
        },
        "(0.22, 0.23]": {
          "Éxito": 0.9467213114754098,
          "Error": 0.05327868852459016
        },
        "(0.23, 0.24]": {
          "Éxito": 0.9555555555555556,
          "Error": 0.044444444444444446
        },
        "(0.24, 0.25]": {
          "Éxito": 0.9625468164794008,
          "Error": 0.03745318352059925
        },
        "(0.25, 0.26]": {
          "Éxito": 0.9609375,
          "Error": 0.0390625
        },
        "(0.26, 0.27]": {
          "Éxito": 0.9471698113207547,
          "Error": 0.052830188679245285
        },
        "(0.27, 0.28]": {
          "Éxito": 0.9450980392156862,
          "Error": 0.054901960784313725
        },
        "(0.28, 0.29]": {
          "Éxito": 0.9521739130434783,
          "Error": 0.04782608695652174
        },
        "(0.29, 0.3]": {
          "Éxito": 0.9502262443438914,
          "Error": 0.049773755656108594
        }
      }
    }
  }
}