{
  "experiment": {
    "name": "ARQ_1__ESC_6",
    "timestamp": "2025-06-23T05:37:00.093479",
    "repeat_index": 6
  },
  "effects": {
    "num_taps": {
      "is_categorical": true,
      "bins": null,
      "values": {
        "1": {
          "Éxito": 0.9881184895833334,
          "Error": 0.011881510416666666
        }
      }
    },
    "snr_db": {
      "is_categorical": false,
      "bins": 10,
      "values": {
        "(7.996, 8.4]": {
          "Éxito": 0.9735202492211839,
          "Error": 0.0264797507788162
        },
        "(8.4, 8.8]": {
          "Éxito": 0.9778129952456418,
          "Error": 0.022187004754358162
        },
        "(8.8, 9.2]": {
          "Éxito": 0.9916247906197655,
          "Error": 0.008375209380234505
        },
        "(9.2, 9.6]": {
          "Éxito": 0.9804878048780488,
          "Error": 0.01951219512195122
        },
        "(9.6, 10.0]": {
          "Éxito": 0.9829642248722317,
          "Error": 0.017035775127768313
        },
        "(10.0, 10.4]": {
          "Éxito": 0.988313856427379,
          "Error": 0.011686143572621035
        },
        "(10.4, 10.8]": {
          "Éxito": 0.9983333333333333,
          "Error": 0.0016666666666666668
        },
        "(10.8, 11.2]": {
          "Éxito": 0.9920127795527156,
          "Error": 0.007987220447284345
        },
        "(11.2, 11.6]": {
          "Éxito": 0.9983974358974359,
          "Error": 0.0016025641025641025
        },
        "(11.6, 12.0]": {
          "Éxito": 0.9983948635634029,
          "Error": 0.0016051364365971107
        }
      }
    },
    "phase_offset": {
      "is_categorical": false,
      "bins": 10,
      "values": {
        "(-0.0425, 4.502]": {
          "Éxito": 0.9762282091917591,
          "Error": 0.02377179080824089
        },
        "(4.502, 9.002]": {
          "Éxito": 0.983739837398374,
          "Error": 0.016260162601626018
        },
        "(9.002, 13.501]": {
          "Éxito": 0.9860681114551083,
          "Error": 0.01393188854489164
        },
        "(13.501, 18.001]": {
          "Éxito": 0.9896907216494846,
          "Error": 0.010309278350515464
        },
        "(18.001, 22.501]": {
          "Éxito": 0.9950738916256158,
          "Error": 0.0049261083743842365
        },
        "(22.501, 27.0]": {
          "Éxito": 0.9967479674796748,
          "Error": 0.0032520325203252032
        },
        "(27.0, 31.5]": {
          "Éxito": 0.9938837920489296,
          "Error": 0.0061162079510703364
        },
        "(31.5, 35.999]": {
          "Éxito": 0.988391376451078,
          "Error": 0.011608623548922056
        },
        "(35.999, 40.499]": {
          "Éxito": 0.984873949579832,
          "Error": 0.015126050420168067
        },
        "(40.499, 44.999]": {
          "Éxito": 0.9865319865319865,
          "Error": 0.013468013468013467
        }
      }
    },
    "roll_off": {
      "is_categorical": false,
      "bins": 10,
      "values": {
        "(0.2, 0.21]": {
          "Éxito": 0.9707317073170731,
          "Error": 0.02926829268292683
        },
        "(0.21, 0.22]": {
          "Éxito": 0.9883720930232558,
          "Error": 0.011627906976744186
        },
        "(0.22, 0.23]": {
          "Éxito": 0.9872611464968153,
          "Error": 0.012738853503184714
        },
        "(0.23, 0.24]": {
          "Éxito": 0.9881129271916791,
          "Error": 0.01188707280832095
        },
        "(0.24, 0.25]": {
          "Éxito": 0.9901153212520593,
          "Error": 0.009884678747940691
        },
        "(0.25, 0.26]": {
          "Éxito": 0.9887096774193549,
          "Error": 0.01129032258064516
        },
        "(0.26, 0.27]": {
          "Éxito": 0.985,
          "Error": 0.015
        },
        "(0.27, 0.28]": {
          "Éxito": 0.9912434325744308,
          "Error": 0.008756567425569177
        },
        "(0.28, 0.29]": {
          "Éxito": 0.99185667752443,
          "Error": 0.008143322475570033
        },
        "(0.29, 0.3]": {
          "Éxito": 1.0,
          "Error": 0.0
        }
      }
    }
  }
}