{
  "experiment": {
    "name": "ARQ_2__ESC_6",
    "timestamp": "2025-06-19T17:07:17.521334",
    "repeat_index": 2
  },
  "effects": {
    "num_taps": {
      "is_categorical": true,
      "bins": null,
      "values": {
        "1": {
          "Éxito": 0.9874674479166666,
          "Error": 0.012532552083333334
        }
      }
    },
    "snr_db": {
      "is_categorical": false,
      "bins": 10,
      "values": {
        "(7.996, 8.4]": {
          "Éxito": 0.9719626168224299,
          "Error": 0.028037383177570093
        },
        "(8.4, 8.8]": {
          "Éxito": 0.9793977812995246,
          "Error": 0.020602218700475437
        },
        "(8.8, 9.2]": {
          "Éxito": 0.9798994974874372,
          "Error": 0.020100502512562814
        },
        "(9.2, 9.6]": {
          "Éxito": 0.9804878048780488,
          "Error": 0.01951219512195122
        },
        "(9.6, 10.0]": {
          "Éxito": 0.9914821124361158,
          "Error": 0.008517887563884156
        },
        "(10.0, 10.4]": {
          "Éxito": 0.989983305509182,
          "Error": 0.01001669449081803
        },
        "(10.4, 10.8]": {
          "Éxito": 0.9933333333333333,
          "Error": 0.006666666666666667
        },
        "(10.8, 11.2]": {
          "Éxito": 0.9936102236421726,
          "Error": 0.006389776357827476
        },
        "(11.2, 11.6]": {
          "Éxito": 1.0,
          "Error": 0.0
        },
        "(11.6, 12.0]": {
          "Éxito": 0.9951845906902087,
          "Error": 0.004815409309791332
        }
      }
    },
    "phase_offset": {
      "is_categorical": false,
      "bins": 10,
      "values": {
        "(-0.0425, 4.502]": {
          "Éxito": 0.9746434231378764,
          "Error": 0.025356576862123614
        },
        "(4.502, 9.002]": {
          "Éxito": 0.9951219512195122,
          "Error": 0.004878048780487805
        },
        "(9.002, 13.501]": {
          "Éxito": 0.9829721362229102,
          "Error": 0.017027863777089782
        },
        "(13.501, 18.001]": {
          "Éxito": 0.9862542955326461,
          "Error": 0.013745704467353952
        },
        "(18.001, 22.501]": {
          "Éxito": 0.993431855500821,
          "Error": 0.006568144499178982
        },
        "(22.501, 27.0]": {
          "Éxito": 0.991869918699187,
          "Error": 0.008130081300813009
        },
        "(27.0, 31.5]": {
          "Éxito": 0.9923547400611621,
          "Error": 0.00764525993883792
        },
        "(31.5, 35.999]": {
          "Éxito": 0.9834162520729685,
          "Error": 0.01658374792703151
        },
        "(35.999, 40.499]": {
          "Éxito": 0.9915966386554622,
          "Error": 0.008403361344537815
        },
        "(40.499, 44.999]": {
          "Éxito": 0.9831649831649831,
          "Error": 0.016835016835016835
        }
      }
    },
    "roll_off": {
      "is_categorical": false,
      "bins": 10,
      "values": {
        "(0.2, 0.21]": {
          "Éxito": 0.9853658536585366,
          "Error": 0.014634146341463415
        },
        "(0.21, 0.22]": {
          "Éxito": 0.9883720930232558,
          "Error": 0.011627906976744186
        },
        "(0.22, 0.23]": {
          "Éxito": 0.9792993630573248,
          "Error": 0.020700636942675158
        },
        "(0.23, 0.24]": {
          "Éxito": 0.9821693907875185,
          "Error": 0.017830609212481426
        },
        "(0.24, 0.25]": {
          "Éxito": 0.9901153212520593,
          "Error": 0.009884678747940691
        },
        "(0.25, 0.26]": {
          "Éxito": 0.9870967741935484,
          "Error": 0.012903225806451613
        },
        "(0.26, 0.27]": {
          "Éxito": 0.9883333333333333,
          "Error": 0.011666666666666667
        },
        "(0.27, 0.28]": {
          "Éxito": 0.989492119089317,
          "Error": 0.010507880910683012
        },
        "(0.28, 0.29]": {
          "Éxito": 0.990228013029316,
          "Error": 0.009771986970684038
        },
        "(0.29, 0.3]": {
          "Éxito": 0.995114006514658,
          "Error": 0.004885993485342019
        }
      }
    }
  }
}