{
  "experiment": {
    "name": "red_carlos_ESC_3",
    "timestamp": "2025-06-18T07:04:47.163903",
    "repeat_index": 3,
    "fold_index": 0
  },
  "evaluation": {
    "loss": 0.2542077302932739,
    "accuracy": 0.936940610408783
  },
  "classification_report": {
    "bpsk": {
      "precision": 1.0,
      "recall": 0.9926650366748166,
      "f1-score": 0.996319018404908,
      "support": 409.0
    },
    "qpsk": {
      "precision": 0.9951456310679612,
      "recall": 1.0,
      "f1-score": 0.9975669099756691,
      "support": 410.0
    },
    "16qam": {
      "precision": 0.98989898989899,
      "recall": 0.9560975609756097,
      "f1-score": 0.9727047146401985,
      "support": 410.0
    },
    "32qam cross": {
      "precision": 0.8675324675324675,
      "recall": 0.8146341463414634,
      "f1-score": 0.840251572327044,
      "support": 410.0
    },
    "64qam": {
      "precision": 0.9570405727923628,
      "recall": 0.980440097799511,
      "f1-score": 0.9685990338164251,
      "support": 409.0
    },
    "128qam cross": {
      "precision": 0.8181818181818182,
      "recall": 0.8780487804878049,
      "f1-score": 0.8470588235294119,
      "support": 410.0
    },
    "accuracy": 0.9369406021155411,
    "macro avg": {
      "precision": 0.9379665799122666,
      "recall": 0.9369809370465343,
      "f1-score": 0.9370833454489427,
      "support": 2458.0
    },
    "weighted avg": {
      "precision": 0.9379335825921007,
      "recall": 0.9369406021155411,
      "f1-score": 0.9370464246347346,
      "support": 2458.0
    }
  }
}