{
  "experiment": {
    "name": "ARQ_3__ESC_1",
    "timestamp": "2025-06-19T06:49:17.067852",
    "repeat_index": 4
  },
  "evaluation": {
    "loss": 0.4686839282512665,
    "accuracy": 0.7820637822151184
  },
  "classification_report": {
    "bpsk": {
      "precision": 1.0,
      "recall": 0.9990234375,
      "f1-score": 0.9995114802149487,
      "support": 1024.0
    },
    "qpsk": {
      "precision": 0.9980487804878049,
      "recall": 0.9990234375,
      "f1-score": 0.9985358711566618,
      "support": 1024.0
    },
    "16qam": {
      "precision": 0.717391304347826,
      "recall": 0.8056640625,
      "f1-score": 0.7589696412143514,
      "support": 1024.0
    },
    "32qam cross": {
      "precision": 0.6071118820468343,
      "recall": 0.68359375,
      "f1-score": 0.6430868167202572,
      "support": 1024.0
    },
    "64qam": {
      "precision": 0.7150259067357513,
      "recall": 0.673828125,
      "f1-score": 0.693815987933635,
      "support": 1024.0
    },
    "128qam cross": {
      "precision": 0.6570048309178744,
      "recall": 0.53125,
      "f1-score": 0.5874730021598272,
      "support": 1024.0
    },
    "accuracy": 0.7820638020833334,
    "macro avg": {
      "precision": 0.7824304507560152,
      "recall": 0.7820638020833334,
      "f1-score": 0.7802321332332802,
      "support": 6144.0
    },
    "weighted avg": {
      "precision": 0.7824304507560152,
      "recall": 0.7820638020833334,
      "f1-score": 0.7802321332332802,
      "support": 6144.0
    }
  }
}