{
  "experiment": {
    "name": "res_tcn_se_esc_6",
    "timestamp": "2025-06-16T11:00:45.423013",
    "repeat_index": 0,
    "fold_index": 2
  },
  "effects": {
    "num_taps": {
      "is_categorical": true,
      "bins": null,
      "values": {
        "1": {
          "Éxito": 0.9735557363710333,
          "Error": 0.02644426362896664
        }
      }
    },
    "snr_db": {
      "is_categorical": false,
      "bins": 10,
      "values": {
        "(8.001, 8.404]": {
          "Éxito": 0.9795081967213115,
          "Error": 0.020491803278688523
        },
        "(8.404, 8.804]": {
          "Éxito": 0.9601593625498008,
          "Error": 0.0398406374501992
        },
        "(8.804, 9.203]": {
          "Éxito": 0.9652173913043478,
          "Error": 0.034782608695652174
        },
        "(9.203, 9.602]": {
          "Éxito": 0.9713261648745519,
          "Error": 0.02867383512544803
        },
        "(9.602, 10.001]": {
          "Éxito": 0.9645669291338582,
          "Error": 0.03543307086614173
        },
        "(10.001, 10.4]": {
          "Éxito": 0.984375,
          "Error": 0.015625
        },
        "(10.4, 10.8]": {
          "Éxito": 0.959349593495935,
          "Error": 0.04065040650406504
        },
        "(10.8, 11.199]": {
          "Éxito": 0.9875,
          "Error": 0.0125
        },
        "(11.199, 11.598]": {
          "Éxito": 0.972,
          "Error": 0.028
        },
        "(11.598, 11.997]": {
          "Éxito": 0.9951923076923077,
          "Error": 0.004807692307692308
        }
      }
    },
    "phase_offset": {
      "is_categorical": false,
      "bins": 10,
      "values": {
        "(-0.0226, 4.519]": {
          "Éxito": 0.9621848739495799,
          "Error": 0.037815126050420166
        },
        "(4.519, 9.016]": {
          "Éxito": 0.9721115537848606,
          "Error": 0.027888446215139442
        },
        "(9.016, 13.513]": {
          "Éxito": 0.9914893617021276,
          "Error": 0.00851063829787234
        },
        "(13.513, 18.01]": {
          "Éxito": 0.97165991902834,
          "Error": 0.02834008097165992
        },
        "(18.01, 22.507]": {
          "Éxito": 0.9847328244274809,
          "Error": 0.015267175572519083
        },
        "(22.507, 27.004]": {
          "Éxito": 0.9629629629629629,
          "Error": 0.037037037037037035
        },
        "(27.004, 31.501]": {
          "Éxito": 0.9794238683127572,
          "Error": 0.0205761316872428
        },
        "(31.501, 35.998]": {
          "Éxito": 0.968,
          "Error": 0.032
        },
        "(35.998, 40.495]": {
          "Éxito": 0.9812206572769953,
          "Error": 0.018779342723004695
        },
        "(40.495, 44.992]": {
          "Éxito": 0.9637681159420289,
          "Error": 0.036231884057971016
        }
      }
    },
    "roll_off": {
      "is_categorical": false,
      "bins": 10,
      "values": {
        "(0.2, 0.21]": {
          "Éxito": 0.9795918367346939,
          "Error": 0.02040816326530612
        },
        "(0.21, 0.22]": {
          "Éxito": 0.9695652173913043,
          "Error": 0.030434782608695653
        },
        "(0.22, 0.23]": {
          "Éxito": 0.981651376146789,
          "Error": 0.01834862385321101
        },
        "(0.23, 0.24]": {
          "Éxito": 0.9629629629629629,
          "Error": 0.037037037037037035
        },
        "(0.24, 0.25]": {
          "Éxito": 0.9622641509433962,
          "Error": 0.03773584905660377
        },
        "(0.25, 0.26]": {
          "Éxito": 0.975609756097561,
          "Error": 0.024390243902439025
        },
        "(0.26, 0.27]": {
          "Éxito": 0.973384030418251,
          "Error": 0.026615969581749048
        },
        "(0.27, 0.28]": {
          "Éxito": 0.9748953974895398,
          "Error": 0.02510460251046025
        },
        "(0.28, 0.29]": {
          "Éxito": 0.9708029197080292,
          "Error": 0.029197080291970802
        },
        "(0.29, 0.3]": {
          "Éxito": 0.9872340425531915,
          "Error": 0.01276595744680851
        }
      }
    }
  }
}