{
  "experiment": {
    "name": "cnn_bilstm_attn_esc_5",
    "timestamp": "2025-06-18T20:58:09.318210",
    "repeat_index": 0,
    "fold_index": 0
  },
  "effects": {
    "num_taps": {
      "is_categorical": true,
      "bins": null,
      "values": {
        "2": {
          "Éxito": 0.9882017900732303,
          "Error": 0.011798209926769731
        }
      }
    },
    "snr_db": {
      "is_categorical": false,
      "bins": 10,
      "values": {
        "(15.996, 16.4]": {
          "Éxito": 0.9880478087649402,
          "Error": 0.01195219123505976
        },
        "(16.4, 16.8]": {
          "Éxito": 0.975,
          "Error": 0.025
        },
        "(16.8, 17.2]": {
          "Éxito": 0.9877049180327869,
          "Error": 0.012295081967213115
        },
        "(17.2, 17.6]": {
          "Éxito": 0.9875518672199171,
          "Error": 0.012448132780082987
        },
        "(17.6, 18.0]": {
          "Éxito": 0.9802371541501976,
          "Error": 0.019762845849802372
        },
        "(18.0, 18.4]": {
          "Éxito": 0.9961685823754789,
          "Error": 0.0038314176245210726
        },
        "(18.4, 18.8]": {
          "Éxito": 0.9960629921259843,
          "Error": 0.003937007874015748
        },
        "(18.8, 19.2]": {
          "Éxito": 0.9871794871794872,
          "Error": 0.01282051282051282
        },
        "(19.2, 19.6]": {
          "Éxito": 0.9958333333333333,
          "Error": 0.004166666666666667
        },
        "(19.6, 20.0]": {
          "Éxito": 0.9875,
          "Error": 0.0125
        }
      }
    },
    "phase_offset": {
      "is_categorical": false,
      "bins": 10,
      "values": {
        "(-0.0377, 4.505]": {
          "Éxito": 0.9925373134328358,
          "Error": 0.007462686567164179
        },
        "(4.505, 9.003]": {
          "Éxito": 0.9919678714859438,
          "Error": 0.008032128514056224
        },
        "(9.003, 13.502]": {
          "Éxito": 0.9836734693877551,
          "Error": 0.0163265306122449
        },
        "(13.502, 18.0]": {
          "Éxito": 0.9874476987447699,
          "Error": 0.012552301255230125
        },
        "(18.0, 22.498]": {
          "Éxito": 0.9879032258064516,
          "Error": 0.012096774193548387
        },
        "(22.498, 26.996]": {
          "Éxito": 0.996078431372549,
          "Error": 0.00392156862745098
        },
        "(26.996, 31.494]": {
          "Éxito": 0.995575221238938,
          "Error": 0.004424778761061947
        },
        "(31.494, 35.992]": {
          "Éxito": 0.9957805907172996,
          "Error": 0.004219409282700422
        },
        "(35.992, 40.49]": {
          "Éxito": 0.9745762711864406,
          "Error": 0.025423728813559324
        },
        "(40.49, 44.988]": {
          "Éxito": 0.9764705882352941,
          "Error": 0.023529411764705882
        }
      }
    },
    "roll_off": {
      "is_categorical": false,
      "bins": 10,
      "values": {
        "(0.2, 0.21]": {
          "Éxito": 0.9873417721518988,
          "Error": 0.012658227848101266
        },
        "(0.21, 0.22]": {
          "Éxito": 0.9801587301587301,
          "Error": 0.01984126984126984
        },
        "(0.22, 0.23]": {
          "Éxito": 0.9834710743801653,
          "Error": 0.01652892561983471
        },
        "(0.23, 0.24]": {
          "Éxito": 0.991304347826087,
          "Error": 0.008695652173913044
        },
        "(0.24, 0.25]": {
          "Éxito": 0.9831223628691983,
          "Error": 0.016877637130801686
        },
        "(0.25, 0.26]": {
          "Éxito": 0.9957805907172996,
          "Error": 0.004219409282700422
        },
        "(0.26, 0.27]": {
          "Éxito": 0.9883720930232558,
          "Error": 0.011627906976744186
        },
        "(0.27, 0.28]": {
          "Éxito": 0.9879518072289156,
          "Error": 0.012048192771084338
        },
        "(0.28, 0.29]": {
          "Éxito": 0.9925373134328358,
          "Error": 0.007462686567164179
        },
        "(0.29, 0.3]": {
          "Éxito": 0.9919354838709677,
          "Error": 0.008064516129032258
        }
      }
    }
  }
}