{
  "experiment": {
    "name": "cnn_bilstm_attn_esc_3",
    "timestamp": "2025-06-19T09:40:56.390091",
    "repeat_index": 1,
    "fold_index": 4
  },
  "effects": {
    "num_taps": {
      "is_categorical": true,
      "bins": null,
      "values": {
        "2": {
          "Éxito": 0.9617575264442636,
          "Error": 0.03824247355573637
        }
      }
    },
    "snr_db": {
      "is_categorical": false,
      "bins": 10,
      "values": {
        "(8.0, 8.403]": {
          "Éxito": 0.9576923076923077,
          "Error": 0.04230769230769231
        },
        "(8.403, 8.803]": {
          "Éxito": 0.9473684210526315,
          "Error": 0.05263157894736842
        },
        "(8.803, 9.203]": {
          "Éxito": 0.9598393574297188,
          "Error": 0.040160642570281124
        },
        "(9.203, 9.602]": {
          "Éxito": 0.9844961240310077,
          "Error": 0.015503875968992248
        },
        "(9.602, 10.002]": {
          "Éxito": 0.9644268774703557,
          "Error": 0.03557312252964427
        },
        "(10.002, 10.401]": {
          "Éxito": 0.944954128440367,
          "Error": 0.05504587155963303
        },
        "(10.401, 10.801]": {
          "Éxito": 0.9317269076305221,
          "Error": 0.06827309236947791
        },
        "(10.801, 11.201]": {
          "Éxito": 0.9789915966386554,
          "Error": 0.02100840336134454
        },
        "(11.201, 11.6]": {
          "Éxito": 0.9730769230769231,
          "Error": 0.026923076923076925
        },
        "(11.6, 12.0]": {
          "Éxito": 0.9734513274336283,
          "Error": 0.02654867256637168
        }
      }
    },
    "phase_offset": {
      "is_categorical": false,
      "bins": 10,
      "values": {
        "(0.00453, 4.544]": {
          "Éxito": 0.9703389830508474,
          "Error": 0.029661016949152543
        },
        "(4.544, 9.039]": {
          "Éxito": 0.9538461538461539,
          "Error": 0.046153846153846156
        },
        "(9.039, 13.534]": {
          "Éxito": 0.9583333333333334,
          "Error": 0.041666666666666664
        },
        "(13.534, 18.028]": {
          "Éxito": 0.972,
          "Error": 0.028
        },
        "(18.028, 22.523]": {
          "Éxito": 0.9676113360323887,
          "Error": 0.032388663967611336
        },
        "(22.523, 27.018]": {
          "Éxito": 0.9790794979079498,
          "Error": 0.02092050209205021
        },
        "(27.018, 31.512]": {
          "Éxito": 0.9625,
          "Error": 0.0375
        },
        "(31.512, 36.007]": {
          "Éxito": 0.9598393574297188,
          "Error": 0.040160642570281124
        },
        "(36.007, 40.502]": {
          "Éxito": 0.9558232931726908,
          "Error": 0.04417670682730924
        },
        "(40.502, 44.997]": {
          "Éxito": 0.9395161290322581,
          "Error": 0.06048387096774194
        }
      }
    },
    "roll_off": {
      "is_categorical": false,
      "bins": 10,
      "values": {
        "(0.2, 0.21]": {
          "Éxito": 0.9641434262948207,
          "Error": 0.035856573705179286
        },
        "(0.21, 0.22]": {
          "Éxito": 0.9563492063492064,
          "Error": 0.04365079365079365
        },
        "(0.22, 0.23]": {
          "Éxito": 0.9806949806949807,
          "Error": 0.019305019305019305
        },
        "(0.23, 0.24]": {
          "Éxito": 0.9732142857142857,
          "Error": 0.026785714285714284
        },
        "(0.24, 0.25]": {
          "Éxito": 0.956140350877193,
          "Error": 0.043859649122807015
        },
        "(0.25, 0.26]": {
          "Éxito": 0.9311926605504587,
          "Error": 0.06880733944954129
        },
        "(0.26, 0.27]": {
          "Éxito": 0.9747292418772563,
          "Error": 0.02527075812274368
        },
        "(0.27, 0.28]": {
          "Éxito": 0.9775784753363229,
          "Error": 0.02242152466367713
        },
        "(0.28, 0.29]": {
          "Éxito": 0.9609375,
          "Error": 0.0390625
        },
        "(0.29, 0.3]": {
          "Éxito": 0.9407407407407408,
          "Error": 0.05925925925925926
        }
      }
    }
  }
}