{
  "experiment": {
    "name": "ARQ_3__ESC_7",
    "timestamp": "2025-06-19T17:03:06.888389",
    "repeat_index": 6
  },
  "effects": {
    "num_taps": {
      "is_categorical": true,
      "bins": null,
      "values": {
        "4": {
          "Éxito": 0.88427734375,
          "Error": 0.11572265625
        }
      }
    },
    "snr_db": {
      "is_categorical": false,
      "bins": 10,
      "values": {
        "(7.996, 8.4]": {
          "Éxito": 0.8519108280254777,
          "Error": 0.1480891719745223
        },
        "(8.4, 8.8]": {
          "Éxito": 0.8576271186440678,
          "Error": 0.1423728813559322
        },
        "(8.8, 9.2]": {
          "Éxito": 0.8695652173913043,
          "Error": 0.13043478260869565
        },
        "(9.2, 9.6]": {
          "Éxito": 0.8849407783417935,
          "Error": 0.11505922165820642
        },
        "(9.6, 10.0]": {
          "Éxito": 0.9001584786053882,
          "Error": 0.09984152139461172
        },
        "(10.0, 10.4]": {
          "Éxito": 0.9014084507042254,
          "Error": 0.09859154929577464
        },
        "(10.4, 10.8]": {
          "Éxito": 0.9067524115755627,
          "Error": 0.0932475884244373
        },
        "(10.8, 11.2]": {
          "Éxito": 0.8993174061433447,
          "Error": 0.10068259385665529
        },
        "(11.2, 11.6]": {
          "Éxito": 0.8973941368078175,
          "Error": 0.10260586319218241
        },
        "(11.6, 12.0]": {
          "Éxito": 0.8729903536977492,
          "Error": 0.1270096463022508
        }
      }
    },
    "phase_offset": {
      "is_categorical": false,
      "bins": 10,
      "values": {
        "(-0.0414, 4.503]": {
          "Éxito": 0.9042386185243328,
          "Error": 0.09576138147566719
        },
        "(4.503, 9.003]": {
          "Éxito": 0.8526315789473684,
          "Error": 0.14736842105263157
        },
        "(9.003, 13.502]": {
          "Éxito": 0.8805970149253731,
          "Error": 0.11940298507462686
        },
        "(13.502, 18.002]": {
          "Éxito": 0.890625,
          "Error": 0.109375
        },
        "(18.002, 22.501]": {
          "Éxito": 0.8752079866888519,
          "Error": 0.12479201331114809
        },
        "(22.501, 27.001]": {
          "Éxito": 0.8939641109298532,
          "Error": 0.10603588907014681
        },
        "(27.001, 31.5]": {
          "Éxito": 0.8991452991452992,
          "Error": 0.10085470085470086
        },
        "(31.5, 36.0]": {
          "Éxito": 0.88801261829653,
          "Error": 0.11198738170347003
        },
        "(36.0, 40.499]": {
          "Éxito": 0.8847352024922118,
          "Error": 0.11526479750778816
        },
        "(40.499, 44.999]": {
          "Éxito": 0.8707592891760905,
          "Error": 0.12924071082390953
        }
      }
    },
    "roll_off": {
      "is_categorical": false,
      "bins": 10,
      "values": {
        "(0.2, 0.21]": {
          "Éxito": 0.8756218905472637,
          "Error": 0.12437810945273632
        },
        "(0.21, 0.22]": {
          "Éxito": 0.8837579617834395,
          "Error": 0.11624203821656051
        },
        "(0.22, 0.23]": {
          "Éxito": 0.8788368336025848,
          "Error": 0.12116316639741519
        },
        "(0.23, 0.24]": {
          "Éxito": 0.8851132686084142,
          "Error": 0.11488673139158576
        },
        "(0.24, 0.25]": {
          "Éxito": 0.8905472636815921,
          "Error": 0.10945273631840796
        },
        "(0.25, 0.26]": {
          "Éxito": 0.8957983193277311,
          "Error": 0.10420168067226891
        },
        "(0.26, 0.27]": {
          "Éxito": 0.8780096308186196,
          "Error": 0.12199036918138041
        },
        "(0.27, 0.28]": {
          "Éxito": 0.8870703764320785,
          "Error": 0.11292962356792144
        },
        "(0.28, 0.29]": {
          "Éxito": 0.8665594855305466,
          "Error": 0.13344051446945338
        },
        "(0.29, 0.3]": {
          "Éxito": 0.9019292604501608,
          "Error": 0.09807073954983923
        }
      }
    }
  }
}