{
  "experiment": {
    "name": "red_carlos_ESC_6",
    "timestamp": "2025-06-18T13:38:08.983257",
    "repeat_index": 1,
    "fold_index": 4
  },
  "evaluation": {
    "loss": 0.09466623514890671,
    "accuracy": 0.9825060963630676
  },
  "classification_report": {
    "bpsk": {
      "precision": 1.0,
      "recall": 1.0,
      "f1-score": 1.0,
      "support": 410.0
    },
    "qpsk": {
      "precision": 1.0,
      "recall": 1.0,
      "f1-score": 1.0,
      "support": 410.0
    },
    "16qam": {
      "precision": 1.0,
      "recall": 0.9975609756097561,
      "f1-score": 0.9987789987789988,
      "support": 410.0
    },
    "32qam cross": {
      "precision": 0.9554455445544554,
      "recall": 0.9414634146341463,
      "f1-score": 0.9484029484029484,
      "support": 410.0
    },
    "64qam": {
      "precision": 0.9975609756097561,
      "recall": 1.0,
      "f1-score": 0.9987789987789988,
      "support": 409.0
    },
    "128qam cross": {
      "precision": 0.9421686746987952,
      "recall": 0.9559902200488998,
      "f1-score": 0.9490291262135921,
      "support": 409.0
    },
    "accuracy": 0.9825061025223759,
    "macro avg": {
      "precision": 0.9825291991438344,
      "recall": 0.9825024350488004,
      "f1-score": 0.9824983453624231,
      "support": 2458.0
    },
    "weighted avg": {
      "precision": 0.9825395037605875,
      "recall": 0.9825061025223759,
      "f1-score": 0.9825053382695558,
      "support": 2458.0
    }
  }
}