{
  "experiment": {
    "name": "cnn_bilstm_attn_esc_2",
    "timestamp": "2025-06-19T05:40:04.983884",
    "repeat_index": 2,
    "fold_index": 0
  },
  "evaluation": {
    "loss": 0.2577250897884369,
    "accuracy": 0.8840520977973938
  },
  "classification_report": {
    "bpsk": {
      "precision": 1.0,
      "recall": 1.0,
      "f1-score": 1.0,
      "support": 409.0
    },
    "qpsk": {
      "precision": 0.9975669099756691,
      "recall": 1.0,
      "f1-score": 0.9987819732034106,
      "support": 410.0
    },
    "16qam": {
      "precision": 0.9046511627906977,
      "recall": 0.948780487804878,
      "f1-score": 0.9261904761904762,
      "support": 410.0
    },
    "32qam cross": {
      "precision": 0.7235023041474654,
      "recall": 0.7677261613691931,
      "f1-score": 0.7449584816132859,
      "support": 409.0
    },
    "64qam": {
      "precision": 0.9394736842105263,
      "recall": 0.8707317073170732,
      "f1-score": 0.9037974683544304,
      "support": 410.0
    },
    "128qam cross": {
      "precision": 0.7461928934010152,
      "recall": 0.7170731707317073,
      "f1-score": 0.7313432835820894,
      "support": 410.0
    },
    "accuracy": 0.8840520748576078,
    "macro avg": {
      "precision": 0.8852311590875622,
      "recall": 0.8840519212038086,
      "f1-score": 0.8841786138239488,
      "support": 2458.0
    },
    "weighted avg": {
      "precision": 0.8852502640566541,
      "recall": 0.8840520748576078,
      "f1-score": 0.8841881332486984,
      "support": 2458.0
    }
  }
}