{
  "experiment": {
    "name": "ARQ_3__ESC_8",
    "timestamp": "2025-06-19T17:57:56.698467",
    "repeat_index": 2
  },
  "effects": {
    "num_taps": {
      "is_categorical": true,
      "bins": null,
      "values": {
        "6": {
          "Éxito": 0.8494466145833334,
          "Error": 0.15055338541666666
        }
      }
    },
    "snr_db": {
      "is_categorical": false,
      "bins": 10,
      "values": {
        "(7.997, 8.4]": {
          "Éxito": 0.836038961038961,
          "Error": 0.16396103896103897
        },
        "(8.4, 8.8]": {
          "Éxito": 0.8239202657807309,
          "Error": 0.1760797342192691
        },
        "(8.8, 9.2]": {
          "Éxito": 0.8293460925039873,
          "Error": 0.17065390749601275
        },
        "(9.2, 9.6]": {
          "Éxito": 0.8467874794069192,
          "Error": 0.15321252059308071
        },
        "(9.6, 9.999]": {
          "Éxito": 0.8717532467532467,
          "Error": 0.12824675324675325
        },
        "(9.999, 10.399]": {
          "Éxito": 0.8618524332810047,
          "Error": 0.13814756671899528
        },
        "(10.399, 10.799]": {
          "Éxito": 0.8560490045941807,
          "Error": 0.1439509954058193
        },
        "(10.799, 11.199]": {
          "Éxito": 0.8525754884547069,
          "Error": 0.14742451154529307
        },
        "(11.199, 11.598]": {
          "Éxito": 0.8671875,
          "Error": 0.1328125
        },
        "(11.598, 11.998]": {
          "Éxito": 0.8473413379073756,
          "Error": 0.15265866209262435
        }
      }
    },
    "phase_offset": {
      "is_categorical": false,
      "bins": 10,
      "values": {
        "(-0.0382, 4.506]": {
          "Éxito": 0.8514851485148515,
          "Error": 0.1485148514851485
        },
        "(4.506, 9.005]": {
          "Éxito": 0.8512396694214877,
          "Error": 0.1487603305785124
        },
        "(9.005, 13.503]": {
          "Éxito": 0.8724082934609251,
          "Error": 0.12759170653907495
        },
        "(13.503, 18.002]": {
          "Éxito": 0.8573717948717948,
          "Error": 0.14262820512820512
        },
        "(18.002, 22.501]": {
          "Éxito": 0.8722316865417377,
          "Error": 0.12776831345826234
        },
        "(22.501, 27.0]": {
          "Éxito": 0.8365817091454273,
          "Error": 0.1634182908545727
        },
        "(27.0, 31.499]": {
          "Éxito": 0.8233333333333334,
          "Error": 0.17666666666666667
        },
        "(31.499, 35.998]": {
          "Éxito": 0.8566666666666667,
          "Error": 0.14333333333333334
        },
        "(35.998, 40.497]": {
          "Éxito": 0.8186195826645265,
          "Error": 0.18138041733547353
        },
        "(40.497, 44.996]": {
          "Éxito": 0.856198347107438,
          "Error": 0.14380165289256197
        }
      }
    },
    "roll_off": {
      "is_categorical": false,
      "bins": 10,
      "values": {
        "(0.2, 0.21]": {
          "Éxito": 0.829225352112676,
          "Error": 0.17077464788732394
        },
        "(0.21, 0.22]": {
          "Éxito": 0.8481848184818482,
          "Error": 0.15181518151815182
        },
        "(0.22, 0.23]": {
          "Éxito": 0.8660130718954249,
          "Error": 0.13398692810457516
        },
        "(0.23, 0.24]": {
          "Éxito": 0.8346972176759411,
          "Error": 0.16530278232405893
        },
        "(0.24, 0.25]": {
          "Éxito": 0.8374384236453202,
          "Error": 0.1625615763546798
        },
        "(0.25, 0.26]": {
          "Éxito": 0.8398791540785498,
          "Error": 0.16012084592145015
        },
        "(0.26, 0.27]": {
          "Éxito": 0.8471138845553822,
          "Error": 0.15288611544461778
        },
        "(0.27, 0.28]": {
          "Éxito": 0.8780889621087314,
          "Error": 0.12191103789126853
        },
        "(0.28, 0.29]": {
          "Éxito": 0.8690671031096563,
          "Error": 0.1309328968903437
        },
        "(0.29, 0.3]": {
          "Éxito": 0.8444084278768234,
          "Error": 0.15559157212317667
        }
      }
    }
  }
}