{
  "experiment": {
    "name": "res_tcn_se_esc_9",
    "timestamp": "2025-06-22T01:27:14.713898",
    "repeat_index": 1,
    "fold_index": 0
  },
  "effects": {
    "num_taps": {
      "is_categorical": true,
      "bins": null,
      "values": {
        "2": {
          "Éxito": 0.9450772986167616,
          "Error": 0.054922701383238404
        }
      }
    },
    "snr_db": {
      "is_categorical": false,
      "bins": 10,
      "values": {
        "(7.996, 8.4]": {
          "Éxito": 0.9288537549407114,
          "Error": 0.07114624505928854
        },
        "(8.4, 8.8]": {
          "Éxito": 0.9395161290322581,
          "Error": 0.06048387096774194
        },
        "(8.8, 9.2]": {
          "Éxito": 0.9201680672268907,
          "Error": 0.07983193277310924
        },
        "(9.2, 9.6]": {
          "Éxito": 0.9162995594713657,
          "Error": 0.08370044052863436
        },
        "(9.6, 10.0]": {
          "Éxito": 0.9571984435797666,
          "Error": 0.042801556420233464
        },
        "(10.0, 10.4]": {
          "Éxito": 0.9596412556053812,
          "Error": 0.04035874439461883
        },
        "(10.4, 10.799]": {
          "Éxito": 0.9629629629629629,
          "Error": 0.037037037037037035
        },
        "(10.799, 11.199]": {
          "Éxito": 0.9427480916030534,
          "Error": 0.05725190839694656
        },
        "(11.199, 11.599]": {
          "Éxito": 0.9662447257383966,
          "Error": 0.03375527426160337
        },
        "(11.599, 11.999]": {
          "Éxito": 0.9555555555555556,
          "Error": 0.044444444444444446
        }
      }
    },
    "phase_offset": {
      "is_categorical": false,
      "bins": 10,
      "values": {
        "(44.957, 49.499]": {
          "Éxito": 0.9576923076923077,
          "Error": 0.04230769230769231
        },
        "(49.499, 53.997]": {
          "Éxito": 0.9591836734693877,
          "Error": 0.04081632653061224
        },
        "(53.997, 58.494]": {
          "Éxito": 0.9363636363636364,
          "Error": 0.06363636363636363
        },
        "(58.494, 62.991]": {
          "Éxito": 0.9718875502008032,
          "Error": 0.028112449799196786
        },
        "(62.991, 67.489]": {
          "Éxito": 0.9594594594594594,
          "Error": 0.04054054054054054
        },
        "(67.489, 71.986]": {
          "Éxito": 0.9382716049382716,
          "Error": 0.06172839506172839
        },
        "(71.986, 76.483]": {
          "Éxito": 0.9233716475095786,
          "Error": 0.07662835249042145
        },
        "(76.483, 80.98]": {
          "Éxito": 0.94140625,
          "Error": 0.05859375
        },
        "(80.98, 85.478]": {
          "Éxito": 0.9325842696629213,
          "Error": 0.06741573033707865
        },
        "(85.478, 89.975]": {
          "Éxito": 0.9319148936170213,
          "Error": 0.06808510638297872
        }
      }
    },
    "roll_off": {
      "is_categorical": false,
      "bins": 10,
      "values": {
        "(0.2, 0.21]": {
          "Éxito": 0.928030303030303,
          "Error": 0.07196969696969698
        },
        "(0.21, 0.22]": {
          "Éxito": 0.948051948051948,
          "Error": 0.05194805194805195
        },
        "(0.22, 0.23]": {
          "Éxito": 0.9262295081967213,
          "Error": 0.07377049180327869
        },
        "(0.23, 0.24]": {
          "Éxito": 0.9422222222222222,
          "Error": 0.057777777777777775
        },
        "(0.24, 0.25]": {
          "Éxito": 0.9400749063670412,
          "Error": 0.0599250936329588
        },
        "(0.25, 0.26]": {
          "Éxito": 0.96484375,
          "Error": 0.03515625
        },
        "(0.26, 0.27]": {
          "Éxito": 0.9433962264150944,
          "Error": 0.05660377358490566
        },
        "(0.27, 0.28]": {
          "Éxito": 0.9568627450980393,
          "Error": 0.043137254901960784
        },
        "(0.28, 0.29]": {
          "Éxito": 0.9391304347826087,
          "Error": 0.06086956521739131
        },
        "(0.29, 0.3]": {
          "Éxito": 0.9638009049773756,
          "Error": 0.03619909502262444
        }
      }
    }
  }
}