{
  "experiment": {
    "name": "ARQ_1__ESC_9",
    "timestamp": "2025-06-22T04:02:09.745321",
    "repeat_index": 2
  },
  "evaluation": {
    "loss": 0.10238626599311829,
    "accuracy": 0.9768880009651184
  },
  "classification_report": {
    "bpsk": {
      "precision": 1.0,
      "recall": 1.0,
      "f1-score": 1.0,
      "support": 1024.0
    },
    "qpsk": {
      "precision": 1.0,
      "recall": 1.0,
      "f1-score": 1.0,
      "support": 1024.0
    },
    "16qam": {
      "precision": 0.9970617042115573,
      "recall": 0.994140625,
      "f1-score": 0.9955990220048899,
      "support": 1024.0
    },
    "32qam cross": {
      "precision": 0.9331395348837209,
      "recall": 0.9404296875,
      "f1-score": 0.9367704280155642,
      "support": 1024.0
    },
    "64qam": {
      "precision": 0.9903100775193798,
      "recall": 0.998046875,
      "f1-score": 0.9941634241245136,
      "support": 1024.0
    },
    "128qam cross": {
      "precision": 0.9406528189910979,
      "recall": 0.9287109375,
      "f1-score": 0.9346437346437346,
      "support": 1024.0
    },
    "accuracy": 0.9768880208333334,
    "macro avg": {
      "precision": 0.9768606892676259,
      "recall": 0.9768880208333334,
      "f1-score": 0.9768627681314505,
      "support": 6144.0
    },
    "weighted avg": {
      "precision": 0.9768606892676259,
      "recall": 0.9768880208333334,
      "f1-score": 0.9768627681314505,
      "support": 6144.0
    }
  }
}