{
  "experiment": {
    "name": "red_carlos_ESC_2",
    "timestamp": "2025-06-25T03:31:02.674251",
    "repeat_index": 3,
    "fold_index": 3
  },
  "evaluation": {
    "loss": 0.48767611384391785,
    "accuracy": 0.8641171455383301
  },
  "classification_report": {
    "bpsk": {
      "precision": 1.0,
      "recall": 1.0,
      "f1-score": 1.0,
      "support": 409.0
    },
    "qpsk": {
      "precision": 1.0,
      "recall": 1.0,
      "f1-score": 1.0,
      "support": 410.0
    },
    "16qam": {
      "precision": 0.8997613365155132,
      "recall": 0.9195121951219513,
      "f1-score": 0.9095295536791315,
      "support": 410.0
    },
    "32qam cross": {
      "precision": 0.7015590200445434,
      "recall": 0.7682926829268293,
      "f1-score": 0.7334109429569267,
      "support": 410.0
    },
    "64qam": {
      "precision": 0.9013698630136986,
      "recall": 0.80440097799511,
      "f1-score": 0.8501291989664083,
      "support": 409.0
    },
    "128qam cross": {
      "precision": 0.6995073891625616,
      "recall": 0.6926829268292682,
      "f1-score": 0.696078431372549,
      "support": 410.0
    },
    "accuracy": 0.8641171684296176,
    "macro avg": {
      "precision": 0.867032934789386,
      "recall": 0.8641481304788597,
      "f1-score": 0.8648580211625027,
      "support": 2458.0
    },
    "weighted avg": {
      "precision": 0.8669648696984851,
      "recall": 0.8641171684296176,
      "f1-score": 0.8648090328969853,
      "support": 2458.0
    }
  }
}