{
  "experiment": {
    "name": "red_carlos_ESC_2",
    "timestamp": "2025-06-25T03:31:03.822700",
    "repeat_index": 3,
    "fold_index": 3
  },
  "effects": {
    "num_taps": {
      "is_categorical": true,
      "bins": null,
      "values": {
        "2": {
          "Éxito": 0.8641171684296176,
          "Error": 0.13588283157038242
        }
      }
    },
    "snr_db": {
      "is_categorical": false,
      "bins": 10,
      "values": {
        "(3.996, 4.4]": {
          "Éxito": 0.8928571428571429,
          "Error": 0.10714285714285714
        },
        "(4.4, 4.8]": {
          "Éxito": 0.8692307692307693,
          "Error": 0.13076923076923078
        },
        "(4.8, 5.2]": {
          "Éxito": 0.8395522388059702,
          "Error": 0.16044776119402984
        },
        "(5.2, 5.6]": {
          "Éxito": 0.8217391304347826,
          "Error": 0.1782608695652174
        },
        "(5.6, 6.0]": {
          "Éxito": 0.8658536585365854,
          "Error": 0.13414634146341464
        },
        "(6.0, 6.4]": {
          "Éxito": 0.8222222222222222,
          "Error": 0.17777777777777778
        },
        "(6.4, 6.8]": {
          "Éxito": 0.8739837398373984,
          "Error": 0.12601626016260162
        },
        "(6.8, 7.2]": {
          "Éxito": 0.8864628820960698,
          "Error": 0.11353711790393013
        },
        "(7.2, 7.6]": {
          "Éxito": 0.872,
          "Error": 0.128
        },
        "(7.6, 7.999]": {
          "Éxito": 0.8928571428571429,
          "Error": 0.10714285714285714
        }
      }
    },
    "phase_offset": {
      "is_categorical": false,
      "bins": 10,
      "values": {
        "(-0.0429, 4.499]": {
          "Éxito": 0.8766519823788547,
          "Error": 0.12334801762114538
        },
        "(4.499, 8.996]": {
          "Éxito": 0.9045643153526971,
          "Error": 0.0954356846473029
        },
        "(8.996, 13.493]": {
          "Éxito": 0.8487394957983193,
          "Error": 0.15126050420168066
        },
        "(13.493, 17.99]": {
          "Éxito": 0.8594377510040161,
          "Error": 0.14056224899598393
        },
        "(17.99, 22.486]": {
          "Éxito": 0.888030888030888,
          "Error": 0.11196911196911197
        },
        "(22.486, 26.983]": {
          "Éxito": 0.8536585365853658,
          "Error": 0.14634146341463414
        },
        "(26.983, 31.48]": {
          "Éxito": 0.8785425101214575,
          "Error": 0.1214574898785425
        },
        "(31.48, 35.977]": {
          "Éxito": 0.8314176245210728,
          "Error": 0.1685823754789272
        },
        "(35.977, 40.474]": {
          "Éxito": 0.8801652892561983,
          "Error": 0.11983471074380166
        },
        "(40.474, 44.971]": {
          "Éxito": 0.8225806451612904,
          "Error": 0.1774193548387097
        }
      }
    },
    "roll_off": {
      "is_categorical": false,
      "bins": 10,
      "values": {
        "(0.2, 0.21]": {
          "Éxito": 0.8387096774193549,
          "Error": 0.16129032258064516
        },
        "(0.21, 0.22]": {
          "Éxito": 0.8809523809523809,
          "Error": 0.11904761904761904
        },
        "(0.22, 0.23]": {
          "Éxito": 0.8641975308641975,
          "Error": 0.13580246913580246
        },
        "(0.23, 0.24]": {
          "Éxito": 0.8616600790513834,
          "Error": 0.1383399209486166
        },
        "(0.24, 0.25]": {
          "Éxito": 0.8421052631578947,
          "Error": 0.15789473684210525
        },
        "(0.25, 0.26]": {
          "Éxito": 0.857707509881423,
          "Error": 0.1422924901185771
        },
        "(0.26, 0.27]": {
          "Éxito": 0.8865546218487395,
          "Error": 0.1134453781512605
        },
        "(0.27, 0.28]": {
          "Éxito": 0.8443579766536965,
          "Error": 0.1556420233463035
        },
        "(0.28, 0.29]": {
          "Éxito": 0.8816326530612245,
          "Error": 0.11836734693877551
        },
        "(0.29, 0.3]": {
          "Éxito": 0.8873873873873874,
          "Error": 0.11261261261261261
        }
      }
    }
  }
}