{
  "experiment": {
    "name": "ARQ_3__ESC_2",
    "timestamp": "2025-06-19T07:44:59.479475",
    "repeat_index": 0
  },
  "evaluation": {
    "loss": 0.6943469047546387,
    "accuracy": 0.8909505009651184
  },
  "classification_report": {
    "bpsk": {
      "precision": 1.0,
      "recall": 1.0,
      "f1-score": 1.0,
      "support": 1024.0
    },
    "qpsk": {
      "precision": 0.9990243902439024,
      "recall": 1.0,
      "f1-score": 0.9995119570522206,
      "support": 1024.0
    },
    "16qam": {
      "precision": 0.9163533834586466,
      "recall": 0.9521484375,
      "f1-score": 0.9339080459770115,
      "support": 1024.0
    },
    "32qam cross": {
      "precision": 0.7369914853358562,
      "recall": 0.7607421875,
      "f1-score": 0.7486785199423354,
      "support": 1024.0
    },
    "64qam": {
      "precision": 0.9397590361445783,
      "recall": 0.9140625,
      "f1-score": 0.9267326732673268,
      "support": 1024.0
    },
    "128qam cross": {
      "precision": 0.7525562372188139,
      "recall": 0.71875,
      "f1-score": 0.7352647352647352,
      "support": 1024.0
    },
    "accuracy": 0.8909505208333334,
    "macro avg": {
      "precision": 0.8907807554002996,
      "recall": 0.8909505208333334,
      "f1-score": 0.8906826552506049,
      "support": 6144.0
    },
    "weighted avg": {
      "precision": 0.8907807554002996,
      "recall": 0.8909505208333334,
      "f1-score": 0.8906826552506049,
      "support": 6144.0
    }
  }
}