{
  "experiment": {
    "name": "ARQ_3__ESC_11",
    "timestamp": "2025-06-19T22:35:54.817411",
    "repeat_index": 2
  },
  "effects": {
    "num_taps": {
      "is_categorical": true,
      "bins": null,
      "values": {
        "2": {
          "Éxito": 0.958984375,
          "Error": 0.041015625
        }
      }
    },
    "snr_db": {
      "is_categorical": false,
      "bins": 10,
      "values": {
        "(7.996, 8.4]": {
          "Éxito": 0.9381933438985737,
          "Error": 0.061806656101426306
        },
        "(8.4, 8.8]": {
          "Éxito": 0.9292763157894737,
          "Error": 0.07072368421052631
        },
        "(8.8, 9.2]": {
          "Éxito": 0.9656786271450858,
          "Error": 0.0343213728549142
        },
        "(9.2, 9.6]": {
          "Éxito": 0.9575856443719413,
          "Error": 0.04241435562805873
        },
        "(9.6, 10.0]": {
          "Éxito": 0.9539249146757679,
          "Error": 0.04607508532423208
        },
        "(10.0, 10.4]": {
          "Éxito": 0.9679054054054054,
          "Error": 0.03209459459459459
        },
        "(10.4, 10.8]": {
          "Éxito": 0.9636963696369637,
          "Error": 0.036303630363036306
        },
        "(10.8, 11.2]": {
          "Éxito": 0.9622641509433962,
          "Error": 0.03773584905660377
        },
        "(11.2, 11.6]": {
          "Éxito": 0.9736434108527132,
          "Error": 0.02635658914728682
        },
        "(11.6, 12.0]": {
          "Éxito": 0.9765258215962441,
          "Error": 0.023474178403755867
        }
      }
    },
    "phase_offset": {
      "is_categorical": false,
      "bins": 10,
      "values": {
        "(134.963, 139.507]": {
          "Éxito": 0.9581993569131833,
          "Error": 0.04180064308681672
        },
        "(139.507, 144.006]": {
          "Éxito": 0.9476190476190476,
          "Error": 0.05238095238095238
        },
        "(144.006, 148.505]": {
          "Éxito": 0.9568690095846646,
          "Error": 0.04313099041533546
        },
        "(148.505, 153.004]": {
          "Éxito": 0.9588138385502472,
          "Error": 0.04118616144975288
        },
        "(153.004, 157.503]": {
          "Éxito": 0.9668769716088328,
          "Error": 0.033123028391167195
        },
        "(157.503, 162.002]": {
          "Éxito": 0.9604612850082372,
          "Error": 0.039538714991762765
        },
        "(162.002, 166.501]": {
          "Éxito": 0.9675324675324676,
          "Error": 0.032467532467532464
        },
        "(166.501, 171.0]": {
          "Éxito": 0.9453924914675768,
          "Error": 0.05460750853242321
        },
        "(171.0, 175.498]": {
          "Éxito": 0.9622331691297209,
          "Error": 0.03776683087027915
        },
        "(175.498, 179.997]": {
          "Éxito": 0.9654036243822076,
          "Error": 0.03459637561779242
        }
      }
    },
    "roll_off": {
      "is_categorical": false,
      "bins": 10,
      "values": {
        "(0.2, 0.21]": {
          "Éxito": 0.9568965517241379,
          "Error": 0.04310344827586207
        },
        "(0.21, 0.22]": {
          "Éxito": 0.9561551433389545,
          "Error": 0.04384485666104553
        },
        "(0.22, 0.23]": {
          "Éxito": 0.9588815789473685,
          "Error": 0.04111842105263158
        },
        "(0.23, 0.24]": {
          "Éxito": 0.9453125,
          "Error": 0.0546875
        },
        "(0.24, 0.25]": {
          "Éxito": 0.9576547231270358,
          "Error": 0.04234527687296417
        },
        "(0.25, 0.26]": {
          "Éxito": 0.9664,
          "Error": 0.0336
        },
        "(0.26, 0.27]": {
          "Éxito": 0.9594594594594594,
          "Error": 0.04054054054054054
        },
        "(0.27, 0.28]": {
          "Éxito": 0.9649122807017544,
          "Error": 0.03508771929824561
        },
        "(0.28, 0.29]": {
          "Éxito": 0.959375,
          "Error": 0.040625
        },
        "(0.29, 0.3]": {
          "Éxito": 0.9648,
          "Error": 0.0352
        }
      }
    }
  }
}