{
  "experiment": {
    "name": "red_carlos_ESC_7",
    "timestamp": "2025-06-18T15:49:27.649717",
    "repeat_index": 2,
    "fold_index": 2
  },
  "effects": {
    "num_taps": {
      "is_categorical": true,
      "bins": null,
      "values": {
        "4": {
          "Éxito": 0.7066720911310008,
          "Error": 0.2933279088689992
        }
      }
    },
    "snr_db": {
      "is_categorical": false,
      "bins": 10,
      "values": {
        "(7.999, 8.403]": {
          "Éxito": 0.65625,
          "Error": 0.34375
        },
        "(8.403, 8.802]": {
          "Éxito": 0.7368421052631579,
          "Error": 0.2631578947368421
        },
        "(8.802, 9.202]": {
          "Éxito": 0.6818181818181818,
          "Error": 0.3181818181818182
        },
        "(9.202, 9.602]": {
          "Éxito": 0.6932773109243697,
          "Error": 0.3067226890756303
        },
        "(9.602, 10.001]": {
          "Éxito": 0.6745098039215687,
          "Error": 0.3254901960784314
        },
        "(10.001, 10.401]": {
          "Éxito": 0.7509727626459144,
          "Error": 0.2490272373540856
        },
        "(10.401, 10.8]": {
          "Éxito": 0.7056603773584905,
          "Error": 0.2943396226415094
        },
        "(10.8, 11.2]": {
          "Éxito": 0.7125506072874493,
          "Error": 0.2874493927125506
        },
        "(11.2, 11.599]": {
          "Éxito": 0.7237354085603113,
          "Error": 0.27626459143968873
        },
        "(11.599, 11.999]": {
          "Éxito": 0.726530612244898,
          "Error": 0.27346938775510204
        }
      }
    },
    "phase_offset": {
      "is_categorical": false,
      "bins": 10,
      "values": {
        "(-0.0427, 4.499]": {
          "Éxito": 0.7222222222222222,
          "Error": 0.2777777777777778
        },
        "(4.499, 8.996]": {
          "Éxito": 0.6851851851851852,
          "Error": 0.3148148148148148
        },
        "(8.996, 13.493]": {
          "Éxito": 0.7051282051282052,
          "Error": 0.2948717948717949
        },
        "(13.493, 17.99]": {
          "Éxito": 0.7510204081632653,
          "Error": 0.24897959183673468
        },
        "(17.99, 22.487]": {
          "Éxito": 0.706140350877193,
          "Error": 0.29385964912280704
        },
        "(22.487, 26.984]": {
          "Éxito": 0.688715953307393,
          "Error": 0.311284046692607
        },
        "(26.984, 31.481]": {
          "Éxito": 0.6796875,
          "Error": 0.3203125
        },
        "(31.481, 35.978]": {
          "Éxito": 0.7061224489795919,
          "Error": 0.2938775510204082
        },
        "(35.978, 40.475]": {
          "Éxito": 0.7148936170212766,
          "Error": 0.2851063829787234
        },
        "(40.475, 44.972]": {
          "Éxito": 0.711864406779661,
          "Error": 0.288135593220339
        }
      }
    },
    "roll_off": {
      "is_categorical": false,
      "bins": 10,
      "values": {
        "(0.2, 0.21]": {
          "Éxito": 0.7088607594936709,
          "Error": 0.2911392405063291
        },
        "(0.21, 0.22]": {
          "Éxito": 0.7131474103585658,
          "Error": 0.2868525896414343
        },
        "(0.22, 0.23]": {
          "Éxito": 0.7004405286343612,
          "Error": 0.29955947136563876
        },
        "(0.23, 0.24]": {
          "Éxito": 0.6956521739130435,
          "Error": 0.30434782608695654
        },
        "(0.24, 0.25]": {
          "Éxito": 0.6962025316455697,
          "Error": 0.3037974683544304
        },
        "(0.25, 0.26]": {
          "Éxito": 0.6889763779527559,
          "Error": 0.3110236220472441
        },
        "(0.26, 0.27]": {
          "Éxito": 0.7037037037037037,
          "Error": 0.2962962962962963
        },
        "(0.27, 0.28]": {
          "Éxito": 0.729957805907173,
          "Error": 0.270042194092827
        },
        "(0.28, 0.29]": {
          "Éxito": 0.7413127413127413,
          "Error": 0.25868725868725867
        },
        "(0.29, 0.3]": {
          "Éxito": 0.6884615384615385,
          "Error": 0.31153846153846154
        }
      }
    }
  }
}