{
  "experiment": {
    "name": "res_tcn_se_esc_7",
    "timestamp": "2025-06-16T12:19:46.731867",
    "repeat_index": 0,
    "fold_index": 3
  },
  "effects": {
    "num_taps": {
      "is_categorical": true,
      "bins": null,
      "values": {
        "4": {
          "Éxito": 0.8437754271765663,
          "Error": 0.1562245728234337
        }
      }
    },
    "snr_db": {
      "is_categorical": false,
      "bins": 10,
      "values": {
        "(7.997, 8.401]": {
          "Éxito": 0.8346456692913385,
          "Error": 0.16535433070866143
        },
        "(8.401, 8.801]": {
          "Éxito": 0.8558951965065502,
          "Error": 0.14410480349344978
        },
        "(8.801, 9.201]": {
          "Éxito": 0.8444444444444444,
          "Error": 0.15555555555555556
        },
        "(9.201, 9.6]": {
          "Éxito": 0.819672131147541,
          "Error": 0.18032786885245902
        },
        "(9.6, 10.0]": {
          "Éxito": 0.8384615384615385,
          "Error": 0.16153846153846155
        },
        "(10.0, 10.4]": {
          "Éxito": 0.8133971291866029,
          "Error": 0.18660287081339713
        },
        "(10.4, 10.8]": {
          "Éxito": 0.8922413793103449,
          "Error": 0.10775862068965517
        },
        "(10.8, 11.2]": {
          "Éxito": 0.8385826771653543,
          "Error": 0.16141732283464566
        },
        "(11.2, 11.599]": {
          "Éxito": 0.8352059925093633,
          "Error": 0.1647940074906367
        },
        "(11.599, 11.999]": {
          "Éxito": 0.8661087866108786,
          "Error": 0.13389121338912133
        }
      }
    },
    "phase_offset": {
      "is_categorical": false,
      "bins": 10,
      "values": {
        "(-0.044, 4.5]": {
          "Éxito": 0.8281938325991189,
          "Error": 0.17180616740088106
        },
        "(4.5, 8.999]": {
          "Éxito": 0.8443579766536965,
          "Error": 0.1556420233463035
        },
        "(8.999, 13.498]": {
          "Éxito": 0.8432835820895522,
          "Error": 0.15671641791044777
        },
        "(13.498, 17.997]": {
          "Éxito": 0.8689138576779026,
          "Error": 0.13108614232209737
        },
        "(17.997, 22.496]": {
          "Éxito": 0.8770491803278688,
          "Error": 0.12295081967213115
        },
        "(22.496, 26.995]": {
          "Éxito": 0.8723404255319149,
          "Error": 0.1276595744680851
        },
        "(26.995, 31.494]": {
          "Éxito": 0.8553191489361702,
          "Error": 0.14468085106382977
        },
        "(31.494, 35.993]": {
          "Éxito": 0.803347280334728,
          "Error": 0.19665271966527198
        },
        "(35.993, 40.492]": {
          "Éxito": 0.8393574297188755,
          "Error": 0.1606425702811245
        },
        "(40.492, 44.991]": {
          "Éxito": 0.8016877637130801,
          "Error": 0.19831223628691982
        }
      }
    },
    "roll_off": {
      "is_categorical": false,
      "bins": 10,
      "values": {
        "(0.2, 0.21]": {
          "Éxito": 0.8122448979591836,
          "Error": 0.18775510204081633
        },
        "(0.21, 0.22]": {
          "Éxito": 0.8470588235294118,
          "Error": 0.15294117647058825
        },
        "(0.22, 0.23]": {
          "Éxito": 0.8442622950819673,
          "Error": 0.1557377049180328
        },
        "(0.23, 0.24]": {
          "Éxito": 0.8765957446808511,
          "Error": 0.12340425531914893
        },
        "(0.24, 0.25]": {
          "Éxito": 0.8431372549019608,
          "Error": 0.1568627450980392
        },
        "(0.25, 0.26]": {
          "Éxito": 0.8160919540229885,
          "Error": 0.1839080459770115
        },
        "(0.26, 0.27]": {
          "Éxito": 0.8521400778210116,
          "Error": 0.14785992217898833
        },
        "(0.27, 0.28]": {
          "Éxito": 0.8312236286919831,
          "Error": 0.16877637130801687
        },
        "(0.28, 0.29]": {
          "Éxito": 0.8535564853556485,
          "Error": 0.14644351464435146
        },
        "(0.29, 0.3]": {
          "Éxito": 0.8652173913043478,
          "Error": 0.13478260869565217
        }
      }
    }
  }
}