{
  "experiment": {
    "name": "ARQ_2__ESC_4",
    "timestamp": "2025-06-19T13:05:48.736544",
    "repeat_index": 2
  },
  "effects": {
    "num_taps": {
      "is_categorical": true,
      "bins": null,
      "values": {
        "2": {
          "Éxito": 0.9873046875,
          "Error": 0.0126953125
        }
      }
    },
    "snr_db": {
      "is_categorical": false,
      "bins": 10,
      "values": {
        "(11.996, 12.4]": {
          "Éxito": 0.9809523809523809,
          "Error": 0.01904761904761905
        },
        "(12.4, 12.8]": {
          "Éxito": 0.9873015873015873,
          "Error": 0.012698412698412698
        },
        "(12.8, 13.2]": {
          "Éxito": 0.9824253075571178,
          "Error": 0.01757469244288225
        },
        "(13.2, 13.6]": {
          "Éxito": 0.9856230031948882,
          "Error": 0.01437699680511182
        },
        "(13.6, 14.0]": {
          "Éxito": 0.9870550161812298,
          "Error": 0.012944983818770227
        },
        "(14.0, 14.4]": {
          "Éxito": 0.9852459016393442,
          "Error": 0.014754098360655738
        },
        "(14.4, 14.8]": {
          "Éxito": 0.9935691318327974,
          "Error": 0.006430868167202572
        },
        "(14.8, 15.2]": {
          "Éxito": 0.9866666666666667,
          "Error": 0.013333333333333334
        },
        "(15.2, 15.599]": {
          "Éxito": 0.9935483870967742,
          "Error": 0.0064516129032258064
        },
        "(15.599, 15.999]": {
          "Éxito": 0.9903069466882067,
          "Error": 0.009693053311793215
        }
      }
    },
    "phase_offset": {
      "is_categorical": false,
      "bins": 10,
      "values": {
        "(-0.0418, 4.501]": {
          "Éxito": 0.9821717990275527,
          "Error": 0.017828200972447326
        },
        "(4.501, 9.0]": {
          "Éxito": 0.9936507936507937,
          "Error": 0.006349206349206349
        },
        "(9.0, 13.498]": {
          "Éxito": 0.9784768211920529,
          "Error": 0.02152317880794702
        },
        "(13.498, 17.996]": {
          "Éxito": 0.9901477832512315,
          "Error": 0.009852216748768473
        },
        "(17.996, 22.495]": {
          "Éxito": 0.9864864864864865,
          "Error": 0.013513513513513514
        },
        "(22.495, 26.993]": {
          "Éxito": 0.9881154499151104,
          "Error": 0.011884550084889643
        },
        "(26.993, 31.491]": {
          "Éxito": 0.9871175523349437,
          "Error": 0.01288244766505636
        },
        "(31.491, 35.99]": {
          "Éxito": 0.9890282131661442,
          "Error": 0.0109717868338558
        },
        "(35.99, 40.488]": {
          "Éxito": 0.9862542955326461,
          "Error": 0.013745704467353952
        },
        "(40.488, 44.986]": {
          "Éxito": 0.9909365558912386,
          "Error": 0.00906344410876133
        }
      }
    },
    "roll_off": {
      "is_categorical": false,
      "bins": 10,
      "values": {
        "(0.2, 0.21]": {
          "Éxito": 0.9889415481832543,
          "Error": 0.011058451816745656
        },
        "(0.21, 0.22]": {
          "Éxito": 0.9878971255673222,
          "Error": 0.012102874432677761
        },
        "(0.22, 0.23]": {
          "Éxito": 0.984,
          "Error": 0.016
        },
        "(0.23, 0.24]": {
          "Éxito": 0.9828767123287672,
          "Error": 0.017123287671232876
        },
        "(0.24, 0.25]": {
          "Éxito": 0.9933333333333333,
          "Error": 0.006666666666666667
        },
        "(0.25, 0.26]": {
          "Éxito": 0.9855072463768116,
          "Error": 0.014492753623188406
        },
        "(0.26, 0.27]": {
          "Éxito": 0.9832775919732442,
          "Error": 0.016722408026755852
        },
        "(0.27, 0.28]": {
          "Éxito": 0.9884297520661157,
          "Error": 0.011570247933884297
        },
        "(0.28, 0.29]": {
          "Éxito": 0.9915966386554622,
          "Error": 0.008403361344537815
        },
        "(0.29, 0.3]": {
          "Éxito": 0.9871382636655949,
          "Error": 0.012861736334405145
        }
      }
    }
  }
}