{
  "experiment": {
    "name": "ARQ_2__ESC_8",
    "timestamp": "2025-06-19T21:13:54.589046",
    "repeat_index": 6
  },
  "effects": {
    "num_taps": {
      "is_categorical": true,
      "bins": null,
      "values": {
        "6": {
          "Éxito": 0.7366536458333334,
          "Error": 0.2633463541666667
        }
      }
    },
    "snr_db": {
      "is_categorical": false,
      "bins": 10,
      "values": {
        "(7.997, 8.4]": {
          "Éxito": 0.7175324675324676,
          "Error": 0.2824675324675325
        },
        "(8.4, 8.8]": {
          "Éxito": 0.7192691029900332,
          "Error": 0.2807308970099668
        },
        "(8.8, 9.2]": {
          "Éxito": 0.7240829346092504,
          "Error": 0.2759170653907496
        },
        "(9.2, 9.6]": {
          "Éxito": 0.7413509060955519,
          "Error": 0.2586490939044481
        },
        "(9.6, 9.999]": {
          "Éxito": 0.7159090909090909,
          "Error": 0.2840909090909091
        },
        "(9.999, 10.399]": {
          "Éxito": 0.7409733124018838,
          "Error": 0.25902668759811615
        },
        "(10.399, 10.799]": {
          "Éxito": 0.7411944869831547,
          "Error": 0.25880551301684535
        },
        "(10.799, 11.199]": {
          "Éxito": 0.7761989342806395,
          "Error": 0.22380106571936056
        },
        "(11.199, 11.598]": {
          "Éxito": 0.7421875,
          "Error": 0.2578125
        },
        "(11.598, 11.998]": {
          "Éxito": 0.7512864493996569,
          "Error": 0.24871355060034306
        }
      }
    },
    "phase_offset": {
      "is_categorical": false,
      "bins": 10,
      "values": {
        "(-0.0382, 4.506]": {
          "Éxito": 0.7574257425742574,
          "Error": 0.24257425742574257
        },
        "(4.506, 9.005]": {
          "Éxito": 0.7471074380165289,
          "Error": 0.2528925619834711
        },
        "(9.005, 13.503]": {
          "Éxito": 0.7416267942583732,
          "Error": 0.2583732057416268
        },
        "(13.503, 18.002]": {
          "Éxito": 0.7163461538461539,
          "Error": 0.28365384615384615
        },
        "(18.002, 22.501]": {
          "Éxito": 0.737649063032368,
          "Error": 0.262350936967632
        },
        "(22.501, 27.0]": {
          "Éxito": 0.7181409295352323,
          "Error": 0.2818590704647676
        },
        "(27.0, 31.499]": {
          "Éxito": 0.7466666666666667,
          "Error": 0.25333333333333335
        },
        "(31.499, 35.998]": {
          "Éxito": 0.7416666666666667,
          "Error": 0.25833333333333336
        },
        "(35.998, 40.497]": {
          "Éxito": 0.7126805778491172,
          "Error": 0.28731942215088285
        },
        "(40.497, 44.996]": {
          "Éxito": 0.7504132231404959,
          "Error": 0.24958677685950414
        }
      }
    },
    "roll_off": {
      "is_categorical": false,
      "bins": 10,
      "values": {
        "(0.2, 0.21]": {
          "Éxito": 0.6830985915492958,
          "Error": 0.31690140845070425
        },
        "(0.21, 0.22]": {
          "Éxito": 0.731023102310231,
          "Error": 0.26897689768976896
        },
        "(0.22, 0.23]": {
          "Éxito": 0.7320261437908496,
          "Error": 0.2679738562091503
        },
        "(0.23, 0.24]": {
          "Éxito": 0.7643207855973814,
          "Error": 0.23567921440261866
        },
        "(0.24, 0.25]": {
          "Éxito": 0.735632183908046,
          "Error": 0.26436781609195403
        },
        "(0.25, 0.26]": {
          "Éxito": 0.7250755287009063,
          "Error": 0.27492447129909364
        },
        "(0.26, 0.27]": {
          "Éxito": 0.7675507020280812,
          "Error": 0.23244929797191888
        },
        "(0.27, 0.28]": {
          "Éxito": 0.7545304777594728,
          "Error": 0.24546952224052718
        },
        "(0.28, 0.29]": {
          "Éxito": 0.7381342062193126,
          "Error": 0.2618657937806874
        },
        "(0.29, 0.3]": {
          "Éxito": 0.7309562398703403,
          "Error": 0.26904376012965964
        }
      }
    }
  }
}