{
  "experiment": {
    "name": "cnn_bilstm_attn_esc_1",
    "timestamp": "2025-06-17T02:17:22.600628",
    "repeat_index": 1,
    "fold_index": 2
  },
  "effects": {
    "num_taps": {
      "is_categorical": true,
      "bins": null,
      "values": {
        "2": {
          "Éxito": 0.7949552481692432,
          "Error": 0.2050447518307567
        }
      }
    },
    "snr_db": {
      "is_categorical": false,
      "bins": 10,
      "values": {
        "(-0.00334, 0.401]": {
          "Éxito": 0.7872340425531915,
          "Error": 0.2127659574468085
        },
        "(0.401, 0.8]": {
          "Éxito": 0.8041666666666667,
          "Error": 0.19583333333333333
        },
        "(0.8, 1.2]": {
          "Éxito": 0.8115384615384615,
          "Error": 0.18846153846153846
        },
        "(1.2, 1.6]": {
          "Éxito": 0.7692307692307693,
          "Error": 0.23076923076923078
        },
        "(1.6, 2.0]": {
          "Éxito": 0.7725321888412017,
          "Error": 0.22746781115879827
        },
        "(2.0, 2.4]": {
          "Éxito": 0.7889273356401384,
          "Error": 0.21107266435986158
        },
        "(2.4, 2.8]": {
          "Éxito": 0.7641921397379913,
          "Error": 0.23580786026200873
        },
        "(2.8, 3.2]": {
          "Éxito": 0.776824034334764,
          "Error": 0.22317596566523606
        },
        "(3.2, 3.6]": {
          "Éxito": 0.7975206611570248,
          "Error": 0.2024793388429752
        },
        "(3.6, 4.0]": {
          "Éxito": 0.8776371308016878,
          "Error": 0.12236286919831224
        }
      }
    },
    "phase_offset": {
      "is_categorical": false,
      "bins": 10,
      "values": {
        "(-0.0197, 4.522]": {
          "Éxito": 0.788135593220339,
          "Error": 0.211864406779661
        },
        "(4.522, 9.019]": {
          "Éxito": 0.7992565055762082,
          "Error": 0.20074349442379183
        },
        "(9.019, 13.516]": {
          "Éxito": 0.8073770491803278,
          "Error": 0.19262295081967212
        },
        "(13.516, 18.013]": {
          "Éxito": 0.8289473684210527,
          "Error": 0.17105263157894737
        },
        "(18.013, 22.51]": {
          "Éxito": 0.7606837606837606,
          "Error": 0.23931623931623933
        },
        "(22.51, 27.007]": {
          "Éxito": 0.8046875,
          "Error": 0.1953125
        },
        "(27.007, 31.504]": {
          "Éxito": 0.7686274509803922,
          "Error": 0.23137254901960785
        },
        "(31.504, 36.001]": {
          "Éxito": 0.7929515418502202,
          "Error": 0.20704845814977973
        },
        "(36.001, 40.498]": {
          "Éxito": 0.8151260504201681,
          "Error": 0.18487394957983194
        },
        "(40.498, 44.995]": {
          "Éxito": 0.7859778597785978,
          "Error": 0.2140221402214022
        }
      }
    },
    "roll_off": {
      "is_categorical": false,
      "bins": 10,
      "values": {
        "(0.2, 0.21]": {
          "Éxito": 0.7755905511811023,
          "Error": 0.22440944881889763
        },
        "(0.21, 0.22]": {
          "Éxito": 0.7611336032388664,
          "Error": 0.2388663967611336
        },
        "(0.22, 0.23]": {
          "Éxito": 0.7564102564102564,
          "Error": 0.24358974358974358
        },
        "(0.23, 0.24]": {
          "Éxito": 0.7890295358649789,
          "Error": 0.2109704641350211
        },
        "(0.24, 0.25]": {
          "Éxito": 0.8145161290322581,
          "Error": 0.18548387096774194
        },
        "(0.25, 0.26]": {
          "Éxito": 0.8024193548387096,
          "Error": 0.1975806451612903
        },
        "(0.26, 0.27]": {
          "Éxito": 0.8468085106382979,
          "Error": 0.15319148936170213
        },
        "(0.27, 0.28]": {
          "Éxito": 0.8015873015873016,
          "Error": 0.1984126984126984
        },
        "(0.28, 0.29]": {
          "Éxito": 0.7951807228915663,
          "Error": 0.20481927710843373
        },
        "(0.29, 0.3]": {
          "Éxito": 0.8070866141732284,
          "Error": 0.19291338582677164
        }
      }
    }
  }
}