{
  "experiment": {
    "name": "res_tcn_se_esc_6",
    "timestamp": "2025-06-16T10:52:35.545533",
    "repeat_index": 0,
    "fold_index": 1
  },
  "effects": {
    "num_taps": {
      "is_categorical": true,
      "bins": null,
      "values": {
        "1": {
          "Éxito": 0.9572823433685923,
          "Error": 0.04271765663140765
        }
      }
    },
    "snr_db": {
      "is_categorical": false,
      "bins": 10,
      "values": {
        "(7.997, 8.401]": {
          "Éxito": 0.9305019305019305,
          "Error": 0.0694980694980695
        },
        "(8.401, 8.801]": {
          "Éxito": 0.9159663865546218,
          "Error": 0.08403361344537816
        },
        "(8.801, 9.2]": {
          "Éxito": 0.973568281938326,
          "Error": 0.02643171806167401
        },
        "(9.2, 9.6]": {
          "Éxito": 0.963855421686747,
          "Error": 0.03614457831325301
        },
        "(9.6, 10.0]": {
          "Éxito": 0.946969696969697,
          "Error": 0.05303030303030303
        },
        "(10.0, 10.4]": {
          "Éxito": 0.9714285714285714,
          "Error": 0.02857142857142857
        },
        "(10.4, 10.8]": {
          "Éxito": 0.9606299212598425,
          "Error": 0.03937007874015748
        },
        "(10.8, 11.199]": {
          "Éxito": 0.9511111111111111,
          "Error": 0.04888888888888889
        },
        "(11.199, 11.599]": {
          "Éxito": 0.9798387096774194,
          "Error": 0.020161290322580645
        },
        "(11.599, 11.999]": {
          "Éxito": 0.9799196787148594,
          "Error": 0.020080321285140562
        }
      }
    },
    "phase_offset": {
      "is_categorical": false,
      "bins": 10,
      "values": {
        "(-0.0323, 4.508]": {
          "Éxito": 0.9124423963133641,
          "Error": 0.08755760368663594
        },
        "(4.508, 9.003]": {
          "Éxito": 0.9543568464730291,
          "Error": 0.04564315352697095
        },
        "(9.003, 13.499]": {
          "Éxito": 0.9484126984126984,
          "Error": 0.051587301587301584
        },
        "(13.499, 17.994]": {
          "Éxito": 0.9856115107913669,
          "Error": 0.014388489208633094
        },
        "(17.994, 22.489]": {
          "Éxito": 0.9458333333333333,
          "Error": 0.05416666666666667
        },
        "(22.489, 26.985]": {
          "Éxito": 0.975609756097561,
          "Error": 0.024390243902439025
        },
        "(26.985, 31.48]": {
          "Éxito": 0.9689922480620154,
          "Error": 0.031007751937984496
        },
        "(31.48, 35.976]": {
          "Éxito": 0.9646017699115044,
          "Error": 0.035398230088495575
        },
        "(35.976, 40.471]": {
          "Éxito": 0.976,
          "Error": 0.024
        },
        "(40.471, 44.966]": {
          "Éxito": 0.932,
          "Error": 0.068
        }
      }
    },
    "roll_off": {
      "is_categorical": false,
      "bins": 10,
      "values": {
        "(0.2, 0.21]": {
          "Éxito": 0.9256198347107438,
          "Error": 0.0743801652892562
        },
        "(0.21, 0.22]": {
          "Éxito": 0.9572649572649573,
          "Error": 0.042735042735042736
        },
        "(0.22, 0.23]": {
          "Éxito": 0.9391304347826087,
          "Error": 0.06086956521739131
        },
        "(0.23, 0.24]": {
          "Éxito": 0.9298245614035088,
          "Error": 0.07017543859649122
        },
        "(0.24, 0.25]": {
          "Éxito": 0.9612403100775194,
          "Error": 0.03875968992248062
        },
        "(0.25, 0.26]": {
          "Éxito": 0.9665271966527197,
          "Error": 0.03347280334728033
        },
        "(0.26, 0.27]": {
          "Éxito": 0.9641434262948207,
          "Error": 0.035856573705179286
        },
        "(0.27, 0.28]": {
          "Éxito": 0.974169741697417,
          "Error": 0.025830258302583026
        },
        "(0.28, 0.29]": {
          "Éxito": 0.9769230769230769,
          "Error": 0.023076923076923078
        },
        "(0.29, 0.3]": {
          "Éxito": 0.9714285714285714,
          "Error": 0.02857142857142857
        }
      }
    }
  }
}