{
  "experiment": {
    "name": "red_carlos_ESC_7",
    "timestamp": "2025-06-18T16:04:35.370009",
    "repeat_index": 2,
    "fold_index": 4
  },
  "evaluation": {
    "loss": 0.5021938681602478,
    "accuracy": 0.8506916165351868
  },
  "classification_report": {
    "bpsk": {
      "precision": 1.0,
      "recall": 1.0,
      "f1-score": 1.0,
      "support": 409.0
    },
    "qpsk": {
      "precision": 1.0,
      "recall": 1.0,
      "f1-score": 1.0,
      "support": 410.0
    },
    "16qam": {
      "precision": 0.8799019607843137,
      "recall": 0.875609756097561,
      "f1-score": 0.8777506112469438,
      "support": 410.0
    },
    "32qam cross": {
      "precision": 0.6860986547085202,
      "recall": 0.7481662591687042,
      "f1-score": 0.7157894736842105,
      "support": 409.0
    },
    "64qam": {
      "precision": 0.8688118811881188,
      "recall": 0.8560975609756097,
      "f1-score": 0.8624078624078624,
      "support": 410.0
    },
    "128qam cross": {
      "precision": 0.6797900262467191,
      "recall": 0.6317073170731707,
      "f1-score": 0.654867256637168,
      "support": 410.0
    },
    "accuracy": 0.8519121236777868,
    "macro avg": {
      "precision": 0.8524337538212786,
      "recall": 0.851930148885841,
      "f1-score": 0.8518025339960307,
      "support": 2458.0
    },
    "weighted avg": {
      "precision": 0.8524413896442787,
      "recall": 0.8519121236777868,
      "f1-score": 0.8517975769554725,
      "support": 2458.0
    }
  }
}