{
  "experiment": {
    "name": "ARQ_3__ESC_3",
    "timestamp": "2025-06-19T09:57:26.810480",
    "repeat_index": 5
  },
  "effects": {
    "num_taps": {
      "is_categorical": true,
      "bins": null,
      "values": {
        "2": {
          "Éxito": 0.9640299479166666,
          "Error": 0.035970052083333336
        }
      }
    },
    "snr_db": {
      "is_categorical": false,
      "bins": 10,
      "values": {
        "(7.996, 8.4]": {
          "Éxito": 0.9383561643835616,
          "Error": 0.06164383561643835
        },
        "(8.4, 8.8]": {
          "Éxito": 0.9529042386185244,
          "Error": 0.04709576138147567
        },
        "(8.8, 9.2]": {
          "Éxito": 0.9484702093397746,
          "Error": 0.05152979066022544
        },
        "(9.2, 9.6]": {
          "Éxito": 0.953198127925117,
          "Error": 0.046801872074883
        },
        "(9.6, 10.0]": {
          "Éxito": 0.9661538461538461,
          "Error": 0.033846153846153845
        },
        "(10.0, 10.4]": {
          "Éxito": 0.9819376026272578,
          "Error": 0.0180623973727422
        },
        "(10.4, 10.8]": {
          "Éxito": 0.9798994974874372,
          "Error": 0.020100502512562814
        },
        "(10.8, 11.2]": {
          "Éxito": 0.9686956521739131,
          "Error": 0.03130434782608696
        },
        "(11.2, 11.6]": {
          "Éxito": 0.9748031496062992,
          "Error": 0.025196850393700787
        },
        "(11.6, 12.0]": {
          "Éxito": 0.9764705882352941,
          "Error": 0.023529411764705882
        }
      }
    },
    "phase_offset": {
      "is_categorical": false,
      "bins": 10,
      "values": {
        "(-0.0388, 4.505]": {
          "Éxito": 0.9721254355400697,
          "Error": 0.027874564459930314
        },
        "(4.505, 9.004]": {
          "Éxito": 0.9716535433070866,
          "Error": 0.028346456692913385
        },
        "(9.004, 13.503]": {
          "Éxito": 0.9454253611556982,
          "Error": 0.05457463884430177
        },
        "(13.503, 18.002]": {
          "Éxito": 0.9641744548286605,
          "Error": 0.03582554517133956
        },
        "(18.002, 22.501]": {
          "Éxito": 0.9569707401032702,
          "Error": 0.043029259896729774
        },
        "(22.501, 27.0]": {
          "Éxito": 0.9680672268907563,
          "Error": 0.031932773109243695
        },
        "(27.0, 31.499]": {
          "Éxito": 0.9704433497536946,
          "Error": 0.029556650246305417
        },
        "(31.499, 35.998]": {
          "Éxito": 0.9691056910569106,
          "Error": 0.030894308943089432
        },
        "(35.998, 40.497]": {
          "Éxito": 0.9611801242236024,
          "Error": 0.03881987577639751
        },
        "(40.497, 44.996]": {
          "Éxito": 0.9616613418530351,
          "Error": 0.038338658146964855
        }
      }
    },
    "roll_off": {
      "is_categorical": false,
      "bins": 10,
      "values": {
        "(0.2, 0.21]": {
          "Éxito": 0.9596638655462185,
          "Error": 0.040336134453781515
        },
        "(0.21, 0.22]": {
          "Éxito": 0.9608177172061328,
          "Error": 0.039182282793867124
        },
        "(0.22, 0.23]": {
          "Éxito": 0.9628482972136223,
          "Error": 0.03715170278637771
        },
        "(0.23, 0.24]": {
          "Éxito": 0.9571183533447685,
          "Error": 0.04288164665523156
        },
        "(0.24, 0.25]": {
          "Éxito": 0.9690402476780186,
          "Error": 0.030959752321981424
        },
        "(0.25, 0.26]": {
          "Éxito": 0.9623233908948194,
          "Error": 0.03767660910518053
        },
        "(0.26, 0.27]": {
          "Éxito": 0.9697452229299363,
          "Error": 0.030254777070063694
        },
        "(0.27, 0.28]": {
          "Éxito": 0.9699499165275459,
          "Error": 0.03005008347245409
        },
        "(0.28, 0.29]": {
          "Éxito": 0.9664,
          "Error": 0.0336
        },
        "(0.29, 0.3]": {
          "Éxito": 0.9615384615384616,
          "Error": 0.038461538461538464
        }
      }
    }
  }
}