{
  "experiment": {
    "name": "cnn_bilstm_attn_esc_8",
    "timestamp": "2025-06-17T01:38:06.497118",
    "repeat_index": 1,
    "fold_index": 1
  },
  "effects": {
    "num_taps": {
      "is_categorical": true,
      "bins": null,
      "values": {
        "6": {
          "Éxito": 0.7917005695687551,
          "Error": 0.2082994304312449
        }
      }
    },
    "snr_db": {
      "is_categorical": false,
      "bins": 10,
      "values": {
        "(7.997, 8.401]": {
          "Éxito": 0.8209606986899564,
          "Error": 0.17903930131004367
        },
        "(8.401, 8.801]": {
          "Éxito": 0.8041958041958042,
          "Error": 0.1958041958041958
        },
        "(8.801, 9.2]": {
          "Éxito": 0.7327188940092166,
          "Error": 0.2672811059907834
        },
        "(9.2, 9.6]": {
          "Éxito": 0.7689075630252101,
          "Error": 0.23109243697478993
        },
        "(9.6, 9.999]": {
          "Éxito": 0.8045112781954887,
          "Error": 0.19548872180451127
        },
        "(9.999, 10.399]": {
          "Éxito": 0.7897196261682243,
          "Error": 0.2102803738317757
        },
        "(10.399, 10.798]": {
          "Éxito": 0.782258064516129,
          "Error": 0.21774193548387097
        },
        "(10.798, 11.198]": {
          "Éxito": 0.8047808764940239,
          "Error": 0.1952191235059761
        },
        "(11.198, 11.597]": {
          "Éxito": 0.7843866171003717,
          "Error": 0.21561338289962825
        },
        "(11.597, 11.997]": {
          "Éxito": 0.8166666666666667,
          "Error": 0.18333333333333332
        }
      }
    },
    "phase_offset": {
      "is_categorical": false,
      "bins": 10,
      "values": {
        "(-0.0384, 4.504]": {
          "Éxito": 0.8175182481751825,
          "Error": 0.18248175182481752
        },
        "(4.504, 9.002]": {
          "Éxito": 0.8034934497816594,
          "Error": 0.1965065502183406
        },
        "(9.002, 13.5]": {
          "Éxito": 0.8178137651821862,
          "Error": 0.18218623481781376
        },
        "(13.5, 17.998]": {
          "Éxito": 0.7346938775510204,
          "Error": 0.2653061224489796
        },
        "(17.998, 22.496]": {
          "Éxito": 0.8275862068965517,
          "Error": 0.1724137931034483
        },
        "(22.496, 26.994]": {
          "Éxito": 0.7509727626459144,
          "Error": 0.2490272373540856
        },
        "(26.994, 31.492]": {
          "Éxito": 0.8067226890756303,
          "Error": 0.19327731092436976
        },
        "(31.492, 35.99]": {
          "Éxito": 0.776595744680851,
          "Error": 0.22340425531914893
        },
        "(35.99, 40.488]": {
          "Éxito": 0.803921568627451,
          "Error": 0.19607843137254902
        },
        "(40.488, 44.986]": {
          "Éxito": 0.784,
          "Error": 0.216
        }
      }
    },
    "roll_off": {
      "is_categorical": false,
      "bins": 10,
      "values": {
        "(0.2, 0.21]": {
          "Éxito": 0.7898305084745763,
          "Error": 0.21016949152542372
        },
        "(0.21, 0.22]": {
          "Éxito": 0.7967479674796748,
          "Error": 0.2032520325203252
        },
        "(0.22, 0.23]": {
          "Éxito": 0.7727272727272727,
          "Error": 0.22727272727272727
        },
        "(0.23, 0.24]": {
          "Éxito": 0.8117154811715481,
          "Error": 0.18828451882845187
        },
        "(0.24, 0.25]": {
          "Éxito": 0.7699115044247787,
          "Error": 0.23008849557522124
        },
        "(0.25, 0.26]": {
          "Éxito": 0.8008849557522124,
          "Error": 0.19911504424778761
        },
        "(0.26, 0.27]": {
          "Éxito": 0.8106995884773662,
          "Error": 0.18930041152263374
        },
        "(0.27, 0.28]": {
          "Éxito": 0.82,
          "Error": 0.18
        },
        "(0.28, 0.29]": {
          "Éxito": 0.7984189723320159,
          "Error": 0.2015810276679842
        },
        "(0.29, 0.3]": {
          "Éxito": 0.7436974789915967,
          "Error": 0.25630252100840334
        }
      }
    }
  }
}