{
  "experiment": {
    "name": "ARQ_1__ESC_8",
    "timestamp": "2025-06-22T12:22:54.876889",
    "repeat_index": 8
  },
  "effects": {
    "num_taps": {
      "is_categorical": true,
      "bins": null,
      "values": {
        "6": {
          "Éxito": 0.85400390625,
          "Error": 0.14599609375
        }
      }
    },
    "snr_db": {
      "is_categorical": false,
      "bins": 10,
      "values": {
        "(7.997, 8.4]": {
          "Éxito": 0.8344155844155844,
          "Error": 0.16558441558441558
        },
        "(8.4, 8.8]": {
          "Éxito": 0.8488372093023255,
          "Error": 0.1511627906976744
        },
        "(8.8, 9.2]": {
          "Éxito": 0.8389154704944178,
          "Error": 0.16108452950558214
        },
        "(9.2, 9.6]": {
          "Éxito": 0.8336079077429983,
          "Error": 0.16639209225700163
        },
        "(9.6, 9.999]": {
          "Éxito": 0.8327922077922078,
          "Error": 0.1672077922077922
        },
        "(9.999, 10.399]": {
          "Éxito": 0.8618524332810047,
          "Error": 0.13814756671899528
        },
        "(10.399, 10.799]": {
          "Éxito": 0.8713629402756509,
          "Error": 0.12863705972434916
        },
        "(10.799, 11.199]": {
          "Éxito": 0.8756660746003553,
          "Error": 0.12433392539964476
        },
        "(11.199, 11.598]": {
          "Éxito": 0.8796875,
          "Error": 0.1203125
        },
        "(11.598, 11.998]": {
          "Éxito": 0.8627787307032591,
          "Error": 0.137221269296741
        }
      }
    },
    "phase_offset": {
      "is_categorical": false,
      "bins": 10,
      "values": {
        "(-0.0382, 4.506]": {
          "Éxito": 0.858085808580858,
          "Error": 0.1419141914191419
        },
        "(4.506, 9.005]": {
          "Éxito": 0.8528925619834711,
          "Error": 0.14710743801652892
        },
        "(9.005, 13.503]": {
          "Éxito": 0.8708133971291866,
          "Error": 0.1291866028708134
        },
        "(13.503, 18.002]": {
          "Éxito": 0.8605769230769231,
          "Error": 0.13942307692307693
        },
        "(18.002, 22.501]": {
          "Éxito": 0.8671209540034072,
          "Error": 0.13287904599659284
        },
        "(22.501, 27.0]": {
          "Éxito": 0.8380809595202399,
          "Error": 0.1619190404797601
        },
        "(27.0, 31.499]": {
          "Éxito": 0.845,
          "Error": 0.155
        },
        "(31.499, 35.998]": {
          "Éxito": 0.8766666666666667,
          "Error": 0.12333333333333334
        },
        "(35.998, 40.497]": {
          "Éxito": 0.8346709470304976,
          "Error": 0.1653290529695024
        },
        "(40.497, 44.996]": {
          "Éxito": 0.8380165289256198,
          "Error": 0.16198347107438016
        }
      }
    },
    "roll_off": {
      "is_categorical": false,
      "bins": 10,
      "values": {
        "(0.2, 0.21]": {
          "Éxito": 0.8327464788732394,
          "Error": 0.16725352112676056
        },
        "(0.21, 0.22]": {
          "Éxito": 0.8696369636963697,
          "Error": 0.13036303630363036
        },
        "(0.22, 0.23]": {
          "Éxito": 0.8562091503267973,
          "Error": 0.1437908496732026
        },
        "(0.23, 0.24]": {
          "Éxito": 0.8657937806873978,
          "Error": 0.1342062193126023
        },
        "(0.24, 0.25]": {
          "Éxito": 0.8522167487684729,
          "Error": 0.1477832512315271
        },
        "(0.25, 0.26]": {
          "Éxito": 0.8413897280966768,
          "Error": 0.15861027190332327
        },
        "(0.26, 0.27]": {
          "Éxito": 0.8517940717628705,
          "Error": 0.1482059282371295
        },
        "(0.27, 0.28]": {
          "Éxito": 0.8649093904448105,
          "Error": 0.13509060955518945
        },
        "(0.28, 0.29]": {
          "Éxito": 0.851063829787234,
          "Error": 0.14893617021276595
        },
        "(0.29, 0.3]": {
          "Éxito": 0.8541329011345219,
          "Error": 0.1458670988654781
        }
      }
    }
  }
}