{
  "experiment": {
    "name": "red_carlos_ESC_9",
    "timestamp": "2025-06-21T03:01:37.204564",
    "repeat_index": 0,
    "fold_index": 2
  },
  "evaluation": {
    "loss": 0.28025713562965393,
    "accuracy": 0.9491456747055054
  },
  "classification_report": {
    "bpsk": {
      "precision": 1.0,
      "recall": 1.0,
      "f1-score": 1.0,
      "support": 410.0
    },
    "qpsk": {
      "precision": 1.0,
      "recall": 1.0,
      "f1-score": 1.0,
      "support": 410.0
    },
    "16qam": {
      "precision": 0.9688249400479616,
      "recall": 0.9853658536585366,
      "f1-score": 0.977025392986699,
      "support": 410.0
    },
    "32qam cross": {
      "precision": 0.8776470588235294,
      "recall": 0.9119804400977995,
      "f1-score": 0.894484412470024,
      "support": 409.0
    },
    "64qam": {
      "precision": 0.9674185463659147,
      "recall": 0.9414634146341463,
      "f1-score": 0.9542645241038319,
      "support": 410.0
    },
    "128qam cross": {
      "precision": 0.8816120906801007,
      "recall": 0.8557457212713936,
      "f1-score": 0.8684863523573201,
      "support": 409.0
    },
    "accuracy": 0.9491456468673718,
    "macro avg": {
      "precision": 0.9492504393195844,
      "recall": 0.9490925716103127,
      "f1-score": 0.9490434469863125,
      "support": 2458.0
    },
    "weighted avg": {
      "precision": 0.9493070877040984,
      "recall": 0.9491456468673718,
      "f1-score": 0.9490984169330762,
      "support": 2458.0
    }
  }
}