{
  "experiment": {
    "name": "ARQ_1__ESC_3_WITH_256_QAM",
    "timestamp": "2025-06-23T00:07:35.801468",
    "repeat_index": 3
  },
  "effects": {
    "num_taps": {
      "is_categorical": true,
      "bins": null,
      "values": {
        "2": {
          "Éxito": 0.8648158482142857,
          "Error": 0.13518415178571427
        }
      }
    },
    "snr_db": {
      "is_categorical": false,
      "bins": 10,
      "values": {
        "(7.997, 8.401]": {
          "Éxito": 0.8753501400560224,
          "Error": 0.12464985994397759
        },
        "(8.401, 8.801]": {
          "Éxito": 0.8563685636856369,
          "Error": 0.14363143631436315
        },
        "(8.801, 9.201]": {
          "Éxito": 0.8390367553865653,
          "Error": 0.16096324461343473
        },
        "(9.201, 9.601]": {
          "Éxito": 0.8581560283687943,
          "Error": 0.14184397163120568
        },
        "(9.601, 10.0]": {
          "Éxito": 0.8746594005449592,
          "Error": 0.12534059945504086
        },
        "(10.0, 10.4]": {
          "Éxito": 0.826629680998613,
          "Error": 0.17337031900138697
        },
        "(10.4, 10.8]": {
          "Éxito": 0.8790896159317212,
          "Error": 0.12091038406827881
        },
        "(10.8, 11.2]": {
          "Éxito": 0.8938714499252616,
          "Error": 0.10612855007473841
        },
        "(11.2, 11.599]": {
          "Éxito": 0.8532763532763533,
          "Error": 0.1467236467236467
        },
        "(11.599, 11.999]": {
          "Éxito": 0.8975468975468975,
          "Error": 0.10245310245310245
        }
      }
    },
    "phase_offset": {
      "is_categorical": false,
      "bins": 10,
      "values": {
        "(-0.0368, 4.507]": {
          "Éxito": 0.8788300835654597,
          "Error": 0.12116991643454039
        },
        "(4.507, 9.006]": {
          "Éxito": 0.8784530386740331,
          "Error": 0.12154696132596685
        },
        "(9.006, 13.505]": {
          "Éxito": 0.8741159830268741,
          "Error": 0.12588401697312587
        },
        "(13.505, 18.003]": {
          "Éxito": 0.8561452513966481,
          "Error": 0.14385474860335196
        },
        "(18.003, 22.502]": {
          "Éxito": 0.8540462427745664,
          "Error": 0.14595375722543352
        },
        "(22.502, 27.001]": {
          "Éxito": 0.8600543478260869,
          "Error": 0.13994565217391305
        },
        "(27.001, 31.5]": {
          "Éxito": 0.8543956043956044,
          "Error": 0.14560439560439561
        },
        "(31.5, 35.999]": {
          "Éxito": 0.8778735632183908,
          "Error": 0.1221264367816092
        },
        "(35.999, 40.497]": {
          "Éxito": 0.8473609129814551,
          "Error": 0.15263908701854492
        },
        "(40.497, 44.996]": {
          "Éxito": 0.8666666666666667,
          "Error": 0.13333333333333333
        }
      }
    },
    "roll_off": {
      "is_categorical": false,
      "bins": 10,
      "values": {
        "(0.2, 0.21]": {
          "Éxito": 0.8603667136812412,
          "Error": 0.13963328631875882
        },
        "(0.21, 0.22]": {
          "Éxito": 0.8387978142076503,
          "Error": 0.16120218579234974
        },
        "(0.22, 0.23]": {
          "Éxito": 0.8797202797202798,
          "Error": 0.12027972027972028
        },
        "(0.23, 0.24]": {
          "Éxito": 0.863697705802969,
          "Error": 0.13630229419703105
        },
        "(0.24, 0.25]": {
          "Éxito": 0.8653846153846154,
          "Error": 0.1346153846153846
        },
        "(0.25, 0.26]": {
          "Éxito": 0.8477951635846372,
          "Error": 0.15220483641536273
        },
        "(0.26, 0.27]": {
          "Éxito": 0.8916666666666667,
          "Error": 0.10833333333333334
        },
        "(0.27, 0.28]": {
          "Éxito": 0.871447902571042,
          "Error": 0.12855209742895804
        },
        "(0.28, 0.29]": {
          "Éxito": 0.8649425287356322,
          "Error": 0.13505747126436782
        },
        "(0.29, 0.3]": {
          "Éxito": 0.8642335766423358,
          "Error": 0.13576642335766423
        }
      }
    }
  }
}