{
  "experiment": {
    "name": "red_carlos_ESC_4",
    "timestamp": "2025-06-18T08:46:59.622854",
    "repeat_index": 1,
    "fold_index": 4
  },
  "effects": {
    "num_taps": {
      "is_categorical": true,
      "bins": null,
      "values": {
        "2": {
          "Éxito": 0.9719283970707893,
          "Error": 0.02807160292921074
        }
      }
    },
    "snr_db": {
      "is_categorical": false,
      "bins": 10,
      "values": {
        "(11.999, 12.402]": {
          "Éxito": 0.9693486590038314,
          "Error": 0.03065134099616858
        },
        "(12.402, 12.802]": {
          "Éxito": 0.9689922480620154,
          "Error": 0.031007751937984496
        },
        "(12.802, 13.202]": {
          "Éxito": 0.9446808510638298,
          "Error": 0.05531914893617021
        },
        "(13.202, 13.601]": {
          "Éxito": 0.9855769230769231,
          "Error": 0.014423076923076924
        },
        "(13.601, 14.001]": {
          "Éxito": 0.9746376811594203,
          "Error": 0.025362318840579712
        },
        "(14.001, 14.401]": {
          "Éxito": 0.9478260869565217,
          "Error": 0.05217391304347826
        },
        "(14.401, 14.8]": {
          "Éxito": 0.9880952380952381,
          "Error": 0.011904761904761904
        },
        "(14.8, 15.2]": {
          "Éxito": 0.9789915966386554,
          "Error": 0.02100840336134454
        },
        "(15.2, 15.6]": {
          "Éxito": 0.9831223628691983,
          "Error": 0.016877637130801686
        },
        "(15.6, 15.999]": {
          "Éxito": 0.9771863117870723,
          "Error": 0.022813688212927757
        }
      }
    },
    "phase_offset": {
      "is_categorical": false,
      "bins": 10,
      "values": {
        "(-0.0417, 4.502]": {
          "Éxito": 0.9558823529411765,
          "Error": 0.04411764705882353
        },
        "(4.502, 9.001]": {
          "Éxito": 0.9565217391304348,
          "Error": 0.043478260869565216
        },
        "(9.001, 13.499]": {
          "Éxito": 0.9779411764705882,
          "Error": 0.022058823529411766
        },
        "(13.499, 17.998]": {
          "Éxito": 0.9830508474576272,
          "Error": 0.01694915254237288
        },
        "(17.998, 22.496]": {
          "Éxito": 0.9762845849802372,
          "Error": 0.023715415019762844
        },
        "(22.496, 26.995]": {
          "Éxito": 0.9835390946502057,
          "Error": 0.01646090534979424
        },
        "(26.995, 31.494]": {
          "Éxito": 0.975609756097561,
          "Error": 0.024390243902439025
        },
        "(31.494, 35.992]": {
          "Éxito": 0.9576271186440678,
          "Error": 0.0423728813559322
        },
        "(35.992, 40.491]": {
          "Éxito": 0.9681274900398407,
          "Error": 0.03187250996015936
        },
        "(40.491, 44.989]": {
          "Éxito": 0.9863013698630136,
          "Error": 0.0136986301369863
        }
      }
    },
    "roll_off": {
      "is_categorical": false,
      "bins": 10,
      "values": {
        "(0.2, 0.21]": {
          "Éxito": 0.9618320610687023,
          "Error": 0.03816793893129771
        },
        "(0.21, 0.22]": {
          "Éxito": 0.9781659388646288,
          "Error": 0.021834061135371178
        },
        "(0.22, 0.23]": {
          "Éxito": 0.9655172413793104,
          "Error": 0.034482758620689655
        },
        "(0.23, 0.24]": {
          "Éxito": 0.9595141700404858,
          "Error": 0.04048582995951417
        },
        "(0.24, 0.25]": {
          "Éxito": 0.9872881355932204,
          "Error": 0.012711864406779662
        },
        "(0.25, 0.26]": {
          "Éxito": 0.9748953974895398,
          "Error": 0.02510460251046025
        },
        "(0.26, 0.27]": {
          "Éxito": 0.9738805970149254,
          "Error": 0.026119402985074626
        },
        "(0.27, 0.28]": {
          "Éxito": 0.9710743801652892,
          "Error": 0.028925619834710745
        },
        "(0.28, 0.29]": {
          "Éxito": 0.9601593625498008,
          "Error": 0.0398406374501992
        },
        "(0.29, 0.3]": {
          "Éxito": 0.9910313901345291,
          "Error": 0.008968609865470852
        }
      }
    }
  }
}