{
  "experiment": {
    "name": "res_tcn_se_esc_3",
    "timestamp": "2025-06-16T08:15:43.835599",
    "repeat_index": 1,
    "fold_index": 3
  },
  "effects": {
    "num_taps": {
      "is_categorical": true,
      "bins": null,
      "values": {
        "2": {
          "Éxito": 0.9406021155410903,
          "Error": 0.059397884458909686
        }
      }
    },
    "snr_db": {
      "is_categorical": false,
      "bins": 10,
      "values": {
        "(7.997, 8.401]": {
          "Éxito": 0.946058091286307,
          "Error": 0.05394190871369295
        },
        "(8.401, 8.801]": {
          "Éxito": 0.9156626506024096,
          "Error": 0.08433734939759036
        },
        "(8.801, 9.2]": {
          "Éxito": 0.9344978165938864,
          "Error": 0.06550218340611354
        },
        "(9.2, 9.6]": {
          "Éxito": 0.9401709401709402,
          "Error": 0.05982905982905983
        },
        "(9.6, 10.0]": {
          "Éxito": 0.9402985074626866,
          "Error": 0.05970149253731343
        },
        "(10.0, 10.4]": {
          "Éxito": 0.932806324110672,
          "Error": 0.06719367588932806
        },
        "(10.4, 10.8]": {
          "Éxito": 0.9375,
          "Error": 0.0625
        },
        "(10.8, 11.2]": {
          "Éxito": 0.948,
          "Error": 0.052
        },
        "(11.2, 11.6]": {
          "Éxito": 0.9711934156378601,
          "Error": 0.02880658436213992
        },
        "(11.6, 12.0]": {
          "Éxito": 0.9402390438247012,
          "Error": 0.05976095617529881
        }
      }
    },
    "phase_offset": {
      "is_categorical": false,
      "bins": 10,
      "values": {
        "(-0.005, 4.535]": {
          "Éxito": 0.9521739130434783,
          "Error": 0.04782608695652174
        },
        "(4.535, 9.03]": {
          "Éxito": 0.9448818897637795,
          "Error": 0.05511811023622047
        },
        "(9.03, 13.525]": {
          "Éxito": 0.9237668161434978,
          "Error": 0.07623318385650224
        },
        "(13.525, 18.021]": {
          "Éxito": 0.9498207885304659,
          "Error": 0.05017921146953405
        },
        "(18.021, 22.516]": {
          "Éxito": 0.937007874015748,
          "Error": 0.06299212598425197
        },
        "(22.516, 27.011]": {
          "Éxito": 0.9518072289156626,
          "Error": 0.04819277108433735
        },
        "(27.011, 31.506]": {
          "Éxito": 0.8940677966101694,
          "Error": 0.1059322033898305
        },
        "(31.506, 36.001]": {
          "Éxito": 0.9591836734693877,
          "Error": 0.04081632653061224
        },
        "(36.001, 40.496]": {
          "Éxito": 0.9670781893004116,
          "Error": 0.03292181069958848
        },
        "(40.496, 44.991]": {
          "Éxito": 0.9224489795918367,
          "Error": 0.07755102040816327
        }
      }
    },
    "roll_off": {
      "is_categorical": false,
      "bins": 10,
      "values": {
        "(0.2, 0.21]": {
          "Éxito": 0.9204545454545454,
          "Error": 0.07954545454545454
        },
        "(0.21, 0.22]": {
          "Éxito": 0.919831223628692,
          "Error": 0.08016877637130802
        },
        "(0.22, 0.23]": {
          "Éxito": 0.9253731343283582,
          "Error": 0.07462686567164178
        },
        "(0.23, 0.24]": {
          "Éxito": 0.946058091286307,
          "Error": 0.05394190871369295
        },
        "(0.24, 0.25]": {
          "Éxito": 0.9435483870967742,
          "Error": 0.056451612903225805
        },
        "(0.25, 0.26]": {
          "Éxito": 0.9469387755102041,
          "Error": 0.053061224489795916
        },
        "(0.26, 0.27]": {
          "Éxito": 0.9641255605381166,
          "Error": 0.03587443946188341
        },
        "(0.27, 0.28]": {
          "Éxito": 0.935064935064935,
          "Error": 0.06493506493506493
        },
        "(0.28, 0.29]": {
          "Éxito": 0.9662447257383966,
          "Error": 0.03375527426160337
        },
        "(0.29, 0.3]": {
          "Éxito": 0.9431818181818182,
          "Error": 0.056818181818181816
        }
      }
    }
  }
}