{
  "experiment": {
    "name": "cnn_bilstm_attn_esc_6",
    "timestamp": "2025-06-23T04:35:33.098838",
    "repeat_index": 2,
    "fold_index": 0
  },
  "effects": {
    "num_taps": {
      "is_categorical": true,
      "bins": null,
      "values": {
        "1": {
          "Éxito": 0.9861676159479251,
          "Error": 0.013832384052074858
        }
      }
    },
    "snr_db": {
      "is_categorical": false,
      "bins": 10,
      "values": {
        "(7.996, 8.4]": {
          "Éxito": 0.9661016949152542,
          "Error": 0.03389830508474576
        },
        "(8.4, 8.8]": {
          "Éxito": 0.9758064516129032,
          "Error": 0.024193548387096774
        },
        "(8.8, 9.199]": {
          "Éxito": 0.9875518672199171,
          "Error": 0.012448132780082987
        },
        "(9.199, 9.599]": {
          "Éxito": 0.988,
          "Error": 0.012
        },
        "(9.599, 9.999]": {
          "Éxito": 0.9809885931558935,
          "Error": 0.019011406844106463
        },
        "(9.999, 10.399]": {
          "Éxito": 0.9922480620155039,
          "Error": 0.007751937984496124
        },
        "(10.399, 10.798]": {
          "Éxito": 0.9908256880733946,
          "Error": 0.009174311926605505
        },
        "(10.798, 11.198]": {
          "Éxito": 0.991304347826087,
          "Error": 0.008695652173913044
        },
        "(11.198, 11.598]": {
          "Éxito": 0.9881422924901185,
          "Error": 0.011857707509881422
        },
        "(11.598, 11.997]": {
          "Éxito": 1.0,
          "Error": 0.0
        }
      }
    },
    "phase_offset": {
      "is_categorical": false,
      "bins": 10,
      "values": {
        "(-0.0341, 4.506]": {
          "Éxito": 0.9744680851063829,
          "Error": 0.02553191489361702
        },
        "(4.506, 9.001]": {
          "Éxito": 1.0,
          "Error": 0.0
        },
        "(9.001, 13.496]": {
          "Éxito": 0.9885931558935361,
          "Error": 0.011406844106463879
        },
        "(13.496, 17.99]": {
          "Éxito": 0.9800796812749004,
          "Error": 0.0199203187250996
        },
        "(17.99, 22.485]": {
          "Éxito": 1.0,
          "Error": 0.0
        },
        "(22.485, 26.98]": {
          "Éxito": 0.990521327014218,
          "Error": 0.009478672985781991
        },
        "(26.98, 31.475]": {
          "Éxito": 0.9885057471264368,
          "Error": 0.011494252873563218
        },
        "(31.475, 35.97]": {
          "Éxito": 0.9954337899543378,
          "Error": 0.0045662100456621
        },
        "(35.97, 40.465]": {
          "Éxito": 0.9795918367346939,
          "Error": 0.02040816326530612
        },
        "(40.465, 44.96]": {
          "Éxito": 0.963855421686747,
          "Error": 0.03614457831325301
        }
      }
    },
    "roll_off": {
      "is_categorical": false,
      "bins": 10,
      "values": {
        "(0.2, 0.21]": {
          "Éxito": 0.9957627118644068,
          "Error": 0.00423728813559322
        },
        "(0.21, 0.22]": {
          "Éxito": 0.975103734439834,
          "Error": 0.024896265560165973
        },
        "(0.22, 0.23]": {
          "Éxito": 0.9775784753363229,
          "Error": 0.02242152466367713
        },
        "(0.23, 0.24]": {
          "Éxito": 0.9821428571428571,
          "Error": 0.017857142857142856
        },
        "(0.24, 0.25]": {
          "Éxito": 0.9918032786885246,
          "Error": 0.00819672131147541
        },
        "(0.25, 0.26]": {
          "Éxito": 0.9825174825174825,
          "Error": 0.017482517482517484
        },
        "(0.26, 0.27]": {
          "Éxito": 0.9809160305343512,
          "Error": 0.019083969465648856
        },
        "(0.27, 0.28]": {
          "Éxito": 0.99581589958159,
          "Error": 0.0041841004184100415
        },
        "(0.28, 0.29]": {
          "Éxito": 0.9814126394052045,
          "Error": 0.01858736059479554
        },
        "(0.29, 0.3]": {
          "Éxito": 1.0,
          "Error": 0.0
        }
      }
    }
  }
}