{
  "experiment": {
    "name": "red_carlos_ESC_8",
    "timestamp": "2025-06-21T02:32:13.308923",
    "repeat_index": 3,
    "fold_index": 2
  },
  "effects": {
    "num_taps": {
      "is_categorical": true,
      "bins": null,
      "values": {
        "6": {
          "Éxito": 0.8014646053702197,
          "Error": 0.19853539462978032
        }
      }
    },
    "snr_db": {
      "is_categorical": false,
      "bins": 10,
      "values": {
        "(7.997, 8.401]": {
          "Éxito": 0.832089552238806,
          "Error": 0.16791044776119404
        },
        "(8.401, 8.801]": {
          "Éxito": 0.75,
          "Error": 0.25
        },
        "(8.801, 9.201]": {
          "Éxito": 0.7692307692307693,
          "Error": 0.23076923076923078
        },
        "(9.201, 9.601]": {
          "Éxito": 0.7557251908396947,
          "Error": 0.24427480916030533
        },
        "(9.601, 10.001]": {
          "Éxito": 0.8297872340425532,
          "Error": 0.1702127659574468
        },
        "(10.001, 10.4]": {
          "Éxito": 0.8,
          "Error": 0.2
        },
        "(10.4, 10.8]": {
          "Éxito": 0.8181818181818182,
          "Error": 0.18181818181818182
        },
        "(10.8, 11.2]": {
          "Éxito": 0.8225806451612904,
          "Error": 0.1774193548387097
        },
        "(11.2, 11.6]": {
          "Éxito": 0.820627802690583,
          "Error": 0.17937219730941703
        },
        "(11.6, 12.0]": {
          "Éxito": 0.8237885462555066,
          "Error": 0.1762114537444934
        }
      }
    },
    "phase_offset": {
      "is_categorical": false,
      "bins": 10,
      "values": {
        "(-0.0419, 4.502]": {
          "Éxito": 0.8171206225680934,
          "Error": 0.1828793774319066
        },
        "(4.502, 9.0]": {
          "Éxito": 0.8333333333333334,
          "Error": 0.16666666666666666
        },
        "(9.0, 13.499]": {
          "Éxito": 0.7478260869565218,
          "Error": 0.25217391304347825
        },
        "(13.499, 17.997]": {
          "Éxito": 0.7786259541984732,
          "Error": 0.22137404580152673
        },
        "(17.997, 22.496]": {
          "Éxito": 0.8063241106719368,
          "Error": 0.19367588932806323
        },
        "(22.496, 26.994]": {
          "Éxito": 0.8247011952191236,
          "Error": 0.1752988047808765
        },
        "(26.994, 31.493]": {
          "Éxito": 0.8455284552845529,
          "Error": 0.15447154471544716
        },
        "(31.493, 35.992]": {
          "Éxito": 0.7551867219917012,
          "Error": 0.24481327800829875
        },
        "(35.992, 40.49]": {
          "Éxito": 0.823045267489712,
          "Error": 0.17695473251028807
        },
        "(40.49, 44.989]": {
          "Éxito": 0.777292576419214,
          "Error": 0.22270742358078602
        }
      }
    },
    "roll_off": {
      "is_categorical": false,
      "bins": 10,
      "values": {
        "(0.2, 0.21]": {
          "Éxito": 0.8040816326530612,
          "Error": 0.19591836734693877
        },
        "(0.21, 0.22]": {
          "Éxito": 0.8025210084033614,
          "Error": 0.19747899159663865
        },
        "(0.22, 0.23]": {
          "Éxito": 0.8093385214007782,
          "Error": 0.19066147859922178
        },
        "(0.23, 0.24]": {
          "Éxito": 0.8053435114503816,
          "Error": 0.1946564885496183
        },
        "(0.24, 0.25]": {
          "Éxito": 0.8305084745762712,
          "Error": 0.1694915254237288
        },
        "(0.25, 0.26]": {
          "Éxito": 0.8067226890756303,
          "Error": 0.19327731092436976
        },
        "(0.26, 0.27]": {
          "Éxito": 0.751004016064257,
          "Error": 0.24899598393574296
        },
        "(0.27, 0.28]": {
          "Éxito": 0.7931034482758621,
          "Error": 0.20689655172413793
        },
        "(0.28, 0.29]": {
          "Éxito": 0.7890625,
          "Error": 0.2109375
        },
        "(0.29, 0.3]": {
          "Éxito": 0.8244897959183674,
          "Error": 0.17551020408163265
        }
      }
    }
  }
}