{
  "experiment": {
    "name": "ARQ_2__ESC_6",
    "timestamp": "2025-06-19T17:33:20.340410",
    "repeat_index": 4
  },
  "effects": {
    "num_taps": {
      "is_categorical": true,
      "bins": null,
      "values": {
        "1": {
          "Éxito": 0.9910481770833334,
          "Error": 0.008951822916666666
        }
      }
    },
    "snr_db": {
      "is_categorical": false,
      "bins": 10,
      "values": {
        "(7.996, 8.4]": {
          "Éxito": 0.9719626168224299,
          "Error": 0.028037383177570093
        },
        "(8.4, 8.8]": {
          "Éxito": 0.9825673534072901,
          "Error": 0.017432646592709985
        },
        "(8.8, 9.2]": {
          "Éxito": 0.9865996649916248,
          "Error": 0.01340033500837521
        },
        "(9.2, 9.6]": {
          "Éxito": 0.9902439024390244,
          "Error": 0.00975609756097561
        },
        "(9.6, 10.0]": {
          "Éxito": 0.9948892674616695,
          "Error": 0.005110732538330494
        },
        "(10.0, 10.4]": {
          "Éxito": 0.993322203672788,
          "Error": 0.00667779632721202
        },
        "(10.4, 10.8]": {
          "Éxito": 0.995,
          "Error": 0.005
        },
        "(10.8, 11.2]": {
          "Éxito": 0.9984025559105432,
          "Error": 0.001597444089456869
        },
        "(11.2, 11.6]": {
          "Éxito": 1.0,
          "Error": 0.0
        },
        "(11.6, 12.0]": {
          "Éxito": 0.9983948635634029,
          "Error": 0.0016051364365971107
        }
      }
    },
    "phase_offset": {
      "is_categorical": false,
      "bins": 10,
      "values": {
        "(-0.0425, 4.502]": {
          "Éxito": 0.9825673534072901,
          "Error": 0.017432646592709985
        },
        "(4.502, 9.002]": {
          "Éxito": 0.9934959349593496,
          "Error": 0.0065040650406504065
        },
        "(9.002, 13.501]": {
          "Éxito": 0.9953560371517027,
          "Error": 0.0046439628482972135
        },
        "(13.501, 18.001]": {
          "Éxito": 0.993127147766323,
          "Error": 0.006872852233676976
        },
        "(18.001, 22.501]": {
          "Éxito": 0.9885057471264368,
          "Error": 0.011494252873563218
        },
        "(22.501, 27.0]": {
          "Éxito": 0.9951219512195122,
          "Error": 0.004878048780487805
        },
        "(27.0, 31.5]": {
          "Éxito": 0.9892966360856269,
          "Error": 0.010703363914373088
        },
        "(31.5, 35.999]": {
          "Éxito": 0.9933665008291874,
          "Error": 0.006633499170812604
        },
        "(35.999, 40.499]": {
          "Éxito": 0.9865546218487395,
          "Error": 0.013445378151260505
        },
        "(40.499, 44.999]": {
          "Éxito": 0.9932659932659933,
          "Error": 0.006734006734006734
        }
      }
    },
    "roll_off": {
      "is_categorical": false,
      "bins": 10,
      "values": {
        "(0.2, 0.21]": {
          "Éxito": 0.9886178861788618,
          "Error": 0.011382113821138212
        },
        "(0.21, 0.22]": {
          "Éxito": 0.9883720930232558,
          "Error": 0.011627906976744186
        },
        "(0.22, 0.23]": {
          "Éxito": 0.9888535031847133,
          "Error": 0.011146496815286623
        },
        "(0.23, 0.24]": {
          "Éxito": 0.9925705794947994,
          "Error": 0.007429420505200594
        },
        "(0.24, 0.25]": {
          "Éxito": 0.9917627677100495,
          "Error": 0.008237232289950576
        },
        "(0.25, 0.26]": {
          "Éxito": 0.9887096774193549,
          "Error": 0.01129032258064516
        },
        "(0.26, 0.27]": {
          "Éxito": 0.9916666666666667,
          "Error": 0.008333333333333333
        },
        "(0.27, 0.28]": {
          "Éxito": 0.9964973730297724,
          "Error": 0.0035026269702276708
        },
        "(0.28, 0.29]": {
          "Éxito": 0.99185667752443,
          "Error": 0.008143322475570033
        },
        "(0.29, 0.3]": {
          "Éxito": 0.99185667752443,
          "Error": 0.008143322475570033
        }
      }
    }
  }
}