{
  "experiment": {
    "name": "red_carlos_ESC_11",
    "timestamp": "2025-06-21T07:54:59.470734",
    "repeat_index": 1,
    "fold_index": 1
  },
  "effects": {
    "num_taps": {
      "is_categorical": true,
      "bins": null,
      "values": {
        "2": {
          "Éxito": 0.9385679414157851,
          "Error": 0.061432058584214806
        }
      }
    },
    "snr_db": {
      "is_categorical": false,
      "bins": 10,
      "values": {
        "(7.998, 8.402]": {
          "Éxito": 0.8846153846153846,
          "Error": 0.11538461538461539
        },
        "(8.402, 8.802]": {
          "Éxito": 0.9262295081967213,
          "Error": 0.07377049180327869
        },
        "(8.802, 9.201]": {
          "Éxito": 0.9398496240601504,
          "Error": 0.06015037593984962
        },
        "(9.201, 9.601]": {
          "Éxito": 0.9380165289256198,
          "Error": 0.06198347107438017
        },
        "(9.601, 10.001]": {
          "Éxito": 0.9361702127659575,
          "Error": 0.06382978723404255
        },
        "(10.001, 10.401]": {
          "Éxito": 0.9392712550607287,
          "Error": 0.06072874493927125
        },
        "(10.401, 10.801]": {
          "Éxito": 0.9533898305084746,
          "Error": 0.046610169491525424
        },
        "(10.801, 11.2]": {
          "Éxito": 0.9590909090909091,
          "Error": 0.04090909090909091
        },
        "(11.2, 11.6]": {
          "Éxito": 0.956,
          "Error": 0.044
        },
        "(11.6, 12.0]": {
          "Éxito": 0.9507042253521126,
          "Error": 0.04929577464788732
        }
      }
    },
    "phase_offset": {
      "is_categorical": false,
      "bins": 10,
      "values": {
        "(134.98, 139.522]": {
          "Éxito": 0.9422222222222222,
          "Error": 0.057777777777777775
        },
        "(139.522, 144.02]": {
          "Éxito": 0.9166666666666666,
          "Error": 0.08333333333333333
        },
        "(144.02, 148.517]": {
          "Éxito": 0.9245283018867925,
          "Error": 0.07547169811320754
        },
        "(148.517, 153.014]": {
          "Éxito": 0.9479553903345725,
          "Error": 0.05204460966542751
        },
        "(153.014, 157.512]": {
          "Éxito": 0.9396551724137931,
          "Error": 0.0603448275862069
        },
        "(157.512, 162.009]": {
          "Éxito": 0.9411764705882353,
          "Error": 0.058823529411764705
        },
        "(162.009, 166.507]": {
          "Éxito": 0.936,
          "Error": 0.064
        },
        "(166.507, 171.004]": {
          "Éxito": 0.9308943089430894,
          "Error": 0.06910569105691057
        },
        "(171.004, 175.502]": {
          "Éxito": 0.9638989169675091,
          "Error": 0.036101083032490974
        },
        "(175.502, 179.999]": {
          "Éxito": 0.9365079365079365,
          "Error": 0.06349206349206349
        }
      }
    },
    "roll_off": {
      "is_categorical": false,
      "bins": 10,
      "values": {
        "(0.2, 0.21]": {
          "Éxito": 0.9243697478991597,
          "Error": 0.07563025210084033
        },
        "(0.21, 0.22]": {
          "Éxito": 0.94,
          "Error": 0.06
        },
        "(0.22, 0.23]": {
          "Éxito": 0.924901185770751,
          "Error": 0.07509881422924901
        },
        "(0.23, 0.24]": {
          "Éxito": 0.94921875,
          "Error": 0.05078125
        },
        "(0.24, 0.25]": {
          "Éxito": 0.952191235059761,
          "Error": 0.04780876494023904
        },
        "(0.25, 0.26]": {
          "Éxito": 0.9426229508196722,
          "Error": 0.05737704918032787
        },
        "(0.26, 0.27]": {
          "Éxito": 0.9414225941422594,
          "Error": 0.058577405857740586
        },
        "(0.27, 0.28]": {
          "Éxito": 0.9357429718875502,
          "Error": 0.0642570281124498
        },
        "(0.28, 0.29]": {
          "Éxito": 0.9382716049382716,
          "Error": 0.06172839506172839
        },
        "(0.29, 0.3]": {
          "Éxito": 0.9361702127659575,
          "Error": 0.06382978723404255
        }
      }
    }
  }
}