{
  "experiment": {
    "name": "res_tcn_se_esc_2",
    "timestamp": "2025-06-21T03:33:31.812192",
    "repeat_index": 2,
    "fold_index": 2
  },
  "evaluation": {
    "loss": 0.39110803604125977,
    "accuracy": 0.8730675578117371
  },
  "classification_report": {
    "bpsk": {
      "precision": 1.0,
      "recall": 1.0,
      "f1-score": 1.0,
      "support": 410.0
    },
    "qpsk": {
      "precision": 0.9951456310679612,
      "recall": 1.0,
      "f1-score": 0.9975669099756691,
      "support": 410.0
    },
    "16qam": {
      "precision": 0.8773584905660378,
      "recall": 0.9095354523227384,
      "f1-score": 0.8931572629051622,
      "support": 409.0
    },
    "32qam cross": {
      "precision": 0.7493472584856397,
      "recall": 0.7,
      "f1-score": 0.7238335435056746,
      "support": 410.0
    },
    "64qam": {
      "precision": 0.8962025316455696,
      "recall": 0.8655256723716381,
      "f1-score": 0.8805970149253732,
      "support": 409.0
    },
    "128qam cross": {
      "precision": 0.7211981566820277,
      "recall": 0.7634146341463415,
      "f1-score": 0.7417061611374407,
      "support": 410.0
    },
    "accuracy": 0.8730675345809601,
    "macro avg": {
      "precision": 0.8732086780745393,
      "recall": 0.8730792931401198,
      "f1-score": 0.8728101487415533,
      "support": 2458.0
    },
    "weighted avg": {
      "precision": 0.8731976350859052,
      "recall": 0.8730675345809601,
      "f1-score": 0.8727987028585805,
      "support": 2458.0
    }
  }
}