{
  "experiment": {
    "name": "ARQ_2__ESC_1",
    "timestamp": "2025-06-25T17:12:27.739664",
    "repeat_index": 2
  },
  "effects": {
    "num_taps": {
      "is_categorical": true,
      "bins": null,
      "values": {
        "2": {
          "Éxito": 0.6116536458333334,
          "Error": 0.3883463541666667
        }
      }
    },
    "snr_db": {
      "is_categorical": false,
      "bins": 10,
      "values": {
        "(-0.00268, 0.401]": {
          "Éxito": 0.6026058631921825,
          "Error": 0.3973941368078176
        },
        "(0.401, 0.801]": {
          "Éxito": 0.5791090629800307,
          "Error": 0.42089093701996927
        },
        "(0.801, 1.201]": {
          "Éxito": 0.5667655786350149,
          "Error": 0.4332344213649852
        },
        "(1.201, 1.6]": {
          "Éxito": 0.6270627062706271,
          "Error": 0.37293729372937295
        },
        "(1.6, 2.0]": {
          "Éxito": 0.617741935483871,
          "Error": 0.38225806451612904
        },
        "(2.0, 2.4]": {
          "Éxito": 0.6074313408723748,
          "Error": 0.3925686591276252
        },
        "(2.4, 2.799]": {
          "Éxito": 0.6400679117147708,
          "Error": 0.3599320882852292
        },
        "(2.799, 3.199]": {
          "Éxito": 0.6360485268630849,
          "Error": 0.36395147313691506
        },
        "(3.199, 3.599]": {
          "Éxito": 0.6129568106312292,
          "Error": 0.38704318936877075
        },
        "(3.599, 3.999]": {
          "Éxito": 0.6368243243243243,
          "Error": 0.36317567567567566
        }
      }
    },
    "phase_offset": {
      "is_categorical": false,
      "bins": 10,
      "values": {
        "(-0.0368, 4.506]": {
          "Éxito": 0.6084828711256117,
          "Error": 0.3915171288743883
        },
        "(4.506, 9.004]": {
          "Éxito": 0.6162420382165605,
          "Error": 0.3837579617834395
        },
        "(9.004, 13.502]": {
          "Éxito": 0.6026058631921825,
          "Error": 0.3973941368078176
        },
        "(13.502, 17.999]": {
          "Éxito": 0.6113821138211382,
          "Error": 0.3886178861788618
        },
        "(17.999, 22.497]": {
          "Éxito": 0.6114864864864865,
          "Error": 0.3885135135135135
        },
        "(22.497, 26.995]": {
          "Éxito": 0.5968253968253968,
          "Error": 0.4031746031746032
        },
        "(26.995, 31.493]": {
          "Éxito": 0.5922953451043339,
          "Error": 0.40770465489566615
        },
        "(31.493, 35.991]": {
          "Éxito": 0.6393989983305509,
          "Error": 0.3606010016694491
        },
        "(35.991, 40.488]": {
          "Éxito": 0.6023688663282571,
          "Error": 0.3976311336717428
        },
        "(40.488, 44.986]": {
          "Éxito": 0.6353677621283255,
          "Error": 0.3646322378716745
        }
      }
    },
    "roll_off": {
      "is_categorical": false,
      "bins": 10,
      "values": {
        "(0.2, 0.21]": {
          "Éxito": 0.598694942903752,
          "Error": 0.401305057096248
        },
        "(0.21, 0.22]": {
          "Éxito": 0.6224648985959438,
          "Error": 0.37753510140405616
        },
        "(0.22, 0.23]": {
          "Éxito": 0.6126984126984127,
          "Error": 0.3873015873015873
        },
        "(0.23, 0.24]": {
          "Éxito": 0.6287519747235387,
          "Error": 0.3712480252764613
        },
        "(0.24, 0.25]": {
          "Éxito": 0.5977382875605816,
          "Error": 0.40226171243941844
        },
        "(0.25, 0.26]": {
          "Éxito": 0.5866666666666667,
          "Error": 0.41333333333333333
        },
        "(0.26, 0.27]": {
          "Éxito": 0.6326194398682042,
          "Error": 0.3673805601317957
        },
        "(0.27, 0.28]": {
          "Éxito": 0.6172248803827751,
          "Error": 0.3827751196172249
        },
        "(0.28, 0.29]": {
          "Éxito": 0.6241379310344828,
          "Error": 0.3758620689655172
        },
        "(0.29, 0.3]": {
          "Éxito": 0.5942760942760943,
          "Error": 0.4057239057239057
        }
      }
    }
  }
}