{
  "experiment": {
    "name": "cnn_bilstm_attn_esc_5",
    "timestamp": "2025-06-19T01:49:36.857567",
    "repeat_index": 2,
    "fold_index": 2
  },
  "effects": {
    "num_taps": {
      "is_categorical": true,
      "bins": null,
      "values": {
        "2": {
          "Éxito": 0.9938974776240846,
          "Error": 0.006102522375915379
        }
      }
    },
    "snr_db": {
      "is_categorical": false,
      "bins": 10,
      "values": {
        "(15.996, 16.4]": {
          "Éxito": 1.0,
          "Error": 0.0
        },
        "(16.4, 16.8]": {
          "Éxito": 0.9913419913419913,
          "Error": 0.008658008658008658
        },
        "(16.8, 17.2]": {
          "Éxito": 0.995850622406639,
          "Error": 0.004149377593360996
        },
        "(17.2, 17.6]": {
          "Éxito": 0.9959514170040485,
          "Error": 0.004048582995951417
        },
        "(17.6, 18.0]": {
          "Éxito": 0.9864864864864865,
          "Error": 0.013513513513513514
        },
        "(18.0, 18.4]": {
          "Éxito": 0.9881422924901185,
          "Error": 0.011857707509881422
        },
        "(18.4, 18.799]": {
          "Éxito": 1.0,
          "Error": 0.0
        },
        "(18.799, 19.199]": {
          "Éxito": 0.996551724137931,
          "Error": 0.0034482758620689655
        },
        "(19.199, 19.599]": {
          "Éxito": 0.9916666666666667,
          "Error": 0.008333333333333333
        },
        "(19.599, 19.999]": {
          "Éxito": 0.990990990990991,
          "Error": 0.009009009009009009
        }
      }
    },
    "phase_offset": {
      "is_categorical": false,
      "bins": 10,
      "values": {
        "(-0.0217, 4.518]": {
          "Éxito": 0.9880952380952381,
          "Error": 0.011904761904761904
        },
        "(4.518, 9.013]": {
          "Éxito": 0.9957627118644068,
          "Error": 0.00423728813559322
        },
        "(9.013, 13.507]": {
          "Éxito": 0.9957264957264957,
          "Error": 0.004273504273504274
        },
        "(13.507, 18.002]": {
          "Éxito": 1.0,
          "Error": 0.0
        },
        "(18.002, 22.497]": {
          "Éxito": 0.9915611814345991,
          "Error": 0.008438818565400843
        },
        "(22.497, 26.991]": {
          "Éxito": 0.9959839357429718,
          "Error": 0.004016064257028112
        },
        "(26.991, 31.486]": {
          "Éxito": 1.0,
          "Error": 0.0
        },
        "(31.486, 35.981]": {
          "Éxito": 0.9960474308300395,
          "Error": 0.003952569169960474
        },
        "(35.981, 40.475]": {
          "Éxito": 0.9875518672199171,
          "Error": 0.012448132780082987
        },
        "(40.475, 44.97]": {
          "Éxito": 0.9877049180327869,
          "Error": 0.012295081967213115
        }
      }
    },
    "roll_off": {
      "is_categorical": false,
      "bins": 10,
      "values": {
        "(0.2, 0.21]": {
          "Éxito": 0.9922178988326849,
          "Error": 0.007782101167315175
        },
        "(0.21, 0.22]": {
          "Éxito": 0.9924528301886792,
          "Error": 0.007547169811320755
        },
        "(0.22, 0.23]": {
          "Éxito": 0.9910313901345291,
          "Error": 0.008968609865470852
        },
        "(0.23, 0.24]": {
          "Éxito": 0.9920634920634921,
          "Error": 0.007936507936507936
        },
        "(0.24, 0.25]": {
          "Éxito": 0.9922480620155039,
          "Error": 0.007751937984496124
        },
        "(0.25, 0.26]": {
          "Éxito": 0.9910714285714286,
          "Error": 0.008928571428571428
        },
        "(0.26, 0.27]": {
          "Éxito": 0.9956521739130435,
          "Error": 0.004347826086956522
        },
        "(0.27, 0.28]": {
          "Éxito": 1.0,
          "Error": 0.0
        },
        "(0.28, 0.29]": {
          "Éxito": 1.0,
          "Error": 0.0
        },
        "(0.29, 0.3]": {
          "Éxito": 0.9918032786885246,
          "Error": 0.00819672131147541
        }
      }
    }
  }
}