{
  "experiment": {
    "name": "ARQ_2__ESC_11",
    "timestamp": "2025-06-20T01:56:29.038199",
    "repeat_index": 3
  },
  "effects": {
    "num_taps": {
      "is_categorical": true,
      "bins": null,
      "values": {
        "2": {
          "Éxito": 0.9700520833333334,
          "Error": 0.029947916666666668
        }
      }
    },
    "snr_db": {
      "is_categorical": false,
      "bins": 10,
      "values": {
        "(7.996, 8.4]": {
          "Éxito": 0.9445324881141046,
          "Error": 0.0554675118858954
        },
        "(8.4, 8.8]": {
          "Éxito": 0.9539473684210527,
          "Error": 0.046052631578947366
        },
        "(8.8, 9.2]": {
          "Éxito": 0.9672386895475819,
          "Error": 0.0327613104524181
        },
        "(9.2, 9.6]": {
          "Éxito": 0.9690048939641109,
          "Error": 0.03099510603588907
        },
        "(9.6, 10.0]": {
          "Éxito": 0.9761092150170648,
          "Error": 0.023890784982935155
        },
        "(10.0, 10.4]": {
          "Éxito": 0.981418918918919,
          "Error": 0.018581081081081082
        },
        "(10.4, 10.8]": {
          "Éxito": 0.9735973597359736,
          "Error": 0.026402640264026403
        },
        "(10.8, 11.2]": {
          "Éxito": 0.9759862778730704,
          "Error": 0.024013722126929673
        },
        "(11.2, 11.6]": {
          "Éxito": 0.9705426356589147,
          "Error": 0.02945736434108527
        },
        "(11.6, 12.0]": {
          "Éxito": 0.9890453834115805,
          "Error": 0.010954616588419406
        }
      }
    },
    "phase_offset": {
      "is_categorical": false,
      "bins": 10,
      "values": {
        "(134.963, 139.507]": {
          "Éxito": 0.9694533762057878,
          "Error": 0.03054662379421222
        },
        "(139.507, 144.006]": {
          "Éxito": 0.9682539682539683,
          "Error": 0.031746031746031744
        },
        "(144.006, 148.505]": {
          "Éxito": 0.9696485623003195,
          "Error": 0.03035143769968051
        },
        "(148.505, 153.004]": {
          "Éxito": 0.9703459637561779,
          "Error": 0.029654036243822075
        },
        "(153.004, 157.503]": {
          "Éxito": 0.9716088328075709,
          "Error": 0.028391167192429023
        },
        "(157.503, 162.002]": {
          "Éxito": 0.9736408566721582,
          "Error": 0.026359143327841845
        },
        "(162.002, 166.501]": {
          "Éxito": 0.9805194805194806,
          "Error": 0.01948051948051948
        },
        "(166.501, 171.0]": {
          "Éxito": 0.9539249146757679,
          "Error": 0.04607508532423208
        },
        "(171.0, 175.498]": {
          "Éxito": 0.9704433497536946,
          "Error": 0.029556650246305417
        },
        "(175.498, 179.997]": {
          "Éxito": 0.9719934102141681,
          "Error": 0.02800658978583196
        }
      }
    },
    "roll_off": {
      "is_categorical": false,
      "bins": 10,
      "values": {
        "(0.2, 0.21]": {
          "Éxito": 0.9534482758620689,
          "Error": 0.04655172413793104
        },
        "(0.21, 0.22]": {
          "Éxito": 0.9561551433389545,
          "Error": 0.04384485666104553
        },
        "(0.22, 0.23]": {
          "Éxito": 0.962171052631579,
          "Error": 0.03782894736842105
        },
        "(0.23, 0.24]": {
          "Éxito": 0.971875,
          "Error": 0.028125
        },
        "(0.24, 0.25]": {
          "Éxito": 0.9755700325732899,
          "Error": 0.024429967426710098
        },
        "(0.25, 0.26]": {
          "Éxito": 0.9712,
          "Error": 0.0288
        },
        "(0.26, 0.27]": {
          "Éxito": 0.9780405405405406,
          "Error": 0.02195945945945946
        },
        "(0.27, 0.28]": {
          "Éxito": 0.9792663476874003,
          "Error": 0.02073365231259968
        },
        "(0.28, 0.29]": {
          "Éxito": 0.9765625,
          "Error": 0.0234375
        },
        "(0.29, 0.3]": {
          "Éxito": 0.9744,
          "Error": 0.0256
        }
      }
    }
  }
}