{
  "experiment": {
    "name": "red_carlos_ESC_6",
    "timestamp": "2025-06-18T14:14:21.125487",
    "repeat_index": 3,
    "fold_index": 0
  },
  "evaluation": {
    "loss": 0.12054970860481262,
    "accuracy": 0.9772172570228577
  },
  "classification_report": {
    "bpsk": {
      "precision": 1.0,
      "recall": 1.0,
      "f1-score": 1.0,
      "support": 409.0
    },
    "qpsk": {
      "precision": 1.0,
      "recall": 1.0,
      "f1-score": 1.0,
      "support": 410.0
    },
    "16qam": {
      "precision": 0.9927360774818402,
      "recall": 1.0,
      "f1-score": 0.9963547995139732,
      "support": 410.0
    },
    "32qam cross": {
      "precision": 0.9282296650717703,
      "recall": 0.9463414634146341,
      "f1-score": 0.9371980676328502,
      "support": 410.0
    },
    "64qam": {
      "precision": 1.0,
      "recall": 0.9902200488997555,
      "f1-score": 0.995085995085995,
      "support": 409.0
    },
    "128qam cross": {
      "precision": 0.9429280397022333,
      "recall": 0.926829268292683,
      "f1-score": 0.934809348093481,
      "support": 410.0
    },
    "accuracy": 0.9772172497965825,
    "macro avg": {
      "precision": 0.9773156303759739,
      "recall": 0.9772317967678453,
      "f1-score": 0.9772413683877166,
      "support": 2458.0
    },
    "weighted avg": {
      "precision": 0.9772971727928786,
      "recall": 0.9772172497965825,
      "f1-score": 0.977224849568225,
      "support": 2458.0
    }
  }
}