{
  "experiment": {
    "name": "ARQ_3__ESC_3_WITH_256_QAM",
    "timestamp": "2025-06-23T01:46:25.639651",
    "repeat_index": 7
  },
  "effects": {
    "num_taps": {
      "is_categorical": true,
      "bins": null,
      "values": {
        "2": {
          "Éxito": 0.8514229910714286,
          "Error": 0.14857700892857142
        }
      }
    },
    "snr_db": {
      "is_categorical": false,
      "bins": 10,
      "values": {
        "(7.997, 8.401]": {
          "Éxito": 0.8389355742296919,
          "Error": 0.16106442577030813
        },
        "(8.401, 8.801]": {
          "Éxito": 0.8509485094850948,
          "Error": 0.14905149051490515
        },
        "(8.801, 9.201]": {
          "Éxito": 0.8479087452471483,
          "Error": 0.1520912547528517
        },
        "(9.201, 9.601]": {
          "Éxito": 0.851063829787234,
          "Error": 0.14893617021276595
        },
        "(9.601, 10.0]": {
          "Éxito": 0.8596730245231607,
          "Error": 0.14032697547683923
        },
        "(10.0, 10.4]": {
          "Éxito": 0.8377253814147018,
          "Error": 0.1622746185852982
        },
        "(10.4, 10.8]": {
          "Éxito": 0.8591749644381224,
          "Error": 0.14082503556187767
        },
        "(10.8, 11.2]": {
          "Éxito": 0.8579970104633782,
          "Error": 0.14200298953662183
        },
        "(11.2, 11.599]": {
          "Éxito": 0.8532763532763533,
          "Error": 0.1467236467236467
        },
        "(11.599, 11.999]": {
          "Éxito": 0.8585858585858586,
          "Error": 0.1414141414141414
        }
      }
    },
    "phase_offset": {
      "is_categorical": false,
      "bins": 10,
      "values": {
        "(-0.0368, 4.507]": {
          "Éxito": 0.8398328690807799,
          "Error": 0.16016713091922005
        },
        "(4.507, 9.006]": {
          "Éxito": 0.8522099447513812,
          "Error": 0.1477900552486188
        },
        "(9.006, 13.505]": {
          "Éxito": 0.8557284299858557,
          "Error": 0.14427157001414428
        },
        "(13.505, 18.003]": {
          "Éxito": 0.835195530726257,
          "Error": 0.164804469273743
        },
        "(18.003, 22.502]": {
          "Éxito": 0.8323699421965318,
          "Error": 0.1676300578034682
        },
        "(22.502, 27.001]": {
          "Éxito": 0.8559782608695652,
          "Error": 0.14402173913043478
        },
        "(27.001, 31.5]": {
          "Éxito": 0.8324175824175825,
          "Error": 0.16758241758241757
        },
        "(31.5, 35.999]": {
          "Éxito": 0.8908045977011494,
          "Error": 0.10919540229885058
        },
        "(35.999, 40.497]": {
          "Éxito": 0.8630527817403709,
          "Error": 0.1369472182596291
        },
        "(40.497, 44.996]": {
          "Éxito": 0.8573333333333333,
          "Error": 0.14266666666666666
        }
      }
    },
    "roll_off": {
      "is_categorical": false,
      "bins": 10,
      "values": {
        "(0.2, 0.21]": {
          "Éxito": 0.844851904090268,
          "Error": 0.15514809590973203
        },
        "(0.21, 0.22]": {
          "Éxito": 0.8524590163934426,
          "Error": 0.14754098360655737
        },
        "(0.22, 0.23]": {
          "Éxito": 0.862937062937063,
          "Error": 0.13706293706293707
        },
        "(0.23, 0.24]": {
          "Éxito": 0.8461538461538461,
          "Error": 0.15384615384615385
        },
        "(0.24, 0.25]": {
          "Éxito": 0.8571428571428571,
          "Error": 0.14285714285714285
        },
        "(0.25, 0.26]": {
          "Éxito": 0.8307254623044097,
          "Error": 0.16927453769559034
        },
        "(0.26, 0.27]": {
          "Éxito": 0.8652777777777778,
          "Error": 0.13472222222222222
        },
        "(0.27, 0.28]": {
          "Éxito": 0.8525033829499323,
          "Error": 0.14749661705006767
        },
        "(0.28, 0.29]": {
          "Éxito": 0.8405172413793104,
          "Error": 0.15948275862068967
        },
        "(0.29, 0.3]": {
          "Éxito": 0.8613138686131386,
          "Error": 0.1386861313868613
        }
      }
    }
  }
}