{
  "experiment": {
    "name": "red_carlos_ESC_7",
    "timestamp": "2025-06-18T16:24:18.011491",
    "repeat_index": 3,
    "fold_index": 2
  },
  "effects": {
    "num_taps": {
      "is_categorical": true,
      "bins": null,
      "values": {
        "4": {
          "Éxito": 0.870219690805533,
          "Error": 0.12978030919446704
        }
      }
    },
    "snr_db": {
      "is_categorical": false,
      "bins": 10,
      "values": {
        "(7.996, 8.4]": {
          "Éxito": 0.8458498023715415,
          "Error": 0.1541501976284585
        },
        "(8.4, 8.8]": {
          "Éxito": 0.8814229249011858,
          "Error": 0.11857707509881422
        },
        "(8.8, 9.2]": {
          "Éxito": 0.8650793650793651,
          "Error": 0.1349206349206349
        },
        "(9.2, 9.599]": {
          "Éxito": 0.8521739130434782,
          "Error": 0.14782608695652175
        },
        "(9.599, 9.999]": {
          "Éxito": 0.869198312236287,
          "Error": 0.1308016877637131
        },
        "(9.999, 10.399]": {
          "Éxito": 0.8408163265306122,
          "Error": 0.15918367346938775
        },
        "(10.399, 10.799]": {
          "Éxito": 0.8947368421052632,
          "Error": 0.10526315789473684
        },
        "(10.799, 11.199]": {
          "Éxito": 0.8928571428571429,
          "Error": 0.10714285714285714
        },
        "(11.199, 11.598]": {
          "Éxito": 0.8898305084745762,
          "Error": 0.11016949152542373
        },
        "(11.598, 11.998]": {
          "Éxito": 0.8675213675213675,
          "Error": 0.13247863247863248
        }
      }
    },
    "phase_offset": {
      "is_categorical": false,
      "bins": 10,
      "values": {
        "(-0.0376, 4.505]": {
          "Éxito": 0.8678414096916299,
          "Error": 0.13215859030837004
        },
        "(4.505, 9.003]": {
          "Éxito": 0.8611111111111112,
          "Error": 0.1388888888888889
        },
        "(9.003, 13.501]": {
          "Éxito": 0.876984126984127,
          "Error": 0.12301587301587301
        },
        "(13.501, 17.999]": {
          "Éxito": 0.8775510204081632,
          "Error": 0.12244897959183673
        },
        "(17.999, 22.497]": {
          "Éxito": 0.8392857142857143,
          "Error": 0.16071428571428573
        },
        "(22.497, 26.995]": {
          "Éxito": 0.86328125,
          "Error": 0.13671875
        },
        "(26.995, 31.492]": {
          "Éxito": 0.8774703557312253,
          "Error": 0.1225296442687747
        },
        "(31.492, 35.99]": {
          "Éxito": 0.8860759493670886,
          "Error": 0.11392405063291139
        },
        "(35.99, 40.488]": {
          "Éxito": 0.854251012145749,
          "Error": 0.145748987854251
        },
        "(40.488, 44.986]": {
          "Éxito": 0.8943396226415095,
          "Error": 0.10566037735849057
        }
      }
    },
    "roll_off": {
      "is_categorical": false,
      "bins": 10,
      "values": {
        "(0.2, 0.21]": {
          "Éxito": 0.8532818532818532,
          "Error": 0.14671814671814673
        },
        "(0.21, 0.22]": {
          "Éxito": 0.8468085106382979,
          "Error": 0.15319148936170213
        },
        "(0.22, 0.23]": {
          "Éxito": 0.8512396694214877,
          "Error": 0.1487603305785124
        },
        "(0.23, 0.24]": {
          "Éxito": 0.8663967611336032,
          "Error": 0.13360323886639677
        },
        "(0.24, 0.25]": {
          "Éxito": 0.889763779527559,
          "Error": 0.11023622047244094
        },
        "(0.25, 0.26]": {
          "Éxito": 0.9153225806451613,
          "Error": 0.0846774193548387
        },
        "(0.26, 0.27]": {
          "Éxito": 0.8552631578947368,
          "Error": 0.14473684210526316
        },
        "(0.27, 0.28]": {
          "Éxito": 0.8780487804878049,
          "Error": 0.12195121951219512
        },
        "(0.28, 0.29]": {
          "Éxito": 0.8549618320610687,
          "Error": 0.1450381679389313
        },
        "(0.29, 0.3]": {
          "Éxito": 0.890295358649789,
          "Error": 0.10970464135021098
        }
      }
    }
  }
}