{
  "experiment": {
    "name": "res_tcn_se_esc_4",
    "timestamp": "2025-06-21T05:36:32.027400",
    "repeat_index": 2,
    "fold_index": 0
  },
  "effects": {
    "num_taps": {
      "is_categorical": true,
      "bins": null,
      "values": {
        "2": {
          "Éxito": 0.9633848657445078,
          "Error": 0.03661513425549227
        }
      }
    },
    "snr_db": {
      "is_categorical": false,
      "bins": 10,
      "values": {
        "(11.996, 12.4]": {
          "Éxito": 0.9442231075697212,
          "Error": 0.055776892430278883
        },
        "(12.4, 12.8]": {
          "Éxito": 0.9725490196078431,
          "Error": 0.027450980392156862
        },
        "(12.8, 13.2]": {
          "Éxito": 0.9508196721311475,
          "Error": 0.04918032786885246
        },
        "(13.2, 13.6]": {
          "Éxito": 0.973568281938326,
          "Error": 0.02643171806167401
        },
        "(13.6, 14.0]": {
          "Éxito": 0.9663865546218487,
          "Error": 0.03361344537815126
        },
        "(14.0, 14.4]": {
          "Éxito": 0.9596774193548387,
          "Error": 0.04032258064516129
        },
        "(14.4, 14.799]": {
          "Éxito": 0.9556451612903226,
          "Error": 0.04435483870967742
        },
        "(14.799, 15.199]": {
          "Éxito": 0.9696969696969697,
          "Error": 0.030303030303030304
        },
        "(15.199, 15.599]": {
          "Éxito": 0.9745762711864406,
          "Error": 0.025423728813559324
        },
        "(15.599, 15.999]": {
          "Éxito": 0.9676113360323887,
          "Error": 0.032388663967611336
        }
      }
    },
    "phase_offset": {
      "is_categorical": false,
      "bins": 10,
      "values": {
        "(-0.0272, 4.515]": {
          "Éxito": 0.9586466165413534,
          "Error": 0.041353383458646614
        },
        "(4.515, 9.012]": {
          "Éxito": 0.9515418502202643,
          "Error": 0.048458149779735685
        },
        "(9.012, 13.51]": {
          "Éxito": 0.9701492537313433,
          "Error": 0.029850746268656716
        },
        "(13.51, 18.007]": {
          "Éxito": 0.9617021276595744,
          "Error": 0.03829787234042553
        },
        "(18.007, 22.504]": {
          "Éxito": 0.944954128440367,
          "Error": 0.05504587155963303
        },
        "(22.504, 27.001]": {
          "Éxito": 0.9617021276595744,
          "Error": 0.03829787234042553
        },
        "(27.001, 31.499]": {
          "Éxito": 0.9698275862068966,
          "Error": 0.03017241379310345
        },
        "(31.499, 35.996]": {
          "Éxito": 0.9813432835820896,
          "Error": 0.018656716417910446
        },
        "(35.996, 40.493]": {
          "Éxito": 0.968,
          "Error": 0.032
        },
        "(40.493, 44.991]": {
          "Éxito": 0.9613899613899614,
          "Error": 0.03861003861003861
        }
      }
    },
    "roll_off": {
      "is_categorical": false,
      "bins": 10,
      "values": {
        "(0.2, 0.21]": {
          "Éxito": 0.935361216730038,
          "Error": 0.06463878326996197
        },
        "(0.21, 0.22]": {
          "Éxito": 0.9552845528455285,
          "Error": 0.044715447154471545
        },
        "(0.22, 0.23]": {
          "Éxito": 0.9560975609756097,
          "Error": 0.04390243902439024
        },
        "(0.23, 0.24]": {
          "Éxito": 0.9701492537313433,
          "Error": 0.029850746268656716
        },
        "(0.24, 0.25]": {
          "Éxito": 0.9773584905660377,
          "Error": 0.022641509433962263
        },
        "(0.25, 0.26]": {
          "Éxito": 0.9916317991631799,
          "Error": 0.008368200836820083
        },
        "(0.26, 0.27]": {
          "Éxito": 0.96875,
          "Error": 0.03125
        },
        "(0.27, 0.28]": {
          "Éxito": 0.9521739130434783,
          "Error": 0.04782608695652174
        },
        "(0.28, 0.29]": {
          "Éxito": 0.9744680851063829,
          "Error": 0.02553191489361702
        },
        "(0.29, 0.3]": {
          "Éxito": 0.952191235059761,
          "Error": 0.04780876494023904
        }
      }
    }
  }
}