{
  "experiment": {
    "name": "ARQ_3__ESC_6",
    "timestamp": "2025-06-19T16:06:04.765260",
    "repeat_index": 9
  },
  "effects": {
    "num_taps": {
      "is_categorical": true,
      "bins": null,
      "values": {
        "1": {
          "Éxito": 0.9860026041666666,
          "Error": 0.013997395833333334
        }
      }
    },
    "snr_db": {
      "is_categorical": false,
      "bins": 10,
      "values": {
        "(7.996, 8.4]": {
          "Éxito": 0.9750778816199377,
          "Error": 0.024922118380062305
        },
        "(8.4, 8.8]": {
          "Éxito": 0.9683042789223455,
          "Error": 0.03169572107765452
        },
        "(8.8, 9.2]": {
          "Éxito": 0.9798994974874372,
          "Error": 0.020100502512562814
        },
        "(9.2, 9.6]": {
          "Éxito": 0.9804878048780488,
          "Error": 0.01951219512195122
        },
        "(9.6, 10.0]": {
          "Éxito": 0.9914821124361158,
          "Error": 0.008517887563884156
        },
        "(10.0, 10.4]": {
          "Éxito": 0.991652754590985,
          "Error": 0.008347245409015025
        },
        "(10.4, 10.8]": {
          "Éxito": 0.9916666666666667,
          "Error": 0.008333333333333333
        },
        "(10.8, 11.2]": {
          "Éxito": 0.9888178913738019,
          "Error": 0.011182108626198083
        },
        "(11.2, 11.6]": {
          "Éxito": 0.9983974358974359,
          "Error": 0.0016025641025641025
        },
        "(11.6, 12.0]": {
          "Éxito": 0.9951845906902087,
          "Error": 0.004815409309791332
        }
      }
    },
    "phase_offset": {
      "is_categorical": false,
      "bins": 10,
      "values": {
        "(-0.0425, 4.502]": {
          "Éxito": 0.9825673534072901,
          "Error": 0.017432646592709985
        },
        "(4.502, 9.002]": {
          "Éxito": 0.991869918699187,
          "Error": 0.008130081300813009
        },
        "(9.002, 13.501]": {
          "Éxito": 0.9752321981424149,
          "Error": 0.02476780185758514
        },
        "(13.501, 18.001]": {
          "Éxito": 0.9862542955326461,
          "Error": 0.013745704467353952
        },
        "(18.001, 22.501]": {
          "Éxito": 0.9917898193760263,
          "Error": 0.008210180623973728
        },
        "(22.501, 27.0]": {
          "Éxito": 0.9934959349593496,
          "Error": 0.0065040650406504065
        },
        "(27.0, 31.5]": {
          "Éxito": 0.9892966360856269,
          "Error": 0.010703363914373088
        },
        "(31.5, 35.999]": {
          "Éxito": 0.978441127694859,
          "Error": 0.02155887230514096
        },
        "(35.999, 40.499]": {
          "Éxito": 0.9899159663865547,
          "Error": 0.010084033613445379
        },
        "(40.499, 44.999]": {
          "Éxito": 0.9814814814814815,
          "Error": 0.018518518518518517
        }
      }
    },
    "roll_off": {
      "is_categorical": false,
      "bins": 10,
      "values": {
        "(0.2, 0.21]": {
          "Éxito": 0.991869918699187,
          "Error": 0.008130081300813009
        },
        "(0.21, 0.22]": {
          "Éxito": 0.9883720930232558,
          "Error": 0.011627906976744186
        },
        "(0.22, 0.23]": {
          "Éxito": 0.9888535031847133,
          "Error": 0.011146496815286623
        },
        "(0.23, 0.24]": {
          "Éxito": 0.9806835066864784,
          "Error": 0.019316493313521546
        },
        "(0.24, 0.25]": {
          "Éxito": 0.985172981878089,
          "Error": 0.014827018121911038
        },
        "(0.25, 0.26]": {
          "Éxito": 0.9758064516129032,
          "Error": 0.024193548387096774
        },
        "(0.26, 0.27]": {
          "Éxito": 0.985,
          "Error": 0.015
        },
        "(0.27, 0.28]": {
          "Éxito": 0.9912434325744308,
          "Error": 0.008756567425569177
        },
        "(0.28, 0.29]": {
          "Éxito": 0.9853420195439739,
          "Error": 0.014657980456026058
        },
        "(0.29, 0.3]": {
          "Éxito": 0.988599348534202,
          "Error": 0.011400651465798045
        }
      }
    }
  }
}