{
  "experiment": {
    "name": "ARQ_3__ESC_11",
    "timestamp": "2025-06-19T23:27:28.465747",
    "repeat_index": 7
  },
  "evaluation": {
    "loss": 0.12946414947509766,
    "accuracy": 0.9700520634651184
  },
  "classification_report": {
    "bpsk": {
      "precision": 1.0,
      "recall": 1.0,
      "f1-score": 1.0,
      "support": 1024.0
    },
    "qpsk": {
      "precision": 1.0,
      "recall": 1.0,
      "f1-score": 1.0,
      "support": 1024.0
    },
    "16qam": {
      "precision": 0.9960975609756098,
      "recall": 0.9970703125,
      "f1-score": 0.9965836993655441,
      "support": 1024.0
    },
    "32qam cross": {
      "precision": 0.9125364431486881,
      "recall": 0.9169921875,
      "f1-score": 0.9147588894301023,
      "support": 1024.0
    },
    "64qam": {
      "precision": 0.9941520467836257,
      "recall": 0.99609375,
      "f1-score": 0.9951219512195122,
      "support": 1024.0
    },
    "128qam cross": {
      "precision": 0.9173228346456693,
      "recall": 0.91015625,
      "f1-score": 0.9137254901960784,
      "support": 1024.0
    },
    "accuracy": 0.9700520833333334,
    "macro avg": {
      "precision": 0.9700181475922656,
      "recall": 0.9700520833333334,
      "f1-score": 0.970031671701873,
      "support": 6144.0
    },
    "weighted avg": {
      "precision": 0.9700181475922656,
      "recall": 0.9700520833333334,
      "f1-score": 0.970031671701873,
      "support": 6144.0
    }
  }
}