{
  "experiment": {
    "name": "res_tcn_se_esc_4",
    "timestamp": "2025-06-16T08:26:00.436764",
    "repeat_index": 0,
    "fold_index": 0
  },
  "evaluation": {
    "loss": 0.1368301808834076,
    "accuracy": 0.9422294497489929
  },
  "classification_report": {
    "bpsk": {
      "precision": 1.0,
      "recall": 1.0,
      "f1-score": 1.0,
      "support": 410.0
    },
    "qpsk": {
      "precision": 1.0,
      "recall": 1.0,
      "f1-score": 1.0,
      "support": 410.0
    },
    "16qam": {
      "precision": 0.9783132530120482,
      "recall": 0.9902439024390244,
      "f1-score": 0.9842424242424243,
      "support": 410.0
    },
    "32qam cross": {
      "precision": 0.9198113207547169,
      "recall": 0.9512195121951219,
      "f1-score": 0.935251798561151,
      "support": 410.0
    },
    "64qam": {
      "precision": 0.8862559241706162,
      "recall": 0.9144254278728606,
      "f1-score": 0.9001203369434416,
      "support": 409.0
    },
    "128qam cross": {
      "precision": 0.8673740053050398,
      "recall": 0.7995110024449877,
      "f1-score": 0.8320610687022901,
      "support": 409.0
    },
    "accuracy": 0.9426362896663955,
    "macro avg": {
      "precision": 0.9419590838737367,
      "recall": 0.9425666408253325,
      "f1-score": 0.9419459380748846,
      "support": 2458.0
    },
    "weighted avg": {
      "precision": 0.9420120896663616,
      "recall": 0.9426362896663955,
      "f1-score": 0.9420076591776121,
      "support": 2458.0
    }
  }
}