{
  "experiment": {
    "name": "res_tcn_se_esc_4",
    "timestamp": "2025-06-16T08:26:00.790512",
    "repeat_index": 0,
    "fold_index": 0
  },
  "effects": {
    "num_taps": {
      "is_categorical": true,
      "bins": null,
      "values": {
        "2": {
          "Éxito": 0.9426362896663955,
          "Error": 0.05736371033360456
        }
      }
    },
    "snr_db": {
      "is_categorical": false,
      "bins": 10,
      "values": {
        "(11.998, 12.401]": {
          "Éxito": 0.9205020920502092,
          "Error": 0.0794979079497908
        },
        "(12.401, 12.8]": {
          "Éxito": 0.9356223175965666,
          "Error": 0.06437768240343347
        },
        "(12.8, 13.199]": {
          "Éxito": 0.9188191881918819,
          "Error": 0.08118081180811808
        },
        "(13.199, 13.599]": {
          "Éxito": 0.9469387755102041,
          "Error": 0.053061224489795916
        },
        "(13.599, 13.998]": {
          "Éxito": 0.9347826086956522,
          "Error": 0.06521739130434782
        },
        "(13.998, 14.397]": {
          "Éxito": 0.9417040358744395,
          "Error": 0.05829596412556054
        },
        "(14.397, 14.797]": {
          "Éxito": 0.9806201550387597,
          "Error": 0.01937984496124031
        },
        "(14.797, 15.196]": {
          "Éxito": 0.9588014981273408,
          "Error": 0.04119850187265917
        },
        "(15.196, 15.595]": {
          "Éxito": 0.9383259911894273,
          "Error": 0.06167400881057269
        },
        "(15.595, 15.994]": {
          "Éxito": 0.9471698113207547,
          "Error": 0.052830188679245285
        }
      }
    },
    "phase_offset": {
      "is_categorical": false,
      "bins": 10,
      "values": {
        "(-0.0416, 4.497]": {
          "Éxito": 0.9404255319148936,
          "Error": 0.059574468085106386
        },
        "(4.497, 8.991]": {
          "Éxito": 0.9425287356321839,
          "Error": 0.05747126436781609
        },
        "(8.991, 13.485]": {
          "Éxito": 0.9313304721030042,
          "Error": 0.06866952789699571
        },
        "(13.485, 17.979]": {
          "Éxito": 0.9391304347826087,
          "Error": 0.06086956521739131
        },
        "(17.979, 22.473]": {
          "Éxito": 0.9437751004016064,
          "Error": 0.05622489959839357
        },
        "(22.473, 26.967]": {
          "Éxito": 0.9428571428571428,
          "Error": 0.05714285714285714
        },
        "(26.967, 31.46]": {
          "Éxito": 0.9427480916030534,
          "Error": 0.05725190839694656
        },
        "(31.46, 35.954]": {
          "Éxito": 0.9367088607594937,
          "Error": 0.06329113924050633
        },
        "(35.954, 40.448]": {
          "Éxito": 0.96,
          "Error": 0.04
        },
        "(40.448, 44.942]": {
          "Éxito": 0.9453125,
          "Error": 0.0546875
        }
      }
    },
    "roll_off": {
      "is_categorical": false,
      "bins": 10,
      "values": {
        "(0.2, 0.21]": {
          "Éxito": 0.9338842975206612,
          "Error": 0.06611570247933884
        },
        "(0.21, 0.22]": {
          "Éxito": 0.9375,
          "Error": 0.0625
        },
        "(0.22, 0.23]": {
          "Éxito": 0.9297520661157025,
          "Error": 0.07024793388429752
        },
        "(0.23, 0.24]": {
          "Éxito": 0.9383259911894273,
          "Error": 0.06167400881057269
        },
        "(0.24, 0.25]": {
          "Éxito": 0.9549180327868853,
          "Error": 0.045081967213114756
        },
        "(0.25, 0.26]": {
          "Éxito": 0.9721115537848606,
          "Error": 0.027888446215139442
        },
        "(0.26, 0.27]": {
          "Éxito": 0.9186046511627907,
          "Error": 0.08139534883720931
        },
        "(0.27, 0.28]": {
          "Éxito": 0.9223744292237442,
          "Error": 0.0776255707762557
        },
        "(0.28, 0.29]": {
          "Éxito": 0.9416342412451362,
          "Error": 0.058365758754863814
        },
        "(0.29, 0.3]": {
          "Éxito": 0.9732824427480916,
          "Error": 0.026717557251908396
        }
      }
    }
  }
}