{
  "experiment": {
    "name": "cnn_bilstm_attn_esc_9",
    "timestamp": "2025-06-20T12:44:52.556754",
    "repeat_index": 2,
    "fold_index": 3
  },
  "effects": {
    "num_taps": {
      "is_categorical": true,
      "bins": null,
      "values": {
        "2": {
          "Éxito": 0.9369406021155411,
          "Error": 0.06305939788445891
        }
      }
    },
    "snr_db": {
      "is_categorical": false,
      "bins": 10,
      "values": {
        "(7.997, 8.401]": {
          "Éxito": 0.8978723404255319,
          "Error": 0.10212765957446808
        },
        "(8.401, 8.801]": {
          "Éxito": 0.9482758620689655,
          "Error": 0.05172413793103448
        },
        "(8.801, 9.201]": {
          "Éxito": 0.9180327868852459,
          "Error": 0.08196721311475409
        },
        "(9.201, 9.6]": {
          "Éxito": 0.9234042553191489,
          "Error": 0.07659574468085106
        },
        "(9.6, 10.0]": {
          "Éxito": 0.947565543071161,
          "Error": 0.052434456928838954
        },
        "(10.0, 10.4]": {
          "Éxito": 0.9282511210762332,
          "Error": 0.07174887892376682
        },
        "(10.4, 10.8]": {
          "Éxito": 0.9423076923076923,
          "Error": 0.057692307692307696
        },
        "(10.8, 11.2]": {
          "Éxito": 0.953125,
          "Error": 0.046875
        },
        "(11.2, 11.6]": {
          "Éxito": 0.952755905511811,
          "Error": 0.047244094488188976
        },
        "(11.6, 12.0]": {
          "Éxito": 0.9523809523809523,
          "Error": 0.047619047619047616
        }
      }
    },
    "phase_offset": {
      "is_categorical": false,
      "bins": 10,
      "values": {
        "(44.956, 49.5]": {
          "Éxito": 0.9393939393939394,
          "Error": 0.06060606060606061
        },
        "(49.5, 53.999]": {
          "Éxito": 0.9311740890688259,
          "Error": 0.06882591093117409
        },
        "(53.999, 58.498]": {
          "Éxito": 0.9098360655737705,
          "Error": 0.09016393442622951
        },
        "(58.498, 62.998]": {
          "Éxito": 0.9508196721311475,
          "Error": 0.04918032786885246
        },
        "(62.998, 67.497]": {
          "Éxito": 0.956140350877193,
          "Error": 0.043859649122807015
        },
        "(67.497, 71.996]": {
          "Éxito": 0.944,
          "Error": 0.056
        },
        "(71.996, 76.495]": {
          "Éxito": 0.9502262443438914,
          "Error": 0.049773755656108594
        },
        "(76.495, 80.995]": {
          "Éxito": 0.9423076923076923,
          "Error": 0.057692307692307696
        },
        "(80.995, 85.494]": {
          "Éxito": 0.9236947791164659,
          "Error": 0.07630522088353414
        },
        "(85.494, 89.993]": {
          "Éxito": 0.9243027888446215,
          "Error": 0.07569721115537849
        }
      }
    },
    "roll_off": {
      "is_categorical": false,
      "bins": 10,
      "values": {
        "(0.2, 0.21]": {
          "Éxito": 0.9104477611940298,
          "Error": 0.08955223880597014
        },
        "(0.21, 0.22]": {
          "Éxito": 0.9497907949790795,
          "Error": 0.0502092050209205
        },
        "(0.22, 0.23]": {
          "Éxito": 0.9493670886075949,
          "Error": 0.05063291139240506
        },
        "(0.23, 0.24]": {
          "Éxito": 0.8947368421052632,
          "Error": 0.10526315789473684
        },
        "(0.24, 0.25]": {
          "Éxito": 0.9552845528455285,
          "Error": 0.044715447154471545
        },
        "(0.25, 0.26]": {
          "Éxito": 0.9414225941422594,
          "Error": 0.058577405857740586
        },
        "(0.26, 0.27]": {
          "Éxito": 0.9240506329113924,
          "Error": 0.0759493670886076
        },
        "(0.27, 0.28]": {
          "Éxito": 0.9365079365079365,
          "Error": 0.06349206349206349
        },
        "(0.28, 0.29]": {
          "Éxito": 0.9598214285714286,
          "Error": 0.04017857142857143
        },
        "(0.29, 0.3]": {
          "Éxito": 0.9516728624535316,
          "Error": 0.048327137546468404
        }
      }
    }
  }
}