{
  "experiment": {
    "name": "ARQ_1__ESC_4",
    "timestamp": "2025-06-22T04:14:21.707500",
    "repeat_index": 5
  },
  "effects": {
    "num_taps": {
      "is_categorical": true,
      "bins": null,
      "values": {
        "2": {
          "Éxito": 0.9881184895833334,
          "Error": 0.011881510416666666
        }
      }
    },
    "snr_db": {
      "is_categorical": false,
      "bins": 10,
      "values": {
        "(11.996, 12.4]": {
          "Éxito": 0.9793650793650793,
          "Error": 0.020634920634920634
        },
        "(12.4, 12.8]": {
          "Éxito": 0.9857142857142858,
          "Error": 0.014285714285714285
        },
        "(12.8, 13.2]": {
          "Éxito": 0.9876977152899824,
          "Error": 0.012302284710017574
        },
        "(13.2, 13.6]": {
          "Éxito": 0.9808306709265175,
          "Error": 0.019169329073482427
        },
        "(13.6, 14.0]": {
          "Éxito": 0.9919093851132686,
          "Error": 0.008090614886731391
        },
        "(14.0, 14.4]": {
          "Éxito": 0.9934426229508196,
          "Error": 0.006557377049180328
        },
        "(14.4, 14.8]": {
          "Éxito": 0.9919614147909968,
          "Error": 0.008038585209003215
        },
        "(14.8, 15.2]": {
          "Éxito": 0.9916666666666667,
          "Error": 0.008333333333333333
        },
        "(15.2, 15.599]": {
          "Éxito": 0.9919354838709677,
          "Error": 0.008064516129032258
        },
        "(15.599, 15.999]": {
          "Éxito": 0.9870759289176091,
          "Error": 0.012924071082390954
        }
      }
    },
    "phase_offset": {
      "is_categorical": false,
      "bins": 10,
      "values": {
        "(-0.0418, 4.501]": {
          "Éxito": 0.9854132901134521,
          "Error": 0.014586709886547812
        },
        "(4.501, 9.0]": {
          "Éxito": 0.9888888888888889,
          "Error": 0.011111111111111112
        },
        "(9.0, 13.498]": {
          "Éxito": 0.9884105960264901,
          "Error": 0.011589403973509934
        },
        "(13.498, 17.996]": {
          "Éxito": 0.9917898193760263,
          "Error": 0.008210180623973728
        },
        "(17.996, 22.495]": {
          "Éxito": 0.9797297297297297,
          "Error": 0.02027027027027027
        },
        "(22.495, 26.993]": {
          "Éxito": 0.9898132427843803,
          "Error": 0.010186757215619695
        },
        "(26.993, 31.491]": {
          "Éxito": 0.9887278582930756,
          "Error": 0.011272141706924315
        },
        "(31.491, 35.99]": {
          "Éxito": 0.9890282131661442,
          "Error": 0.0109717868338558
        },
        "(35.99, 40.488]": {
          "Éxito": 0.9862542955326461,
          "Error": 0.013745704467353952
        },
        "(40.488, 44.986]": {
          "Éxito": 0.9924471299093656,
          "Error": 0.0075528700906344415
        }
      }
    },
    "roll_off": {
      "is_categorical": false,
      "bins": 10,
      "values": {
        "(0.2, 0.21]": {
          "Éxito": 0.985781990521327,
          "Error": 0.014218009478672985
        },
        "(0.21, 0.22]": {
          "Éxito": 0.9848714069591528,
          "Error": 0.015128593040847202
        },
        "(0.22, 0.23]": {
          "Éxito": 0.9936,
          "Error": 0.0064
        },
        "(0.23, 0.24]": {
          "Éxito": 0.9777397260273972,
          "Error": 0.02226027397260274
        },
        "(0.24, 0.25]": {
          "Éxito": 0.9916666666666667,
          "Error": 0.008333333333333333
        },
        "(0.25, 0.26]": {
          "Éxito": 0.9903381642512077,
          "Error": 0.00966183574879227
        },
        "(0.26, 0.27]": {
          "Éxito": 0.9849498327759197,
          "Error": 0.015050167224080268
        },
        "(0.27, 0.28]": {
          "Éxito": 0.9900826446280991,
          "Error": 0.009917355371900827
        },
        "(0.28, 0.29]": {
          "Éxito": 0.9966386554621849,
          "Error": 0.0033613445378151263
        },
        "(0.29, 0.3]": {
          "Éxito": 0.9855305466237942,
          "Error": 0.014469453376205787
        }
      }
    }
  }
}