{
  "experiment": {
    "name": "cnn_bilstm_attn_esc_7",
    "timestamp": "2025-06-17T04:30:50.897236",
    "repeat_index": 0,
    "fold_index": 4
  },
  "effects": {
    "num_taps": {
      "is_categorical": true,
      "bins": null,
      "values": {
        "4": {
          "Éxito": 0.8043124491456468,
          "Error": 0.19568755085435313
        }
      }
    },
    "snr_db": {
      "is_categorical": false,
      "bins": 10,
      "values": {
        "(7.996, 8.4]": {
          "Éxito": 0.7890625,
          "Error": 0.2109375
        },
        "(8.4, 8.8]": {
          "Éxito": 0.7773279352226721,
          "Error": 0.22267206477732793
        },
        "(8.8, 9.2]": {
          "Éxito": 0.7703349282296651,
          "Error": 0.22966507177033493
        },
        "(9.2, 9.6]": {
          "Éxito": 0.82,
          "Error": 0.18
        },
        "(9.6, 10.0]": {
          "Éxito": 0.7807017543859649,
          "Error": 0.21929824561403508
        },
        "(10.0, 10.4]": {
          "Éxito": 0.788,
          "Error": 0.212
        },
        "(10.4, 10.8]": {
          "Éxito": 0.8142292490118577,
          "Error": 0.1857707509881423
        },
        "(10.8, 11.2]": {
          "Éxito": 0.8681318681318682,
          "Error": 0.13186813186813187
        },
        "(11.2, 11.6]": {
          "Éxito": 0.8206106870229007,
          "Error": 0.17938931297709923
        },
        "(11.6, 12.0]": {
          "Éxito": 0.8,
          "Error": 0.2
        }
      }
    },
    "phase_offset": {
      "is_categorical": false,
      "bins": 10,
      "values": {
        "(-0.0423, 4.502]": {
          "Éxito": 0.8081632653061225,
          "Error": 0.19183673469387755
        },
        "(4.502, 9.002]": {
          "Éxito": 0.8115384615384615,
          "Error": 0.18846153846153846
        },
        "(9.002, 13.502]": {
          "Éxito": 0.8360655737704918,
          "Error": 0.16393442622950818
        },
        "(13.502, 18.002]": {
          "Éxito": 0.8015267175572519,
          "Error": 0.1984732824427481
        },
        "(18.002, 22.501]": {
          "Éxito": 0.7560975609756098,
          "Error": 0.24390243902439024
        },
        "(22.501, 27.001]": {
          "Éxito": 0.8038461538461539,
          "Error": 0.19615384615384615
        },
        "(27.001, 31.501]": {
          "Éxito": 0.7982456140350878,
          "Error": 0.20175438596491227
        },
        "(31.501, 36.001]": {
          "Éxito": 0.8146551724137931,
          "Error": 0.1853448275862069
        },
        "(36.001, 40.5]": {
          "Éxito": 0.810126582278481,
          "Error": 0.189873417721519
        },
        "(40.5, 45.0]": {
          "Éxito": 0.8032786885245902,
          "Error": 0.19672131147540983
        }
      }
    },
    "roll_off": {
      "is_categorical": false,
      "bins": 10,
      "values": {
        "(0.2, 0.21]": {
          "Éxito": 0.8307692307692308,
          "Error": 0.16923076923076924
        },
        "(0.21, 0.22]": {
          "Éxito": 0.7773109243697479,
          "Error": 0.22268907563025211
        },
        "(0.22, 0.23]": {
          "Éxito": 0.8170212765957446,
          "Error": 0.1829787234042553
        },
        "(0.23, 0.24]": {
          "Éxito": 0.8164794007490637,
          "Error": 0.18352059925093633
        },
        "(0.24, 0.25]": {
          "Éxito": 0.7756653992395437,
          "Error": 0.22433460076045628
        },
        "(0.25, 0.26]": {
          "Éxito": 0.7530364372469636,
          "Error": 0.24696356275303644
        },
        "(0.26, 0.27]": {
          "Éxito": 0.7870722433460076,
          "Error": 0.21292775665399238
        },
        "(0.27, 0.28]": {
          "Éxito": 0.8225108225108225,
          "Error": 0.1774891774891775
        },
        "(0.28, 0.29]": {
          "Éxito": 0.8504672897196262,
          "Error": 0.14953271028037382
        },
        "(0.29, 0.3]": {
          "Éxito": 0.8208333333333333,
          "Error": 0.17916666666666667
        }
      }
    }
  }
}