{
  "experiment": {
    "name": "res_tcn_se_esc_11",
    "timestamp": "2025-06-22T00:22:53.783578",
    "repeat_index": 2,
    "fold_index": 3
  },
  "evaluation": {
    "loss": 0.20297279953956604,
    "accuracy": 0.9434499740600586
  },
  "classification_report": {
    "bpsk": {
      "precision": 1.0,
      "recall": 1.0,
      "f1-score": 1.0,
      "support": 409.0
    },
    "qpsk": {
      "precision": 1.0,
      "recall": 0.9975609756097561,
      "f1-score": 0.9987789987789988,
      "support": 410.0
    },
    "16qam": {
      "precision": 0.9781021897810219,
      "recall": 0.9804878048780488,
      "f1-score": 0.9792935444579781,
      "support": 410.0
    },
    "32qam cross": {
      "precision": 0.854320987654321,
      "recall": 0.8459657701711492,
      "f1-score": 0.8501228501228502,
      "support": 409.0
    },
    "64qam": {
      "precision": 0.9780487804878049,
      "recall": 0.9780487804878049,
      "f1-score": 0.9780487804878049,
      "support": 410.0
    },
    "128qam cross": {
      "precision": 0.8502415458937198,
      "recall": 0.8585365853658536,
      "f1-score": 0.8543689320388349,
      "support": 410.0
    },
    "accuracy": 0.9434499593165175,
    "macro avg": {
      "precision": 0.9434522506361446,
      "recall": 0.9434333194187686,
      "f1-score": 0.9434355176477444,
      "support": 2458.0
    },
    "weighted avg": {
      "precision": 0.9434655067442073,
      "recall": 0.9434499593165175,
      "f1-score": 0.9434504680892305,
      "support": 2458.0
    }
  }
}