{
  "experiment": {
    "name": "cnn_bilstm_attn_esc_2",
    "timestamp": "2025-06-17T06:05:49.626007",
    "repeat_index": 1,
    "fold_index": 2
  },
  "effects": {
    "num_taps": {
      "is_categorical": true,
      "bins": null,
      "values": {
        "2": {
          "Éxito": 0.8901545972335232,
          "Error": 0.10984540276647681
        }
      }
    },
    "snr_db": {
      "is_categorical": false,
      "bins": 10,
      "values": {
        "(3.997, 4.401]": {
          "Éxito": 0.8148148148148148,
          "Error": 0.18518518518518517
        },
        "(4.401, 4.8]": {
          "Éxito": 0.8718861209964412,
          "Error": 0.12811387900355872
        },
        "(4.8, 5.2]": {
          "Éxito": 0.8851851851851852,
          "Error": 0.11481481481481481
        },
        "(5.2, 5.6]": {
          "Éxito": 0.867579908675799,
          "Error": 0.1324200913242009
        },
        "(5.6, 5.999]": {
          "Éxito": 0.8925619834710744,
          "Error": 0.10743801652892562
        },
        "(5.999, 6.399]": {
          "Éxito": 0.9182879377431906,
          "Error": 0.08171206225680934
        },
        "(6.399, 6.798]": {
          "Éxito": 0.9033613445378151,
          "Error": 0.09663865546218488
        },
        "(6.798, 7.198]": {
          "Éxito": 0.9245283018867925,
          "Error": 0.07547169811320754
        },
        "(7.198, 7.598]": {
          "Éxito": 0.8947368421052632,
          "Error": 0.10526315789473684
        },
        "(7.598, 7.997]": {
          "Éxito": 0.9202898550724637,
          "Error": 0.07971014492753623
        }
      }
    },
    "phase_offset": {
      "is_categorical": false,
      "bins": 10,
      "values": {
        "(-0.0433, 4.492]": {
          "Éxito": 0.8985507246376812,
          "Error": 0.10144927536231885
        },
        "(4.492, 8.983]": {
          "Éxito": 0.9047619047619048,
          "Error": 0.09523809523809523
        },
        "(8.983, 13.473]": {
          "Éxito": 0.8932806324110671,
          "Error": 0.1067193675889328
        },
        "(13.473, 17.964]": {
          "Éxito": 0.8841201716738197,
          "Error": 0.11587982832618025
        },
        "(17.964, 22.454]": {
          "Éxito": 0.8938775510204081,
          "Error": 0.10612244897959183
        },
        "(22.454, 26.945]": {
          "Éxito": 0.8796680497925311,
          "Error": 0.12033195020746888
        },
        "(26.945, 31.435]": {
          "Éxito": 0.895397489539749,
          "Error": 0.10460251046025104
        },
        "(31.435, 35.926]": {
          "Éxito": 0.8541666666666666,
          "Error": 0.14583333333333334
        },
        "(35.926, 40.416]": {
          "Éxito": 0.91701244813278,
          "Error": 0.08298755186721991
        },
        "(40.416, 44.907]": {
          "Éxito": 0.8865546218487395,
          "Error": 0.1134453781512605
        }
      }
    },
    "roll_off": {
      "is_categorical": false,
      "bins": 10,
      "values": {
        "(0.2, 0.21]": {
          "Éxito": 0.905511811023622,
          "Error": 0.09448818897637795
        },
        "(0.21, 0.22]": {
          "Éxito": 0.8951310861423221,
          "Error": 0.10486891385767791
        },
        "(0.22, 0.23]": {
          "Éxito": 0.8471074380165289,
          "Error": 0.15289256198347106
        },
        "(0.23, 0.24]": {
          "Éxito": 0.8811475409836066,
          "Error": 0.11885245901639344
        },
        "(0.24, 0.25]": {
          "Éxito": 0.8902439024390244,
          "Error": 0.10975609756097561
        },
        "(0.25, 0.26]": {
          "Éxito": 0.9214876033057852,
          "Error": 0.07851239669421488
        },
        "(0.26, 0.27]": {
          "Éxito": 0.8935361216730038,
          "Error": 0.10646387832699619
        },
        "(0.27, 0.28]": {
          "Éxito": 0.8767123287671232,
          "Error": 0.1232876712328767
        },
        "(0.28, 0.29]": {
          "Éxito": 0.8906882591093117,
          "Error": 0.10931174089068826
        },
        "(0.29, 0.3]": {
          "Éxito": 0.8974358974358975,
          "Error": 0.10256410256410256
        }
      }
    }
  }
}