{
  "experiment": {
    "name": "cnn_bilstm_attn_esc_9",
    "timestamp": "2025-06-18T21:49:10.701815",
    "repeat_index": 1,
    "fold_index": 1
  },
  "effects": {
    "num_taps": {
      "is_categorical": true,
      "bins": null,
      "values": {
        "2": {
          "Éxito": 0.9576891781936534,
          "Error": 0.04231082180634662
        }
      }
    },
    "snr_db": {
      "is_categorical": false,
      "bins": 10,
      "values": {
        "(7.996, 8.4]": {
          "Éxito": 0.9288537549407114,
          "Error": 0.07114624505928854
        },
        "(8.4, 8.8]": {
          "Éxito": 0.9637096774193549,
          "Error": 0.036290322580645164
        },
        "(8.8, 9.2]": {
          "Éxito": 0.9243697478991597,
          "Error": 0.07563025210084033
        },
        "(9.2, 9.6]": {
          "Éxito": 0.9427312775330396,
          "Error": 0.05726872246696035
        },
        "(9.6, 10.0]": {
          "Éxito": 0.953307392996109,
          "Error": 0.04669260700389105
        },
        "(10.0, 10.4]": {
          "Éxito": 0.9775784753363229,
          "Error": 0.02242152466367713
        },
        "(10.4, 10.799]": {
          "Éxito": 0.9753086419753086,
          "Error": 0.024691358024691357
        },
        "(10.799, 11.199]": {
          "Éxito": 0.9847328244274809,
          "Error": 0.015267175572519083
        },
        "(11.199, 11.599]": {
          "Éxito": 0.9704641350210971,
          "Error": 0.029535864978902954
        },
        "(11.599, 11.999]": {
          "Éxito": 0.9555555555555556,
          "Error": 0.044444444444444446
        }
      }
    },
    "phase_offset": {
      "is_categorical": false,
      "bins": 10,
      "values": {
        "(44.957, 49.499]": {
          "Éxito": 0.9538461538461539,
          "Error": 0.046153846153846156
        },
        "(49.499, 53.997]": {
          "Éxito": 0.9510204081632653,
          "Error": 0.04897959183673469
        },
        "(53.997, 58.494]": {
          "Éxito": 0.9681818181818181,
          "Error": 0.031818181818181815
        },
        "(58.494, 62.991]": {
          "Éxito": 0.9839357429718876,
          "Error": 0.01606425702811245
        },
        "(62.991, 67.489]": {
          "Éxito": 0.963963963963964,
          "Error": 0.036036036036036036
        },
        "(67.489, 71.986]": {
          "Éxito": 0.9629629629629629,
          "Error": 0.037037037037037035
        },
        "(71.986, 76.483]": {
          "Éxito": 0.9386973180076629,
          "Error": 0.06130268199233716
        },
        "(76.483, 80.98]": {
          "Éxito": 0.9765625,
          "Error": 0.0234375
        },
        "(80.98, 85.478]": {
          "Éxito": 0.9363295880149812,
          "Error": 0.06367041198501873
        },
        "(85.478, 89.975]": {
          "Éxito": 0.9446808510638298,
          "Error": 0.05531914893617021
        }
      }
    },
    "roll_off": {
      "is_categorical": false,
      "bins": 10,
      "values": {
        "(0.2, 0.21]": {
          "Éxito": 0.9431818181818182,
          "Error": 0.056818181818181816
        },
        "(0.21, 0.22]": {
          "Éxito": 0.9653679653679653,
          "Error": 0.03463203463203463
        },
        "(0.22, 0.23]": {
          "Éxito": 0.9467213114754098,
          "Error": 0.05327868852459016
        },
        "(0.23, 0.24]": {
          "Éxito": 0.9466666666666667,
          "Error": 0.05333333333333334
        },
        "(0.24, 0.25]": {
          "Éxito": 0.9737827715355806,
          "Error": 0.026217228464419477
        },
        "(0.25, 0.26]": {
          "Éxito": 0.95703125,
          "Error": 0.04296875
        },
        "(0.26, 0.27]": {
          "Éxito": 0.9547169811320755,
          "Error": 0.045283018867924525
        },
        "(0.27, 0.28]": {
          "Éxito": 0.9725490196078431,
          "Error": 0.027450980392156862
        },
        "(0.28, 0.29]": {
          "Éxito": 0.9652173913043478,
          "Error": 0.034782608695652174
        },
        "(0.29, 0.3]": {
          "Éxito": 0.9502262443438914,
          "Error": 0.049773755656108594
        }
      }
    }
  }
}