{
  "experiment": {
    "name": "res_tcn_se_esc_6",
    "timestamp": "2025-06-16T11:31:17.196123",
    "repeat_index": 1,
    "fold_index": 1
  },
  "effects": {
    "num_taps": {
      "is_categorical": true,
      "bins": null,
      "values": {
        "1": {
          "Éxito": 0.9540276647681042,
          "Error": 0.04597233523189585
        }
      }
    },
    "snr_db": {
      "is_categorical": false,
      "bins": 10,
      "values": {
        "(7.997, 8.4]": {
          "Éxito": 0.9282868525896414,
          "Error": 0.07171314741035857
        },
        "(8.4, 8.8]": {
          "Éxito": 0.9242424242424242,
          "Error": 0.07575757575757576
        },
        "(8.8, 9.2]": {
          "Éxito": 0.9389312977099237,
          "Error": 0.061068702290076333
        },
        "(9.2, 9.6]": {
          "Éxito": 0.9666666666666667,
          "Error": 0.03333333333333333
        },
        "(9.6, 9.999]": {
          "Éxito": 0.9598393574297188,
          "Error": 0.040160642570281124
        },
        "(9.999, 10.399]": {
          "Éxito": 0.9444444444444444,
          "Error": 0.05555555555555555
        },
        "(10.399, 10.799]": {
          "Éxito": 0.9637096774193549,
          "Error": 0.036290322580645164
        },
        "(10.799, 11.199]": {
          "Éxito": 0.9766355140186916,
          "Error": 0.02336448598130841
        },
        "(11.199, 11.598]": {
          "Éxito": 0.9695652173913043,
          "Error": 0.030434782608695653
        },
        "(11.598, 11.998]": {
          "Éxito": 0.9736842105263158,
          "Error": 0.02631578947368421
        }
      }
    },
    "phase_offset": {
      "is_categorical": false,
      "bins": 10,
      "values": {
        "(-0.0341, 4.506]": {
          "Éxito": 0.9702127659574468,
          "Error": 0.029787234042553193
        },
        "(4.506, 9.001]": {
          "Éxito": 0.932,
          "Error": 0.068
        },
        "(9.001, 13.495]": {
          "Éxito": 0.975103734439834,
          "Error": 0.024896265560165973
        },
        "(13.495, 17.99]": {
          "Éxito": 0.9568627450980393,
          "Error": 0.043137254901960784
        },
        "(17.99, 22.485]": {
          "Éxito": 0.9459459459459459,
          "Error": 0.05405405405405406
        },
        "(22.485, 26.98]": {
          "Éxito": 0.9511278195488722,
          "Error": 0.04887218045112782
        },
        "(26.98, 31.475]": {
          "Éxito": 0.9519650655021834,
          "Error": 0.048034934497816595
        },
        "(31.475, 35.97]": {
          "Éxito": 0.9707112970711297,
          "Error": 0.029288702928870293
        },
        "(35.97, 40.465]": {
          "Éxito": 0.9583333333333334,
          "Error": 0.041666666666666664
        },
        "(40.465, 44.959]": {
          "Éxito": 0.9323843416370107,
          "Error": 0.06761565836298933
        }
      }
    },
    "roll_off": {
      "is_categorical": false,
      "bins": 10,
      "values": {
        "(0.2, 0.21]": {
          "Éxito": 0.9026217228464419,
          "Error": 0.09737827715355805
        },
        "(0.21, 0.22]": {
          "Éxito": 0.9390243902439024,
          "Error": 0.06097560975609756
        },
        "(0.22, 0.23]": {
          "Éxito": 0.9556451612903226,
          "Error": 0.04435483870967742
        },
        "(0.23, 0.24]": {
          "Éxito": 0.9539748953974896,
          "Error": 0.04602510460251046
        },
        "(0.24, 0.25]": {
          "Éxito": 0.9721115537848606,
          "Error": 0.027888446215139442
        },
        "(0.25, 0.26]": {
          "Éxito": 0.9533898305084746,
          "Error": 0.046610169491525424
        },
        "(0.26, 0.27]": {
          "Éxito": 0.975,
          "Error": 0.025
        },
        "(0.27, 0.28]": {
          "Éxito": 0.9699248120300752,
          "Error": 0.03007518796992481
        },
        "(0.28, 0.29]": {
          "Éxito": 0.9631147540983607,
          "Error": 0.036885245901639344
        },
        "(0.29, 0.3]": {
          "Éxito": 0.9592760180995475,
          "Error": 0.04072398190045249
        }
      }
    }
  }
}