{
  "experiment": {
    "name": "red_carlos_ESC_2",
    "timestamp": "2025-06-18T03:50:52.204597",
    "repeat_index": 0,
    "fold_index": 2
  },
  "evaluation": {
    "loss": 0.5150749087333679,
    "accuracy": 0.8738812208175659
  },
  "classification_report": {
    "bpsk": {
      "precision": 1.0,
      "recall": 1.0,
      "f1-score": 1.0,
      "support": 410.0
    },
    "qpsk": {
      "precision": 0.9975669099756691,
      "recall": 1.0,
      "f1-score": 0.9987819732034106,
      "support": 410.0
    },
    "16qam": {
      "precision": 0.919047619047619,
      "recall": 0.9414634146341463,
      "f1-score": 0.9301204819277108,
      "support": 410.0
    },
    "32qam cross": {
      "precision": 0.6905263157894737,
      "recall": 0.8,
      "f1-score": 0.7412429378531074,
      "support": 410.0
    },
    "64qam": {
      "precision": 0.9153846153846154,
      "recall": 0.8728606356968215,
      "f1-score": 0.8936170212765957,
      "support": 409.0
    },
    "128qam cross": {
      "precision": 0.7329545454545454,
      "recall": 0.6308068459657702,
      "f1-score": 0.6780551905387648,
      "support": 409.0
    },
    "accuracy": 0.8742880390561432,
    "macro avg": {
      "precision": 0.8759133342753204,
      "recall": 0.8741884827161229,
      "f1-score": 0.8736362674665982,
      "support": 2458.0
    },
    "weighted avg": {
      "precision": 0.8759554365974163,
      "recall": 0.8742880390561432,
      "f1-score": 0.8737077077933345,
      "support": 2458.0
    }
  }
}