{
  "experiment": {
    "name": "ARQ_2__ESC_6",
    "timestamp": "2025-06-19T17:58:46.875283",
    "repeat_index": 6
  },
  "evaluation": {
    "loss": 0.08346480131149292,
    "accuracy": 0.9884440302848816
  },
  "classification_report": {
    "bpsk": {
      "precision": 1.0,
      "recall": 1.0,
      "f1-score": 1.0,
      "support": 1024.0
    },
    "qpsk": {
      "precision": 1.0,
      "recall": 1.0,
      "f1-score": 1.0,
      "support": 1024.0
    },
    "16qam": {
      "precision": 0.9990234375,
      "recall": 0.9990234375,
      "f1-score": 0.9990234375,
      "support": 1024.0
    },
    "32qam cross": {
      "precision": 0.9695481335952849,
      "recall": 0.9638671875,
      "f1-score": 0.9666993143976493,
      "support": 1024.0
    },
    "64qam": {
      "precision": 0.9980487804878049,
      "recall": 0.9990234375,
      "f1-score": 0.9985358711566618,
      "support": 1024.0
    },
    "128qam cross": {
      "precision": 0.9640427599611273,
      "recall": 0.96875,
      "f1-score": 0.9663906478324403,
      "support": 1024.0
    },
    "accuracy": 0.9884440104166666,
    "macro avg": {
      "precision": 0.988443851924036,
      "recall": 0.9884440104166666,
      "f1-score": 0.988441545147792,
      "support": 6144.0
    },
    "weighted avg": {
      "precision": 0.988443851924036,
      "recall": 0.9884440104166666,
      "f1-score": 0.988441545147792,
      "support": 6144.0
    }
  }
}