{
  "experiment": {
    "name": "ARQ_1__ESC_7",
    "timestamp": "2025-06-22T05:57:21.863995",
    "repeat_index": 9
  },
  "effects": {
    "num_taps": {
      "is_categorical": true,
      "bins": null,
      "values": {
        "4": {
          "Éxito": 0.90771484375,
          "Error": 0.09228515625
        }
      }
    },
    "snr_db": {
      "is_categorical": false,
      "bins": 10,
      "values": {
        "(7.996, 8.4]": {
          "Éxito": 0.8949044585987261,
          "Error": 0.10509554140127389
        },
        "(8.4, 8.8]": {
          "Éxito": 0.8864406779661017,
          "Error": 0.1135593220338983
        },
        "(8.8, 9.2]": {
          "Éxito": 0.8888888888888888,
          "Error": 0.1111111111111111
        },
        "(9.2, 9.6]": {
          "Éxito": 0.9069373942470389,
          "Error": 0.09306260575296109
        },
        "(9.6, 10.0]": {
          "Éxito": 0.93026941362916,
          "Error": 0.06973058637083994
        },
        "(10.0, 10.4]": {
          "Éxito": 0.918622848200313,
          "Error": 0.081377151799687
        },
        "(10.4, 10.8]": {
          "Éxito": 0.9115755627009646,
          "Error": 0.08842443729903537
        },
        "(10.8, 11.2]": {
          "Éxito": 0.9197952218430034,
          "Error": 0.08020477815699659
        },
        "(11.2, 11.6]": {
          "Éxito": 0.9169381107491856,
          "Error": 0.08306188925081433
        },
        "(11.6, 12.0]": {
          "Éxito": 0.9019292604501608,
          "Error": 0.09807073954983923
        }
      }
    },
    "phase_offset": {
      "is_categorical": false,
      "bins": 10,
      "values": {
        "(-0.0414, 4.503]": {
          "Éxito": 0.9136577708006279,
          "Error": 0.08634222919937205
        },
        "(4.503, 9.003]": {
          "Éxito": 0.9298245614035088,
          "Error": 0.07017543859649122
        },
        "(9.003, 13.502]": {
          "Éxito": 0.8905472636815921,
          "Error": 0.10945273631840796
        },
        "(13.502, 18.002]": {
          "Éxito": 0.903125,
          "Error": 0.096875
        },
        "(18.002, 22.501]": {
          "Éxito": 0.8968386023294509,
          "Error": 0.10316139767054909
        },
        "(22.501, 27.001]": {
          "Éxito": 0.9298531810766721,
          "Error": 0.0701468189233279
        },
        "(27.001, 31.5]": {
          "Éxito": 0.9162393162393162,
          "Error": 0.08376068376068375
        },
        "(31.5, 36.0]": {
          "Éxito": 0.8927444794952681,
          "Error": 0.10725552050473186
        },
        "(36.0, 40.499]": {
          "Éxito": 0.8987538940809969,
          "Error": 0.10124610591900311
        },
        "(40.499, 44.999]": {
          "Éxito": 0.9079159935379645,
          "Error": 0.09208400646203554
        }
      }
    },
    "roll_off": {
      "is_categorical": false,
      "bins": 10,
      "values": {
        "(0.2, 0.21]": {
          "Éxito": 0.8988391376451078,
          "Error": 0.1011608623548922
        },
        "(0.21, 0.22]": {
          "Éxito": 0.9171974522292994,
          "Error": 0.08280254777070063
        },
        "(0.22, 0.23]": {
          "Éxito": 0.8998384491114702,
          "Error": 0.10016155088852989
        },
        "(0.23, 0.24]": {
          "Éxito": 0.9158576051779935,
          "Error": 0.08414239482200647
        },
        "(0.24, 0.25]": {
          "Éxito": 0.9038142620232172,
          "Error": 0.09618573797678276
        },
        "(0.25, 0.26]": {
          "Éxito": 0.9210084033613445,
          "Error": 0.07899159663865546
        },
        "(0.26, 0.27]": {
          "Éxito": 0.9020866773675762,
          "Error": 0.09791332263242375
        },
        "(0.27, 0.28]": {
          "Éxito": 0.911620294599018,
          "Error": 0.088379705400982
        },
        "(0.28, 0.29]": {
          "Éxito": 0.9035369774919614,
          "Error": 0.09646302250803858
        },
        "(0.29, 0.3]": {
          "Éxito": 0.9035369774919614,
          "Error": 0.09646302250803858
        }
      }
    }
  }
}