{
  "experiment": {
    "name": "red_carlos_ESC_11",
    "timestamp": "2025-06-21T07:41:17.807877",
    "repeat_index": 0,
    "fold_index": 4
  },
  "effects": {
    "num_taps": {
      "is_categorical": true,
      "bins": null,
      "values": {
        "2": {
          "Éxito": 0.9499593165174939,
          "Error": 0.0500406834825061
        }
      }
    },
    "snr_db": {
      "is_categorical": false,
      "bins": 10,
      "values": {
        "(7.996, 8.4]": {
          "Éxito": 0.9271255060728745,
          "Error": 0.0728744939271255
        },
        "(8.4, 8.8]": {
          "Éxito": 0.9422382671480144,
          "Error": 0.05776173285198556
        },
        "(8.8, 9.2]": {
          "Éxito": 0.9404255319148936,
          "Error": 0.059574468085106386
        },
        "(9.2, 9.6]": {
          "Éxito": 0.9462809917355371,
          "Error": 0.05371900826446281
        },
        "(9.6, 10.0]": {
          "Éxito": 0.9411764705882353,
          "Error": 0.058823529411764705
        },
        "(10.0, 10.4]": {
          "Éxito": 0.9510204081632653,
          "Error": 0.04897959183673469
        },
        "(10.4, 10.8]": {
          "Éxito": 0.9626556016597511,
          "Error": 0.03734439834024896
        },
        "(10.8, 11.2]": {
          "Éxito": 0.9665271966527197,
          "Error": 0.03347280334728033
        },
        "(11.2, 11.6]": {
          "Éxito": 0.9590909090909091,
          "Error": 0.04090909090909091
        },
        "(11.6, 12.0]": {
          "Éxito": 0.9649805447470817,
          "Error": 0.03501945525291829
        }
      }
    },
    "phase_offset": {
      "is_categorical": false,
      "bins": 10,
      "values": {
        "(134.98, 139.52]": {
          "Éxito": 0.9390243902439024,
          "Error": 0.06097560975609756
        },
        "(139.52, 144.015]": {
          "Éxito": 0.967741935483871,
          "Error": 0.03225806451612903
        },
        "(144.015, 148.51]": {
          "Éxito": 0.9451476793248945,
          "Error": 0.05485232067510549
        },
        "(148.51, 153.006]": {
          "Éxito": 0.9603174603174603,
          "Error": 0.03968253968253968
        },
        "(153.006, 157.501]": {
          "Éxito": 0.9534883720930233,
          "Error": 0.046511627906976744
        },
        "(157.501, 161.996]": {
          "Éxito": 0.9512195121951219,
          "Error": 0.04878048780487805
        },
        "(161.996, 166.491]": {
          "Éxito": 0.9529411764705882,
          "Error": 0.047058823529411764
        },
        "(166.491, 170.986]": {
          "Éxito": 0.948936170212766,
          "Error": 0.05106382978723404
        },
        "(170.986, 175.482]": {
          "Éxito": 0.9308943089430894,
          "Error": 0.06910569105691057
        },
        "(175.482, 179.977]": {
          "Éxito": 0.948936170212766,
          "Error": 0.05106382978723404
        }
      }
    },
    "roll_off": {
      "is_categorical": false,
      "bins": 10,
      "values": {
        "(0.2, 0.21]": {
          "Éxito": 0.948051948051948,
          "Error": 0.05194805194805195
        },
        "(0.21, 0.22]": {
          "Éxito": 0.9395161290322581,
          "Error": 0.06048387096774194
        },
        "(0.22, 0.23]": {
          "Éxito": 0.9538461538461539,
          "Error": 0.046153846153846156
        },
        "(0.23, 0.24]": {
          "Éxito": 0.9589552238805971,
          "Error": 0.041044776119402986
        },
        "(0.24, 0.25]": {
          "Éxito": 0.9519650655021834,
          "Error": 0.048034934497816595
        },
        "(0.25, 0.26]": {
          "Éxito": 0.9380165289256198,
          "Error": 0.06198347107438017
        },
        "(0.26, 0.27]": {
          "Éxito": 0.9641255605381166,
          "Error": 0.03587443946188341
        },
        "(0.27, 0.28]": {
          "Éxito": 0.9344262295081968,
          "Error": 0.06557377049180328
        },
        "(0.28, 0.29]": {
          "Éxito": 0.9634146341463414,
          "Error": 0.036585365853658534
        },
        "(0.29, 0.3]": {
          "Éxito": 0.947565543071161,
          "Error": 0.052434456928838954
        }
      }
    }
  }
}