{
  "experiment": {
    "name": "red_carlos_ESC_11",
    "timestamp": "2025-06-21T09:06:32.551868",
    "repeat_index": 3,
    "fold_index": 4
  },
  "effects": {
    "num_taps": {
      "is_categorical": true,
      "bins": null,
      "values": {
        "2": {
          "Éxito": 0.9438567941415785,
          "Error": 0.05614320585842148
        }
      }
    },
    "snr_db": {
      "is_categorical": false,
      "bins": 10,
      "values": {
        "(7.999, 8.402]": {
          "Éxito": 0.94140625,
          "Error": 0.05859375
        },
        "(8.402, 8.801]": {
          "Éxito": 0.9209486166007905,
          "Error": 0.07905138339920949
        },
        "(8.801, 9.201]": {
          "Éxito": 0.954337899543379,
          "Error": 0.045662100456621
        },
        "(9.201, 9.6]": {
          "Éxito": 0.9414225941422594,
          "Error": 0.058577405857740586
        },
        "(9.6, 9.999]": {
          "Éxito": 0.9267399267399268,
          "Error": 0.07326007326007326
        },
        "(9.999, 10.398]": {
          "Éxito": 0.9425287356321839,
          "Error": 0.05747126436781609
        },
        "(10.398, 10.797]": {
          "Éxito": 0.9473684210526315,
          "Error": 0.05263157894736842
        },
        "(10.797, 11.197]": {
          "Éxito": 0.9536082474226805,
          "Error": 0.04639175257731959
        },
        "(11.197, 11.596]": {
          "Éxito": 0.9528301886792453,
          "Error": 0.04716981132075472
        },
        "(11.596, 11.995]": {
          "Éxito": 0.9624060150375939,
          "Error": 0.03759398496240601
        }
      }
    },
    "phase_offset": {
      "is_categorical": false,
      "bins": 10,
      "values": {
        "(134.957, 139.502]": {
          "Éxito": 0.9513274336283186,
          "Error": 0.048672566371681415
        },
        "(139.502, 144.002]": {
          "Éxito": 0.95,
          "Error": 0.05
        },
        "(144.002, 148.501]": {
          "Éxito": 0.9274193548387096,
          "Error": 0.07258064516129033
        },
        "(148.501, 153.001]": {
          "Éxito": 0.9294605809128631,
          "Error": 0.07053941908713693
        },
        "(153.001, 157.501]": {
          "Éxito": 0.9471698113207547,
          "Error": 0.052830188679245285
        },
        "(157.501, 162.0]": {
          "Éxito": 0.9345454545454546,
          "Error": 0.06545454545454546
        },
        "(162.0, 166.5]": {
          "Éxito": 0.9393939393939394,
          "Error": 0.06060606060606061
        },
        "(166.5, 171.0]": {
          "Éxito": 0.9512195121951219,
          "Error": 0.04878048780487805
        },
        "(171.0, 175.499]": {
          "Éxito": 0.96,
          "Error": 0.04
        },
        "(175.499, 179.999]": {
          "Éxito": 0.9501915708812261,
          "Error": 0.04980842911877394
        }
      }
    },
    "roll_off": {
      "is_categorical": false,
      "bins": 10,
      "values": {
        "(0.2, 0.21]": {
          "Éxito": 0.923728813559322,
          "Error": 0.07627118644067797
        },
        "(0.21, 0.22]": {
          "Éxito": 0.9277566539923955,
          "Error": 0.07224334600760456
        },
        "(0.22, 0.23]": {
          "Éxito": 0.951310861423221,
          "Error": 0.04868913857677903
        },
        "(0.23, 0.24]": {
          "Éxito": 0.9201520912547528,
          "Error": 0.07984790874524715
        },
        "(0.24, 0.25]": {
          "Éxito": 0.9485294117647058,
          "Error": 0.051470588235294115
        },
        "(0.25, 0.26]": {
          "Éxito": 0.9464285714285714,
          "Error": 0.05357142857142857
        },
        "(0.26, 0.27]": {
          "Éxito": 0.9446640316205533,
          "Error": 0.05533596837944664
        },
        "(0.27, 0.28]": {
          "Éxito": 0.9608695652173913,
          "Error": 0.0391304347826087
        },
        "(0.28, 0.29]": {
          "Éxito": 0.9598214285714286,
          "Error": 0.04017857142857143
        },
        "(0.29, 0.3]": {
          "Éxito": 0.9601769911504425,
          "Error": 0.03982300884955752
        }
      }
    }
  }
}