{
  "experiment": {
    "name": "ARQ_3__ESC_7",
    "timestamp": "2025-06-19T16:24:50.675889",
    "repeat_index": 1
  },
  "evaluation": {
    "loss": 0.37597227096557617,
    "accuracy": 0.88330078125
  },
  "classification_report": {
    "bpsk": {
      "precision": 1.0,
      "recall": 0.9990234375,
      "f1-score": 0.9995114802149487,
      "support": 1024.0
    },
    "qpsk": {
      "precision": 0.9990243902439024,
      "recall": 1.0,
      "f1-score": 0.9995119570522206,
      "support": 1024.0
    },
    "16qam": {
      "precision": 0.8834123222748815,
      "recall": 0.91015625,
      "f1-score": 0.8965848965848966,
      "support": 1024.0
    },
    "32qam cross": {
      "precision": 0.7481751824817519,
      "recall": 0.80078125,
      "f1-score": 0.7735849056603774,
      "support": 1024.0
    },
    "64qam": {
      "precision": 0.9004065040650406,
      "recall": 0.865234375,
      "f1-score": 0.8824701195219123,
      "support": 1024.0
    },
    "128qam cross": {
      "precision": 0.7721123829344433,
      "recall": 0.724609375,
      "f1-score": 0.7476070528967255,
      "support": 1024.0
    },
    "accuracy": 0.88330078125,
    "macro avg": {
      "precision": 0.8838551303333366,
      "recall": 0.88330078125,
      "f1-score": 0.8832117353218468,
      "support": 6144.0
    },
    "weighted avg": {
      "precision": 0.8838551303333366,
      "recall": 0.88330078125,
      "f1-score": 0.8832117353218468,
      "support": 6144.0
    }
  }
}