{
  "experiment": {
    "name": "ARQ_3__ESC_2",
    "timestamp": "2025-06-19T08:54:33.559302",
    "repeat_index": 9
  },
  "evaluation": {
    "loss": 0.3106396198272705,
    "accuracy": 0.8974609375
  },
  "classification_report": {
    "bpsk": {
      "precision": 1.0,
      "recall": 1.0,
      "f1-score": 1.0,
      "support": 1024.0
    },
    "qpsk": {
      "precision": 1.0,
      "recall": 0.9990234375,
      "f1-score": 0.9995114802149487,
      "support": 1024.0
    },
    "16qam": {
      "precision": 0.923728813559322,
      "recall": 0.9580078125,
      "f1-score": 0.9405560882070949,
      "support": 1024.0
    },
    "32qam cross": {
      "precision": 0.7348754448398577,
      "recall": 0.806640625,
      "f1-score": 0.7690875232774674,
      "support": 1024.0
    },
    "64qam": {
      "precision": 0.9474216380182002,
      "recall": 0.9150390625,
      "f1-score": 0.9309488325881768,
      "support": 1024.0
    },
    "128qam cross": {
      "precision": 0.7841648590021691,
      "recall": 0.7060546875,
      "f1-score": 0.7430626927029804,
      "support": 1024.0
    },
    "accuracy": 0.8974609375,
    "macro avg": {
      "precision": 0.8983651259032581,
      "recall": 0.8974609375,
      "f1-score": 0.8971944361651114,
      "support": 6144.0
    },
    "weighted avg": {
      "precision": 0.8983651259032581,
      "recall": 0.8974609375,
      "f1-score": 0.8971944361651114,
      "support": 6144.0
    }
  }
}