{
  "experiment": {
    "name": "res_tcn_se_esc_10",
    "timestamp": "2025-06-21T23:29:46.121573",
    "repeat_index": 2,
    "fold_index": 0
  },
  "effects": {
    "num_taps": {
      "is_categorical": true,
      "bins": null,
      "values": {
        "2": {
          "Éxito": 0.9401952807160293,
          "Error": 0.05980471928397071
        }
      }
    },
    "snr_db": {
      "is_categorical": false,
      "bins": 10,
      "values": {
        "(8.001, 8.405]": {
          "Éxito": 0.9319148936170213,
          "Error": 0.06808510638297872
        },
        "(8.405, 8.804]": {
          "Éxito": 0.9170731707317074,
          "Error": 0.08292682926829269
        },
        "(8.804, 9.204]": {
          "Éxito": 0.9420849420849421,
          "Error": 0.05791505791505792
        },
        "(9.204, 9.603]": {
          "Éxito": 0.9454545454545454,
          "Error": 0.05454545454545454
        },
        "(9.603, 10.002]": {
          "Éxito": 0.9333333333333333,
          "Error": 0.06666666666666667
        },
        "(10.002, 10.402]": {
          "Éxito": 0.9400921658986175,
          "Error": 0.059907834101382486
        },
        "(10.402, 10.801]": {
          "Éxito": 0.9423868312757202,
          "Error": 0.05761316872427984
        },
        "(10.801, 11.201]": {
          "Éxito": 0.9635627530364372,
          "Error": 0.03643724696356275
        },
        "(11.201, 11.6]": {
          "Éxito": 0.9481481481481482,
          "Error": 0.05185185185185185
        },
        "(11.6, 12.0]": {
          "Éxito": 0.9325396825396826,
          "Error": 0.06746031746031746
        }
      }
    },
    "phase_offset": {
      "is_categorical": false,
      "bins": 10,
      "values": {
        "(89.966, 94.505]": {
          "Éxito": 0.924,
          "Error": 0.076
        },
        "(94.505, 98.999]": {
          "Éxito": 0.9380530973451328,
          "Error": 0.061946902654867256
        },
        "(98.999, 103.494]": {
          "Éxito": 0.9444444444444444,
          "Error": 0.05555555555555555
        },
        "(103.494, 107.988]": {
          "Éxito": 0.9491525423728814,
          "Error": 0.05084745762711865
        },
        "(107.988, 112.483]": {
          "Éxito": 0.9318181818181818,
          "Error": 0.06818181818181818
        },
        "(112.483, 116.977]": {
          "Éxito": 0.9227642276422764,
          "Error": 0.07723577235772358
        },
        "(116.977, 121.472]": {
          "Éxito": 0.9437229437229437,
          "Error": 0.05627705627705628
        },
        "(121.472, 125.966]": {
          "Éxito": 0.9471698113207547,
          "Error": 0.052830188679245285
        },
        "(125.966, 130.46]": {
          "Éxito": 0.9563318777292577,
          "Error": 0.043668122270742356
        },
        "(130.46, 134.955]": {
          "Éxito": 0.9459459459459459,
          "Error": 0.05405405405405406
        }
      }
    },
    "roll_off": {
      "is_categorical": false,
      "bins": 10,
      "values": {
        "(0.2, 0.21]": {
          "Éxito": 0.947136563876652,
          "Error": 0.05286343612334802
        },
        "(0.21, 0.22]": {
          "Éxito": 0.9015748031496063,
          "Error": 0.0984251968503937
        },
        "(0.22, 0.23]": {
          "Éxito": 0.9423868312757202,
          "Error": 0.05761316872427984
        },
        "(0.23, 0.24]": {
          "Éxito": 0.9427480916030534,
          "Error": 0.05725190839694656
        },
        "(0.24, 0.25]": {
          "Éxito": 0.9357429718875502,
          "Error": 0.0642570281124498
        },
        "(0.25, 0.26]": {
          "Éxito": 0.9473684210526315,
          "Error": 0.05263157894736842
        },
        "(0.26, 0.27]": {
          "Éxito": 0.930327868852459,
          "Error": 0.06967213114754098
        },
        "(0.27, 0.28]": {
          "Éxito": 0.9806201550387597,
          "Error": 0.01937984496124031
        },
        "(0.28, 0.29]": {
          "Éxito": 0.9353448275862069,
          "Error": 0.06465517241379311
        },
        "(0.29, 0.3]": {
          "Éxito": 0.9380165289256198,
          "Error": 0.06198347107438017
        }
      }
    }
  }
}