{
  "experiment": {
    "name": "res_tcn_se_esc_4",
    "timestamp": "2025-06-16T08:31:43.086437",
    "repeat_index": 0,
    "fold_index": 1
  },
  "effects": {
    "num_taps": {
      "is_categorical": true,
      "bins": null,
      "values": {
        "2": {
          "Éxito": 0.950366151342555,
          "Error": 0.04963384865744508
        }
      }
    },
    "snr_db": {
      "is_categorical": false,
      "bins": 10,
      "values": {
        "(11.999, 12.403]": {
          "Éxito": 0.9285714285714286,
          "Error": 0.07142857142857142
        },
        "(12.403, 12.803]": {
          "Éxito": 0.9397590361445783,
          "Error": 0.060240963855421686
        },
        "(12.803, 13.202]": {
          "Éxito": 0.9428571428571428,
          "Error": 0.05714285714285714
        },
        "(13.202, 13.602]": {
          "Éxito": 0.9383259911894273,
          "Error": 0.06167400881057269
        },
        "(13.602, 14.002]": {
          "Éxito": 0.9673469387755103,
          "Error": 0.0326530612244898
        },
        "(14.002, 14.401]": {
          "Éxito": 0.9527272727272728,
          "Error": 0.04727272727272727
        },
        "(14.401, 14.801]": {
          "Éxito": 0.9423076923076923,
          "Error": 0.057692307692307696
        },
        "(14.801, 15.201]": {
          "Éxito": 0.9743589743589743,
          "Error": 0.02564102564102564
        },
        "(15.201, 15.6]": {
          "Éxito": 0.9464285714285714,
          "Error": 0.05357142857142857
        },
        "(15.6, 16.0]": {
          "Éxito": 0.9693486590038314,
          "Error": 0.03065134099616858
        }
      }
    },
    "phase_offset": {
      "is_categorical": false,
      "bins": 10,
      "values": {
        "(-0.0449, 4.5]": {
          "Éxito": 0.9208333333333333,
          "Error": 0.07916666666666666
        },
        "(4.5, 8.999]": {
          "Éxito": 0.9428571428571428,
          "Error": 0.05714285714285714
        },
        "(8.999, 13.498]": {
          "Éxito": 0.9467213114754098,
          "Error": 0.05327868852459016
        },
        "(13.498, 17.998]": {
          "Éxito": 0.9606299212598425,
          "Error": 0.03937007874015748
        },
        "(17.998, 22.497]": {
          "Éxito": 0.9484126984126984,
          "Error": 0.051587301587301584
        },
        "(22.497, 26.997]": {
          "Éxito": 0.9404761904761905,
          "Error": 0.05952380952380952
        },
        "(26.997, 31.496]": {
          "Éxito": 0.9620253164556962,
          "Error": 0.0379746835443038
        },
        "(31.496, 35.996]": {
          "Éxito": 0.9707112970711297,
          "Error": 0.029288702928870293
        },
        "(35.996, 40.495]": {
          "Éxito": 0.9543568464730291,
          "Error": 0.04564315352697095
        },
        "(40.495, 44.995]": {
          "Éxito": 0.9566929133858267,
          "Error": 0.04330708661417323
        }
      }
    },
    "roll_off": {
      "is_categorical": false,
      "bins": 10,
      "values": {
        "(0.2, 0.21]": {
          "Éxito": 0.9301310043668122,
          "Error": 0.06986899563318777
        },
        "(0.21, 0.22]": {
          "Éxito": 0.9439252336448598,
          "Error": 0.056074766355140186
        },
        "(0.22, 0.23]": {
          "Éxito": 0.9498069498069498,
          "Error": 0.05019305019305019
        },
        "(0.23, 0.24]": {
          "Éxito": 0.9626556016597511,
          "Error": 0.03734439834024896
        },
        "(0.24, 0.25]": {
          "Éxito": 0.95,
          "Error": 0.05
        },
        "(0.25, 0.26]": {
          "Éxito": 0.955719557195572,
          "Error": 0.04428044280442804
        },
        "(0.26, 0.27]": {
          "Éxito": 0.9678714859437751,
          "Error": 0.0321285140562249
        },
        "(0.27, 0.28]": {
          "Éxito": 0.9570815450643777,
          "Error": 0.04291845493562232
        },
        "(0.28, 0.29]": {
          "Éxito": 0.9409282700421941,
          "Error": 0.05907172995780591
        },
        "(0.29, 0.3]": {
          "Éxito": 0.9428571428571428,
          "Error": 0.05714285714285714
        }
      }
    }
  }
}