{
  "experiment": {
    "name": "ARQ_2__ESC_10",
    "timestamp": "2025-06-20T00:34:04.036045",
    "repeat_index": 6
  },
  "effects": {
    "num_taps": {
      "is_categorical": true,
      "bins": null,
      "values": {
        "2": {
          "Éxito": 0.9690755208333334,
          "Error": 0.030924479166666668
        }
      }
    },
    "snr_db": {
      "is_categorical": false,
      "bins": 10,
      "values": {
        "(7.997, 8.401]": {
          "Éxito": 0.9517884914463453,
          "Error": 0.04821150855365474
        },
        "(8.401, 8.801]": {
          "Éxito": 0.9630931458699473,
          "Error": 0.03690685413005272
        },
        "(8.801, 9.201]": {
          "Éxito": 0.9614147909967846,
          "Error": 0.03858520900321544
        },
        "(9.201, 9.6]": {
          "Éxito": 0.9696,
          "Error": 0.0304
        },
        "(9.6, 10.0]": {
          "Éxito": 0.9697452229299363,
          "Error": 0.030254777070063694
        },
        "(10.0, 10.4]": {
          "Éxito": 0.9609507640067911,
          "Error": 0.03904923599320883
        },
        "(10.4, 10.8]": {
          "Éxito": 0.9759615384615384,
          "Error": 0.02403846153846154
        },
        "(10.8, 11.2]": {
          "Éxito": 0.9826771653543307,
          "Error": 0.01732283464566929
        },
        "(11.2, 11.6]": {
          "Éxito": 0.9723127035830619,
          "Error": 0.02768729641693811
        },
        "(11.6, 11.999]": {
          "Éxito": 0.9831932773109243,
          "Error": 0.01680672268907563
        }
      }
    },
    "phase_offset": {
      "is_categorical": false,
      "bins": 10,
      "values": {
        "(89.957, 94.5]": {
          "Éxito": 0.9790996784565916,
          "Error": 0.02090032154340836
        },
        "(94.5, 98.998]": {
          "Éxito": 0.9762658227848101,
          "Error": 0.023734177215189875
        },
        "(98.998, 103.496]": {
          "Éxito": 0.9567307692307693,
          "Error": 0.04326923076923077
        },
        "(103.496, 107.994]": {
          "Éxito": 0.9629032258064516,
          "Error": 0.037096774193548385
        },
        "(107.994, 112.492]": {
          "Éxito": 0.9721311475409836,
          "Error": 0.027868852459016394
        },
        "(112.492, 116.99]": {
          "Éxito": 0.966499162479062,
          "Error": 0.03350083752093802
        },
        "(116.99, 121.488]": {
          "Éxito": 0.968503937007874,
          "Error": 0.031496062992125984
        },
        "(121.488, 125.986]": {
          "Éxito": 0.9716535433070866,
          "Error": 0.028346456692913385
        },
        "(125.986, 130.483]": {
          "Éxito": 0.9749582637729549,
          "Error": 0.025041736227045076
        },
        "(130.483, 134.981]": {
          "Éxito": 0.9614035087719298,
          "Error": 0.03859649122807018
        }
      }
    },
    "roll_off": {
      "is_categorical": false,
      "bins": 10,
      "values": {
        "(0.2, 0.21]": {
          "Éxito": 0.966499162479062,
          "Error": 0.03350083752093802
        },
        "(0.21, 0.22]": {
          "Éxito": 0.9590551181102362,
          "Error": 0.04094488188976378
        },
        "(0.22, 0.23]": {
          "Éxito": 0.9673539518900344,
          "Error": 0.03264604810996564
        },
        "(0.23, 0.24]": {
          "Éxito": 0.9637931034482758,
          "Error": 0.03620689655172414
        },
        "(0.24, 0.25]": {
          "Éxito": 0.9605055292259084,
          "Error": 0.03949447077409163
        },
        "(0.25, 0.26]": {
          "Éxito": 0.985207100591716,
          "Error": 0.014792899408284023
        },
        "(0.26, 0.27]": {
          "Éxito": 0.9745331069609507,
          "Error": 0.025466893039049237
        },
        "(0.27, 0.28]": {
          "Éxito": 0.9738134206219312,
          "Error": 0.02618657937806874
        },
        "(0.28, 0.29]": {
          "Éxito": 0.9664,
          "Error": 0.0336
        },
        "(0.29, 0.3]": {
          "Éxito": 0.9724025974025974,
          "Error": 0.027597402597402596
        }
      }
    }
  }
}