{
  "experiment": {
    "name": "ARQ_2__ESC_1",
    "timestamp": "2025-06-19T08:51:04.913430",
    "repeat_index": 6
  },
  "evaluation": {
    "loss": 0.44418323040008545,
    "accuracy": 0.8108723759651184
  },
  "classification_report": {
    "bpsk": {
      "precision": 1.0,
      "recall": 1.0,
      "f1-score": 1.0,
      "support": 1024.0
    },
    "qpsk": {
      "precision": 1.0,
      "recall": 0.9990234375,
      "f1-score": 0.9995114802149487,
      "support": 1024.0
    },
    "16qam": {
      "precision": 0.8340163934426229,
      "recall": 0.794921875,
      "f1-score": 0.814,
      "support": 1024.0
    },
    "32qam cross": {
      "precision": 0.6416837782340863,
      "recall": 0.6103515625,
      "f1-score": 0.6256256256256256,
      "support": 1024.0
    },
    "64qam": {
      "precision": 0.766728624535316,
      "recall": 0.8056640625,
      "f1-score": 0.7857142857142857,
      "support": 1024.0
    },
    "128qam cross": {
      "precision": 0.6255835667600373,
      "recall": 0.654296875,
      "f1-score": 0.639618138424821,
      "support": 1024.0
    },
    "accuracy": 0.8107096354166666,
    "macro avg": {
      "precision": 0.8113353938286769,
      "recall": 0.8107096354166666,
      "f1-score": 0.8107449216632802,
      "support": 6144.0
    },
    "weighted avg": {
      "precision": 0.8113353938286769,
      "recall": 0.8107096354166666,
      "f1-score": 0.8107449216632802,
      "support": 6144.0
    }
  }
}