{
  "experiment": {
    "name": "ARQ_3__ESC_8",
    "timestamp": "2025-06-19T17:47:44.798193",
    "repeat_index": 1
  },
  "effects": {
    "num_taps": {
      "is_categorical": true,
      "bins": null,
      "values": {
        "6": {
          "Éxito": 0.8408203125,
          "Error": 0.1591796875
        }
      }
    },
    "snr_db": {
      "is_categorical": false,
      "bins": 10,
      "values": {
        "(7.997, 8.4]": {
          "Éxito": 0.8246753246753247,
          "Error": 0.17532467532467533
        },
        "(8.4, 8.8]": {
          "Éxito": 0.8222591362126246,
          "Error": 0.1777408637873754
        },
        "(8.8, 9.2]": {
          "Éxito": 0.8516746411483254,
          "Error": 0.14832535885167464
        },
        "(9.2, 9.6]": {
          "Éxito": 0.8517298187808896,
          "Error": 0.14827018121911037
        },
        "(9.6, 9.999]": {
          "Éxito": 0.8327922077922078,
          "Error": 0.1672077922077922
        },
        "(9.999, 10.399]": {
          "Éxito": 0.847723704866562,
          "Error": 0.152276295133438
        },
        "(10.399, 10.799]": {
          "Éxito": 0.8361408882082695,
          "Error": 0.1638591117917305
        },
        "(10.799, 11.199]": {
          "Éxito": 0.8632326820603907,
          "Error": 0.13676731793960922
        },
        "(11.199, 11.598]": {
          "Éxito": 0.846875,
          "Error": 0.153125
        },
        "(11.598, 11.998]": {
          "Éxito": 0.8319039451114922,
          "Error": 0.1680960548885077
        }
      }
    },
    "phase_offset": {
      "is_categorical": false,
      "bins": 10,
      "values": {
        "(-0.0382, 4.506]": {
          "Éxito": 0.8481848184818482,
          "Error": 0.15181518151815182
        },
        "(4.506, 9.005]": {
          "Éxito": 0.828099173553719,
          "Error": 0.171900826446281
        },
        "(9.005, 13.503]": {
          "Éxito": 0.8532695374800638,
          "Error": 0.1467304625199362
        },
        "(13.503, 18.002]": {
          "Éxito": 0.8541666666666666,
          "Error": 0.14583333333333334
        },
        "(18.002, 22.501]": {
          "Éxito": 0.8534923339011925,
          "Error": 0.1465076660988075
        },
        "(22.501, 27.0]": {
          "Éxito": 0.8395802098950524,
          "Error": 0.16041979010494753
        },
        "(27.0, 31.499]": {
          "Éxito": 0.845,
          "Error": 0.155
        },
        "(31.499, 35.998]": {
          "Éxito": 0.8216666666666667,
          "Error": 0.17833333333333334
        },
        "(35.998, 40.497]": {
          "Éxito": 0.8250401284109149,
          "Error": 0.17495987158908508
        },
        "(40.497, 44.996]": {
          "Éxito": 0.8396694214876033,
          "Error": 0.16033057851239668
        }
      }
    },
    "roll_off": {
      "is_categorical": false,
      "bins": 10,
      "values": {
        "(0.2, 0.21]": {
          "Éxito": 0.8063380281690141,
          "Error": 0.1936619718309859
        },
        "(0.21, 0.22]": {
          "Éxito": 0.8514851485148515,
          "Error": 0.1485148514851485
        },
        "(0.22, 0.23]": {
          "Éxito": 0.8431372549019608,
          "Error": 0.1568627450980392
        },
        "(0.23, 0.24]": {
          "Éxito": 0.8346972176759411,
          "Error": 0.16530278232405893
        },
        "(0.24, 0.25]": {
          "Éxito": 0.8374384236453202,
          "Error": 0.1625615763546798
        },
        "(0.25, 0.26]": {
          "Éxito": 0.8474320241691843,
          "Error": 0.15256797583081572
        },
        "(0.26, 0.27]": {
          "Éxito": 0.8549141965678627,
          "Error": 0.14508580343213728
        },
        "(0.27, 0.28]": {
          "Éxito": 0.8467874794069192,
          "Error": 0.15321252059308071
        },
        "(0.28, 0.29]": {
          "Éxito": 0.8494271685761048,
          "Error": 0.15057283142389524
        },
        "(0.29, 0.3]": {
          "Éxito": 0.833063209076175,
          "Error": 0.16693679092382496
        }
      }
    }
  }
}