{
  "experiment": {
    "name": "ARQ_2__ESC_3_WITH_256_QAM",
    "timestamp": "2025-06-22T23:54:58.375053",
    "repeat_index": 4
  },
  "effects": {
    "num_taps": {
      "is_categorical": true,
      "bins": null,
      "values": {
        "2": {
          "Éxito": 0.8991350446428571,
          "Error": 0.10086495535714286
        }
      }
    },
    "snr_db": {
      "is_categorical": false,
      "bins": 10,
      "values": {
        "(7.997, 8.401]": {
          "Éxito": 0.8851540616246498,
          "Error": 0.11484593837535013
        },
        "(8.401, 8.801]": {
          "Éxito": 0.8794037940379403,
          "Error": 0.12059620596205962
        },
        "(8.801, 9.201]": {
          "Éxito": 0.8745247148288974,
          "Error": 0.12547528517110265
        },
        "(9.201, 9.601]": {
          "Éxito": 0.8992907801418439,
          "Error": 0.10070921985815603
        },
        "(9.601, 10.0]": {
          "Éxito": 0.9059945504087193,
          "Error": 0.09400544959128065
        },
        "(10.0, 10.4]": {
          "Éxito": 0.8876560332871013,
          "Error": 0.11234396671289876
        },
        "(10.4, 10.8]": {
          "Éxito": 0.9118065433854907,
          "Error": 0.08819345661450925
        },
        "(10.8, 11.2]": {
          "Éxito": 0.9118086696562033,
          "Error": 0.08819133034379671
        },
        "(11.2, 11.599]": {
          "Éxito": 0.9273504273504274,
          "Error": 0.07264957264957266
        },
        "(11.599, 11.999]": {
          "Éxito": 0.9134199134199135,
          "Error": 0.08658008658008658
        }
      }
    },
    "phase_offset": {
      "is_categorical": false,
      "bins": 10,
      "values": {
        "(-0.0368, 4.507]": {
          "Éxito": 0.9066852367688022,
          "Error": 0.09331476323119778
        },
        "(4.507, 9.006]": {
          "Éxito": 0.9033149171270718,
          "Error": 0.09668508287292818
        },
        "(9.006, 13.505]": {
          "Éxito": 0.8868458274398868,
          "Error": 0.11315417256011315
        },
        "(13.505, 18.003]": {
          "Éxito": 0.8938547486033519,
          "Error": 0.10614525139664804
        },
        "(18.003, 22.502]": {
          "Éxito": 0.8916184971098265,
          "Error": 0.10838150289017341
        },
        "(22.502, 27.001]": {
          "Éxito": 0.9089673913043478,
          "Error": 0.09103260869565218
        },
        "(27.001, 31.5]": {
          "Éxito": 0.9052197802197802,
          "Error": 0.09478021978021978
        },
        "(31.5, 35.999]": {
          "Éxito": 0.9022988505747126,
          "Error": 0.09770114942528736
        },
        "(35.999, 40.497]": {
          "Éxito": 0.8958630527817404,
          "Error": 0.10413694721825963
        },
        "(40.497, 44.996]": {
          "Éxito": 0.896,
          "Error": 0.104
        }
      }
    },
    "roll_off": {
      "is_categorical": false,
      "bins": 10,
      "values": {
        "(0.2, 0.21]": {
          "Éxito": 0.8885754583921015,
          "Error": 0.11142454160789844
        },
        "(0.21, 0.22]": {
          "Éxito": 0.8934426229508197,
          "Error": 0.10655737704918032
        },
        "(0.22, 0.23]": {
          "Éxito": 0.9174825174825175,
          "Error": 0.08251748251748252
        },
        "(0.23, 0.24]": {
          "Éxito": 0.9055330634278003,
          "Error": 0.09446693657219973
        },
        "(0.24, 0.25]": {
          "Éxito": 0.8942307692307693,
          "Error": 0.10576923076923077
        },
        "(0.25, 0.26]": {
          "Éxito": 0.9160739687055477,
          "Error": 0.08392603129445235
        },
        "(0.26, 0.27]": {
          "Éxito": 0.9027777777777778,
          "Error": 0.09722222222222222
        },
        "(0.27, 0.28]": {
          "Éxito": 0.9052774018944519,
          "Error": 0.09472259810554803
        },
        "(0.28, 0.29]": {
          "Éxito": 0.8850574712643678,
          "Error": 0.11494252873563218
        },
        "(0.29, 0.3]": {
          "Éxito": 0.8817518248175182,
          "Error": 0.11824817518248175
        }
      }
    }
  }
}