{
  "experiment": {
    "name": "res_tcn_se_esc_11",
    "timestamp": "2025-06-22T01:23:00.157689",
    "repeat_index": 3,
    "fold_index": 1
  },
  "effects": {
    "num_taps": {
      "is_categorical": true,
      "bins": null,
      "values": {
        "2": {
          "Éxito": 0.8999186330349878,
          "Error": 0.1000813669650122
        }
      }
    },
    "snr_db": {
      "is_categorical": false,
      "bins": 10,
      "values": {
        "(7.997, 8.401]": {
          "Éxito": 0.8851063829787233,
          "Error": 0.1148936170212766
        },
        "(8.401, 8.801]": {
          "Éxito": 0.8653846153846154,
          "Error": 0.1346153846153846
        },
        "(8.801, 9.201]": {
          "Éxito": 0.8730769230769231,
          "Error": 0.12692307692307692
        },
        "(9.201, 9.6]": {
          "Éxito": 0.9224137931034483,
          "Error": 0.07758620689655173
        },
        "(9.6, 10.0]": {
          "Éxito": 0.90625,
          "Error": 0.09375
        },
        "(10.0, 10.4]": {
          "Éxito": 0.9184549356223176,
          "Error": 0.0815450643776824
        },
        "(10.4, 10.8]": {
          "Éxito": 0.9178571428571428,
          "Error": 0.08214285714285714
        },
        "(10.8, 11.199]": {
          "Éxito": 0.9043478260869565,
          "Error": 0.09565217391304348
        },
        "(11.199, 11.599]": {
          "Éxito": 0.8936170212765957,
          "Error": 0.10638297872340426
        },
        "(11.599, 11.999]": {
          "Éxito": 0.9156118143459916,
          "Error": 0.08438818565400844
        }
      }
    },
    "phase_offset": {
      "is_categorical": false,
      "bins": 10,
      "values": {
        "(134.965, 139.509]": {
          "Éxito": 0.9042145593869731,
          "Error": 0.09578544061302682
        },
        "(139.509, 144.008]": {
          "Éxito": 0.9163498098859315,
          "Error": 0.08365019011406843
        },
        "(144.008, 148.507]": {
          "Éxito": 0.9029535864978903,
          "Error": 0.0970464135021097
        },
        "(148.507, 153.006]": {
          "Éxito": 0.9049586776859504,
          "Error": 0.09504132231404959
        },
        "(153.006, 157.504]": {
          "Éxito": 0.8945147679324894,
          "Error": 0.10548523206751055
        },
        "(157.504, 162.003]": {
          "Éxito": 0.902127659574468,
          "Error": 0.09787234042553192
        },
        "(162.003, 166.502]": {
          "Éxito": 0.9101123595505618,
          "Error": 0.0898876404494382
        },
        "(166.502, 171.001]": {
          "Éxito": 0.8898678414096917,
          "Error": 0.11013215859030837
        },
        "(171.001, 175.5]": {
          "Éxito": 0.8699186991869918,
          "Error": 0.13008130081300814
        },
        "(175.5, 179.999]": {
          "Éxito": 0.9012345679012346,
          "Error": 0.09876543209876543
        }
      }
    },
    "roll_off": {
      "is_categorical": false,
      "bins": 10,
      "values": {
        "(0.2, 0.21]": {
          "Éxito": 0.8921161825726142,
          "Error": 0.1078838174273859
        },
        "(0.21, 0.22]": {
          "Éxito": 0.891213389121339,
          "Error": 0.1087866108786611
        },
        "(0.22, 0.23]": {
          "Éxito": 0.9024390243902439,
          "Error": 0.0975609756097561
        },
        "(0.23, 0.24]": {
          "Éxito": 0.8902439024390244,
          "Error": 0.10975609756097561
        },
        "(0.24, 0.25]": {
          "Éxito": 0.888,
          "Error": 0.112
        },
        "(0.25, 0.26]": {
          "Éxito": 0.9083969465648855,
          "Error": 0.0916030534351145
        },
        "(0.26, 0.27]": {
          "Éxito": 0.9094488188976378,
          "Error": 0.09055118110236221
        },
        "(0.27, 0.28]": {
          "Éxito": 0.8963963963963963,
          "Error": 0.1036036036036036
        },
        "(0.28, 0.29]": {
          "Éxito": 0.9149797570850202,
          "Error": 0.08502024291497975
        },
        "(0.29, 0.3]": {
          "Éxito": 0.9043824701195219,
          "Error": 0.09561752988047809
        }
      }
    }
  }
}