{
  "experiment": {
    "name": "cnn_bilstm_attn_esc_1",
    "timestamp": "2025-06-17T02:54:28.885092",
    "repeat_index": 1,
    "fold_index": 4
  },
  "effects": {
    "num_taps": {
      "is_categorical": true,
      "bins": null,
      "values": {
        "2": {
          "Éxito": 0.8079739625711961,
          "Error": 0.1920260374288039
        }
      }
    },
    "snr_db": {
      "is_categorical": false,
      "bins": 10,
      "values": {
        "(-0.00334, 0.401]": {
          "Éxito": 0.774468085106383,
          "Error": 0.225531914893617
        },
        "(0.401, 0.8]": {
          "Éxito": 0.7833333333333333,
          "Error": 0.21666666666666667
        },
        "(0.8, 1.2]": {
          "Éxito": 0.7923076923076923,
          "Error": 0.2076923076923077
        },
        "(1.2, 1.6]": {
          "Éxito": 0.8076923076923077,
          "Error": 0.19230769230769232
        },
        "(1.6, 2.0]": {
          "Éxito": 0.8068669527896996,
          "Error": 0.19313304721030042
        },
        "(2.0, 2.4]": {
          "Éxito": 0.8200692041522492,
          "Error": 0.17993079584775087
        },
        "(2.4, 2.8]": {
          "Éxito": 0.8034934497816594,
          "Error": 0.1965065502183406
        },
        "(2.8, 3.2]": {
          "Éxito": 0.8111587982832618,
          "Error": 0.1888412017167382
        },
        "(3.2, 3.6]": {
          "Éxito": 0.8223140495867769,
          "Error": 0.17768595041322313
        },
        "(3.6, 4.0]": {
          "Éxito": 0.8565400843881856,
          "Error": 0.14345991561181434
        }
      }
    },
    "phase_offset": {
      "is_categorical": false,
      "bins": 10,
      "values": {
        "(-0.0197, 4.522]": {
          "Éxito": 0.826271186440678,
          "Error": 0.17372881355932204
        },
        "(4.522, 9.019]": {
          "Éxito": 0.8141263940520446,
          "Error": 0.18587360594795538
        },
        "(9.019, 13.516]": {
          "Éxito": 0.8237704918032787,
          "Error": 0.1762295081967213
        },
        "(13.516, 18.013]": {
          "Éxito": 0.8157894736842105,
          "Error": 0.18421052631578946
        },
        "(18.013, 22.51]": {
          "Éxito": 0.7863247863247863,
          "Error": 0.21367521367521367
        },
        "(22.51, 27.007]": {
          "Éxito": 0.81640625,
          "Error": 0.18359375
        },
        "(27.007, 31.504]": {
          "Éxito": 0.796078431372549,
          "Error": 0.20392156862745098
        },
        "(31.504, 36.001]": {
          "Éxito": 0.762114537444934,
          "Error": 0.23788546255506607
        },
        "(36.001, 40.498]": {
          "Éxito": 0.7983193277310925,
          "Error": 0.20168067226890757
        },
        "(40.498, 44.995]": {
          "Éxito": 0.8339483394833949,
          "Error": 0.16605166051660517
        }
      }
    },
    "roll_off": {
      "is_categorical": false,
      "bins": 10,
      "values": {
        "(0.2, 0.21]": {
          "Éxito": 0.7992125984251969,
          "Error": 0.20078740157480315
        },
        "(0.21, 0.22]": {
          "Éxito": 0.7611336032388664,
          "Error": 0.2388663967611336
        },
        "(0.22, 0.23]": {
          "Éxito": 0.782051282051282,
          "Error": 0.21794871794871795
        },
        "(0.23, 0.24]": {
          "Éxito": 0.8016877637130801,
          "Error": 0.19831223628691982
        },
        "(0.24, 0.25]": {
          "Éxito": 0.8104838709677419,
          "Error": 0.18951612903225806
        },
        "(0.25, 0.26]": {
          "Éxito": 0.842741935483871,
          "Error": 0.15725806451612903
        },
        "(0.26, 0.27]": {
          "Éxito": 0.8638297872340426,
          "Error": 0.13617021276595745
        },
        "(0.27, 0.28]": {
          "Éxito": 0.8174603174603174,
          "Error": 0.18253968253968253
        },
        "(0.28, 0.29]": {
          "Éxito": 0.7991967871485943,
          "Error": 0.20080321285140562
        },
        "(0.29, 0.3]": {
          "Éxito": 0.8031496062992126,
          "Error": 0.1968503937007874
        }
      }
    }
  }
}