{
  "experiment": {
    "name": "res_tcn_se_esc_3",
    "timestamp": "2025-06-21T05:04:31.873108",
    "repeat_index": 3,
    "fold_index": 0
  },
  "effects": {
    "num_taps": {
      "is_categorical": true,
      "bins": null,
      "values": {
        "2": {
          "Éxito": 0.9422294548413345,
          "Error": 0.05777054515866558
        }
      }
    },
    "snr_db": {
      "is_categorical": false,
      "bins": 10,
      "values": {
        "(7.999, 8.403]": {
          "Éxito": 0.9416058394160584,
          "Error": 0.058394160583941604
        },
        "(8.403, 8.802]": {
          "Éxito": 0.9392712550607287,
          "Error": 0.06072874493927125
        },
        "(8.802, 9.202]": {
          "Éxito": 0.9322709163346613,
          "Error": 0.06772908366533864
        },
        "(9.202, 9.602]": {
          "Éxito": 0.9372693726937269,
          "Error": 0.06273062730627306
        },
        "(9.602, 10.001]": {
          "Éxito": 0.9151785714285714,
          "Error": 0.08482142857142858
        },
        "(10.001, 10.401]": {
          "Éxito": 0.9484978540772532,
          "Error": 0.05150214592274678
        },
        "(10.401, 10.801]": {
          "Éxito": 0.9432314410480349,
          "Error": 0.056768558951965066
        },
        "(10.801, 11.2]": {
          "Éxito": 0.922077922077922,
          "Error": 0.07792207792207792
        },
        "(11.2, 11.6]": {
          "Éxito": 0.9686274509803922,
          "Error": 0.03137254901960784
        },
        "(11.6, 12.0]": {
          "Éxito": 0.9711934156378601,
          "Error": 0.02880658436213992
        }
      }
    },
    "phase_offset": {
      "is_categorical": false,
      "bins": 10,
      "values": {
        "(-0.0322, 4.511]": {
          "Éxito": 0.9074074074074074,
          "Error": 0.09259259259259259
        },
        "(4.511, 9.009]": {
          "Éxito": 0.9427480916030534,
          "Error": 0.05725190839694656
        },
        "(9.009, 13.507]": {
          "Éxito": 0.9338842975206612,
          "Error": 0.06611570247933884
        },
        "(13.507, 18.005]": {
          "Éxito": 0.9591078066914498,
          "Error": 0.040892193308550186
        },
        "(18.005, 22.503]": {
          "Éxito": 0.9437751004016064,
          "Error": 0.05622489959839357
        },
        "(22.503, 27.001]": {
          "Éxito": 0.9505703422053232,
          "Error": 0.049429657794676805
        },
        "(27.001, 31.5]": {
          "Éxito": 0.9313304721030042,
          "Error": 0.06866952789699571
        },
        "(31.5, 35.998]": {
          "Éxito": 0.9336099585062241,
          "Error": 0.06639004149377593
        },
        "(35.998, 40.496]": {
          "Éxito": 0.9556451612903226,
          "Error": 0.04435483870967742
        },
        "(40.496, 44.994]": {
          "Éxito": 0.9574468085106383,
          "Error": 0.0425531914893617
        }
      }
    },
    "roll_off": {
      "is_categorical": false,
      "bins": 10,
      "values": {
        "(0.2, 0.21]": {
          "Éxito": 0.9083969465648855,
          "Error": 0.0916030534351145
        },
        "(0.21, 0.22]": {
          "Éxito": 0.9328358208955224,
          "Error": 0.06716417910447761
        },
        "(0.22, 0.23]": {
          "Éxito": 0.9414225941422594,
          "Error": 0.058577405857740586
        },
        "(0.23, 0.24]": {
          "Éxito": 0.9269406392694064,
          "Error": 0.0730593607305936
        },
        "(0.24, 0.25]": {
          "Éxito": 0.96,
          "Error": 0.04
        },
        "(0.25, 0.26]": {
          "Éxito": 0.9535864978902954,
          "Error": 0.046413502109704644
        },
        "(0.26, 0.27]": {
          "Éxito": 0.9459459459459459,
          "Error": 0.05405405405405406
        },
        "(0.27, 0.28]": {
          "Éxito": 0.95,
          "Error": 0.05
        },
        "(0.28, 0.29]": {
          "Éxito": 0.952755905511811,
          "Error": 0.047244094488188976
        },
        "(0.29, 0.3]": {
          "Éxito": 0.9531914893617022,
          "Error": 0.04680851063829787
        }
      }
    }
  }
}