{
  "experiment": {
    "name": "cnn_bilstm_attn_esc_11",
    "timestamp": "2025-06-22T14:18:16.084155",
    "repeat_index": 0,
    "fold_index": 3
  },
  "evaluation": {
    "loss": 0.19411592185497284,
    "accuracy": 0.951993465423584
  },
  "classification_report": {
    "bpsk": {
      "precision": 1.0,
      "recall": 1.0,
      "f1-score": 1.0,
      "support": 410.0
    },
    "qpsk": {
      "precision": 0.9975669099756691,
      "recall": 1.0,
      "f1-score": 0.9987819732034104,
      "support": 410.0
    },
    "16qam": {
      "precision": 0.9852941176470589,
      "recall": 0.9804878048780488,
      "f1-score": 0.9828850855745721,
      "support": 410.0
    },
    "32qam cross": {
      "precision": 0.9264705882352942,
      "recall": 0.9219512195121952,
      "f1-score": 0.9242053789731052,
      "support": 410.0
    },
    "64qam": {
      "precision": 0.9232613908872902,
      "recall": 0.941320293398533,
      "f1-score": 0.9322033898305084,
      "support": 409.0
    },
    "128qam cross": {
      "precision": 0.8787128712871287,
      "recall": 0.8679706601466992,
      "f1-score": 0.8733087330873309,
      "support": 409.0
    },
    "accuracy": 0.951993490642799,
    "macro avg": {
      "precision": 0.951884313005407,
      "recall": 0.9519549963225794,
      "f1-score": 0.9518974267781545,
      "support": 2458.0
    },
    "weighted avg": {
      "precision": 0.9519257264976104,
      "recall": 0.951993490642799,
      "f1-score": 0.9519374116156804,
      "support": 2458.0
    }
  }
}