{
  "experiment": {
    "name": "cnn_bilstm_attn_esc_3",
    "timestamp": "2025-06-19T11:17:48.133776",
    "repeat_index": 2,
    "fold_index": 3
  },
  "effects": {
    "num_taps": {
      "is_categorical": true,
      "bins": null,
      "values": {
        "2": {
          "Éxito": 0.9666395443449959,
          "Error": 0.03336045565500407
        }
      }
    },
    "snr_db": {
      "is_categorical": false,
      "bins": 10,
      "values": {
        "(7.998, 8.401]": {
          "Éxito": 0.9375,
          "Error": 0.0625
        },
        "(8.401, 8.8]": {
          "Éxito": 0.9528985507246377,
          "Error": 0.04710144927536232
        },
        "(8.8, 9.2]": {
          "Éxito": 0.9725490196078431,
          "Error": 0.027450980392156862
        },
        "(9.2, 9.599]": {
          "Éxito": 0.9696969696969697,
          "Error": 0.030303030303030304
        },
        "(9.599, 9.998]": {
          "Éxito": 0.9612403100775194,
          "Error": 0.03875968992248062
        },
        "(9.998, 10.397]": {
          "Éxito": 0.9871794871794872,
          "Error": 0.01282051282051282
        },
        "(10.397, 10.797]": {
          "Éxito": 0.970954356846473,
          "Error": 0.029045643153526972
        },
        "(10.797, 11.196]": {
          "Éxito": 0.9619771863117871,
          "Error": 0.03802281368821293
        },
        "(11.196, 11.595]": {
          "Éxito": 0.9802955665024631,
          "Error": 0.019704433497536946
        },
        "(11.595, 11.994]": {
          "Éxito": 0.979253112033195,
          "Error": 0.02074688796680498
        }
      }
    },
    "phase_offset": {
      "is_categorical": false,
      "bins": 10,
      "values": {
        "(-0.0349, 4.507]": {
          "Éxito": 0.9644268774703557,
          "Error": 0.03557312252964427
        },
        "(4.507, 9.004]": {
          "Éxito": 0.9808429118773946,
          "Error": 0.019157088122605363
        },
        "(9.004, 13.501]": {
          "Éxito": 0.9535864978902954,
          "Error": 0.046413502109704644
        },
        "(13.501, 17.998]": {
          "Éxito": 0.9800796812749004,
          "Error": 0.0199203187250996
        },
        "(17.998, 22.495]": {
          "Éxito": 0.9583333333333334,
          "Error": 0.041666666666666664
        },
        "(22.495, 26.992]": {
          "Éxito": 0.9581589958158996,
          "Error": 0.04184100418410042
        },
        "(26.992, 31.49]": {
          "Éxito": 0.9540229885057471,
          "Error": 0.04597701149425287
        },
        "(31.49, 35.987]": {
          "Éxito": 0.9715447154471545,
          "Error": 0.028455284552845527
        },
        "(35.987, 40.484]": {
          "Éxito": 0.9775784753363229,
          "Error": 0.02242152466367713
        },
        "(40.484, 44.981]": {
          "Éxito": 0.9676113360323887,
          "Error": 0.032388663967611336
        }
      }
    },
    "roll_off": {
      "is_categorical": false,
      "bins": 10,
      "values": {
        "(0.2, 0.21]": {
          "Éxito": 0.9723320158102767,
          "Error": 0.02766798418972332
        },
        "(0.21, 0.22]": {
          "Éxito": 0.9609375,
          "Error": 0.0390625
        },
        "(0.22, 0.23]": {
          "Éxito": 0.975609756097561,
          "Error": 0.024390243902439025
        },
        "(0.23, 0.24]": {
          "Éxito": 0.9708333333333333,
          "Error": 0.029166666666666667
        },
        "(0.24, 0.25]": {
          "Éxito": 0.9733333333333334,
          "Error": 0.02666666666666667
        },
        "(0.25, 0.26]": {
          "Éxito": 0.9529411764705882,
          "Error": 0.047058823529411764
        },
        "(0.26, 0.27]": {
          "Éxito": 0.9690265486725663,
          "Error": 0.030973451327433628
        },
        "(0.27, 0.28]": {
          "Éxito": 0.9663865546218487,
          "Error": 0.03361344537815126
        },
        "(0.28, 0.29]": {
          "Éxito": 0.94921875,
          "Error": 0.05078125
        },
        "(0.29, 0.3]": {
          "Éxito": 0.9771863117870723,
          "Error": 0.022813688212927757
        }
      }
    }
  }
}