{
  "experiment": {
    "name": "ARQ_3__ESC_5",
    "timestamp": "2025-06-19T13:43:21.740568",
    "repeat_index": 6
  },
  "effects": {
    "num_taps": {
      "is_categorical": true,
      "bins": null,
      "values": {
        "2": {
          "Éxito": 0.9855143229166666,
          "Error": 0.014485677083333334
        }
      }
    },
    "snr_db": {
      "is_categorical": false,
      "bins": 10,
      "values": {
        "(15.997, 16.401]": {
          "Éxito": 0.9820554649265906,
          "Error": 0.01794453507340946
        },
        "(16.401, 16.801]": {
          "Éxito": 0.9841521394611727,
          "Error": 0.01584786053882726
        },
        "(16.801, 17.201]": {
          "Éxito": 0.9785123966942149,
          "Error": 0.021487603305785124
        },
        "(17.201, 17.6]": {
          "Éxito": 0.9841017488076311,
          "Error": 0.01589825119236884
        },
        "(17.6, 18.0]": {
          "Éxito": 0.9795597484276729,
          "Error": 0.020440251572327043
        },
        "(18.0, 18.4]": {
          "Éxito": 0.983739837398374,
          "Error": 0.016260162601626018
        },
        "(18.4, 18.8]": {
          "Éxito": 0.9933993399339934,
          "Error": 0.006600660066006601
        },
        "(18.8, 19.2]": {
          "Éxito": 0.9872813990461049,
          "Error": 0.012718600953895072
        },
        "(19.2, 19.599]": {
          "Éxito": 0.9915254237288136,
          "Error": 0.00847457627118644
        },
        "(19.599, 19.999]": {
          "Éxito": 0.9915254237288136,
          "Error": 0.00847457627118644
        }
      }
    },
    "phase_offset": {
      "is_categorical": false,
      "bins": 10,
      "values": {
        "(-0.0341, 4.51]": {
          "Éxito": 0.9879931389365352,
          "Error": 0.012006861063464836
        },
        "(4.51, 9.008]": {
          "Éxito": 0.9888178913738019,
          "Error": 0.011182108626198083
        },
        "(9.008, 13.507]": {
          "Éxito": 0.9835796387520526,
          "Error": 0.016420361247947456
        },
        "(13.507, 18.006]": {
          "Éxito": 0.9937007874015747,
          "Error": 0.006299212598425197
        },
        "(18.006, 22.504]": {
          "Éxito": 0.9758842443729904,
          "Error": 0.024115755627009645
        },
        "(22.504, 27.003]": {
          "Éxito": 0.9853658536585366,
          "Error": 0.014634146341463415
        },
        "(27.003, 31.502]": {
          "Éxito": 0.9842022116903634,
          "Error": 0.01579778830963665
        },
        "(31.502, 36.0]": {
          "Éxito": 0.9852216748768473,
          "Error": 0.014778325123152709
        },
        "(36.0, 40.499]": {
          "Éxito": 0.9850993377483444,
          "Error": 0.014900662251655629
        },
        "(40.499, 44.998]": {
          "Éxito": 0.9851973684210527,
          "Error": 0.014802631578947368
        }
      }
    },
    "roll_off": {
      "is_categorical": false,
      "bins": 10,
      "values": {
        "(0.2, 0.21]": {
          "Éxito": 0.9744408945686901,
          "Error": 0.025559105431309903
        },
        "(0.21, 0.22]": {
          "Éxito": 0.9831649831649831,
          "Error": 0.016835016835016835
        },
        "(0.22, 0.23]": {
          "Éxito": 0.9846625766871165,
          "Error": 0.015337423312883436
        },
        "(0.23, 0.24]": {
          "Éxito": 0.9752650176678446,
          "Error": 0.024734982332155476
        },
        "(0.24, 0.25]": {
          "Éxito": 0.9882747068676717,
          "Error": 0.011725293132328308
        },
        "(0.25, 0.26]": {
          "Éxito": 0.9850249584026622,
          "Error": 0.014975041597337771
        },
        "(0.26, 0.27]": {
          "Éxito": 0.9934747145187602,
          "Error": 0.0065252854812398045
        },
        "(0.27, 0.28]": {
          "Éxito": 0.9907120743034056,
          "Error": 0.009287925696594427
        },
        "(0.28, 0.29]": {
          "Éxito": 0.9897435897435898,
          "Error": 0.010256410256410256
        },
        "(0.29, 0.3]": {
          "Éxito": 0.9894578313253012,
          "Error": 0.010542168674698794
        }
      }
    }
  }
}