{
  "experiment": {
    "name": "cnn_bilstm_attn_esc_11",
    "timestamp": "2025-06-22T04:56:33.753413",
    "repeat_index": 1,
    "fold_index": 0
  },
  "effects": {
    "num_taps": {
      "is_categorical": true,
      "bins": null,
      "values": {
        "2": {
          "Éxito": 0.9458909682668837,
          "Error": 0.054109031733116354
        }
      }
    },
    "snr_db": {
      "is_categorical": false,
      "bins": 10,
      "values": {
        "(7.999, 8.402]": {
          "Éxito": 0.9288389513108615,
          "Error": 0.07116104868913857
        },
        "(8.402, 8.802]": {
          "Éxito": 0.9693486590038314,
          "Error": 0.03065134099616858
        },
        "(8.802, 9.202]": {
          "Éxito": 0.9156118143459916,
          "Error": 0.08438818565400844
        },
        "(9.202, 9.601]": {
          "Éxito": 0.9437229437229437,
          "Error": 0.05627705627705628
        },
        "(9.601, 10.001]": {
          "Éxito": 0.9421487603305785,
          "Error": 0.05785123966942149
        },
        "(10.001, 10.401]": {
          "Éxito": 0.9401709401709402,
          "Error": 0.05982905982905983
        },
        "(10.401, 10.801]": {
          "Éxito": 0.953307392996109,
          "Error": 0.04669260700389105
        },
        "(10.801, 11.2]": {
          "Éxito": 0.947136563876652,
          "Error": 0.05286343612334802
        },
        "(11.2, 11.6]": {
          "Éxito": 0.9478260869565217,
          "Error": 0.05217391304347826
        },
        "(11.6, 12.0]": {
          "Éxito": 0.9669117647058824,
          "Error": 0.03308823529411765
        }
      }
    },
    "phase_offset": {
      "is_categorical": false,
      "bins": 10,
      "values": {
        "(134.965, 139.508]": {
          "Éxito": 0.9323308270676691,
          "Error": 0.06766917293233082
        },
        "(139.508, 144.007]": {
          "Éxito": 0.946058091286307,
          "Error": 0.05394190871369295
        },
        "(144.007, 148.505]": {
          "Éxito": 0.9372549019607843,
          "Error": 0.06274509803921569
        },
        "(148.505, 153.004]": {
          "Éxito": 0.9647058823529412,
          "Error": 0.03529411764705882
        },
        "(153.004, 157.502]": {
          "Éxito": 0.9535864978902954,
          "Error": 0.046413502109704644
        },
        "(157.502, 162.0]": {
          "Éxito": 0.96,
          "Error": 0.04
        },
        "(162.0, 166.499]": {
          "Éxito": 0.959349593495935,
          "Error": 0.04065040650406504
        },
        "(166.499, 170.997]": {
          "Éxito": 0.9369747899159664,
          "Error": 0.06302521008403361
        },
        "(170.997, 175.496]": {
          "Éxito": 0.9366515837104072,
          "Error": 0.06334841628959276
        },
        "(175.496, 179.994]": {
          "Éxito": 0.9317269076305221,
          "Error": 0.06827309236947791
        }
      }
    },
    "roll_off": {
      "is_categorical": false,
      "bins": 10,
      "values": {
        "(0.2, 0.21]": {
          "Éxito": 0.9380165289256198,
          "Error": 0.06198347107438017
        },
        "(0.21, 0.22]": {
          "Éxito": 0.9296875,
          "Error": 0.0703125
        },
        "(0.22, 0.23]": {
          "Éxito": 0.9233870967741935,
          "Error": 0.07661290322580645
        },
        "(0.23, 0.24]": {
          "Éxito": 0.936,
          "Error": 0.064
        },
        "(0.24, 0.25]": {
          "Éxito": 0.9606299212598425,
          "Error": 0.03937007874015748
        },
        "(0.25, 0.26]": {
          "Éxito": 0.9316239316239316,
          "Error": 0.06837606837606838
        },
        "(0.26, 0.27]": {
          "Éxito": 0.948051948051948,
          "Error": 0.05194805194805195
        },
        "(0.27, 0.28]": {
          "Éxito": 0.966804979253112,
          "Error": 0.03319502074688797
        },
        "(0.28, 0.29]": {
          "Éxito": 0.9723320158102767,
          "Error": 0.02766798418972332
        },
        "(0.29, 0.3]": {
          "Éxito": 0.9518072289156626,
          "Error": 0.04819277108433735
        }
      }
    }
  }
}