{
  "experiment": {
    "name": "res_tcn_se_esc_7",
    "timestamp": "2025-06-16T12:58:58.418084",
    "repeat_index": 1,
    "fold_index": 4
  },
  "effects": {
    "num_taps": {
      "is_categorical": true,
      "bins": null,
      "values": {
        "4": {
          "Éxito": 0.8425549227013832,
          "Error": 0.15744507729861676
        }
      }
    },
    "snr_db": {
      "is_categorical": false,
      "bins": 10,
      "values": {
        "(7.996, 8.4]": {
          "Éxito": 0.8072289156626506,
          "Error": 0.1927710843373494
        },
        "(8.4, 8.8]": {
          "Éxito": 0.836,
          "Error": 0.164
        },
        "(8.8, 9.2]": {
          "Éxito": 0.83399209486166,
          "Error": 0.16600790513833993
        },
        "(9.2, 9.6]": {
          "Éxito": 0.832,
          "Error": 0.168
        },
        "(9.6, 10.0]": {
          "Éxito": 0.8497854077253219,
          "Error": 0.15021459227467812
        },
        "(10.0, 10.4]": {
          "Éxito": 0.8695652173913043,
          "Error": 0.13043478260869565
        },
        "(10.4, 10.8]": {
          "Éxito": 0.8810408921933085,
          "Error": 0.11895910780669144
        },
        "(10.8, 11.2]": {
          "Éxito": 0.865546218487395,
          "Error": 0.13445378151260504
        },
        "(11.2, 11.6]": {
          "Éxito": 0.8015873015873016,
          "Error": 0.1984126984126984
        },
        "(11.6, 12.0]": {
          "Éxito": 0.8483412322274881,
          "Error": 0.15165876777251186
        }
      }
    },
    "phase_offset": {
      "is_categorical": false,
      "bins": 10,
      "values": {
        "(-0.0427, 4.501]": {
          "Éxito": 0.8473895582329317,
          "Error": 0.15261044176706828
        },
        "(4.501, 9.0]": {
          "Éxito": 0.8544776119402985,
          "Error": 0.1455223880597015
        },
        "(9.0, 13.499]": {
          "Éxito": 0.8081180811808119,
          "Error": 0.1918819188191882
        },
        "(13.499, 17.998]": {
          "Éxito": 0.8715596330275229,
          "Error": 0.12844036697247707
        },
        "(17.998, 22.496]": {
          "Éxito": 0.8040816326530612,
          "Error": 0.19591836734693877
        },
        "(22.496, 26.995]": {
          "Éxito": 0.8695652173913043,
          "Error": 0.13043478260869565
        },
        "(26.995, 31.494]": {
          "Éxito": 0.8641975308641975,
          "Error": 0.13580246913580246
        },
        "(31.494, 35.993]": {
          "Éxito": 0.8583690987124464,
          "Error": 0.14163090128755365
        },
        "(35.993, 40.492]": {
          "Éxito": 0.801762114537445,
          "Error": 0.19823788546255505
        },
        "(40.492, 44.991]": {
          "Éxito": 0.848605577689243,
          "Error": 0.15139442231075698
        }
      }
    },
    "roll_off": {
      "is_categorical": false,
      "bins": 10,
      "values": {
        "(0.2, 0.21]": {
          "Éxito": 0.8401639344262295,
          "Error": 0.1598360655737705
        },
        "(0.21, 0.22]": {
          "Éxito": 0.8156028368794326,
          "Error": 0.18439716312056736
        },
        "(0.22, 0.23]": {
          "Éxito": 0.8565573770491803,
          "Error": 0.14344262295081966
        },
        "(0.23, 0.24]": {
          "Éxito": 0.8584474885844748,
          "Error": 0.1415525114155251
        },
        "(0.24, 0.25]": {
          "Éxito": 0.8178137651821862,
          "Error": 0.18218623481781376
        },
        "(0.25, 0.26]": {
          "Éxito": 0.8370044052863436,
          "Error": 0.16299559471365638
        },
        "(0.26, 0.27]": {
          "Éxito": 0.8825757575757576,
          "Error": 0.11742424242424243
        },
        "(0.27, 0.28]": {
          "Éxito": 0.8106995884773662,
          "Error": 0.18930041152263374
        },
        "(0.28, 0.29]": {
          "Éxito": 0.8524590163934426,
          "Error": 0.14754098360655737
        },
        "(0.29, 0.3]": {
          "Éxito": 0.8565573770491803,
          "Error": 0.14344262295081966
        }
      }
    }
  }
}