{
  "experiment": {
    "name": "cnn_bilstm_attn_esc_6",
    "timestamp": "2025-06-17T10:25:56.804334",
    "repeat_index": 1,
    "fold_index": 2
  },
  "effects": {
    "num_taps": {
      "is_categorical": true,
      "bins": null,
      "values": {
        "1": {
          "Éxito": 0.9898291293734743,
          "Error": 0.01017087062652563
        }
      }
    },
    "snr_db": {
      "is_categorical": false,
      "bins": 10,
      "values": {
        "(7.996, 8.4]": {
          "Éxito": 0.9772727272727273,
          "Error": 0.022727272727272728
        },
        "(8.4, 8.8]": {
          "Éxito": 0.9836065573770492,
          "Error": 0.01639344262295082
        },
        "(8.8, 9.2]": {
          "Éxito": 0.9918367346938776,
          "Error": 0.00816326530612245
        },
        "(9.2, 9.6]": {
          "Éxito": 0.9918367346938776,
          "Error": 0.00816326530612245
        },
        "(9.6, 10.0]": {
          "Éxito": 0.9849624060150376,
          "Error": 0.015037593984962405
        },
        "(10.0, 10.4]": {
          "Éxito": 0.9956521739130435,
          "Error": 0.004347826086956522
        },
        "(10.4, 10.8]": {
          "Éxito": 0.9953703703703703,
          "Error": 0.004629629629629629
        },
        "(10.8, 11.2]": {
          "Éxito": 0.9916666666666667,
          "Error": 0.008333333333333333
        },
        "(11.2, 11.6]": {
          "Éxito": 0.9880952380952381,
          "Error": 0.011904761904761904
        },
        "(11.6, 12.0]": {
          "Éxito": 1.0,
          "Error": 0.0
        }
      }
    },
    "phase_offset": {
      "is_categorical": false,
      "bins": 10,
      "values": {
        "(0.00881, 4.548]": {
          "Éxito": 0.9846743295019157,
          "Error": 0.01532567049808429
        },
        "(4.548, 9.042]": {
          "Éxito": 0.9959183673469387,
          "Error": 0.004081632653061225
        },
        "(9.042, 13.536]": {
          "Éxito": 0.996078431372549,
          "Error": 0.00392156862745098
        },
        "(13.536, 18.031]": {
          "Éxito": 0.9957805907172996,
          "Error": 0.004219409282700422
        },
        "(18.031, 22.525]": {
          "Éxito": 0.9961240310077519,
          "Error": 0.003875968992248062
        },
        "(22.525, 27.019]": {
          "Éxito": 0.9871244635193133,
          "Error": 0.012875536480686695
        },
        "(27.019, 31.513]": {
          "Éxito": 0.9874476987447699,
          "Error": 0.012552301255230125
        },
        "(31.513, 36.008]": {
          "Éxito": 0.9752066115702479,
          "Error": 0.024793388429752067
        },
        "(36.008, 40.502]": {
          "Éxito": 0.9914529914529915,
          "Error": 0.008547008547008548
        },
        "(40.502, 44.996]": {
          "Éxito": 0.9881889763779528,
          "Error": 0.011811023622047244
        }
      }
    },
    "roll_off": {
      "is_categorical": false,
      "bins": 10,
      "values": {
        "(0.2, 0.21]": {
          "Éxito": 0.98046875,
          "Error": 0.01953125
        },
        "(0.21, 0.22]": {
          "Éxito": 0.9873417721518988,
          "Error": 0.012658227848101266
        },
        "(0.22, 0.23]": {
          "Éxito": 0.9916666666666667,
          "Error": 0.008333333333333333
        },
        "(0.23, 0.24]": {
          "Éxito": 0.988,
          "Error": 0.012
        },
        "(0.24, 0.25]": {
          "Éxito": 0.9888059701492538,
          "Error": 0.011194029850746268
        },
        "(0.25, 0.26]": {
          "Éxito": 0.9927797833935018,
          "Error": 0.007220216606498195
        },
        "(0.26, 0.27]": {
          "Éxito": 0.9826839826839827,
          "Error": 0.017316017316017316
        },
        "(0.27, 0.28]": {
          "Éxito": 0.9955555555555555,
          "Error": 0.0044444444444444444
        },
        "(0.28, 0.29]": {
          "Éxito": 0.9956521739130435,
          "Error": 0.004347826086956522
        },
        "(0.29, 0.3]": {
          "Éxito": 0.9959016393442623,
          "Error": 0.004098360655737705
        }
      }
    }
  }
}