{
  "experiment": {
    "name": "ARQ_2__ESC_2",
    "timestamp": "2025-06-19T10:01:38.490007",
    "repeat_index": 4
  },
  "effects": {
    "num_taps": {
      "is_categorical": true,
      "bins": null,
      "values": {
        "2": {
          "Éxito": 0.916015625,
          "Error": 0.083984375
        }
      }
    },
    "snr_db": {
      "is_categorical": false,
      "bins": 10,
      "values": {
        "(3.998, 4.402]": {
          "Éxito": 0.8924050632911392,
          "Error": 0.10759493670886076
        },
        "(4.402, 4.801]": {
          "Éxito": 0.8865814696485623,
          "Error": 0.1134185303514377
        },
        "(4.801, 5.201]": {
          "Éxito": 0.8939641109298532,
          "Error": 0.10603588907014681
        },
        "(5.201, 5.601]": {
          "Éxito": 0.9077901430842608,
          "Error": 0.09220985691573927
        },
        "(5.601, 6.001]": {
          "Éxito": 0.9181380417335474,
          "Error": 0.08186195826645265
        },
        "(6.001, 6.4]": {
          "Éxito": 0.9209225700164745,
          "Error": 0.07907742998352553
        },
        "(6.4, 6.8]": {
          "Éxito": 0.9345955249569707,
          "Error": 0.06540447504302926
        },
        "(6.8, 7.2]": {
          "Éxito": 0.9209677419354839,
          "Error": 0.07903225806451612
        },
        "(7.2, 7.6]": {
          "Éxito": 0.939935064935065,
          "Error": 0.060064935064935064
        },
        "(7.6, 7.999]": {
          "Éxito": 0.948073701842546,
          "Error": 0.051926298157453935
        }
      }
    },
    "phase_offset": {
      "is_categorical": false,
      "bins": 10,
      "values": {
        "(-0.0413, 4.503]": {
          "Éxito": 0.9218241042345277,
          "Error": 0.0781758957654723
        },
        "(4.503, 9.003]": {
          "Éxito": 0.9122807017543859,
          "Error": 0.08771929824561403
        },
        "(9.003, 13.502]": {
          "Éxito": 0.9117147707979627,
          "Error": 0.08828522920203735
        },
        "(13.502, 18.002]": {
          "Éxito": 0.925686591276252,
          "Error": 0.07431340872374798
        },
        "(18.002, 22.501]": {
          "Éxito": 0.9016393442622951,
          "Error": 0.09836065573770492
        },
        "(22.501, 27.001]": {
          "Éxito": 0.9076175040518638,
          "Error": 0.09238249594813615
        },
        "(27.001, 31.5]": {
          "Éxito": 0.9393939393939394,
          "Error": 0.06060606060606061
        },
        "(31.5, 36.0]": {
          "Éxito": 0.9183006535947712,
          "Error": 0.08169934640522876
        },
        "(36.0, 40.499]": {
          "Éxito": 0.8996815286624203,
          "Error": 0.10031847133757962
        },
        "(40.499, 44.999]": {
          "Éxito": 0.9217970049916805,
          "Error": 0.07820299500831947
        }
      }
    },
    "roll_off": {
      "is_categorical": false,
      "bins": 10,
      "values": {
        "(0.2, 0.21]": {
          "Éxito": 0.892436974789916,
          "Error": 0.10756302521008404
        },
        "(0.21, 0.22]": {
          "Éxito": 0.9176276771004942,
          "Error": 0.08237232289950576
        },
        "(0.22, 0.23]": {
          "Éxito": 0.928698752228164,
          "Error": 0.07130124777183601
        },
        "(0.23, 0.24]": {
          "Éxito": 0.9102167182662538,
          "Error": 0.08978328173374613
        },
        "(0.24, 0.25]": {
          "Éxito": 0.9278033794162827,
          "Error": 0.07219662058371736
        },
        "(0.25, 0.26]": {
          "Éxito": 0.9167927382753404,
          "Error": 0.0832072617246596
        },
        "(0.26, 0.27]": {
          "Éxito": 0.9267100977198697,
          "Error": 0.0732899022801303
        },
        "(0.27, 0.28]": {
          "Éxito": 0.9226973684210527,
          "Error": 0.07730263157894737
        },
        "(0.28, 0.29]": {
          "Éxito": 0.9151712887438825,
          "Error": 0.08482871125611746
        },
        "(0.29, 0.3]": {
          "Éxito": 0.9013605442176871,
          "Error": 0.09863945578231292
        }
      }
    }
  }
}