{
  "experiment": {
    "name": "res_tcn_se_esc_7",
    "timestamp": "2025-06-16T12:44:45.915621",
    "repeat_index": 1,
    "fold_index": 2
  },
  "effects": {
    "num_taps": {
      "is_categorical": true,
      "bins": null,
      "values": {
        "4": {
          "Éxito": 0.8433685923515053,
          "Error": 0.1566314076484947
        }
      }
    },
    "snr_db": {
      "is_categorical": false,
      "bins": 10,
      "values": {
        "(8.001, 8.404]": {
          "Éxito": 0.8347107438016529,
          "Error": 0.1652892561983471
        },
        "(8.404, 8.804]": {
          "Éxito": 0.8534798534798534,
          "Error": 0.14652014652014653
        },
        "(8.804, 9.203]": {
          "Éxito": 0.8228346456692913,
          "Error": 0.17716535433070865
        },
        "(9.203, 9.602]": {
          "Éxito": 0.8127659574468085,
          "Error": 0.18723404255319148
        },
        "(9.602, 10.002]": {
          "Éxito": 0.8823529411764706,
          "Error": 0.11764705882352941
        },
        "(10.002, 10.401]": {
          "Éxito": 0.8273092369477911,
          "Error": 0.17269076305220885
        },
        "(10.401, 10.8]": {
          "Éxito": 0.8255813953488372,
          "Error": 0.1744186046511628
        },
        "(10.8, 11.2]": {
          "Éxito": 0.8547008547008547,
          "Error": 0.1452991452991453
        },
        "(11.2, 11.599]": {
          "Éxito": 0.8803418803418803,
          "Error": 0.11965811965811966
        },
        "(11.599, 11.998]": {
          "Éxito": 0.8423236514522822,
          "Error": 0.15767634854771784
        }
      }
    },
    "phase_offset": {
      "is_categorical": false,
      "bins": 10,
      "values": {
        "(-0.043, 4.499]": {
          "Éxito": 0.8555555555555555,
          "Error": 0.14444444444444443
        },
        "(4.499, 8.995]": {
          "Éxito": 0.852,
          "Error": 0.148
        },
        "(8.995, 13.492]": {
          "Éxito": 0.8916666666666667,
          "Error": 0.10833333333333334
        },
        "(13.492, 17.989]": {
          "Éxito": 0.869198312236287,
          "Error": 0.1308016877637131
        },
        "(17.989, 22.486]": {
          "Éxito": 0.8181818181818182,
          "Error": 0.18181818181818182
        },
        "(22.486, 26.982]": {
          "Éxito": 0.823045267489712,
          "Error": 0.17695473251028807
        },
        "(26.982, 31.479]": {
          "Éxito": 0.8086642599277978,
          "Error": 0.19133574007220217
        },
        "(31.479, 35.976]": {
          "Éxito": 0.8675213675213675,
          "Error": 0.13247863247863248
        },
        "(35.976, 40.473]": {
          "Éxito": 0.8473895582329317,
          "Error": 0.15261044176706828
        },
        "(40.473, 44.97]": {
          "Éxito": 0.8032128514056225,
          "Error": 0.19678714859437751
        }
      }
    },
    "roll_off": {
      "is_categorical": false,
      "bins": 10,
      "values": {
        "(0.2, 0.21]": {
          "Éxito": 0.8313725490196079,
          "Error": 0.16862745098039217
        },
        "(0.21, 0.22]": {
          "Éxito": 0.8412698412698413,
          "Error": 0.15873015873015872
        },
        "(0.22, 0.23]": {
          "Éxito": 0.8611111111111112,
          "Error": 0.1388888888888889
        },
        "(0.23, 0.24]": {
          "Éxito": 0.8683127572016461,
          "Error": 0.13168724279835392
        },
        "(0.24, 0.25]": {
          "Éxito": 0.8404669260700389,
          "Error": 0.15953307392996108
        },
        "(0.25, 0.26]": {
          "Éxito": 0.8421052631578947,
          "Error": 0.15789473684210525
        },
        "(0.26, 0.27]": {
          "Éxito": 0.8775510204081632,
          "Error": 0.12244897959183673
        },
        "(0.27, 0.28]": {
          "Éxito": 0.8326180257510729,
          "Error": 0.16738197424892703
        },
        "(0.28, 0.29]": {
          "Éxito": 0.8524590163934426,
          "Error": 0.14754098360655737
        },
        "(0.29, 0.3]": {
          "Éxito": 0.782608695652174,
          "Error": 0.21739130434782608
        }
      }
    }
  }
}