{
  "experiment": {
    "name": "ARQ_2__ESC_3",
    "timestamp": "2025-06-19T12:27:57.964514",
    "repeat_index": 9
  },
  "effects": {
    "num_taps": {
      "is_categorical": true,
      "bins": null,
      "values": {
        "2": {
          "Éxito": 0.9752604166666666,
          "Error": 0.024739583333333332
        }
      }
    },
    "snr_db": {
      "is_categorical": false,
      "bins": 10,
      "values": {
        "(7.996, 8.4]": {
          "Éxito": 0.9657534246575342,
          "Error": 0.03424657534246575
        },
        "(8.4, 8.8]": {
          "Éxito": 0.9497645211930926,
          "Error": 0.05023547880690738
        },
        "(8.8, 9.2]": {
          "Éxito": 0.9742351046698873,
          "Error": 0.02576489533011272
        },
        "(9.2, 9.6]": {
          "Éxito": 0.9812792511700468,
          "Error": 0.0187207488299532
        },
        "(9.6, 10.0]": {
          "Éxito": 0.9861538461538462,
          "Error": 0.013846153846153847
        },
        "(10.0, 10.4]": {
          "Éxito": 0.9819376026272578,
          "Error": 0.0180623973727422
        },
        "(10.4, 10.8]": {
          "Éxito": 0.9715242881072027,
          "Error": 0.02847571189279732
        },
        "(10.8, 11.2]": {
          "Éxito": 0.9895652173913043,
          "Error": 0.010434782608695653
        },
        "(11.2, 11.6]": {
          "Éxito": 0.9763779527559056,
          "Error": 0.023622047244094488
        },
        "(11.6, 12.0]": {
          "Éxito": 0.9764705882352941,
          "Error": 0.023529411764705882
        }
      }
    },
    "phase_offset": {
      "is_categorical": false,
      "bins": 10,
      "values": {
        "(-0.0388, 4.505]": {
          "Éxito": 0.9738675958188153,
          "Error": 0.02613240418118467
        },
        "(4.505, 9.004]": {
          "Éxito": 0.9795275590551181,
          "Error": 0.02047244094488189
        },
        "(9.004, 13.503]": {
          "Éxito": 0.9695024077046549,
          "Error": 0.030497592295345103
        },
        "(13.503, 18.002]": {
          "Éxito": 0.9813084112149533,
          "Error": 0.018691588785046728
        },
        "(18.002, 22.501]": {
          "Éxito": 0.9810671256454389,
          "Error": 0.0189328743545611
        },
        "(22.501, 27.0]": {
          "Éxito": 0.9663865546218487,
          "Error": 0.03361344537815126
        },
        "(27.0, 31.499]": {
          "Éxito": 0.9688013136288999,
          "Error": 0.031198686371100164
        },
        "(31.499, 35.998]": {
          "Éxito": 0.9821138211382113,
          "Error": 0.01788617886178862
        },
        "(35.998, 40.497]": {
          "Éxito": 0.968944099378882,
          "Error": 0.031055900621118012
        },
        "(40.497, 44.996]": {
          "Éxito": 0.9808306709265175,
          "Error": 0.019169329073482427
        }
      }
    },
    "roll_off": {
      "is_categorical": false,
      "bins": 10,
      "values": {
        "(0.2, 0.21]": {
          "Éxito": 0.9630252100840336,
          "Error": 0.03697478991596639
        },
        "(0.21, 0.22]": {
          "Éxito": 0.9625212947189097,
          "Error": 0.03747870528109029
        },
        "(0.22, 0.23]": {
          "Éxito": 0.9767801857585139,
          "Error": 0.02321981424148607
        },
        "(0.23, 0.24]": {
          "Éxito": 0.9742710120068611,
          "Error": 0.025728987993138937
        },
        "(0.24, 0.25]": {
          "Éxito": 0.9876160990712074,
          "Error": 0.01238390092879257
        },
        "(0.25, 0.26]": {
          "Éxito": 0.9811616954474097,
          "Error": 0.018838304552590265
        },
        "(0.26, 0.27]": {
          "Éxito": 0.9840764331210191,
          "Error": 0.01592356687898089
        },
        "(0.27, 0.28]": {
          "Éxito": 0.9816360601001669,
          "Error": 0.018363939899833055
        },
        "(0.28, 0.29]": {
          "Éxito": 0.9744,
          "Error": 0.0256
        },
        "(0.29, 0.3]": {
          "Éxito": 0.9648829431438127,
          "Error": 0.03511705685618729
        }
      }
    }
  }
}