{
  "experiment": {
    "name": "res_tcn_se_esc_10",
    "timestamp": "2025-06-21T23:32:35.482275",
    "repeat_index": 0,
    "fold_index": 0
  },
  "effects": {
    "num_taps": {
      "is_categorical": true,
      "bins": null,
      "values": {
        "2": {
          "Éxito": 0.9365337672904801,
          "Error": 0.06346623270951994
        }
      }
    },
    "snr_db": {
      "is_categorical": false,
      "bins": 10,
      "values": {
        "(7.997, 8.401]": {
          "Éxito": 0.9102040816326531,
          "Error": 0.08979591836734693
        },
        "(8.401, 8.801]": {
          "Éxito": 0.9389312977099237,
          "Error": 0.061068702290076333
        },
        "(8.801, 9.201]": {
          "Éxito": 0.930327868852459,
          "Error": 0.06967213114754098
        },
        "(9.201, 9.6]": {
          "Éxito": 0.95,
          "Error": 0.05
        },
        "(9.6, 10.0]": {
          "Éxito": 0.9158878504672897,
          "Error": 0.08411214953271028
        },
        "(10.0, 10.4]": {
          "Éxito": 0.9473684210526315,
          "Error": 0.05263157894736842
        },
        "(10.4, 10.8]": {
          "Éxito": 0.9221311475409836,
          "Error": 0.0778688524590164
        },
        "(10.8, 11.2]": {
          "Éxito": 0.9471698113207547,
          "Error": 0.052830188679245285
        },
        "(11.2, 11.6]": {
          "Éxito": 0.9563318777292577,
          "Error": 0.043668122270742356
        },
        "(11.6, 12.0]": {
          "Éxito": 0.9437751004016064,
          "Error": 0.05622489959839357
        }
      }
    },
    "phase_offset": {
      "is_categorical": false,
      "bins": 10,
      "values": {
        "(89.957, 94.496]": {
          "Éxito": 0.9539748953974896,
          "Error": 0.04602510460251046
        },
        "(94.496, 98.991]": {
          "Éxito": 0.9482071713147411,
          "Error": 0.05179282868525897
        },
        "(98.991, 103.485]": {
          "Éxito": 0.9322709163346613,
          "Error": 0.06772908366533864
        },
        "(103.485, 107.979]": {
          "Éxito": 0.9497907949790795,
          "Error": 0.0502092050209205
        },
        "(107.979, 112.474]": {
          "Éxito": 0.9346153846153846,
          "Error": 0.06538461538461539
        },
        "(112.474, 116.968]": {
          "Éxito": 0.9090909090909091,
          "Error": 0.09090909090909091
        },
        "(116.968, 121.463]": {
          "Éxito": 0.9488188976377953,
          "Error": 0.051181102362204724
        },
        "(121.463, 125.957]": {
          "Éxito": 0.9308943089430894,
          "Error": 0.06910569105691057
        },
        "(125.957, 130.452]": {
          "Éxito": 0.926829268292683,
          "Error": 0.07317073170731707
        },
        "(130.452, 134.946]": {
          "Éxito": 0.9294605809128631,
          "Error": 0.07053941908713693
        }
      }
    },
    "roll_off": {
      "is_categorical": false,
      "bins": 10,
      "values": {
        "(0.2, 0.21]": {
          "Éxito": 0.9163346613545816,
          "Error": 0.08366533864541832
        },
        "(0.21, 0.22]": {
          "Éxito": 0.8754863813229572,
          "Error": 0.1245136186770428
        },
        "(0.22, 0.23]": {
          "Éxito": 0.9325842696629213,
          "Error": 0.06741573033707865
        },
        "(0.23, 0.24]": {
          "Éxito": 0.9269406392694064,
          "Error": 0.0730593607305936
        },
        "(0.24, 0.25]": {
          "Éxito": 0.9610894941634242,
          "Error": 0.038910505836575876
        },
        "(0.25, 0.26]": {
          "Éxito": 0.9459459459459459,
          "Error": 0.05405405405405406
        },
        "(0.26, 0.27]": {
          "Éxito": 0.9771863117870723,
          "Error": 0.022813688212927757
        },
        "(0.27, 0.28]": {
          "Éxito": 0.9456066945606695,
          "Error": 0.05439330543933055
        },
        "(0.28, 0.29]": {
          "Éxito": 0.9451476793248945,
          "Error": 0.05485232067510549
        },
        "(0.29, 0.3]": {
          "Éxito": 0.9390243902439024,
          "Error": 0.06097560975609756
        }
      }
    }
  }
}