{
  "experiment": {
    "name": "red_carlos_ESC_8",
    "timestamp": "2025-06-21T02:20:11.520452",
    "repeat_index": 2,
    "fold_index": 4
  },
  "evaluation": {
    "loss": 0.8399122953414917,
    "accuracy": 0.6452400088310242
  },
  "classification_report": {
    "bpsk": {
      "precision": 1.0,
      "recall": 1.0,
      "f1-score": 1.0,
      "support": 409.0
    },
    "qpsk": {
      "precision": 0.9975669099756691,
      "recall": 1.0,
      "f1-score": 0.9987819732034106,
      "support": 410.0
    },
    "16qam": {
      "precision": 0.38263665594855306,
      "recall": 0.29024390243902437,
      "f1-score": 0.3300970873786408,
      "support": 410.0
    },
    "32qam cross": {
      "precision": 0.5074349442379182,
      "recall": 0.6658536585365854,
      "f1-score": 0.5759493670886077,
      "support": 410.0
    },
    "64qam": {
      "precision": 0.6263157894736842,
      "recall": 0.5819070904645477,
      "f1-score": 0.6032953105196451,
      "support": 409.0
    },
    "128qam cross": {
      "precision": 0.33496332518337407,
      "recall": 0.33414634146341465,
      "f1-score": 0.3345543345543346,
      "support": 410.0
    },
    "accuracy": 0.645240032546786,
    "macro avg": {
      "precision": 0.6414862708031998,
      "recall": 0.6453584988172619,
      "f1-score": 0.6404463454574397,
      "support": 2458.0
    },
    "weighted avg": {
      "precision": 0.6413465868130178,
      "recall": 0.645240032546786,
      "f1-score": 0.6403151808440938,
      "support": 2458.0
    }
  }
}