{
  "experiment": {
    "name": "red_carlos_ESC_8",
    "timestamp": "2025-06-21T02:20:11.930592",
    "repeat_index": 2,
    "fold_index": 4
  },
  "effects": {
    "num_taps": {
      "is_categorical": true,
      "bins": null,
      "values": {
        "6": {
          "Éxito": 0.645240032546786,
          "Error": 0.354759967453214
        }
      }
    },
    "snr_db": {
      "is_categorical": false,
      "bins": 10,
      "values": {
        "(7.997, 8.401]": {
          "Éxito": 0.6357142857142857,
          "Error": 0.36428571428571427
        },
        "(8.401, 8.8]": {
          "Éxito": 0.6611570247933884,
          "Error": 0.33884297520661155
        },
        "(8.8, 9.2]": {
          "Éxito": 0.6497695852534562,
          "Error": 0.35023041474654376
        },
        "(9.2, 9.6]": {
          "Éxito": 0.6753246753246753,
          "Error": 0.3246753246753247
        },
        "(9.6, 9.999]": {
          "Éxito": 0.670995670995671,
          "Error": 0.329004329004329
        },
        "(9.999, 10.399]": {
          "Éxito": 0.673469387755102,
          "Error": 0.32653061224489793
        },
        "(10.399, 10.798]": {
          "Éxito": 0.6370967741935484,
          "Error": 0.3629032258064516
        },
        "(10.798, 11.198]": {
          "Éxito": 0.631578947368421,
          "Error": 0.3684210526315789
        },
        "(11.198, 11.598]": {
          "Éxito": 0.5992366412213741,
          "Error": 0.40076335877862596
        },
        "(11.598, 11.997]": {
          "Éxito": 0.6274509803921569,
          "Error": 0.37254901960784315
        }
      }
    },
    "phase_offset": {
      "is_categorical": false,
      "bins": 10,
      "values": {
        "(-0.00871, 4.53]": {
          "Éxito": 0.6311475409836066,
          "Error": 0.36885245901639346
        },
        "(4.53, 9.025]": {
          "Éxito": 0.6721311475409836,
          "Error": 0.32786885245901637
        },
        "(9.025, 13.519]": {
          "Éxito": 0.6337448559670782,
          "Error": 0.3662551440329218
        },
        "(13.519, 18.013]": {
          "Éxito": 0.6626984126984127,
          "Error": 0.3373015873015873
        },
        "(18.013, 22.507]": {
          "Éxito": 0.59375,
          "Error": 0.40625
        },
        "(22.507, 27.001]": {
          "Éxito": 0.6133333333333333,
          "Error": 0.38666666666666666
        },
        "(27.001, 31.495]": {
          "Éxito": 0.6008403361344538,
          "Error": 0.39915966386554624
        },
        "(31.495, 35.99]": {
          "Éxito": 0.7007874015748031,
          "Error": 0.2992125984251969
        },
        "(35.99, 40.484]": {
          "Éxito": 0.6528301886792452,
          "Error": 0.3471698113207547
        },
        "(40.484, 44.978]": {
          "Éxito": 0.6877637130801688,
          "Error": 0.31223628691983124
        }
      }
    },
    "roll_off": {
      "is_categorical": false,
      "bins": 10,
      "values": {
        "(0.2, 0.21]": {
          "Éxito": 0.6953405017921147,
          "Error": 0.3046594982078853
        },
        "(0.21, 0.22]": {
          "Éxito": 0.6652542372881356,
          "Error": 0.3347457627118644
        },
        "(0.22, 0.23]": {
          "Éxito": 0.6275303643724697,
          "Error": 0.3724696356275304
        },
        "(0.23, 0.24]": {
          "Éxito": 0.6822033898305084,
          "Error": 0.3177966101694915
        },
        "(0.24, 0.25]": {
          "Éxito": 0.6377952755905512,
          "Error": 0.36220472440944884
        },
        "(0.25, 0.26]": {
          "Éxito": 0.602510460251046,
          "Error": 0.39748953974895396
        },
        "(0.26, 0.27]": {
          "Éxito": 0.625,
          "Error": 0.375
        },
        "(0.27, 0.28]": {
          "Éxito": 0.6340425531914894,
          "Error": 0.3659574468085106
        },
        "(0.28, 0.29]": {
          "Éxito": 0.6452830188679245,
          "Error": 0.35471698113207545
        },
        "(0.29, 0.3]": {
          "Éxito": 0.6294820717131474,
          "Error": 0.3705179282868526
        }
      }
    }
  }
}