{
  "experiment": {
    "name": "res_tcn_se_esc_6",
    "timestamp": "2025-06-21T09:02:29.485385",
    "repeat_index": 3,
    "fold_index": 1
  },
  "effects": {
    "num_taps": {
      "is_categorical": true,
      "bins": null,
      "values": {
        "1": {
          "Éxito": 0.9540276647681042,
          "Error": 0.04597233523189585
        }
      }
    },
    "snr_db": {
      "is_categorical": false,
      "bins": 10,
      "values": {
        "(7.998, 8.402]": {
          "Éxito": 0.9007352941176471,
          "Error": 0.09926470588235294
        },
        "(8.402, 8.802]": {
          "Éxito": 0.9588477366255144,
          "Error": 0.0411522633744856
        },
        "(8.802, 9.201]": {
          "Éxito": 0.9651741293532339,
          "Error": 0.03482587064676617
        },
        "(9.201, 9.601]": {
          "Éxito": 0.9730769230769231,
          "Error": 0.026923076923076925
        },
        "(9.601, 10.001]": {
          "Éxito": 0.9586776859504132,
          "Error": 0.04132231404958678
        },
        "(10.001, 10.4]": {
          "Éxito": 0.9221311475409836,
          "Error": 0.0778688524590164
        },
        "(10.4, 10.8]": {
          "Éxito": 0.9659574468085106,
          "Error": 0.03404255319148936
        },
        "(10.8, 11.2]": {
          "Éxito": 0.9645669291338582,
          "Error": 0.03543307086614173
        },
        "(11.2, 11.599]": {
          "Éxito": 0.96,
          "Error": 0.04
        },
        "(11.599, 11.999]": {
          "Éxito": 0.9766536964980544,
          "Error": 0.023346303501945526
        }
      }
    },
    "phase_offset": {
      "is_categorical": false,
      "bins": 10,
      "values": {
        "(-0.0392, 4.505]": {
          "Éxito": 0.9444444444444444,
          "Error": 0.05555555555555555
        },
        "(4.505, 9.004]": {
          "Éxito": 0.9428571428571428,
          "Error": 0.05714285714285714
        },
        "(9.004, 13.503]": {
          "Éxito": 0.9583333333333334,
          "Error": 0.041666666666666664
        },
        "(13.503, 18.002]": {
          "Éxito": 0.9764705882352941,
          "Error": 0.023529411764705882
        },
        "(18.002, 22.502]": {
          "Éxito": 0.9311740890688259,
          "Error": 0.06882591093117409
        },
        "(22.502, 27.001]": {
          "Éxito": 0.9717741935483871,
          "Error": 0.028225806451612902
        },
        "(27.001, 31.5]": {
          "Éxito": 0.952,
          "Error": 0.048
        },
        "(31.5, 35.999]": {
          "Éxito": 0.9635627530364372,
          "Error": 0.03643724696356275
        },
        "(35.999, 40.498]": {
          "Éxito": 0.9538461538461539,
          "Error": 0.046153846153846156
        },
        "(40.498, 44.997]": {
          "Éxito": 0.9439655172413793,
          "Error": 0.05603448275862069
        }
      }
    },
    "roll_off": {
      "is_categorical": false,
      "bins": 10,
      "values": {
        "(0.2, 0.21]": {
          "Éxito": 0.9504504504504504,
          "Error": 0.04954954954954955
        },
        "(0.21, 0.22]": {
          "Éxito": 0.9620253164556962,
          "Error": 0.0379746835443038
        },
        "(0.22, 0.23]": {
          "Éxito": 0.9543568464730291,
          "Error": 0.04564315352697095
        },
        "(0.23, 0.24]": {
          "Éxito": 0.9307692307692308,
          "Error": 0.06923076923076923
        },
        "(0.24, 0.25]": {
          "Éxito": 0.9578544061302682,
          "Error": 0.0421455938697318
        },
        "(0.25, 0.26]": {
          "Éxito": 0.9629629629629629,
          "Error": 0.037037037037037035
        },
        "(0.26, 0.27]": {
          "Éxito": 0.9484978540772532,
          "Error": 0.05150214592274678
        },
        "(0.27, 0.28]": {
          "Éxito": 0.9659090909090909,
          "Error": 0.03409090909090909
        },
        "(0.28, 0.29]": {
          "Éxito": 0.9581589958158996,
          "Error": 0.04184100418410042
        },
        "(0.29, 0.3]": {
          "Éxito": 0.948051948051948,
          "Error": 0.05194805194805195
        }
      }
    }
  }
}