{
  "experiment": {
    "name": "red_carlos_ESC_3",
    "timestamp": "2025-06-18T06:39:56.840138",
    "repeat_index": 2,
    "fold_index": 1
  },
  "effects": {
    "num_taps": {
      "is_categorical": true,
      "bins": null,
      "values": {
        "2": {
          "Éxito": 0.9540276647681042,
          "Error": 0.04597233523189585
        }
      }
    },
    "snr_db": {
      "is_categorical": false,
      "bins": 10,
      "values": {
        "(7.998, 8.401]": {
          "Éxito": 0.94140625,
          "Error": 0.05859375
        },
        "(8.401, 8.8]": {
          "Éxito": 0.9420289855072463,
          "Error": 0.057971014492753624
        },
        "(8.8, 9.2]": {
          "Éxito": 0.9294117647058824,
          "Error": 0.07058823529411765
        },
        "(9.2, 9.599]": {
          "Éxito": 0.974025974025974,
          "Error": 0.025974025974025976
        },
        "(9.599, 9.998]": {
          "Éxito": 0.9457364341085271,
          "Error": 0.05426356589147287
        },
        "(9.998, 10.397]": {
          "Éxito": 0.9743589743589743,
          "Error": 0.02564102564102564
        },
        "(10.397, 10.797]": {
          "Éxito": 0.9377593360995851,
          "Error": 0.06224066390041494
        },
        "(10.797, 11.196]": {
          "Éxito": 0.9619771863117871,
          "Error": 0.03802281368821293
        },
        "(11.196, 11.595]": {
          "Éxito": 0.9704433497536946,
          "Error": 0.029556650246305417
        },
        "(11.595, 11.994]": {
          "Éxito": 0.970954356846473,
          "Error": 0.029045643153526972
        }
      }
    },
    "phase_offset": {
      "is_categorical": false,
      "bins": 10,
      "values": {
        "(-0.0349, 4.507]": {
          "Éxito": 0.9644268774703557,
          "Error": 0.03557312252964427
        },
        "(4.507, 9.004]": {
          "Éxito": 0.9501915708812261,
          "Error": 0.04980842911877394
        },
        "(9.004, 13.501]": {
          "Éxito": 0.9578059071729957,
          "Error": 0.04219409282700422
        },
        "(13.501, 17.998]": {
          "Éxito": 0.9561752988047809,
          "Error": 0.043824701195219126
        },
        "(17.998, 22.495]": {
          "Éxito": 0.9291666666666667,
          "Error": 0.07083333333333333
        },
        "(22.495, 26.992]": {
          "Éxito": 0.9330543933054394,
          "Error": 0.06694560669456066
        },
        "(26.992, 31.49]": {
          "Éxito": 0.9540229885057471,
          "Error": 0.04597701149425287
        },
        "(31.49, 35.987]": {
          "Éxito": 0.967479674796748,
          "Error": 0.032520325203252036
        },
        "(35.987, 40.484]": {
          "Éxito": 0.9641255605381166,
          "Error": 0.03587443946188341
        },
        "(40.484, 44.981]": {
          "Éxito": 0.9635627530364372,
          "Error": 0.03643724696356275
        }
      }
    },
    "roll_off": {
      "is_categorical": false,
      "bins": 10,
      "values": {
        "(0.2, 0.21]": {
          "Éxito": 0.9644268774703557,
          "Error": 0.03557312252964427
        },
        "(0.21, 0.22]": {
          "Éxito": 0.93359375,
          "Error": 0.06640625
        },
        "(0.22, 0.23]": {
          "Éxito": 0.9552845528455285,
          "Error": 0.044715447154471545
        },
        "(0.23, 0.24]": {
          "Éxito": 0.975,
          "Error": 0.025
        },
        "(0.24, 0.25]": {
          "Éxito": 0.9288888888888889,
          "Error": 0.07111111111111111
        },
        "(0.25, 0.26]": {
          "Éxito": 0.9725490196078431,
          "Error": 0.027450980392156862
        },
        "(0.26, 0.27]": {
          "Éxito": 0.9469026548672567,
          "Error": 0.05309734513274336
        },
        "(0.27, 0.28]": {
          "Éxito": 0.9453781512605042,
          "Error": 0.0546218487394958
        },
        "(0.28, 0.29]": {
          "Éxito": 0.94921875,
          "Error": 0.05078125
        },
        "(0.29, 0.3]": {
          "Éxito": 0.9657794676806084,
          "Error": 0.034220532319391636
        }
      }
    }
  }
}