{
  "experiment": {
    "name": "ARQ_2__ESC_6",
    "timestamp": "2025-06-19T16:49:03.619911",
    "repeat_index": 0
  },
  "evaluation": {
    "loss": 0.0641278326511383,
    "accuracy": 0.9894205927848816
  },
  "classification_report": {
    "bpsk": {
      "precision": 1.0,
      "recall": 1.0,
      "f1-score": 1.0,
      "support": 1024.0
    },
    "qpsk": {
      "precision": 1.0,
      "recall": 1.0,
      "f1-score": 1.0,
      "support": 1024.0
    },
    "16qam": {
      "precision": 1.0,
      "recall": 1.0,
      "f1-score": 1.0,
      "support": 1024.0
    },
    "32qam cross": {
      "precision": 0.9790419161676647,
      "recall": 0.9580078125,
      "f1-score": 0.9684106614017769,
      "support": 1024.0
    },
    "64qam": {
      "precision": 1.0,
      "recall": 0.9990234375,
      "f1-score": 0.9995114802149487,
      "support": 1024.0
    },
    "128qam cross": {
      "precision": 0.9579751671442216,
      "recall": 0.9794921875,
      "f1-score": 0.9686141960405601,
      "support": 1024.0
    },
    "accuracy": 0.9894205729166666,
    "macro avg": {
      "precision": 0.9895028472186477,
      "recall": 0.9894205729166666,
      "f1-score": 0.9894227229428809,
      "support": 6144.0
    },
    "weighted avg": {
      "precision": 0.9895028472186477,
      "recall": 0.9894205729166666,
      "f1-score": 0.9894227229428809,
      "support": 6144.0
    }
  }
}