{
  "experiment": {
    "name": "red_carlos_ESC_1",
    "timestamp": "2025-06-18T02:42:34.699380",
    "repeat_index": 2,
    "fold_index": 3
  },
  "effects": {
    "num_taps": {
      "is_categorical": true,
      "bins": null,
      "values": {
        "2": {
          "Éxito": 0.6008950366151342,
          "Error": 0.39910496338486573
        }
      }
    },
    "snr_db": {
      "is_categorical": false,
      "bins": 10,
      "values": {
        "(-0.00095, 0.403]": {
          "Éxito": 0.5746606334841629,
          "Error": 0.4253393665158371
        },
        "(0.403, 0.802]": {
          "Éxito": 0.5833333333333334,
          "Error": 0.4166666666666667
        },
        "(0.802, 1.202]": {
          "Éxito": 0.6136363636363636,
          "Error": 0.38636363636363635
        },
        "(1.202, 1.601]": {
          "Éxito": 0.6046511627906976,
          "Error": 0.3953488372093023
        },
        "(1.601, 2.001]": {
          "Éxito": 0.5625,
          "Error": 0.4375
        },
        "(2.001, 2.4]": {
          "Éxito": 0.6024096385542169,
          "Error": 0.39759036144578314
        },
        "(2.4, 2.8]": {
          "Éxito": 0.6448979591836734,
          "Error": 0.3551020408163265
        },
        "(2.8, 3.199]": {
          "Éxito": 0.6186770428015564,
          "Error": 0.38132295719844356
        },
        "(3.199, 3.599]": {
          "Éxito": 0.5833333333333334,
          "Error": 0.4166666666666667
        },
        "(3.599, 3.999]": {
          "Éxito": 0.6119402985074627,
          "Error": 0.3880597014925373
        }
      }
    },
    "phase_offset": {
      "is_categorical": false,
      "bins": 10,
      "values": {
        "(-0.0211, 4.521]": {
          "Éxito": 0.5547169811320755,
          "Error": 0.44528301886792454
        },
        "(4.521, 9.017]": {
          "Éxito": 0.6652892561983471,
          "Error": 0.3347107438016529
        },
        "(9.017, 13.514]": {
          "Éxito": 0.628099173553719,
          "Error": 0.371900826446281
        },
        "(13.514, 18.011]": {
          "Éxito": 0.5669291338582677,
          "Error": 0.4330708661417323
        },
        "(18.011, 22.508]": {
          "Éxito": 0.5815899581589958,
          "Error": 0.41841004184100417
        },
        "(22.508, 27.004]": {
          "Éxito": 0.6309523809523809,
          "Error": 0.36904761904761907
        },
        "(27.004, 31.501]": {
          "Éxito": 0.6205533596837944,
          "Error": 0.3794466403162055
        },
        "(31.501, 35.998]": {
          "Éxito": 0.6530612244897959,
          "Error": 0.3469387755102041
        },
        "(35.998, 40.495]": {
          "Éxito": 0.5357142857142857,
          "Error": 0.4642857142857143
        },
        "(40.495, 44.992]": {
          "Éxito": 0.5702479338842975,
          "Error": 0.4297520661157025
        }
      }
    },
    "roll_off": {
      "is_categorical": false,
      "bins": 10,
      "values": {
        "(0.2, 0.21]": {
          "Éxito": 0.59765625,
          "Error": 0.40234375
        },
        "(0.21, 0.22]": {
          "Éxito": 0.5440613026819924,
          "Error": 0.4559386973180077
        },
        "(0.22, 0.23]": {
          "Éxito": 0.6352941176470588,
          "Error": 0.36470588235294116
        },
        "(0.23, 0.24]": {
          "Éxito": 0.6487603305785123,
          "Error": 0.3512396694214876
        },
        "(0.24, 0.25]": {
          "Éxito": 0.6017316017316018,
          "Error": 0.39826839826839827
        },
        "(0.25, 0.26]": {
          "Éxito": 0.6033057851239669,
          "Error": 0.39669421487603307
        },
        "(0.26, 0.27]": {
          "Éxito": 0.5591836734693878,
          "Error": 0.44081632653061226
        },
        "(0.27, 0.28]": {
          "Éxito": 0.6218487394957983,
          "Error": 0.37815126050420167
        },
        "(0.28, 0.29]": {
          "Éxito": 0.6502242152466368,
          "Error": 0.34977578475336324
        },
        "(0.29, 0.3]": {
          "Éxito": 0.5584905660377358,
          "Error": 0.44150943396226416
        }
      }
    }
  }
}