{
  "experiment": {
    "name": "ARQ_2__ESC_11",
    "timestamp": "2025-06-20T02:09:21.773267",
    "repeat_index": 4
  },
  "effects": {
    "num_taps": {
      "is_categorical": true,
      "bins": null,
      "values": {
        "2": {
          "Éxito": 0.9698893229166666,
          "Error": 0.030110677083333332
        }
      }
    },
    "snr_db": {
      "is_categorical": false,
      "bins": 10,
      "values": {
        "(7.996, 8.4]": {
          "Éxito": 0.9556259904912837,
          "Error": 0.044374009508716325
        },
        "(8.4, 8.8]": {
          "Éxito": 0.9588815789473685,
          "Error": 0.04111842105263158
        },
        "(8.8, 9.2]": {
          "Éxito": 0.9734789391575663,
          "Error": 0.0265210608424337
        },
        "(9.2, 9.6]": {
          "Éxito": 0.964110929853181,
          "Error": 0.03588907014681892
        },
        "(9.6, 10.0]": {
          "Éxito": 0.9641638225255973,
          "Error": 0.03583617747440273
        },
        "(10.0, 10.4]": {
          "Éxito": 0.9746621621621622,
          "Error": 0.02533783783783784
        },
        "(10.4, 10.8]": {
          "Éxito": 0.971947194719472,
          "Error": 0.028052805280528052
        },
        "(10.8, 11.2]": {
          "Éxito": 0.9777015437392796,
          "Error": 0.022298456260720412
        },
        "(11.2, 11.6]": {
          "Éxito": 0.9720930232558139,
          "Error": 0.027906976744186046
        },
        "(11.6, 12.0]": {
          "Éxito": 0.9859154929577465,
          "Error": 0.014084507042253521
        }
      }
    },
    "phase_offset": {
      "is_categorical": false,
      "bins": 10,
      "values": {
        "(134.963, 139.507]": {
          "Éxito": 0.9726688102893891,
          "Error": 0.027331189710610933
        },
        "(139.507, 144.006]": {
          "Éxito": 0.9634920634920635,
          "Error": 0.03650793650793651
        },
        "(144.006, 148.505]": {
          "Éxito": 0.9712460063897763,
          "Error": 0.02875399361022364
        },
        "(148.505, 153.004]": {
          "Éxito": 0.9719934102141681,
          "Error": 0.02800658978583196
        },
        "(153.004, 157.503]": {
          "Éxito": 0.9589905362776026,
          "Error": 0.04100946372239748
        },
        "(157.503, 162.002]": {
          "Éxito": 0.9752883031301482,
          "Error": 0.02471169686985173
        },
        "(162.002, 166.501]": {
          "Éxito": 0.9788961038961039,
          "Error": 0.021103896103896104
        },
        "(166.501, 171.0]": {
          "Éxito": 0.9573378839590444,
          "Error": 0.042662116040955635
        },
        "(171.0, 175.498]": {
          "Éxito": 0.9704433497536946,
          "Error": 0.029556650246305417
        },
        "(175.498, 179.997]": {
          "Éxito": 0.9785831960461285,
          "Error": 0.0214168039538715
        }
      }
    },
    "roll_off": {
      "is_categorical": false,
      "bins": 10,
      "values": {
        "(0.2, 0.21]": {
          "Éxito": 0.9603448275862069,
          "Error": 0.039655172413793106
        },
        "(0.21, 0.22]": {
          "Éxito": 0.9426644182124789,
          "Error": 0.05733558178752108
        },
        "(0.22, 0.23]": {
          "Éxito": 0.9654605263157895,
          "Error": 0.03453947368421053
        },
        "(0.23, 0.24]": {
          "Éxito": 0.971875,
          "Error": 0.028125
        },
        "(0.24, 0.25]": {
          "Éxito": 0.9706840390879479,
          "Error": 0.029315960912052116
        },
        "(0.25, 0.26]": {
          "Éxito": 0.976,
          "Error": 0.024
        },
        "(0.26, 0.27]": {
          "Éxito": 0.9679054054054054,
          "Error": 0.03209459459459459
        },
        "(0.27, 0.28]": {
          "Éxito": 0.9776714513556619,
          "Error": 0.022328548644338118
        },
        "(0.28, 0.29]": {
          "Éxito": 0.9875,
          "Error": 0.0125
        },
        "(0.29, 0.3]": {
          "Éxito": 0.976,
          "Error": 0.024
        }
      }
    }
  }
}