{
  "experiment": {
    "name": "red_carlos_ESC_9",
    "timestamp": "2025-06-21T03:54:53.870480",
    "repeat_index": 2,
    "fold_index": 0
  },
  "effects": {
    "num_taps": {
      "is_categorical": true,
      "bins": null,
      "values": {
        "2": {
          "Éxito": 0.9442636289666395,
          "Error": 0.05573637103336045
        }
      }
    },
    "snr_db": {
      "is_categorical": false,
      "bins": 10,
      "values": {
        "(7.997, 8.401]": {
          "Éxito": 0.9063829787234042,
          "Error": 0.09361702127659574
        },
        "(8.401, 8.801]": {
          "Éxito": 0.9310344827586207,
          "Error": 0.06896551724137931
        },
        "(8.801, 9.201]": {
          "Éxito": 0.9426229508196722,
          "Error": 0.05737704918032787
        },
        "(9.201, 9.6]": {
          "Éxito": 0.9276595744680851,
          "Error": 0.07234042553191489
        },
        "(9.6, 10.0]": {
          "Éxito": 0.9588014981273408,
          "Error": 0.04119850187265917
        },
        "(10.0, 10.4]": {
          "Éxito": 0.9417040358744395,
          "Error": 0.05829596412556054
        },
        "(10.4, 10.8]": {
          "Éxito": 0.9307692307692308,
          "Error": 0.06923076923076923
        },
        "(10.8, 11.2]": {
          "Éxito": 0.9609375,
          "Error": 0.0390625
        },
        "(11.2, 11.6]": {
          "Éxito": 0.9724409448818898,
          "Error": 0.027559055118110236
        },
        "(11.6, 12.0]": {
          "Éxito": 0.9642857142857143,
          "Error": 0.03571428571428571
        }
      }
    },
    "phase_offset": {
      "is_categorical": false,
      "bins": 10,
      "values": {
        "(44.956, 49.5]": {
          "Éxito": 0.946969696969697,
          "Error": 0.05303030303030303
        },
        "(49.5, 53.999]": {
          "Éxito": 0.9271255060728745,
          "Error": 0.0728744939271255
        },
        "(53.999, 58.498]": {
          "Éxito": 0.9631147540983607,
          "Error": 0.036885245901639344
        },
        "(58.498, 62.998]": {
          "Éxito": 0.9549180327868853,
          "Error": 0.045081967213114756
        },
        "(62.998, 67.497]": {
          "Éxito": 0.9298245614035088,
          "Error": 0.07017543859649122
        },
        "(67.497, 71.996]": {
          "Éxito": 0.952,
          "Error": 0.048
        },
        "(71.996, 76.495]": {
          "Éxito": 0.9457013574660633,
          "Error": 0.05429864253393665
        },
        "(76.495, 80.995]": {
          "Éxito": 0.9423076923076923,
          "Error": 0.057692307692307696
        },
        "(80.995, 85.494]": {
          "Éxito": 0.9317269076305221,
          "Error": 0.06827309236947791
        },
        "(85.494, 89.993]": {
          "Éxito": 0.9482071713147411,
          "Error": 0.05179282868525897
        }
      }
    },
    "roll_off": {
      "is_categorical": false,
      "bins": 10,
      "values": {
        "(0.2, 0.21]": {
          "Éxito": 0.9253731343283582,
          "Error": 0.07462686567164178
        },
        "(0.21, 0.22]": {
          "Éxito": 0.9456066945606695,
          "Error": 0.05439330543933055
        },
        "(0.22, 0.23]": {
          "Éxito": 0.9156118143459916,
          "Error": 0.08438818565400844
        },
        "(0.23, 0.24]": {
          "Éxito": 0.9595141700404858,
          "Error": 0.04048582995951417
        },
        "(0.24, 0.25]": {
          "Éxito": 0.943089430894309,
          "Error": 0.056910569105691054
        },
        "(0.25, 0.26]": {
          "Éxito": 0.9623430962343096,
          "Error": 0.03765690376569038
        },
        "(0.26, 0.27]": {
          "Éxito": 0.9493670886075949,
          "Error": 0.05063291139240506
        },
        "(0.27, 0.28]": {
          "Éxito": 0.9523809523809523,
          "Error": 0.047619047619047616
        },
        "(0.28, 0.29]": {
          "Éxito": 0.9330357142857143,
          "Error": 0.06696428571428571
        },
        "(0.29, 0.3]": {
          "Éxito": 0.9553903345724907,
          "Error": 0.04460966542750929
        }
      }
    }
  }
}