{
  "experiment": {
    "name": "cnn_bilstm_attn_esc_7",
    "timestamp": "2025-06-17T04:30:50.032389",
    "repeat_index": 0,
    "fold_index": 4
  },
  "evaluation": {
    "loss": 0.7335412502288818,
    "accuracy": 0.8043124675750732
  },
  "classification_report": {
    "bpsk": {
      "precision": 1.0,
      "recall": 1.0,
      "f1-score": 1.0,
      "support": 410.0
    },
    "qpsk": {
      "precision": 0.9927007299270073,
      "recall": 0.9951219512195122,
      "f1-score": 0.9939098660170523,
      "support": 410.0
    },
    "16qam": {
      "precision": 0.849009900990099,
      "recall": 0.8365853658536585,
      "f1-score": 0.8427518427518428,
      "support": 410.0
    },
    "32qam cross": {
      "precision": 0.7122641509433962,
      "recall": 0.7365853658536585,
      "f1-score": 0.724220623501199,
      "support": 410.0
    },
    "64qam": {
      "precision": 0.8306188925081434,
      "recall": 0.6234718826405868,
      "f1-score": 0.7122905027932962,
      "support": 409.0
    },
    "128qam cross": {
      "precision": 0.5159362549800797,
      "recall": 0.6332518337408313,
      "f1-score": 0.5686059275521405,
      "support": 409.0
    },
    "accuracy": 0.8043124491456468,
    "macro avg": {
      "precision": 0.8167549882247876,
      "recall": 0.8041693998847079,
      "f1-score": 0.8069631271025884,
      "support": 2458.0
    },
    "weighted avg": {
      "precision": 0.8168717314424285,
      "recall": 0.8043124491456468,
      "f1-score": 0.8070986152327186,
      "support": 2458.0
    }
  }
}