{
  "experiment": {
    "name": "res_tcn_se_esc_1",
    "timestamp": "2025-06-21T02:57:22.348792",
    "repeat_index": 3,
    "fold_index": 1
  },
  "effects": {
    "num_taps": {
      "is_categorical": true,
      "bins": null,
      "values": {
        "2": {
          "Éxito": 0.6741253051261188,
          "Error": 0.3258746948738812
        }
      }
    },
    "snr_db": {
      "is_categorical": false,
      "bins": 10,
      "values": {
        "(-0.00373, 0.4]": {
          "Éxito": 0.6521739130434783,
          "Error": 0.34782608695652173
        },
        "(0.4, 0.8]": {
          "Éxito": 0.6781115879828327,
          "Error": 0.3218884120171674
        },
        "(0.8, 1.2]": {
          "Éxito": 0.716,
          "Error": 0.284
        },
        "(1.2, 1.6]": {
          "Éxito": 0.6761133603238867,
          "Error": 0.32388663967611336
        },
        "(1.6, 2.0]": {
          "Éxito": 0.6844444444444444,
          "Error": 0.31555555555555553
        },
        "(2.0, 2.4]": {
          "Éxito": 0.6118143459915611,
          "Error": 0.3881856540084388
        },
        "(2.4, 2.8]": {
          "Éxito": 0.7112970711297071,
          "Error": 0.28870292887029286
        },
        "(2.8, 3.2]": {
          "Éxito": 0.6901960784313725,
          "Error": 0.30980392156862746
        },
        "(3.2, 3.6]": {
          "Éxito": 0.6787003610108303,
          "Error": 0.3212996389891697
        },
        "(3.6, 4.0]": {
          "Éxito": 0.640495867768595,
          "Error": 0.359504132231405
        }
      }
    },
    "phase_offset": {
      "is_categorical": false,
      "bins": 10,
      "values": {
        "(-0.0169, 4.525]": {
          "Éxito": 0.6844106463878327,
          "Error": 0.3155893536121673
        },
        "(4.525, 9.022]": {
          "Éxito": 0.7089552238805971,
          "Error": 0.291044776119403
        },
        "(9.022, 13.518]": {
          "Éxito": 0.6842105263157895,
          "Error": 0.3157894736842105
        },
        "(13.518, 18.015]": {
          "Éxito": 0.698744769874477,
          "Error": 0.301255230125523
        },
        "(18.015, 22.512]": {
          "Éxito": 0.6681222707423581,
          "Error": 0.3318777292576419
        },
        "(22.512, 27.008]": {
          "Éxito": 0.6245353159851301,
          "Error": 0.3754646840148699
        },
        "(27.008, 31.505]": {
          "Éxito": 0.6980392156862745,
          "Error": 0.30196078431372547
        },
        "(31.505, 36.002]": {
          "Éxito": 0.6590909090909091,
          "Error": 0.3409090909090909
        },
        "(36.002, 40.499]": {
          "Éxito": 0.6666666666666666,
          "Error": 0.3333333333333333
        },
        "(40.499, 44.995]": {
          "Éxito": 0.6463414634146342,
          "Error": 0.35365853658536583
        }
      }
    },
    "roll_off": {
      "is_categorical": false,
      "bins": 10,
      "values": {
        "(0.2, 0.21]": {
          "Éxito": 0.6704545454545454,
          "Error": 0.32954545454545453
        },
        "(0.21, 0.22]": {
          "Éxito": 0.7115384615384616,
          "Error": 0.28846153846153844
        },
        "(0.22, 0.23]": {
          "Éxito": 0.6455223880597015,
          "Error": 0.35447761194029853
        },
        "(0.23, 0.24]": {
          "Éxito": 0.6605504587155964,
          "Error": 0.3394495412844037
        },
        "(0.24, 0.25]": {
          "Éxito": 0.7130044843049327,
          "Error": 0.28699551569506726
        },
        "(0.25, 0.26]": {
          "Éxito": 0.6557377049180327,
          "Error": 0.3442622950819672
        },
        "(0.26, 0.27]": {
          "Éxito": 0.6796536796536796,
          "Error": 0.3203463203463203
        },
        "(0.27, 0.28]": {
          "Éxito": 0.7028112449799196,
          "Error": 0.2971887550200803
        },
        "(0.28, 0.29]": {
          "Éxito": 0.6220472440944882,
          "Error": 0.3779527559055118
        },
        "(0.29, 0.3]": {
          "Éxito": 0.6842105263157895,
          "Error": 0.3157894736842105
        }
      }
    }
  }
}