{
  "experiment": {
    "name": "ARQ_2__ESC_9",
    "timestamp": "2025-06-19T23:04:14.247881",
    "repeat_index": 8
  },
  "evaluation": {
    "loss": 0.12816336750984192,
    "accuracy": 0.97412109375
  },
  "classification_report": {
    "bpsk": {
      "precision": 1.0,
      "recall": 0.9990234375,
      "f1-score": 0.9995114802149487,
      "support": 1024.0
    },
    "qpsk": {
      "precision": 0.9990243902439024,
      "recall": 1.0,
      "f1-score": 0.9995119570522206,
      "support": 1024.0
    },
    "16qam": {
      "precision": 0.9951124144672532,
      "recall": 0.994140625,
      "f1-score": 0.9946262823644357,
      "support": 1024.0
    },
    "32qam cross": {
      "precision": 0.9211538461538461,
      "recall": 0.935546875,
      "f1-score": 0.9282945736434108,
      "support": 1024.0
    },
    "64qam": {
      "precision": 0.996078431372549,
      "recall": 0.9921875,
      "f1-score": 0.9941291585127201,
      "support": 1024.0
    },
    "128qam cross": {
      "precision": 0.9338598223099703,
      "recall": 0.923828125,
      "f1-score": 0.9288168875797742,
      "support": 1024.0
    },
    "accuracy": 0.97412109375,
    "macro avg": {
      "precision": 0.9742048174245869,
      "recall": 0.97412109375,
      "f1-score": 0.9741483898945851,
      "support": 6144.0
    },
    "weighted avg": {
      "precision": 0.9742048174245869,
      "recall": 0.97412109375,
      "f1-score": 0.9741483898945851,
      "support": 6144.0
    }
  }
}