{
  "experiment": {
    "name": "ARQ_3__ESC_11",
    "timestamp": "2025-06-19T22:26:19.867381",
    "repeat_index": 1
  },
  "effects": {
    "num_taps": {
      "is_categorical": true,
      "bins": null,
      "values": {
        "2": {
          "Éxito": 0.9573567708333334,
          "Error": 0.042643229166666664
        }
      }
    },
    "snr_db": {
      "is_categorical": false,
      "bins": 10,
      "values": {
        "(7.996, 8.4]": {
          "Éxito": 0.9413629160063391,
          "Error": 0.058637083993660855
        },
        "(8.4, 8.8]": {
          "Éxito": 0.944078947368421,
          "Error": 0.05592105263157895
        },
        "(8.8, 9.2]": {
          "Éxito": 0.9578783151326054,
          "Error": 0.0421216848673947
        },
        "(9.2, 9.6]": {
          "Éxito": 0.9543230016313213,
          "Error": 0.04567699836867863
        },
        "(9.6, 10.0]": {
          "Éxito": 0.9590443686006825,
          "Error": 0.040955631399317405
        },
        "(10.0, 10.4]": {
          "Éxito": 0.9662162162162162,
          "Error": 0.033783783783783786
        },
        "(10.4, 10.8]": {
          "Éxito": 0.9504950495049505,
          "Error": 0.04950495049504951
        },
        "(10.8, 11.2]": {
          "Éxito": 0.9605488850771869,
          "Error": 0.03945111492281304
        },
        "(11.2, 11.6]": {
          "Éxito": 0.9658914728682171,
          "Error": 0.034108527131782945
        },
        "(11.6, 12.0]": {
          "Éxito": 0.97339593114241,
          "Error": 0.026604068857589983
        }
      }
    },
    "phase_offset": {
      "is_categorical": false,
      "bins": 10,
      "values": {
        "(134.963, 139.507]": {
          "Éxito": 0.954983922829582,
          "Error": 0.04501607717041801
        },
        "(139.507, 144.006]": {
          "Éxito": 0.9555555555555556,
          "Error": 0.044444444444444446
        },
        "(144.006, 148.505]": {
          "Éxito": 0.9648562300319489,
          "Error": 0.03514376996805112
        },
        "(148.505, 153.004]": {
          "Éxito": 0.957166392092257,
          "Error": 0.042833607907743
        },
        "(153.004, 157.503]": {
          "Éxito": 0.9526813880126183,
          "Error": 0.0473186119873817
        },
        "(157.503, 162.002]": {
          "Éxito": 0.9621087314662273,
          "Error": 0.03789126853377265
        },
        "(162.002, 166.501]": {
          "Éxito": 0.9626623376623377,
          "Error": 0.037337662337662336
        },
        "(166.501, 171.0]": {
          "Éxito": 0.9419795221843004,
          "Error": 0.05802047781569966
        },
        "(171.0, 175.498]": {
          "Éxito": 0.9573070607553367,
          "Error": 0.042692939244663386
        },
        "(175.498, 179.997]": {
          "Éxito": 0.9637561779242174,
          "Error": 0.036243822075782535
        }
      }
    },
    "roll_off": {
      "is_categorical": false,
      "bins": 10,
      "values": {
        "(0.2, 0.21]": {
          "Éxito": 0.9431034482758621,
          "Error": 0.056896551724137934
        },
        "(0.21, 0.22]": {
          "Éxito": 0.954468802698145,
          "Error": 0.045531197301854974
        },
        "(0.22, 0.23]": {
          "Éxito": 0.9523026315789473,
          "Error": 0.047697368421052634
        },
        "(0.23, 0.24]": {
          "Éxito": 0.946875,
          "Error": 0.053125
        },
        "(0.24, 0.25]": {
          "Éxito": 0.9641693811074918,
          "Error": 0.035830618892508145
        },
        "(0.25, 0.26]": {
          "Éxito": 0.9648,
          "Error": 0.0352
        },
        "(0.26, 0.27]": {
          "Éxito": 0.9510135135135135,
          "Error": 0.048986486486486486
        },
        "(0.27, 0.28]": {
          "Éxito": 0.9728867623604466,
          "Error": 0.02711323763955343
        },
        "(0.28, 0.29]": {
          "Éxito": 0.965625,
          "Error": 0.034375
        },
        "(0.29, 0.3]": {
          "Éxito": 0.9568,
          "Error": 0.0432
        }
      }
    }
  }
}