{
  "experiment": {
    "name": "ARQ_2__ESC_8",
    "timestamp": "2025-06-19T20:41:32.722520",
    "repeat_index": 3
  },
  "effects": {
    "num_taps": {
      "is_categorical": true,
      "bins": null,
      "values": {
        "6": {
          "Éxito": 0.8518880208333334,
          "Error": 0.14811197916666666
        }
      }
    },
    "snr_db": {
      "is_categorical": false,
      "bins": 10,
      "values": {
        "(7.997, 8.4]": {
          "Éxito": 0.8214285714285714,
          "Error": 0.17857142857142858
        },
        "(8.4, 8.8]": {
          "Éxito": 0.8372093023255814,
          "Error": 0.16279069767441862
        },
        "(8.8, 9.2]": {
          "Éxito": 0.8452950558213717,
          "Error": 0.1547049441786284
        },
        "(9.2, 9.6]": {
          "Éxito": 0.8550247116968699,
          "Error": 0.14497528830313014
        },
        "(9.6, 9.999]": {
          "Éxito": 0.8733766233766234,
          "Error": 0.1266233766233766
        },
        "(9.999, 10.399]": {
          "Éxito": 0.8461538461538461,
          "Error": 0.15384615384615385
        },
        "(10.399, 10.799]": {
          "Éxito": 0.8713629402756509,
          "Error": 0.12863705972434916
        },
        "(10.799, 11.199]": {
          "Éxito": 0.8614564831261101,
          "Error": 0.13854351687388988
        },
        "(11.199, 11.598]": {
          "Éxito": 0.8640625,
          "Error": 0.1359375
        },
        "(11.598, 11.998]": {
          "Éxito": 0.8421955403087479,
          "Error": 0.15780445969125215
        }
      }
    },
    "phase_offset": {
      "is_categorical": false,
      "bins": 10,
      "values": {
        "(-0.0382, 4.506]": {
          "Éxito": 0.8498349834983498,
          "Error": 0.15016501650165018
        },
        "(4.506, 9.005]": {
          "Éxito": 0.8396694214876033,
          "Error": 0.16033057851239668
        },
        "(9.005, 13.503]": {
          "Éxito": 0.8724082934609251,
          "Error": 0.12759170653907495
        },
        "(13.503, 18.002]": {
          "Éxito": 0.8573717948717948,
          "Error": 0.14262820512820512
        },
        "(18.002, 22.501]": {
          "Éxito": 0.8637137989778535,
          "Error": 0.1362862010221465
        },
        "(22.501, 27.0]": {
          "Éxito": 0.8395802098950524,
          "Error": 0.16041979010494753
        },
        "(27.0, 31.499]": {
          "Éxito": 0.8683333333333333,
          "Error": 0.13166666666666665
        },
        "(31.499, 35.998]": {
          "Éxito": 0.8583333333333333,
          "Error": 0.14166666666666666
        },
        "(35.998, 40.497]": {
          "Éxito": 0.8378812199036918,
          "Error": 0.16211878009630817
        },
        "(40.497, 44.996]": {
          "Éxito": 0.8330578512396695,
          "Error": 0.1669421487603306
        }
      }
    },
    "roll_off": {
      "is_categorical": false,
      "bins": 10,
      "values": {
        "(0.2, 0.21]": {
          "Éxito": 0.8415492957746479,
          "Error": 0.15845070422535212
        },
        "(0.21, 0.22]": {
          "Éxito": 0.858085808580858,
          "Error": 0.1419141914191419
        },
        "(0.22, 0.23]": {
          "Éxito": 0.8594771241830066,
          "Error": 0.14052287581699346
        },
        "(0.23, 0.24]": {
          "Éxito": 0.8608837970540099,
          "Error": 0.13911620294599017
        },
        "(0.24, 0.25]": {
          "Éxito": 0.8472906403940886,
          "Error": 0.15270935960591134
        },
        "(0.25, 0.26]": {
          "Éxito": 0.8398791540785498,
          "Error": 0.16012084592145015
        },
        "(0.26, 0.27]": {
          "Éxito": 0.8689547581903276,
          "Error": 0.1310452418096724
        },
        "(0.27, 0.28]": {
          "Éxito": 0.8484349258649094,
          "Error": 0.1515650741350906
        },
        "(0.28, 0.29]": {
          "Éxito": 0.851063829787234,
          "Error": 0.14893617021276595
        },
        "(0.29, 0.3]": {
          "Éxito": 0.8427876823338736,
          "Error": 0.15721231766612642
        }
      }
    }
  }
}