{
  "experiment": {
    "name": "cnn_bilstm_attn_esc_5",
    "timestamp": "2025-06-23T05:11:18.486703",
    "repeat_index": 2,
    "fold_index": 3
  },
  "evaluation": {
    "loss": 0.018935227766633034,
    "accuracy": 0.9922701120376587
  },
  "classification_report": {
    "bpsk": {
      "precision": 1.0,
      "recall": 1.0,
      "f1-score": 1.0,
      "support": 409.0
    },
    "qpsk": {
      "precision": 1.0,
      "recall": 1.0,
      "f1-score": 1.0,
      "support": 410.0
    },
    "16qam": {
      "precision": 0.9927007299270073,
      "recall": 0.9951219512195122,
      "f1-score": 0.9939098660170523,
      "support": 410.0
    },
    "32qam cross": {
      "precision": 0.9878048780487805,
      "recall": 0.9902200488997555,
      "f1-score": 0.9890109890109889,
      "support": 409.0
    },
    "64qam": {
      "precision": 0.9926289926289926,
      "recall": 0.9853658536585366,
      "f1-score": 0.988984088127295,
      "support": 410.0
    },
    "128qam cross": {
      "precision": 0.9805352798053528,
      "recall": 0.9829268292682927,
      "f1-score": 0.9817295980511571,
      "support": 410.0
    },
    "accuracy": 0.9922701383238405,
    "macro avg": {
      "precision": 0.9922783134016888,
      "recall": 0.9922724471743495,
      "f1-score": 0.9922724235344157,
      "support": 2458.0
    },
    "weighted avg": {
      "precision": 0.9922769918999618,
      "recall": 0.9922701383238405,
      "f1-score": 0.9922706065523398,
      "support": 2458.0
    }
  }
}