{
  "experiment": {
    "name": "red_carlos_ESC_6",
    "timestamp": "2025-06-18T12:59:32.844120",
    "repeat_index": 0,
    "fold_index": 3
  },
  "effects": {
    "num_taps": {
      "is_categorical": true,
      "bins": null,
      "values": {
        "1": {
          "Éxito": 0.9641985353946297,
          "Error": 0.03580146460537022
        }
      }
    },
    "snr_db": {
      "is_categorical": false,
      "bins": 10,
      "values": {
        "(7.997, 8.401]": {
          "Éxito": 0.937984496124031,
          "Error": 0.06201550387596899
        },
        "(8.401, 8.8]": {
          "Éxito": 0.9409448818897638,
          "Error": 0.05905511811023622
        },
        "(8.8, 9.2]": {
          "Éxito": 0.972,
          "Error": 0.028
        },
        "(9.2, 9.6]": {
          "Éxito": 0.9467213114754098,
          "Error": 0.05327868852459016
        },
        "(9.6, 10.0]": {
          "Éxito": 0.9707112970711297,
          "Error": 0.029288702928870293
        },
        "(10.0, 10.4]": {
          "Éxito": 0.984,
          "Error": 0.016
        },
        "(10.4, 10.8]": {
          "Éxito": 0.9780701754385965,
          "Error": 0.021929824561403508
        },
        "(10.8, 11.2]": {
          "Éxito": 0.96484375,
          "Error": 0.03515625
        },
        "(11.2, 11.6]": {
          "Éxito": 0.9707112970711297,
          "Error": 0.029288702928870293
        },
        "(11.6, 12.0]": {
          "Éxito": 0.9791666666666666,
          "Error": 0.020833333333333332
        }
      }
    },
    "phase_offset": {
      "is_categorical": false,
      "bins": 10,
      "values": {
        "(-0.0417, 4.503]": {
          "Éxito": 0.9429657794676806,
          "Error": 0.057034220532319393
        },
        "(4.503, 9.002]": {
          "Éxito": 0.9695652173913043,
          "Error": 0.030434782608695653
        },
        "(9.002, 13.502]": {
          "Éxito": 0.9700854700854701,
          "Error": 0.029914529914529916
        },
        "(13.502, 18.001]": {
          "Éxito": 0.9538461538461539,
          "Error": 0.046153846153846156
        },
        "(18.001, 22.5]": {
          "Éxito": 0.9661654135338346,
          "Error": 0.03383458646616541
        },
        "(22.5, 27.0]": {
          "Éxito": 0.9748953974895398,
          "Error": 0.02510460251046025
        },
        "(27.0, 31.499]": {
          "Éxito": 0.9619771863117871,
          "Error": 0.03802281368821293
        },
        "(31.499, 35.999]": {
          "Éxito": 0.9724770642201835,
          "Error": 0.027522935779816515
        },
        "(35.999, 40.498]": {
          "Éxito": 0.9758064516129032,
          "Error": 0.024193548387096774
        },
        "(40.498, 44.997]": {
          "Éxito": 0.9578059071729957,
          "Error": 0.04219409282700422
        }
      }
    },
    "roll_off": {
      "is_categorical": false,
      "bins": 10,
      "values": {
        "(0.2, 0.21]": {
          "Éxito": 0.9327731092436975,
          "Error": 0.06722689075630252
        },
        "(0.21, 0.22]": {
          "Éxito": 0.9513888888888888,
          "Error": 0.04861111111111111
        },
        "(0.22, 0.23]": {
          "Éxito": 0.9595141700404858,
          "Error": 0.04048582995951417
        },
        "(0.23, 0.24]": {
          "Éxito": 0.9551020408163265,
          "Error": 0.044897959183673466
        },
        "(0.24, 0.25]": {
          "Éxito": 0.961038961038961,
          "Error": 0.03896103896103896
        },
        "(0.25, 0.26]": {
          "Éxito": 0.9652509652509652,
          "Error": 0.03474903474903475
        },
        "(0.26, 0.27]": {
          "Éxito": 0.9703389830508474,
          "Error": 0.029661016949152543
        },
        "(0.27, 0.28]": {
          "Éxito": 0.9801587301587301,
          "Error": 0.01984126984126984
        },
        "(0.28, 0.29]": {
          "Éxito": 0.9829787234042553,
          "Error": 0.01702127659574468
        },
        "(0.29, 0.3]": {
          "Éxito": 0.986784140969163,
          "Error": 0.013215859030837005
        }
      }
    }
  }
}