{
  "experiment": {
    "name": "ARQ_1__ESC_6",
    "timestamp": "2025-06-23T06:48:09.754400",
    "repeat_index": 7
  },
  "evaluation": {
    "loss": 0.05667145922780037,
    "accuracy": 0.9876301884651184
  },
  "classification_report": {
    "bpsk": {
      "precision": 1.0,
      "recall": 1.0,
      "f1-score": 1.0,
      "support": 1024.0
    },
    "qpsk": {
      "precision": 1.0,
      "recall": 1.0,
      "f1-score": 1.0,
      "support": 1024.0
    },
    "16qam": {
      "precision": 1.0,
      "recall": 1.0,
      "f1-score": 1.0,
      "support": 1024.0
    },
    "32qam cross": {
      "precision": 0.9656160458452722,
      "recall": 0.9873046875,
      "f1-score": 0.9763399323998068,
      "support": 1024.0
    },
    "64qam": {
      "precision": 0.9872922776148583,
      "recall": 0.986328125,
      "f1-score": 0.986809965803615,
      "support": 1024.0
    },
    "128qam cross": {
      "precision": 0.9730538922155688,
      "recall": 0.9521484375,
      "f1-score": 0.9624876604146101,
      "support": 1024.0
    },
    "accuracy": 0.9876302083333334,
    "macro avg": {
      "precision": 0.9876603692792832,
      "recall": 0.9876302083333334,
      "f1-score": 0.987606259769672,
      "support": 6144.0
    },
    "weighted avg": {
      "precision": 0.9876603692792832,
      "recall": 0.9876302083333334,
      "f1-score": 0.987606259769672,
      "support": 6144.0
    }
  }
}