{
  "experiment": {
    "name": "res_tcn_se_esc_11",
    "timestamp": "2025-06-22T01:06:32.221382",
    "repeat_index": 1,
    "fold_index": 0
  },
  "effects": {
    "num_taps": {
      "is_categorical": true,
      "bins": null,
      "values": {
        "2": {
          "Éxito": 0.9458909682668837,
          "Error": 0.054109031733116354
        }
      }
    },
    "snr_db": {
      "is_categorical": false,
      "bins": 10,
      "values": {
        "(7.999, 8.402]": {
          "Éxito": 0.9288389513108615,
          "Error": 0.07116104868913857
        },
        "(8.402, 8.802]": {
          "Éxito": 0.9578544061302682,
          "Error": 0.0421455938697318
        },
        "(8.802, 9.202]": {
          "Éxito": 0.9156118143459916,
          "Error": 0.08438818565400844
        },
        "(9.202, 9.601]": {
          "Éxito": 0.948051948051948,
          "Error": 0.05194805194805195
        },
        "(9.601, 10.001]": {
          "Éxito": 0.9586776859504132,
          "Error": 0.04132231404958678
        },
        "(10.001, 10.401]": {
          "Éxito": 0.9358974358974359,
          "Error": 0.0641025641025641
        },
        "(10.401, 10.801]": {
          "Éxito": 0.9494163424124513,
          "Error": 0.05058365758754864
        },
        "(10.801, 11.2]": {
          "Éxito": 0.9559471365638766,
          "Error": 0.04405286343612335
        },
        "(11.2, 11.6]": {
          "Éxito": 0.9521739130434783,
          "Error": 0.04782608695652174
        },
        "(11.6, 12.0]": {
          "Éxito": 0.9558823529411765,
          "Error": 0.04411764705882353
        }
      }
    },
    "phase_offset": {
      "is_categorical": false,
      "bins": 10,
      "values": {
        "(134.965, 139.508]": {
          "Éxito": 0.9398496240601504,
          "Error": 0.06015037593984962
        },
        "(139.508, 144.007]": {
          "Éxito": 0.9585062240663901,
          "Error": 0.04149377593360996
        },
        "(144.007, 148.505]": {
          "Éxito": 0.9450980392156862,
          "Error": 0.054901960784313725
        },
        "(148.505, 153.004]": {
          "Éxito": 0.9372549019607843,
          "Error": 0.06274509803921569
        },
        "(153.004, 157.502]": {
          "Éxito": 0.9324894514767933,
          "Error": 0.06751054852320675
        },
        "(157.502, 162.0]": {
          "Éxito": 0.944,
          "Error": 0.056
        },
        "(162.0, 166.499]": {
          "Éxito": 0.9512195121951219,
          "Error": 0.04878048780487805
        },
        "(166.499, 170.997]": {
          "Éxito": 0.9537815126050421,
          "Error": 0.046218487394957986
        },
        "(170.997, 175.496]": {
          "Éxito": 0.9411764705882353,
          "Error": 0.058823529411764705
        },
        "(175.496, 179.994]": {
          "Éxito": 0.9558232931726908,
          "Error": 0.04417670682730924
        }
      }
    },
    "roll_off": {
      "is_categorical": false,
      "bins": 10,
      "values": {
        "(0.2, 0.21]": {
          "Éxito": 0.9545454545454546,
          "Error": 0.045454545454545456
        },
        "(0.21, 0.22]": {
          "Éxito": 0.9453125,
          "Error": 0.0546875
        },
        "(0.22, 0.23]": {
          "Éxito": 0.9354838709677419,
          "Error": 0.06451612903225806
        },
        "(0.23, 0.24]": {
          "Éxito": 0.944,
          "Error": 0.056
        },
        "(0.24, 0.25]": {
          "Éxito": 0.9488188976377953,
          "Error": 0.051181102362204724
        },
        "(0.25, 0.26]": {
          "Éxito": 0.9230769230769231,
          "Error": 0.07692307692307693
        },
        "(0.26, 0.27]": {
          "Éxito": 0.9437229437229437,
          "Error": 0.05627705627705628
        },
        "(0.27, 0.28]": {
          "Éxito": 0.9543568464730291,
          "Error": 0.04564315352697095
        },
        "(0.28, 0.29]": {
          "Éxito": 0.9683794466403162,
          "Error": 0.03162055335968379
        },
        "(0.29, 0.3]": {
          "Éxito": 0.9397590361445783,
          "Error": 0.060240963855421686
        }
      }
    }
  }
}