{
  "experiment": {
    "name": "ARQ_2__ESC_9",
    "timestamp": "2025-06-19T22:34:20.748725",
    "repeat_index": 5
  },
  "effects": {
    "num_taps": {
      "is_categorical": true,
      "bins": null,
      "values": {
        "2": {
          "Éxito": 0.9822591145833334,
          "Error": 0.017740885416666668
        }
      }
    },
    "snr_db": {
      "is_categorical": false,
      "bins": 10,
      "values": {
        "(7.997, 8.401]": {
          "Éxito": 0.9551282051282052,
          "Error": 0.04487179487179487
        },
        "(8.401, 8.801]": {
          "Éxito": 0.9746192893401016,
          "Error": 0.025380710659898477
        },
        "(8.801, 9.2]": {
          "Éxito": 0.985,
          "Error": 0.015
        },
        "(9.2, 9.6]": {
          "Éxito": 0.9829984544049459,
          "Error": 0.017001545595054096
        },
        "(9.6, 10.0]": {
          "Éxito": 0.9773095623987034,
          "Error": 0.022690437601296597
        },
        "(10.0, 10.4]": {
          "Éxito": 0.9793103448275862,
          "Error": 0.020689655172413793
        },
        "(10.4, 10.8]": {
          "Éxito": 0.99079754601227,
          "Error": 0.009202453987730062
        },
        "(10.8, 11.2]": {
          "Éxito": 0.988976377952756,
          "Error": 0.011023622047244094
        },
        "(11.2, 11.599]": {
          "Éxito": 0.995114006514658,
          "Error": 0.004885993485342019
        },
        "(11.599, 11.999]": {
          "Éxito": 0.9931506849315068,
          "Error": 0.00684931506849315
        }
      }
    },
    "phase_offset": {
      "is_categorical": false,
      "bins": 10,
      "values": {
        "(44.968, 49.511]": {
          "Éxito": 0.9838449111470113,
          "Error": 0.01615508885298869
        },
        "(49.511, 54.009]": {
          "Éxito": 0.9826989619377162,
          "Error": 0.01730103806228374
        },
        "(54.009, 58.507]": {
          "Éxito": 0.9902120717781403,
          "Error": 0.009787928221859706
        },
        "(58.507, 63.005]": {
          "Éxito": 0.9749163879598662,
          "Error": 0.02508361204013378
        },
        "(63.005, 67.503]": {
          "Éxito": 0.9821717990275527,
          "Error": 0.017828200972447326
        },
        "(67.503, 72.001]": {
          "Éxito": 0.9796238244514106,
          "Error": 0.02037617554858934
        },
        "(72.001, 76.499]": {
          "Éxito": 0.984251968503937,
          "Error": 0.015748031496062992
        },
        "(76.499, 80.997]": {
          "Éxito": 0.9825673534072901,
          "Error": 0.017432646592709985
        },
        "(80.997, 85.495]": {
          "Éxito": 0.9738562091503268,
          "Error": 0.026143790849673203
        },
        "(85.495, 89.993]": {
          "Éxito": 0.988391376451078,
          "Error": 0.011608623548922056
        }
      }
    },
    "roll_off": {
      "is_categorical": false,
      "bins": 10,
      "values": {
        "(0.2, 0.21]": {
          "Éxito": 0.9763406940063092,
          "Error": 0.02365930599369085
        },
        "(0.21, 0.22]": {
          "Éxito": 0.9824281150159745,
          "Error": 0.01757188498402556
        },
        "(0.22, 0.23]": {
          "Éxito": 0.9905660377358491,
          "Error": 0.009433962264150943
        },
        "(0.23, 0.24]": {
          "Éxito": 0.9817275747508306,
          "Error": 0.018272425249169437
        },
        "(0.24, 0.25]": {
          "Éxito": 0.9859894921190894,
          "Error": 0.014010507880910683
        },
        "(0.25, 0.26]": {
          "Éxito": 0.9793103448275862,
          "Error": 0.020689655172413793
        },
        "(0.26, 0.27]": {
          "Éxito": 0.9844236760124611,
          "Error": 0.01557632398753894
        },
        "(0.27, 0.28]": {
          "Éxito": 0.9873217115689382,
          "Error": 0.012678288431061807
        },
        "(0.28, 0.29]": {
          "Éxito": 0.9806138933764136,
          "Error": 0.01938610662358643
        },
        "(0.29, 0.3]": {
          "Éxito": 0.9734660033167496,
          "Error": 0.026533996683250415
        }
      }
    }
  }
}