{
  "experiment": {
    "name": "cnn_bilstm_attn_esc_7",
    "timestamp": "2025-06-22T18:32:18.955524",
    "repeat_index": 2,
    "fold_index": 0
  },
  "effects": {
    "num_taps": {
      "is_categorical": true,
      "bins": null,
      "values": {
        "4": {
          "Éxito": 0.871033360455655,
          "Error": 0.128966639544345
        }
      }
    },
    "snr_db": {
      "is_categorical": false,
      "bins": 10,
      "values": {
        "(7.999, 8.403]": {
          "Éxito": 0.8482142857142857,
          "Error": 0.15178571428571427
        },
        "(8.403, 8.802]": {
          "Éxito": 0.868421052631579,
          "Error": 0.13157894736842105
        },
        "(8.802, 9.202]": {
          "Éxito": 0.9008264462809917,
          "Error": 0.09917355371900827
        },
        "(9.202, 9.602]": {
          "Éxito": 0.9033613445378151,
          "Error": 0.09663865546218488
        },
        "(9.602, 10.001]": {
          "Éxito": 0.8627450980392157,
          "Error": 0.13725490196078433
        },
        "(10.001, 10.401]": {
          "Éxito": 0.867704280155642,
          "Error": 0.13229571984435798
        },
        "(10.401, 10.8]": {
          "Éxito": 0.879245283018868,
          "Error": 0.12075471698113208
        },
        "(10.8, 11.2]": {
          "Éxito": 0.8502024291497976,
          "Error": 0.14979757085020243
        },
        "(11.2, 11.599]": {
          "Éxito": 0.8793774319066148,
          "Error": 0.12062256809338522
        },
        "(11.599, 11.999]": {
          "Éxito": 0.8489795918367347,
          "Error": 0.1510204081632653
        }
      }
    },
    "phase_offset": {
      "is_categorical": false,
      "bins": 10,
      "values": {
        "(-0.0427, 4.499]": {
          "Éxito": 0.8650793650793651,
          "Error": 0.1349206349206349
        },
        "(4.499, 8.996]": {
          "Éxito": 0.8555555555555555,
          "Error": 0.14444444444444443
        },
        "(8.996, 13.493]": {
          "Éxito": 0.8760683760683761,
          "Error": 0.12393162393162394
        },
        "(13.493, 17.99]": {
          "Éxito": 0.8734693877551021,
          "Error": 0.12653061224489795
        },
        "(17.99, 22.487]": {
          "Éxito": 0.8596491228070176,
          "Error": 0.14035087719298245
        },
        "(22.487, 26.984]": {
          "Éxito": 0.8871595330739299,
          "Error": 0.11284046692607004
        },
        "(26.984, 31.481]": {
          "Éxito": 0.87109375,
          "Error": 0.12890625
        },
        "(31.481, 35.978]": {
          "Éxito": 0.8448979591836735,
          "Error": 0.15510204081632653
        },
        "(35.978, 40.475]": {
          "Éxito": 0.8808510638297873,
          "Error": 0.11914893617021277
        },
        "(40.475, 44.972]": {
          "Éxito": 0.8983050847457628,
          "Error": 0.1016949152542373
        }
      }
    },
    "roll_off": {
      "is_categorical": false,
      "bins": 10,
      "values": {
        "(0.2, 0.21]": {
          "Éxito": 0.8860759493670886,
          "Error": 0.11392405063291139
        },
        "(0.21, 0.22]": {
          "Éxito": 0.852589641434263,
          "Error": 0.14741035856573706
        },
        "(0.22, 0.23]": {
          "Éxito": 0.8854625550660793,
          "Error": 0.1145374449339207
        },
        "(0.23, 0.24]": {
          "Éxito": 0.8616600790513834,
          "Error": 0.1383399209486166
        },
        "(0.24, 0.25]": {
          "Éxito": 0.8776371308016878,
          "Error": 0.12236286919831224
        },
        "(0.25, 0.26]": {
          "Éxito": 0.84251968503937,
          "Error": 0.15748031496062992
        },
        "(0.26, 0.27]": {
          "Éxito": 0.8683127572016461,
          "Error": 0.13168724279835392
        },
        "(0.27, 0.28]": {
          "Éxito": 0.8945147679324894,
          "Error": 0.10548523206751055
        },
        "(0.28, 0.29]": {
          "Éxito": 0.8764478764478765,
          "Error": 0.12355212355212356
        },
        "(0.29, 0.3]": {
          "Éxito": 0.8692307692307693,
          "Error": 0.13076923076923078
        }
      }
    }
  }
}