{
  "experiment": {
    "name": "cnn_bilstm_attn_esc_6",
    "timestamp": "2025-06-23T13:52:17.635224",
    "repeat_index": 2,
    "fold_index": 2
  },
  "evaluation": {
    "loss": 0.07215206325054169,
    "accuracy": 0.9837266206741333
  },
  "classification_report": {
    "bpsk": {
      "precision": 1.0,
      "recall": 1.0,
      "f1-score": 1.0,
      "support": 409.0
    },
    "qpsk": {
      "precision": 1.0,
      "recall": 1.0,
      "f1-score": 1.0,
      "support": 410.0
    },
    "16qam": {
      "precision": 1.0,
      "recall": 1.0,
      "f1-score": 1.0,
      "support": 410.0
    },
    "32qam cross": {
      "precision": 0.97,
      "recall": 0.9486552567237164,
      "f1-score": 0.9592088998763907,
      "support": 409.0
    },
    "64qam": {
      "precision": 0.9878640776699029,
      "recall": 0.9926829268292683,
      "f1-score": 0.9902676399026763,
      "support": 410.0
    },
    "128qam cross": {
      "precision": 0.9448441247002398,
      "recall": 0.9609756097560975,
      "f1-score": 0.9528415961305925,
      "support": 410.0
    },
    "accuracy": 0.983726606997559,
    "macro avg": {
      "precision": 0.9837847003950237,
      "recall": 0.9837189655515136,
      "f1-score": 0.9837196893182765,
      "support": 2458.0
    },
    "weighted avg": {
      "precision": 0.9837837115426196,
      "recall": 0.983726606997559,
      "f1-score": 0.9837230377636632,
      "support": 2458.0
    }
  }
}