{
  "experiment": {
    "name": "ARQ_3__ESC_10",
    "timestamp": "2025-06-19T20:50:14.523411",
    "repeat_index": 1
  },
  "evaluation": {
    "loss": 0.14889760315418243,
    "accuracy": 0.9619140625
  },
  "classification_report": {
    "bpsk": {
      "precision": 1.0,
      "recall": 1.0,
      "f1-score": 1.0,
      "support": 1024.0
    },
    "qpsk": {
      "precision": 1.0,
      "recall": 0.998046875,
      "f1-score": 0.9990224828934506,
      "support": 1024.0
    },
    "16qam": {
      "precision": 0.9844961240310077,
      "recall": 0.9921875,
      "f1-score": 0.9883268482490273,
      "support": 1024.0
    },
    "32qam cross": {
      "precision": 0.8850141376060321,
      "recall": 0.9169921875,
      "f1-score": 0.9007194244604316,
      "support": 1024.0
    },
    "64qam": {
      "precision": 0.9863680623174295,
      "recall": 0.9892578125,
      "f1-score": 0.9878108239882983,
      "support": 1024.0
    },
    "128qam cross": {
      "precision": 0.9161554192229039,
      "recall": 0.875,
      "f1-score": 0.8951048951048951,
      "support": 1024.0
    },
    "accuracy": 0.9619140625,
    "macro avg": {
      "precision": 0.9620056238628956,
      "recall": 0.9619140625,
      "f1-score": 0.9618307457826839,
      "support": 6144.0
    },
    "weighted avg": {
      "precision": 0.9620056238628956,
      "recall": 0.9619140625,
      "f1-score": 0.9618307457826839,
      "support": 6144.0
    }
  }
}