{
  "experiment": {
    "name": "ARQ_3__ESC_10",
    "timestamp": "2025-06-19T20:50:15.061444",
    "repeat_index": 1
  },
  "effects": {
    "num_taps": {
      "is_categorical": true,
      "bins": null,
      "values": {
        "2": {
          "Éxito": 0.9619140625,
          "Error": 0.0380859375
        }
      }
    },
    "snr_db": {
      "is_categorical": false,
      "bins": 10,
      "values": {
        "(7.997, 8.401]": {
          "Éxito": 0.942457231726283,
          "Error": 0.05754276827371695
        },
        "(8.401, 8.801]": {
          "Éxito": 0.9490333919156415,
          "Error": 0.050966608084358524
        },
        "(8.801, 9.201]": {
          "Éxito": 0.954983922829582,
          "Error": 0.04501607717041801
        },
        "(9.201, 9.6]": {
          "Éxito": 0.9568,
          "Error": 0.0432
        },
        "(9.6, 10.0]": {
          "Éxito": 0.9761146496815286,
          "Error": 0.02388535031847134
        },
        "(10.0, 10.4]": {
          "Éxito": 0.9609507640067911,
          "Error": 0.03904923599320883
        },
        "(10.4, 10.8]": {
          "Éxito": 0.9551282051282052,
          "Error": 0.04487179487179487
        },
        "(10.8, 11.2]": {
          "Éxito": 0.9653543307086614,
          "Error": 0.03464566929133858
        },
        "(11.2, 11.6]": {
          "Éxito": 0.9820846905537459,
          "Error": 0.017915309446254073
        },
        "(11.6, 11.999]": {
          "Éxito": 0.9764705882352941,
          "Error": 0.023529411764705882
        }
      }
    },
    "phase_offset": {
      "is_categorical": false,
      "bins": 10,
      "values": {
        "(89.957, 94.5]": {
          "Éxito": 0.9678456591639871,
          "Error": 0.03215434083601286
        },
        "(94.5, 98.998]": {
          "Éxito": 0.9667721518987342,
          "Error": 0.03322784810126582
        },
        "(98.998, 103.496]": {
          "Éxito": 0.9663461538461539,
          "Error": 0.03365384615384615
        },
        "(103.496, 107.994]": {
          "Éxito": 0.9532258064516129,
          "Error": 0.0467741935483871
        },
        "(107.994, 112.492]": {
          "Éxito": 0.9491803278688524,
          "Error": 0.05081967213114754
        },
        "(112.492, 116.99]": {
          "Éxito": 0.966499162479062,
          "Error": 0.03350083752093802
        },
        "(116.99, 121.488]": {
          "Éxito": 0.9622047244094488,
          "Error": 0.03779527559055118
        },
        "(121.488, 125.986]": {
          "Éxito": 0.9700787401574803,
          "Error": 0.029921259842519685
        },
        "(125.986, 130.483]": {
          "Éxito": 0.9716193656093489,
          "Error": 0.028380634390651086
        },
        "(130.483, 134.981]": {
          "Éxito": 0.9438596491228071,
          "Error": 0.056140350877192984
        }
      }
    },
    "roll_off": {
      "is_categorical": false,
      "bins": 10,
      "values": {
        "(0.2, 0.21]": {
          "Éxito": 0.9413735343383585,
          "Error": 0.05862646566164154
        },
        "(0.21, 0.22]": {
          "Éxito": 0.9653543307086614,
          "Error": 0.03464566929133858
        },
        "(0.22, 0.23]": {
          "Éxito": 0.9639175257731959,
          "Error": 0.03608247422680412
        },
        "(0.23, 0.24]": {
          "Éxito": 0.9534482758620689,
          "Error": 0.04655172413793104
        },
        "(0.24, 0.25]": {
          "Éxito": 0.9684044233807267,
          "Error": 0.0315955766192733
        },
        "(0.25, 0.26]": {
          "Éxito": 0.9497041420118343,
          "Error": 0.05029585798816568
        },
        "(0.26, 0.27]": {
          "Éxito": 0.969439728353141,
          "Error": 0.030560271646859084
        },
        "(0.27, 0.28]": {
          "Éxito": 0.9705400981996727,
          "Error": 0.029459901800327332
        },
        "(0.28, 0.29]": {
          "Éxito": 0.9648,
          "Error": 0.0352
        },
        "(0.29, 0.3]": {
          "Éxito": 0.9724025974025974,
          "Error": 0.027597402597402596
        }
      }
    }
  }
}