{
  "experiment": {
    "name": "ARQ_1__ESC_1",
    "timestamp": "2025-06-21T14:02:50.455959",
    "repeat_index": 9
  },
  "effects": {
    "num_taps": {
      "is_categorical": true,
      "bins": null,
      "values": {
        "2": {
          "Éxito": 0.82177734375,
          "Error": 0.17822265625
        }
      }
    },
    "snr_db": {
      "is_categorical": false,
      "bins": 10,
      "values": {
        "(-0.00268, 0.401]": {
          "Éxito": 0.760586319218241,
          "Error": 0.23941368078175895
        },
        "(0.401, 0.801]": {
          "Éxito": 0.7987711213517665,
          "Error": 0.2012288786482335
        },
        "(0.801, 1.201]": {
          "Éxito": 0.7908011869436202,
          "Error": 0.20919881305637983
        },
        "(1.201, 1.6]": {
          "Éxito": 0.8036303630363036,
          "Error": 0.19636963696369636
        },
        "(1.6, 2.0]": {
          "Éxito": 0.8290322580645161,
          "Error": 0.17096774193548386
        },
        "(2.0, 2.4]": {
          "Éxito": 0.8126009693053312,
          "Error": 0.18739903069466882
        },
        "(2.4, 2.799]": {
          "Éxito": 0.8590831918505942,
          "Error": 0.14091680814940577
        },
        "(2.799, 3.199]": {
          "Éxito": 0.8648180242634316,
          "Error": 0.13518197573656845
        },
        "(3.199, 3.599]": {
          "Éxito": 0.8388704318936877,
          "Error": 0.1611295681063123
        },
        "(3.599, 3.999]": {
          "Éxito": 0.8699324324324325,
          "Error": 0.13006756756756757
        }
      }
    },
    "phase_offset": {
      "is_categorical": false,
      "bins": 10,
      "values": {
        "(-0.0368, 4.506]": {
          "Éxito": 0.833605220228385,
          "Error": 0.16639477977161501
        },
        "(4.506, 9.004]": {
          "Éxito": 0.8200636942675159,
          "Error": 0.17993630573248406
        },
        "(9.004, 13.502]": {
          "Éxito": 0.8127035830618893,
          "Error": 0.18729641693811075
        },
        "(13.502, 17.999]": {
          "Éxito": 0.8146341463414634,
          "Error": 0.18536585365853658
        },
        "(17.999, 22.497]": {
          "Éxito": 0.839527027027027,
          "Error": 0.16047297297297297
        },
        "(22.497, 26.995]": {
          "Éxito": 0.807936507936508,
          "Error": 0.19206349206349208
        },
        "(26.995, 31.493]": {
          "Éxito": 0.8073836276083467,
          "Error": 0.1926163723916533
        },
        "(31.493, 35.991]": {
          "Éxito": 0.8247078464106845,
          "Error": 0.17529215358931552
        },
        "(35.991, 40.488]": {
          "Éxito": 0.8307952622673435,
          "Error": 0.1692047377326565
        },
        "(40.488, 44.986]": {
          "Éxito": 0.8278560250391236,
          "Error": 0.17214397496087636
        }
      }
    },
    "roll_off": {
      "is_categorical": false,
      "bins": 10,
      "values": {
        "(0.2, 0.21]": {
          "Éxito": 0.800978792822186,
          "Error": 0.19902120717781402
        },
        "(0.21, 0.22]": {
          "Éxito": 0.8346333853354134,
          "Error": 0.16536661466458658
        },
        "(0.22, 0.23]": {
          "Éxito": 0.8126984126984127,
          "Error": 0.1873015873015873
        },
        "(0.23, 0.24]": {
          "Éxito": 0.8214849921011058,
          "Error": 0.17851500789889416
        },
        "(0.24, 0.25]": {
          "Éxito": 0.81421647819063,
          "Error": 0.18578352180936994
        },
        "(0.25, 0.26]": {
          "Éxito": 0.8033333333333333,
          "Error": 0.19666666666666666
        },
        "(0.26, 0.27]": {
          "Éxito": 0.8105436573311368,
          "Error": 0.18945634266886327
        },
        "(0.27, 0.28]": {
          "Éxito": 0.8596491228070176,
          "Error": 0.14035087719298245
        },
        "(0.28, 0.29]": {
          "Éxito": 0.8224137931034483,
          "Error": 0.17758620689655172
        },
        "(0.29, 0.3]": {
          "Éxito": 0.8367003367003367,
          "Error": 0.1632996632996633
        }
      }
    }
  }
}