{
  "experiment": {
    "name": "ARQ_1__ESC_9",
    "timestamp": "2025-06-22T08:24:08.298950",
    "repeat_index": 7
  },
  "effects": {
    "num_taps": {
      "is_categorical": true,
      "bins": null,
      "values": {
        "2": {
          "Éxito": 0.9778645833333334,
          "Error": 0.022135416666666668
        }
      }
    },
    "snr_db": {
      "is_categorical": false,
      "bins": 10,
      "values": {
        "(7.997, 8.401]": {
          "Éxito": 0.9615384615384616,
          "Error": 0.038461538461538464
        },
        "(8.401, 8.801]": {
          "Éxito": 0.9729272419627749,
          "Error": 0.02707275803722504
        },
        "(8.801, 9.2]": {
          "Éxito": 0.965,
          "Error": 0.035
        },
        "(9.2, 9.6]": {
          "Éxito": 0.973724884080371,
          "Error": 0.02627511591962906
        },
        "(9.6, 10.0]": {
          "Éxito": 0.9756888168557536,
          "Error": 0.024311183144246355
        },
        "(10.0, 10.4]": {
          "Éxito": 0.9862068965517241,
          "Error": 0.013793103448275862
        },
        "(10.4, 10.8]": {
          "Éxito": 0.9815950920245399,
          "Error": 0.018404907975460124
        },
        "(10.8, 11.2]": {
          "Éxito": 0.9826771653543307,
          "Error": 0.01732283464566929
        },
        "(11.2, 11.599]": {
          "Éxito": 0.990228013029316,
          "Error": 0.009771986970684038
        },
        "(11.599, 11.999]": {
          "Éxito": 0.9897260273972602,
          "Error": 0.010273972602739725
        }
      }
    },
    "phase_offset": {
      "is_categorical": false,
      "bins": 10,
      "values": {
        "(44.968, 49.511]": {
          "Éxito": 0.9741518578352181,
          "Error": 0.025848142164781908
        },
        "(49.511, 54.009]": {
          "Éxito": 0.9809688581314879,
          "Error": 0.01903114186851211
        },
        "(54.009, 58.507]": {
          "Éxito": 0.9885807504078303,
          "Error": 0.011419249592169658
        },
        "(58.507, 63.005]": {
          "Éxito": 0.9682274247491639,
          "Error": 0.03177257525083612
        },
        "(63.005, 67.503]": {
          "Éxito": 0.9789303079416531,
          "Error": 0.02106969205834684
        },
        "(67.503, 72.001]": {
          "Éxito": 0.9733542319749217,
          "Error": 0.02664576802507837
        },
        "(72.001, 76.499]": {
          "Éxito": 0.9811023622047244,
          "Error": 0.01889763779527559
        },
        "(76.499, 80.997]": {
          "Éxito": 0.9746434231378764,
          "Error": 0.025356576862123614
        },
        "(80.997, 85.495]": {
          "Éxito": 0.9787581699346405,
          "Error": 0.021241830065359478
        },
        "(85.495, 89.993]": {
          "Éxito": 0.9800995024875622,
          "Error": 0.01990049751243781
        }
      }
    },
    "roll_off": {
      "is_categorical": false,
      "bins": 10,
      "values": {
        "(0.2, 0.21]": {
          "Éxito": 0.9747634069400631,
          "Error": 0.025236593059936908
        },
        "(0.21, 0.22]": {
          "Éxito": 0.9808306709265175,
          "Error": 0.019169329073482427
        },
        "(0.22, 0.23]": {
          "Éxito": 0.9842767295597484,
          "Error": 0.015723270440251572
        },
        "(0.23, 0.24]": {
          "Éxito": 0.9750830564784053,
          "Error": 0.024916943521594685
        },
        "(0.24, 0.25]": {
          "Éxito": 0.9842381786339754,
          "Error": 0.01576182136602452
        },
        "(0.25, 0.26]": {
          "Éxito": 0.9689655172413794,
          "Error": 0.03103448275862069
        },
        "(0.26, 0.27]": {
          "Éxito": 0.9750778816199377,
          "Error": 0.024922118380062305
        },
        "(0.27, 0.28]": {
          "Éxito": 0.9809825673534073,
          "Error": 0.01901743264659271
        },
        "(0.28, 0.29]": {
          "Éxito": 0.9838449111470113,
          "Error": 0.01615508885298869
        },
        "(0.29, 0.3]": {
          "Éxito": 0.9701492537313433,
          "Error": 0.029850746268656716
        }
      }
    }
  }
}