{
  "experiment": {
    "name": "cnn_bilstm_attn_esc_6",
    "timestamp": "2025-06-17T08:28:53.850718",
    "repeat_index": 0,
    "fold_index": 3
  },
  "evaluation": {
    "loss": 0.10548447072505951,
    "accuracy": 0.9788445830345154
  },
  "classification_report": {
    "bpsk": {
      "precision": 1.0,
      "recall": 1.0,
      "f1-score": 1.0,
      "support": 410.0
    },
    "qpsk": {
      "precision": 1.0,
      "recall": 1.0,
      "f1-score": 1.0,
      "support": 410.0
    },
    "16qam": {
      "precision": 1.0,
      "recall": 0.9975609756097561,
      "f1-score": 0.9987789987789988,
      "support": 410.0
    },
    "32qam cross": {
      "precision": 0.9247058823529412,
      "recall": 0.9585365853658536,
      "f1-score": 0.941317365269461,
      "support": 410.0
    },
    "64qam": {
      "precision": 0.9927184466019418,
      "recall": 1.0,
      "f1-score": 0.9963459196102314,
      "support": 409.0
    },
    "128qam cross": {
      "precision": 0.9566326530612245,
      "recall": 0.9168704156479217,
      "f1-score": 0.9363295880149811,
      "support": 409.0
    },
    "accuracy": 0.9788445890968267,
    "macro avg": {
      "precision": 0.9790094970026847,
      "recall": 0.9788279961039219,
      "f1-score": 0.9787953119456122,
      "support": 2458.0
    },
    "weighted avg": {
      "precision": 0.9790130234039628,
      "recall": 0.9788445890968267,
      "f1-score": 0.9788054482825794,
      "support": 2458.0
    }
  }
}