{
  "experiment": {
    "name": "cnn_bilstm_attn_esc_6",
    "timestamp": "2025-06-17T08:28:54.716986",
    "repeat_index": 0,
    "fold_index": 3
  },
  "effects": {
    "num_taps": {
      "is_categorical": true,
      "bins": null,
      "values": {
        "1": {
          "Éxito": 0.9788445890968267,
          "Error": 0.02115541090317331
        }
      }
    },
    "snr_db": {
      "is_categorical": false,
      "bins": 10,
      "values": {
        "(7.997, 8.401]": {
          "Éxito": 0.9651162790697675,
          "Error": 0.03488372093023256
        },
        "(8.401, 8.8]": {
          "Éxito": 0.9566929133858267,
          "Error": 0.04330708661417323
        },
        "(8.8, 9.2]": {
          "Éxito": 0.992,
          "Error": 0.008
        },
        "(9.2, 9.6]": {
          "Éxito": 0.9631147540983607,
          "Error": 0.036885245901639344
        },
        "(9.6, 10.0]": {
          "Éxito": 0.9790794979079498,
          "Error": 0.02092050209205021
        },
        "(10.0, 10.4]": {
          "Éxito": 0.988,
          "Error": 0.012
        },
        "(10.4, 10.8]": {
          "Éxito": 0.9824561403508771,
          "Error": 0.017543859649122806
        },
        "(10.8, 11.2]": {
          "Éxito": 0.984375,
          "Error": 0.015625
        },
        "(11.2, 11.6]": {
          "Éxito": 0.9832635983263598,
          "Error": 0.016736401673640166
        },
        "(11.6, 12.0]": {
          "Éxito": 0.9958333333333333,
          "Error": 0.004166666666666667
        }
      }
    },
    "phase_offset": {
      "is_categorical": false,
      "bins": 10,
      "values": {
        "(-0.0417, 4.503]": {
          "Éxito": 0.9619771863117871,
          "Error": 0.03802281368821293
        },
        "(4.503, 9.002]": {
          "Éxito": 0.9739130434782609,
          "Error": 0.02608695652173913
        },
        "(9.002, 13.502]": {
          "Éxito": 0.9786324786324786,
          "Error": 0.021367521367521368
        },
        "(13.502, 18.001]": {
          "Éxito": 0.9730769230769231,
          "Error": 0.026923076923076925
        },
        "(18.001, 22.5]": {
          "Éxito": 0.9849624060150376,
          "Error": 0.015037593984962405
        },
        "(22.5, 27.0]": {
          "Éxito": 0.9832635983263598,
          "Error": 0.016736401673640166
        },
        "(27.0, 31.499]": {
          "Éxito": 0.9771863117870723,
          "Error": 0.022813688212927757
        },
        "(31.499, 35.999]": {
          "Éxito": 0.981651376146789,
          "Error": 0.01834862385321101
        },
        "(35.999, 40.498]": {
          "Éxito": 0.9919354838709677,
          "Error": 0.008064516129032258
        },
        "(40.498, 44.997]": {
          "Éxito": 0.9831223628691983,
          "Error": 0.016877637130801686
        }
      }
    },
    "roll_off": {
      "is_categorical": false,
      "bins": 10,
      "values": {
        "(0.2, 0.21]": {
          "Éxito": 0.9621848739495799,
          "Error": 0.037815126050420166
        },
        "(0.21, 0.22]": {
          "Éxito": 0.9722222222222222,
          "Error": 0.027777777777777776
        },
        "(0.22, 0.23]": {
          "Éxito": 0.9838056680161943,
          "Error": 0.016194331983805668
        },
        "(0.23, 0.24]": {
          "Éxito": 0.9714285714285714,
          "Error": 0.02857142857142857
        },
        "(0.24, 0.25]": {
          "Éxito": 0.987012987012987,
          "Error": 0.012987012987012988
        },
        "(0.25, 0.26]": {
          "Éxito": 0.972972972972973,
          "Error": 0.02702702702702703
        },
        "(0.26, 0.27]": {
          "Éxito": 0.9788135593220338,
          "Error": 0.0211864406779661
        },
        "(0.27, 0.28]": {
          "Éxito": 0.9801587301587301,
          "Error": 0.01984126984126984
        },
        "(0.28, 0.29]": {
          "Éxito": 0.9872340425531915,
          "Error": 0.01276595744680851
        },
        "(0.29, 0.3]": {
          "Éxito": 0.9955947136563876,
          "Error": 0.004405286343612335
        }
      }
    }
  }
}