{
  "experiment": {
    "name": "ARQ_1__ESC_9",
    "timestamp": "2025-06-22T06:45:53.149201",
    "repeat_index": 5
  },
  "effects": {
    "num_taps": {
      "is_categorical": true,
      "bins": null,
      "values": {
        "2": {
          "Éxito": 0.97802734375,
          "Error": 0.02197265625
        }
      }
    },
    "snr_db": {
      "is_categorical": false,
      "bins": 10,
      "values": {
        "(7.997, 8.401]": {
          "Éxito": 0.9711538461538461,
          "Error": 0.028846153846153848
        },
        "(8.401, 8.801]": {
          "Éxito": 0.9661590524534687,
          "Error": 0.0338409475465313
        },
        "(8.801, 9.2]": {
          "Éxito": 0.9733333333333334,
          "Error": 0.02666666666666667
        },
        "(9.2, 9.6]": {
          "Éxito": 0.98145285935085,
          "Error": 0.01854714064914992
        },
        "(9.6, 10.0]": {
          "Éxito": 0.9708265802269044,
          "Error": 0.029173419773095625
        },
        "(10.0, 10.4]": {
          "Éxito": 0.9827586206896551,
          "Error": 0.017241379310344827
        },
        "(10.4, 10.8]": {
          "Éxito": 0.9800613496932515,
          "Error": 0.019938650306748466
        },
        "(10.8, 11.2]": {
          "Éxito": 0.9795275590551181,
          "Error": 0.02047244094488189
        },
        "(11.2, 11.599]": {
          "Éxito": 0.990228013029316,
          "Error": 0.009771986970684038
        },
        "(11.599, 11.999]": {
          "Éxito": 0.9845890410958904,
          "Error": 0.015410958904109588
        }
      }
    },
    "phase_offset": {
      "is_categorical": false,
      "bins": 10,
      "values": {
        "(44.968, 49.511]": {
          "Éxito": 0.9806138933764136,
          "Error": 0.01938610662358643
        },
        "(49.511, 54.009]": {
          "Éxito": 0.9775086505190311,
          "Error": 0.02249134948096886
        },
        "(54.009, 58.507]": {
          "Éxito": 0.9869494290375204,
          "Error": 0.013050570962479609
        },
        "(58.507, 63.005]": {
          "Éxito": 0.9765886287625418,
          "Error": 0.023411371237458192
        },
        "(63.005, 67.503]": {
          "Éxito": 0.9805510534846029,
          "Error": 0.019448946515397084
        },
        "(67.503, 72.001]": {
          "Éxito": 0.9827586206896551,
          "Error": 0.017241379310344827
        },
        "(72.001, 76.499]": {
          "Éxito": 0.9732283464566929,
          "Error": 0.026771653543307086
        },
        "(76.499, 80.997]": {
          "Éxito": 0.9825673534072901,
          "Error": 0.017432646592709985
        },
        "(80.997, 85.495]": {
          "Éxito": 0.9754901960784313,
          "Error": 0.024509803921568627
        },
        "(85.495, 89.993]": {
          "Éxito": 0.9635157545605307,
          "Error": 0.03648424543946932
        }
      }
    },
    "roll_off": {
      "is_categorical": false,
      "bins": 10,
      "values": {
        "(0.2, 0.21]": {
          "Éxito": 0.9700315457413249,
          "Error": 0.02996845425867508
        },
        "(0.21, 0.22]": {
          "Éxito": 0.9824281150159745,
          "Error": 0.01757188498402556
        },
        "(0.22, 0.23]": {
          "Éxito": 0.9811320754716981,
          "Error": 0.018867924528301886
        },
        "(0.23, 0.24]": {
          "Éxito": 0.9700996677740864,
          "Error": 0.029900332225913623
        },
        "(0.24, 0.25]": {
          "Éxito": 0.9824868651488616,
          "Error": 0.017513134851138354
        },
        "(0.25, 0.26]": {
          "Éxito": 0.9672413793103448,
          "Error": 0.032758620689655175
        },
        "(0.26, 0.27]": {
          "Éxito": 0.9844236760124611,
          "Error": 0.01557632398753894
        },
        "(0.27, 0.28]": {
          "Éxito": 0.9889064976228209,
          "Error": 0.011093502377179081
        },
        "(0.28, 0.29]": {
          "Éxito": 0.9806138933764136,
          "Error": 0.01938610662358643
        },
        "(0.29, 0.3]": {
          "Éxito": 0.9718076285240465,
          "Error": 0.028192371475953566
        }
      }
    }
  }
}