{
  "experiment": {
    "name": "red_carlos_ESC_9",
    "timestamp": "2025-06-21T03:36:35.263536",
    "repeat_index": 1,
    "fold_index": 3
  },
  "effects": {
    "num_taps": {
      "is_categorical": true,
      "bins": null,
      "values": {
        "2": {
          "Éxito": 0.9544344995931652,
          "Error": 0.045565500406834825
        }
      }
    },
    "snr_db": {
      "is_categorical": false,
      "bins": 10,
      "values": {
        "(7.997, 8.401]": {
          "Éxito": 0.8972332015810277,
          "Error": 0.10276679841897234
        },
        "(8.401, 8.8]": {
          "Éxito": 0.9471544715447154,
          "Error": 0.052845528455284556
        },
        "(8.8, 9.2]": {
          "Éxito": 0.9669421487603306,
          "Error": 0.03305785123966942
        },
        "(9.2, 9.599]": {
          "Éxito": 0.9814814814814815,
          "Error": 0.018518518518518517
        },
        "(9.599, 9.999]": {
          "Éxito": 0.9775784753363229,
          "Error": 0.02242152466367713
        },
        "(9.999, 10.398]": {
          "Éxito": 0.95,
          "Error": 0.05
        },
        "(10.398, 10.798]": {
          "Éxito": 0.9616858237547893,
          "Error": 0.038314176245210725
        },
        "(10.798, 11.197]": {
          "Éxito": 0.9323843416370107,
          "Error": 0.06761565836298933
        },
        "(11.197, 11.597]": {
          "Éxito": 0.9551020408163265,
          "Error": 0.044897959183673466
        },
        "(11.597, 11.997]": {
          "Éxito": 0.9840637450199203,
          "Error": 0.01593625498007968
        }
      }
    },
    "phase_offset": {
      "is_categorical": false,
      "bins": 10,
      "values": {
        "(44.964, 49.506]": {
          "Éxito": 0.928,
          "Error": 0.072
        },
        "(49.506, 54.003]": {
          "Éxito": 0.9547325102880658,
          "Error": 0.04526748971193416
        },
        "(54.003, 58.499]": {
          "Éxito": 0.9372384937238494,
          "Error": 0.06276150627615062
        },
        "(58.499, 62.996]": {
          "Éxito": 0.9819004524886877,
          "Error": 0.01809954751131222
        },
        "(62.996, 67.493]": {
          "Éxito": 0.9576923076923077,
          "Error": 0.04230769230769231
        },
        "(67.493, 71.989]": {
          "Éxito": 0.9372384937238494,
          "Error": 0.06276150627615062
        },
        "(71.989, 76.486]": {
          "Éxito": 0.9465648854961832,
          "Error": 0.05343511450381679
        },
        "(76.486, 80.983]": {
          "Éxito": 0.9808429118773946,
          "Error": 0.019157088122605363
        },
        "(80.983, 85.48]": {
          "Éxito": 0.9516129032258065,
          "Error": 0.04838709677419355
        },
        "(85.48, 89.976]": {
          "Éxito": 0.9702127659574468,
          "Error": 0.029787234042553193
        }
      }
    },
    "roll_off": {
      "is_categorical": false,
      "bins": 10,
      "values": {
        "(0.2, 0.21]": {
          "Éxito": 0.9663865546218487,
          "Error": 0.03361344537815126
        },
        "(0.21, 0.22]": {
          "Éxito": 0.9458333333333333,
          "Error": 0.05416666666666667
        },
        "(0.22, 0.23]": {
          "Éxito": 0.9661016949152542,
          "Error": 0.03389830508474576
        },
        "(0.23, 0.24]": {
          "Éxito": 0.9615384615384616,
          "Error": 0.038461538461538464
        },
        "(0.24, 0.25]": {
          "Éxito": 0.9471544715447154,
          "Error": 0.052845528455284556
        },
        "(0.25, 0.26]": {
          "Éxito": 0.963265306122449,
          "Error": 0.036734693877551024
        },
        "(0.26, 0.27]": {
          "Éxito": 0.9384615384615385,
          "Error": 0.06153846153846154
        },
        "(0.27, 0.28]": {
          "Éxito": 0.9387755102040817,
          "Error": 0.061224489795918366
        },
        "(0.28, 0.29]": {
          "Éxito": 0.9581589958158996,
          "Error": 0.04184100418410042
        },
        "(0.29, 0.3]": {
          "Éxito": 0.9598393574297188,
          "Error": 0.040160642570281124
        }
      }
    }
  }
}