{
  "experiment": {
    "name": "ARQ_2__ESC_10",
    "timestamp": "2025-06-20T00:10:42.316968",
    "repeat_index": 4
  },
  "effects": {
    "num_taps": {
      "is_categorical": true,
      "bins": null,
      "values": {
        "2": {
          "Éxito": 0.97705078125,
          "Error": 0.02294921875
        }
      }
    },
    "snr_db": {
      "is_categorical": false,
      "bins": 10,
      "values": {
        "(7.997, 8.401]": {
          "Éxito": 0.9611197511664075,
          "Error": 0.038880248833592534
        },
        "(8.401, 8.801]": {
          "Éxito": 0.9718804920913884,
          "Error": 0.028119507908611598
        },
        "(8.801, 9.201]": {
          "Éxito": 0.9630225080385852,
          "Error": 0.03697749196141479
        },
        "(9.201, 9.6]": {
          "Éxito": 0.976,
          "Error": 0.024
        },
        "(9.6, 10.0]": {
          "Éxito": 0.9904458598726115,
          "Error": 0.009554140127388535
        },
        "(10.0, 10.4]": {
          "Éxito": 0.9796264855687606,
          "Error": 0.02037351443123939
        },
        "(10.4, 10.8]": {
          "Éxito": 0.9791666666666666,
          "Error": 0.020833333333333332
        },
        "(10.8, 11.2]": {
          "Éxito": 0.9763779527559056,
          "Error": 0.023622047244094488
        },
        "(11.2, 11.6]": {
          "Éxito": 0.9853420195439739,
          "Error": 0.014657980456026058
        },
        "(11.6, 11.999]": {
          "Éxito": 0.9882352941176471,
          "Error": 0.011764705882352941
        }
      }
    },
    "phase_offset": {
      "is_categorical": false,
      "bins": 10,
      "values": {
        "(89.957, 94.5]": {
          "Éxito": 0.9807073954983923,
          "Error": 0.01929260450160772
        },
        "(94.5, 98.998]": {
          "Éxito": 0.9762658227848101,
          "Error": 0.023734177215189875
        },
        "(98.998, 103.496]": {
          "Éxito": 0.9727564102564102,
          "Error": 0.027243589743589744
        },
        "(103.496, 107.994]": {
          "Éxito": 0.9790322580645161,
          "Error": 0.020967741935483872
        },
        "(107.994, 112.492]": {
          "Éxito": 0.9688524590163935,
          "Error": 0.03114754098360656
        },
        "(112.492, 116.99]": {
          "Éxito": 0.9681742043551089,
          "Error": 0.031825795644891124
        },
        "(116.99, 121.488]": {
          "Éxito": 0.9811023622047244,
          "Error": 0.01889763779527559
        },
        "(121.488, 125.986]": {
          "Éxito": 0.9811023622047244,
          "Error": 0.01889763779527559
        },
        "(125.986, 130.483]": {
          "Éxito": 0.9833055091819699,
          "Error": 0.01669449081803005
        },
        "(130.483, 134.981]": {
          "Éxito": 0.9789473684210527,
          "Error": 0.021052631578947368
        }
      }
    },
    "roll_off": {
      "is_categorical": false,
      "bins": 10,
      "values": {
        "(0.2, 0.21]": {
          "Éxito": 0.9715242881072027,
          "Error": 0.02847571189279732
        },
        "(0.21, 0.22]": {
          "Éxito": 0.9716535433070866,
          "Error": 0.028346456692913385
        },
        "(0.22, 0.23]": {
          "Éxito": 0.9776632302405498,
          "Error": 0.022336769759450172
        },
        "(0.23, 0.24]": {
          "Éxito": 0.9706896551724138,
          "Error": 0.029310344827586206
        },
        "(0.24, 0.25]": {
          "Éxito": 0.976303317535545,
          "Error": 0.023696682464454975
        },
        "(0.25, 0.26]": {
          "Éxito": 0.9748520710059172,
          "Error": 0.02514792899408284
        },
        "(0.26, 0.27]": {
          "Éxito": 0.9796264855687606,
          "Error": 0.02037351443123939
        },
        "(0.27, 0.28]": {
          "Éxito": 0.9787234042553191,
          "Error": 0.02127659574468085
        },
        "(0.28, 0.29]": {
          "Éxito": 0.9808,
          "Error": 0.0192
        },
        "(0.29, 0.3]": {
          "Éxito": 0.9886363636363636,
          "Error": 0.011363636363636364
        }
      }
    }
  }
}