{
  "experiment": {
    "name": "cnn_bilstm_attn_esc_2",
    "timestamp": "2025-06-19T07:49:55.097995",
    "repeat_index": 3,
    "fold_index": 1
  },
  "effects": {
    "num_taps": {
      "is_categorical": true,
      "bins": null,
      "values": {
        "2": {
          "Éxito": 0.8905614320585842,
          "Error": 0.10943856794141578
        }
      }
    },
    "snr_db": {
      "is_categorical": false,
      "bins": 10,
      "values": {
        "(3.996, 4.4]": {
          "Éxito": 0.8650793650793651,
          "Error": 0.1349206349206349
        },
        "(4.4, 4.8]": {
          "Éxito": 0.8923076923076924,
          "Error": 0.1076923076923077
        },
        "(4.8, 5.2]": {
          "Éxito": 0.8992537313432836,
          "Error": 0.10074626865671642
        },
        "(5.2, 5.6]": {
          "Éxito": 0.8478260869565217,
          "Error": 0.15217391304347827
        },
        "(5.6, 6.0]": {
          "Éxito": 0.9024390243902439,
          "Error": 0.0975609756097561
        },
        "(6.0, 6.4]": {
          "Éxito": 0.88,
          "Error": 0.12
        },
        "(6.4, 6.8]": {
          "Éxito": 0.9105691056910569,
          "Error": 0.08943089430894309
        },
        "(6.8, 7.2]": {
          "Éxito": 0.868995633187773,
          "Error": 0.13100436681222707
        },
        "(7.2, 7.6]": {
          "Éxito": 0.928,
          "Error": 0.072
        },
        "(7.6, 7.999]": {
          "Éxito": 0.9047619047619048,
          "Error": 0.09523809523809523
        }
      }
    },
    "phase_offset": {
      "is_categorical": false,
      "bins": 10,
      "values": {
        "(-0.0429, 4.499]": {
          "Éxito": 0.8634361233480177,
          "Error": 0.13656387665198239
        },
        "(4.499, 8.996]": {
          "Éxito": 0.9128630705394191,
          "Error": 0.08713692946058091
        },
        "(8.996, 13.493]": {
          "Éxito": 0.8907563025210085,
          "Error": 0.1092436974789916
        },
        "(13.493, 17.99]": {
          "Éxito": 0.9036144578313253,
          "Error": 0.0963855421686747
        },
        "(17.99, 22.486]": {
          "Éxito": 0.9073359073359073,
          "Error": 0.09266409266409266
        },
        "(22.486, 26.983]": {
          "Éxito": 0.8821138211382114,
          "Error": 0.11788617886178862
        },
        "(26.983, 31.48]": {
          "Éxito": 0.902834008097166,
          "Error": 0.09716599190283401
        },
        "(31.48, 35.977]": {
          "Éxito": 0.8850574712643678,
          "Error": 0.11494252873563218
        },
        "(35.977, 40.474]": {
          "Éxito": 0.8966942148760331,
          "Error": 0.10330578512396695
        },
        "(40.474, 44.971]": {
          "Éxito": 0.8588709677419355,
          "Error": 0.14112903225806453
        }
      }
    },
    "roll_off": {
      "is_categorical": false,
      "bins": 10,
      "values": {
        "(0.2, 0.21]": {
          "Éxito": 0.8548387096774194,
          "Error": 0.14516129032258066
        },
        "(0.21, 0.22]": {
          "Éxito": 0.9087301587301587,
          "Error": 0.09126984126984126
        },
        "(0.22, 0.23]": {
          "Éxito": 0.9053497942386831,
          "Error": 0.09465020576131687
        },
        "(0.23, 0.24]": {
          "Éxito": 0.8695652173913043,
          "Error": 0.13043478260869565
        },
        "(0.24, 0.25]": {
          "Éxito": 0.9149797570850202,
          "Error": 0.08502024291497975
        },
        "(0.25, 0.26]": {
          "Éxito": 0.8853754940711462,
          "Error": 0.11462450592885376
        },
        "(0.26, 0.27]": {
          "Éxito": 0.9159663865546218,
          "Error": 0.08403361344537816
        },
        "(0.27, 0.28]": {
          "Éxito": 0.8910505836575876,
          "Error": 0.10894941634241245
        },
        "(0.28, 0.29]": {
          "Éxito": 0.9020408163265307,
          "Error": 0.09795918367346938
        },
        "(0.29, 0.3]": {
          "Éxito": 0.8558558558558559,
          "Error": 0.14414414414414414
        }
      }
    }
  }
}