{
  "experiment": {
    "name": "red_carlos_ESC_4",
    "timestamp": "2025-06-18T09:32:59.622812",
    "repeat_index": 3,
    "fold_index": 0
  },
  "evaluation": {
    "loss": 0.0817170962691307,
    "accuracy": 0.9894223213195801
  },
  "classification_report": {
    "bpsk": {
      "precision": 1.0,
      "recall": 1.0,
      "f1-score": 1.0,
      "support": 409.0
    },
    "qpsk": {
      "precision": 1.0,
      "recall": 0.9975609756097561,
      "f1-score": 0.9987789987789988,
      "support": 410.0
    },
    "16qam": {
      "precision": 0.9927007299270073,
      "recall": 0.9951219512195122,
      "f1-score": 0.9939098660170523,
      "support": 410.0
    },
    "32qam cross": {
      "precision": 0.975609756097561,
      "recall": 0.975609756097561,
      "f1-score": 0.975609756097561,
      "support": 410.0
    },
    "64qam": {
      "precision": 0.9926470588235294,
      "recall": 0.9902200488997555,
      "f1-score": 0.9914320685434517,
      "support": 409.0
    },
    "128qam cross": {
      "precision": 0.975669099756691,
      "recall": 0.9780487804878049,
      "f1-score": 0.976857490864799,
      "support": 410.0
    },
    "accuracy": 0.9894222945484134,
    "macro avg": {
      "precision": 0.9894377741007981,
      "recall": 0.9894269187190649,
      "f1-score": 0.9894313633836438,
      "support": 2458.0
    },
    "weighted avg": {
      "precision": 0.9894321713706834,
      "recall": 0.9894222945484134,
      "f1-score": 0.989426249737681,
      "support": 2458.0
    }
  }
}