{
  "experiment": {
    "name": "red_carlos_ESC_4",
    "timestamp": "2025-06-18T09:33:00.030014",
    "repeat_index": 3,
    "fold_index": 0
  },
  "effects": {
    "num_taps": {
      "is_categorical": true,
      "bins": null,
      "values": {
        "2": {
          "Éxito": 0.9894222945484134,
          "Error": 0.010577705451586655
        }
      }
    },
    "snr_db": {
      "is_categorical": false,
      "bins": 10,
      "values": {
        "(11.997, 12.4]": {
          "Éxito": 0.9960159362549801,
          "Error": 0.00398406374501992
        },
        "(12.4, 12.8]": {
          "Éxito": 1.0,
          "Error": 0.0
        },
        "(12.8, 13.2]": {
          "Éxito": 0.9848484848484849,
          "Error": 0.015151515151515152
        },
        "(13.2, 13.6]": {
          "Éxito": 0.9830508474576272,
          "Error": 0.01694915254237288
        },
        "(13.6, 14.0]": {
          "Éxito": 0.9916317991631799,
          "Error": 0.008368200836820083
        },
        "(14.0, 14.4]": {
          "Éxito": 1.0,
          "Error": 0.0
        },
        "(14.4, 14.8]": {
          "Éxito": 0.9878048780487805,
          "Error": 0.012195121951219513
        },
        "(14.8, 15.2]": {
          "Éxito": 0.9879518072289156,
          "Error": 0.012048192771084338
        },
        "(15.2, 15.6]": {
          "Éxito": 0.9868995633187773,
          "Error": 0.013100436681222707
        },
        "(15.6, 15.999]": {
          "Éxito": 0.975103734439834,
          "Error": 0.024896265560165973
        }
      }
    },
    "phase_offset": {
      "is_categorical": false,
      "bins": 10,
      "values": {
        "(-0.0421, 4.502]": {
          "Éxito": 0.9822222222222222,
          "Error": 0.017777777777777778
        },
        "(4.502, 9.0]": {
          "Éxito": 0.9916317991631799,
          "Error": 0.008368200836820083
        },
        "(9.0, 13.499]": {
          "Éxito": 0.9844961240310077,
          "Error": 0.015503875968992248
        },
        "(13.499, 17.998]": {
          "Éxito": 0.9777777777777777,
          "Error": 0.022222222222222223
        },
        "(17.998, 22.496]": {
          "Éxito": 0.9923664122137404,
          "Error": 0.007633587786259542
        },
        "(22.496, 26.995]": {
          "Éxito": 0.9919678714859438,
          "Error": 0.008032128514056224
        },
        "(26.995, 31.494]": {
          "Éxito": 0.9961389961389961,
          "Error": 0.003861003861003861
        },
        "(31.494, 35.992]": {
          "Éxito": 0.9917355371900827,
          "Error": 0.008264462809917356
        },
        "(35.992, 40.491]": {
          "Éxito": 0.9877551020408163,
          "Error": 0.012244897959183673
        },
        "(40.491, 44.99]": {
          "Éxito": 0.9960629921259843,
          "Error": 0.003937007874015748
        }
      }
    },
    "roll_off": {
      "is_categorical": false,
      "bins": 10,
      "values": {
        "(0.2, 0.21]": {
          "Éxito": 0.991869918699187,
          "Error": 0.008130081300813009
        },
        "(0.21, 0.22]": {
          "Éxito": 0.9806201550387597,
          "Error": 0.01937984496124031
        },
        "(0.22, 0.23]": {
          "Éxito": 0.987012987012987,
          "Error": 0.012987012987012988
        },
        "(0.23, 0.24]": {
          "Éxito": 0.9833333333333333,
          "Error": 0.016666666666666666
        },
        "(0.24, 0.25]": {
          "Éxito": 0.9811320754716981,
          "Error": 0.018867924528301886
        },
        "(0.25, 0.26]": {
          "Éxito": 0.9957627118644068,
          "Error": 0.00423728813559322
        },
        "(0.26, 0.27]": {
          "Éxito": 0.9964028776978417,
          "Error": 0.0035971223021582736
        },
        "(0.27, 0.28]": {
          "Éxito": 0.9872340425531915,
          "Error": 0.01276595744680851
        },
        "(0.28, 0.29]": {
          "Éxito": 0.9954128440366973,
          "Error": 0.0045871559633027525
        },
        "(0.29, 0.3]": {
          "Éxito": 0.9960159362549801,
          "Error": 0.00398406374501992
        }
      }
    }
  }
}