{
  "experiment": {
    "name": "red_carlos_ESC_8",
    "timestamp": "2025-06-18T16:52:23.289678",
    "repeat_index": 0,
    "fold_index": 3
  },
  "effects": {
    "num_taps": {
      "is_categorical": true,
      "bins": null,
      "values": {
        "6": {
          "Éxito": 0.6391375101708706,
          "Error": 0.3608624898291294
        }
      }
    },
    "snr_db": {
      "is_categorical": false,
      "bins": 10,
      "values": {
        "(7.996, 8.4]": {
          "Éxito": 0.6131687242798354,
          "Error": 0.3868312757201646
        },
        "(8.4, 8.8]": {
          "Éxito": 0.6431372549019608,
          "Error": 0.3568627450980392
        },
        "(8.8, 9.2]": {
          "Éxito": 0.5983935742971888,
          "Error": 0.40160642570281124
        },
        "(9.2, 9.6]": {
          "Éxito": 0.6390977443609023,
          "Error": 0.3609022556390977
        },
        "(9.6, 10.0]": {
          "Éxito": 0.672645739910314,
          "Error": 0.3273542600896861
        },
        "(10.0, 10.4]": {
          "Éxito": 0.672645739910314,
          "Error": 0.3273542600896861
        },
        "(10.4, 10.8]": {
          "Éxito": 0.632,
          "Error": 0.368
        },
        "(10.8, 11.2]": {
          "Éxito": 0.6330645161290323,
          "Error": 0.36693548387096775
        },
        "(11.2, 11.6]": {
          "Éxito": 0.6254980079681275,
          "Error": 0.3745019920318725
        },
        "(11.6, 12.0]": {
          "Éxito": 0.668,
          "Error": 0.332
        }
      }
    },
    "phase_offset": {
      "is_categorical": false,
      "bins": 10,
      "values": {
        "(-0.0087, 4.529]": {
          "Éxito": 0.6108597285067874,
          "Error": 0.3891402714932127
        },
        "(4.529, 9.022]": {
          "Éxito": 0.652542372881356,
          "Error": 0.3474576271186441
        },
        "(9.022, 13.515]": {
          "Éxito": 0.5943775100401606,
          "Error": 0.40562248995983935
        },
        "(13.515, 18.008]": {
          "Éxito": 0.6380597014925373,
          "Error": 0.3619402985074627
        },
        "(18.008, 22.501]": {
          "Éxito": 0.6745098039215687,
          "Error": 0.3254901960784314
        },
        "(22.501, 26.994]": {
          "Éxito": 0.6308411214953271,
          "Error": 0.3691588785046729
        },
        "(26.994, 31.488]": {
          "Éxito": 0.62890625,
          "Error": 0.37109375
        },
        "(31.488, 35.981]": {
          "Éxito": 0.6615384615384615,
          "Error": 0.3384615384615385
        },
        "(35.981, 40.474]": {
          "Éxito": 0.6625514403292181,
          "Error": 0.3374485596707819
        },
        "(40.474, 44.967]": {
          "Éxito": 0.6328125,
          "Error": 0.3671875
        }
      }
    },
    "roll_off": {
      "is_categorical": false,
      "bins": 10,
      "values": {
        "(0.2, 0.21]": {
          "Éxito": 0.6053639846743295,
          "Error": 0.3946360153256705
        },
        "(0.21, 0.22]": {
          "Éxito": 0.6489795918367347,
          "Error": 0.3510204081632653
        },
        "(0.22, 0.23]": {
          "Éxito": 0.6086956521739131,
          "Error": 0.391304347826087
        },
        "(0.23, 0.24]": {
          "Éxito": 0.664,
          "Error": 0.336
        },
        "(0.24, 0.25]": {
          "Éxito": 0.6234817813765182,
          "Error": 0.3765182186234818
        },
        "(0.25, 0.26]": {
          "Éxito": 0.7073170731707317,
          "Error": 0.2926829268292683
        },
        "(0.26, 0.27]": {
          "Éxito": 0.6108949416342413,
          "Error": 0.38910505836575876
        },
        "(0.27, 0.28]": {
          "Éxito": 0.6607142857142857,
          "Error": 0.3392857142857143
        },
        "(0.28, 0.29]": {
          "Éxito": 0.679324894514768,
          "Error": 0.3206751054852321
        },
        "(0.29, 0.3]": {
          "Éxito": 0.5882352941176471,
          "Error": 0.4117647058823529
        }
      }
    }
  }
}