{
  "experiment": {
    "name": "red_carlos_ESC_6",
    "timestamp": "2025-06-18T13:58:27.817530",
    "repeat_index": 2,
    "fold_index": 2
  },
  "effects": {
    "num_taps": {
      "is_categorical": true,
      "bins": null,
      "values": {
        "1": {
          "Éxito": 0.9727420667209113,
          "Error": 0.02725793327908869
        }
      }
    },
    "snr_db": {
      "is_categorical": false,
      "bins": 10,
      "values": {
        "(7.996, 8.4]": {
          "Éxito": 0.9491525423728814,
          "Error": 0.05084745762711865
        },
        "(8.4, 8.8]": {
          "Éxito": 0.9596774193548387,
          "Error": 0.04032258064516129
        },
        "(8.8, 9.199]": {
          "Éxito": 0.983402489626556,
          "Error": 0.016597510373443983
        },
        "(9.199, 9.599]": {
          "Éxito": 0.968,
          "Error": 0.032
        },
        "(9.599, 9.999]": {
          "Éxito": 0.9657794676806084,
          "Error": 0.034220532319391636
        },
        "(9.999, 10.399]": {
          "Éxito": 0.9806201550387597,
          "Error": 0.01937984496124031
        },
        "(10.399, 10.798]": {
          "Éxito": 0.9770642201834863,
          "Error": 0.022935779816513763
        },
        "(10.798, 11.198]": {
          "Éxito": 0.9739130434782609,
          "Error": 0.02608695652173913
        },
        "(11.198, 11.598]": {
          "Éxito": 0.9762845849802372,
          "Error": 0.023715415019762844
        },
        "(11.598, 11.997]": {
          "Éxito": 0.9923371647509579,
          "Error": 0.007662835249042145
        }
      }
    },
    "phase_offset": {
      "is_categorical": false,
      "bins": 10,
      "values": {
        "(-0.0341, 4.506]": {
          "Éxito": 0.9659574468085106,
          "Error": 0.03404255319148936
        },
        "(4.506, 9.001]": {
          "Éxito": 0.9688715953307393,
          "Error": 0.0311284046692607
        },
        "(9.001, 13.496]": {
          "Éxito": 0.973384030418251,
          "Error": 0.026615969581749048
        },
        "(13.496, 17.99]": {
          "Éxito": 0.9601593625498008,
          "Error": 0.0398406374501992
        },
        "(17.99, 22.485]": {
          "Éxito": 0.9887640449438202,
          "Error": 0.011235955056179775
        },
        "(22.485, 26.98]": {
          "Éxito": 0.9715639810426541,
          "Error": 0.02843601895734597
        },
        "(26.98, 31.475]": {
          "Éxito": 0.9655172413793104,
          "Error": 0.034482758620689655
        },
        "(31.475, 35.97]": {
          "Éxito": 0.9954337899543378,
          "Error": 0.0045662100456621
        },
        "(35.97, 40.465]": {
          "Éxito": 0.963265306122449,
          "Error": 0.036734693877551024
        },
        "(40.465, 44.96]": {
          "Éxito": 0.9759036144578314,
          "Error": 0.024096385542168676
        }
      }
    },
    "roll_off": {
      "is_categorical": false,
      "bins": 10,
      "values": {
        "(0.2, 0.21]": {
          "Éxito": 0.9703389830508474,
          "Error": 0.029661016949152543
        },
        "(0.21, 0.22]": {
          "Éxito": 0.975103734439834,
          "Error": 0.024896265560165973
        },
        "(0.22, 0.23]": {
          "Éxito": 0.9865470852017937,
          "Error": 0.013452914798206279
        },
        "(0.23, 0.24]": {
          "Éxito": 0.9598214285714286,
          "Error": 0.04017857142857143
        },
        "(0.24, 0.25]": {
          "Éxito": 0.9754098360655737,
          "Error": 0.02459016393442623
        },
        "(0.25, 0.26]": {
          "Éxito": 0.9685314685314685,
          "Error": 0.03146853146853147
        },
        "(0.26, 0.27]": {
          "Éxito": 0.9580152671755725,
          "Error": 0.04198473282442748
        },
        "(0.27, 0.28]": {
          "Éxito": 0.9790794979079498,
          "Error": 0.02092050209205021
        },
        "(0.28, 0.29]": {
          "Éxito": 0.9776951672862454,
          "Error": 0.022304832713754646
        },
        "(0.29, 0.3]": {
          "Éxito": 0.9786324786324786,
          "Error": 0.021367521367521368
        }
      }
    }
  }
}