{
  "experiment": {
    "name": "cnn_bilstm_attn_esc_5",
    "timestamp": "2025-06-23T06:09:14.128652",
    "repeat_index": 3,
    "fold_index": 0
  },
  "effects": {
    "num_taps": {
      "is_categorical": true,
      "bins": null,
      "values": {
        "2": {
          "Éxito": 0.9918633034987795,
          "Error": 0.008136696501220505
        }
      }
    },
    "snr_db": {
      "is_categorical": false,
      "bins": 10,
      "values": {
        "(15.998, 16.402]": {
          "Éxito": 0.9921875,
          "Error": 0.0078125
        },
        "(16.402, 16.802]": {
          "Éxito": 0.9957627118644068,
          "Error": 0.00423728813559322
        },
        "(16.802, 17.201]": {
          "Éxito": 0.9789915966386554,
          "Error": 0.02100840336134454
        },
        "(17.201, 17.601]": {
          "Éxito": 0.9868421052631579,
          "Error": 0.013157894736842105
        },
        "(17.601, 18.001]": {
          "Éxito": 1.0,
          "Error": 0.0
        },
        "(18.001, 18.4]": {
          "Éxito": 1.0,
          "Error": 0.0
        },
        "(18.4, 18.8]": {
          "Éxito": 1.0,
          "Error": 0.0
        },
        "(18.8, 19.2]": {
          "Éxito": 0.9920948616600791,
          "Error": 0.007905138339920948
        },
        "(19.2, 19.6]": {
          "Éxito": 0.9922178988326849,
          "Error": 0.007782101167315175
        },
        "(19.6, 19.999]": {
          "Éxito": 0.98046875,
          "Error": 0.01953125
        }
      }
    },
    "phase_offset": {
      "is_categorical": false,
      "bins": 10,
      "values": {
        "(-0.0379, 4.505]": {
          "Éxito": 0.976,
          "Error": 0.024
        },
        "(4.505, 9.003]": {
          "Éxito": 0.9910313901345291,
          "Error": 0.008968609865470852
        },
        "(9.003, 13.501]": {
          "Éxito": 0.9917695473251029,
          "Error": 0.00823045267489712
        },
        "(13.501, 17.999]": {
          "Éxito": 0.9958847736625515,
          "Error": 0.00411522633744856
        },
        "(17.999, 22.497]": {
          "Éxito": 0.9922480620155039,
          "Error": 0.007751937984496124
        },
        "(22.497, 26.995]": {
          "Éxito": 0.9923664122137404,
          "Error": 0.007633587786259542
        },
        "(26.995, 31.493]": {
          "Éxito": 0.9959349593495935,
          "Error": 0.0040650406504065045
        },
        "(31.493, 35.991]": {
          "Éxito": 0.9918032786885246,
          "Error": 0.00819672131147541
        },
        "(35.991, 40.489]": {
          "Éxito": 1.0,
          "Error": 0.0
        },
        "(40.489, 44.987]": {
          "Éxito": 0.9917355371900827,
          "Error": 0.008264462809917356
        }
      }
    },
    "roll_off": {
      "is_categorical": false,
      "bins": 10,
      "values": {
        "(0.2, 0.21]": {
          "Éxito": 0.9838056680161943,
          "Error": 0.016194331983805668
        },
        "(0.21, 0.22]": {
          "Éxito": 0.9884169884169884,
          "Error": 0.011583011583011582
        },
        "(0.22, 0.23]": {
          "Éxito": 0.9863013698630136,
          "Error": 0.0136986301369863
        },
        "(0.23, 0.24]": {
          "Éxito": 0.9956140350877193,
          "Error": 0.0043859649122807015
        },
        "(0.24, 0.25]": {
          "Éxito": 0.9921875,
          "Error": 0.0078125
        },
        "(0.25, 0.26]": {
          "Éxito": 0.9958333333333333,
          "Error": 0.004166666666666667
        },
        "(0.26, 0.27]": {
          "Éxito": 0.9920948616600791,
          "Error": 0.007905138339920948
        },
        "(0.27, 0.28]": {
          "Éxito": 0.9927536231884058,
          "Error": 0.007246376811594203
        },
        "(0.28, 0.29]": {
          "Éxito": 0.9957264957264957,
          "Error": 0.004273504273504274
        },
        "(0.29, 0.3]": {
          "Éxito": 0.9959349593495935,
          "Error": 0.0040650406504065045
        }
      }
    }
  }
}