{
  "experiment": {
    "name": "ARQ_1__ESC_3_WITH_256_QAM",
    "timestamp": "2025-06-22T21:33:38.009652",
    "repeat_index": 0
  },
  "effects": {
    "num_taps": {
      "is_categorical": true,
      "bins": null,
      "values": {
        "2": {
          "Éxito": 0.8589564732142857,
          "Error": 0.14104352678571427
        }
      }
    },
    "snr_db": {
      "is_categorical": false,
      "bins": 10,
      "values": {
        "(7.997, 8.401]": {
          "Éxito": 0.8487394957983193,
          "Error": 0.15126050420168066
        },
        "(8.401, 8.801]": {
          "Éxito": 0.8455284552845529,
          "Error": 0.15447154471544716
        },
        "(8.801, 9.201]": {
          "Éxito": 0.8276299112801014,
          "Error": 0.17237008871989862
        },
        "(9.201, 9.601]": {
          "Éxito": 0.8439716312056738,
          "Error": 0.15602836879432624
        },
        "(9.601, 10.0]": {
          "Éxito": 0.8651226158038147,
          "Error": 0.13487738419618528
        },
        "(10.0, 10.4]": {
          "Éxito": 0.8543689320388349,
          "Error": 0.14563106796116504
        },
        "(10.4, 10.8]": {
          "Éxito": 0.871977240398293,
          "Error": 0.12802275960170698
        },
        "(10.8, 11.2]": {
          "Éxito": 0.8729446935724963,
          "Error": 0.12705530642750373
        },
        "(11.2, 11.599]": {
          "Éxito": 0.8817663817663818,
          "Error": 0.11823361823361823
        },
        "(11.599, 11.999]": {
          "Éxito": 0.8831168831168831,
          "Error": 0.11688311688311688
        }
      }
    },
    "phase_offset": {
      "is_categorical": false,
      "bins": 10,
      "values": {
        "(-0.0368, 4.507]": {
          "Éxito": 0.862116991643454,
          "Error": 0.13788300835654596
        },
        "(4.507, 9.006]": {
          "Éxito": 0.8756906077348067,
          "Error": 0.12430939226519337
        },
        "(9.006, 13.505]": {
          "Éxito": 0.8543140028288543,
          "Error": 0.1456859971711457
        },
        "(13.505, 18.003]": {
          "Éxito": 0.8505586592178771,
          "Error": 0.1494413407821229
        },
        "(18.003, 22.502]": {
          "Éxito": 0.8511560693641619,
          "Error": 0.14884393063583815
        },
        "(22.502, 27.001]": {
          "Éxito": 0.8614130434782609,
          "Error": 0.13858695652173914
        },
        "(27.001, 31.5]": {
          "Éxito": 0.8379120879120879,
          "Error": 0.1620879120879121
        },
        "(31.5, 35.999]": {
          "Éxito": 0.8692528735632183,
          "Error": 0.1307471264367816
        },
        "(35.999, 40.497]": {
          "Éxito": 0.8716119828815977,
          "Error": 0.12838801711840228
        },
        "(40.497, 44.996]": {
          "Éxito": 0.856,
          "Error": 0.144
        }
      }
    },
    "roll_off": {
      "is_categorical": false,
      "bins": 10,
      "values": {
        "(0.2, 0.21]": {
          "Éxito": 0.844851904090268,
          "Error": 0.15514809590973203
        },
        "(0.21, 0.22]": {
          "Éxito": 0.8688524590163934,
          "Error": 0.13114754098360656
        },
        "(0.22, 0.23]": {
          "Éxito": 0.8573426573426574,
          "Error": 0.14265734265734265
        },
        "(0.23, 0.24]": {
          "Éxito": 0.8569500674763832,
          "Error": 0.14304993252361672
        },
        "(0.24, 0.25]": {
          "Éxito": 0.8571428571428571,
          "Error": 0.14285714285714285
        },
        "(0.25, 0.26]": {
          "Éxito": 0.8577524893314367,
          "Error": 0.1422475106685633
        },
        "(0.26, 0.27]": {
          "Éxito": 0.8777777777777778,
          "Error": 0.12222222222222222
        },
        "(0.27, 0.28]": {
          "Éxito": 0.857916102841678,
          "Error": 0.14208389715832206
        },
        "(0.28, 0.29]": {
          "Éxito": 0.8548850574712644,
          "Error": 0.14511494252873564
        },
        "(0.29, 0.3]": {
          "Éxito": 0.8554744525547445,
          "Error": 0.14452554744525548
        }
      }
    }
  }
}