{
  "experiment": {
    "name": "ARQ_1__ESC_4",
    "timestamp": "2025-06-22T07:29:16.896440",
    "repeat_index": 8
  },
  "evaluation": {
    "loss": 0.04500879347324371,
    "accuracy": 0.99072265625
  },
  "classification_report": {
    "bpsk": {
      "precision": 1.0,
      "recall": 1.0,
      "f1-score": 1.0,
      "support": 1024.0
    },
    "qpsk": {
      "precision": 1.0,
      "recall": 1.0,
      "f1-score": 1.0,
      "support": 1024.0
    },
    "16qam": {
      "precision": 0.9912451361867705,
      "recall": 0.9951171875,
      "f1-score": 0.99317738791423,
      "support": 1024.0
    },
    "32qam cross": {
      "precision": 0.9776482021379981,
      "recall": 0.982421875,
      "f1-score": 0.9800292255236239,
      "support": 1024.0
    },
    "64qam": {
      "precision": 0.9912280701754386,
      "recall": 0.9931640625,
      "f1-score": 0.9921951219512195,
      "support": 1024.0
    },
    "128qam cross": {
      "precision": 0.9842053307008884,
      "recall": 0.9736328125,
      "f1-score": 0.9788905252822778,
      "support": 1024.0
    },
    "accuracy": 0.99072265625,
    "macro avg": {
      "precision": 0.9907211232001826,
      "recall": 0.99072265625,
      "f1-score": 0.9907153767785585,
      "support": 6144.0
    },
    "weighted avg": {
      "precision": 0.9907211232001826,
      "recall": 0.99072265625,
      "f1-score": 0.9907153767785585,
      "support": 6144.0
    }
  }
}