{
  "experiment": {
    "name": "ARQ_1__ESC_4",
    "timestamp": "2025-06-22T07:29:18.778052",
    "repeat_index": 8
  },
  "effects": {
    "num_taps": {
      "is_categorical": true,
      "bins": null,
      "values": {
        "2": {
          "Éxito": 0.99072265625,
          "Error": 0.00927734375
        }
      }
    },
    "snr_db": {
      "is_categorical": false,
      "bins": 10,
      "values": {
        "(11.996, 12.4]": {
          "Éxito": 0.9873015873015873,
          "Error": 0.012698412698412698
        },
        "(12.4, 12.8]": {
          "Éxito": 0.9936507936507937,
          "Error": 0.006349206349206349
        },
        "(12.8, 13.2]": {
          "Éxito": 0.9824253075571178,
          "Error": 0.01757469244288225
        },
        "(13.2, 13.6]": {
          "Éxito": 0.987220447284345,
          "Error": 0.012779552715654952
        },
        "(13.6, 14.0]": {
          "Éxito": 0.9951456310679612,
          "Error": 0.0048543689320388345
        },
        "(14.0, 14.4]": {
          "Éxito": 0.9918032786885246,
          "Error": 0.00819672131147541
        },
        "(14.4, 14.8]": {
          "Éxito": 0.9935691318327974,
          "Error": 0.006430868167202572
        },
        "(14.8, 15.2]": {
          "Éxito": 0.9933333333333333,
          "Error": 0.006666666666666667
        },
        "(15.2, 15.599]": {
          "Éxito": 0.9887096774193549,
          "Error": 0.01129032258064516
        },
        "(15.599, 15.999]": {
          "Éxito": 0.9935379644588045,
          "Error": 0.006462035541195477
        }
      }
    },
    "phase_offset": {
      "is_categorical": false,
      "bins": 10,
      "values": {
        "(-0.0418, 4.501]": {
          "Éxito": 0.993517017828201,
          "Error": 0.006482982171799027
        },
        "(4.501, 9.0]": {
          "Éxito": 0.9904761904761905,
          "Error": 0.009523809523809525
        },
        "(9.0, 13.498]": {
          "Éxito": 0.9867549668874173,
          "Error": 0.013245033112582781
        },
        "(13.498, 17.996]": {
          "Éxito": 0.9917898193760263,
          "Error": 0.008210180623973728
        },
        "(17.996, 22.495]": {
          "Éxito": 0.9898648648648649,
          "Error": 0.010135135135135136
        },
        "(22.495, 26.993]": {
          "Éxito": 0.9898132427843803,
          "Error": 0.010186757215619695
        },
        "(26.993, 31.491]": {
          "Éxito": 0.9919484702093397,
          "Error": 0.008051529790660225
        },
        "(31.491, 35.99]": {
          "Éxito": 0.9843260188087775,
          "Error": 0.01567398119122257
        },
        "(35.99, 40.488]": {
          "Éxito": 0.993127147766323,
          "Error": 0.006872852233676976
        },
        "(40.488, 44.986]": {
          "Éxito": 0.9954682779456193,
          "Error": 0.004531722054380665
        }
      }
    },
    "roll_off": {
      "is_categorical": false,
      "bins": 10,
      "values": {
        "(0.2, 0.21]": {
          "Éxito": 0.9873617693522907,
          "Error": 0.01263823064770932
        },
        "(0.21, 0.22]": {
          "Éxito": 0.9878971255673222,
          "Error": 0.012102874432677761
        },
        "(0.22, 0.23]": {
          "Éxito": 0.9952,
          "Error": 0.0048
        },
        "(0.23, 0.24]": {
          "Éxito": 0.9897260273972602,
          "Error": 0.010273972602739725
        },
        "(0.24, 0.25]": {
          "Éxito": 0.9916666666666667,
          "Error": 0.008333333333333333
        },
        "(0.25, 0.26]": {
          "Éxito": 0.9855072463768116,
          "Error": 0.014492753623188406
        },
        "(0.26, 0.27]": {
          "Éxito": 0.9899665551839465,
          "Error": 0.010033444816053512
        },
        "(0.27, 0.28]": {
          "Éxito": 0.9933884297520661,
          "Error": 0.006611570247933884
        },
        "(0.28, 0.29]": {
          "Éxito": 0.9932773109243698,
          "Error": 0.0067226890756302525
        },
        "(0.29, 0.3]": {
          "Éxito": 0.9935691318327974,
          "Error": 0.006430868167202572
        }
      }
    }
  }
}