{
  "experiment": {
    "name": "cnn_bilstm_attn_esc_10",
    "timestamp": "2025-06-18T22:08:15.411721",
    "repeat_index": 1,
    "fold_index": 1
  },
  "effects": {
    "num_taps": {
      "is_categorical": true,
      "bins": null,
      "values": {
        "2": {
          "Éxito": 0.967453213995118,
          "Error": 0.03254678600488202
        }
      }
    },
    "snr_db": {
      "is_categorical": false,
      "bins": 10,
      "values": {
        "(7.998, 8.401]": {
          "Éxito": 0.966804979253112,
          "Error": 0.03319502074688797
        },
        "(8.401, 8.801]": {
          "Éxito": 0.9296875,
          "Error": 0.0703125
        },
        "(8.801, 9.201]": {
          "Éxito": 0.9478260869565217,
          "Error": 0.05217391304347826
        },
        "(9.201, 9.601]": {
          "Éxito": 0.9601449275362319,
          "Error": 0.03985507246376811
        },
        "(9.601, 10.001]": {
          "Éxito": 0.9906542056074766,
          "Error": 0.009345794392523364
        },
        "(10.001, 10.401]": {
          "Éxito": 0.9803149606299213,
          "Error": 0.01968503937007874
        },
        "(10.401, 10.8]": {
          "Éxito": 0.9601449275362319,
          "Error": 0.03985507246376811
        },
        "(10.8, 11.2]": {
          "Éxito": 0.958904109589041,
          "Error": 0.0410958904109589
        },
        "(11.2, 11.6]": {
          "Éxito": 0.9924528301886792,
          "Error": 0.007547169811320755
        },
        "(11.6, 12.0]": {
          "Éxito": 0.9911894273127754,
          "Error": 0.00881057268722467
        }
      }
    },
    "phase_offset": {
      "is_categorical": false,
      "bins": 10,
      "values": {
        "(89.977, 94.52]": {
          "Éxito": 0.9880952380952381,
          "Error": 0.011904761904761904
        },
        "(94.52, 99.018]": {
          "Éxito": 0.9541666666666667,
          "Error": 0.04583333333333333
        },
        "(99.018, 103.515]": {
          "Éxito": 0.9883720930232558,
          "Error": 0.011627906976744186
        },
        "(103.515, 108.013]": {
          "Éxito": 0.9607843137254902,
          "Error": 0.0392156862745098
        },
        "(108.013, 112.511]": {
          "Éxito": 0.9691119691119691,
          "Error": 0.03088803088803089
        },
        "(112.511, 117.009]": {
          "Éxito": 0.9694323144104804,
          "Error": 0.03056768558951965
        },
        "(117.009, 121.506]": {
          "Éxito": 0.9631147540983607,
          "Error": 0.036885245901639344
        },
        "(121.506, 126.004]": {
          "Éxito": 0.9702127659574468,
          "Error": 0.029787234042553193
        },
        "(126.004, 130.502]": {
          "Éxito": 0.9565217391304348,
          "Error": 0.043478260869565216
        },
        "(130.502, 135.0]": {
          "Éxito": 0.9527896995708155,
          "Error": 0.04721030042918455
        }
      }
    },
    "roll_off": {
      "is_categorical": false,
      "bins": 10,
      "values": {
        "(0.2, 0.21]": {
          "Éxito": 0.9571428571428572,
          "Error": 0.04285714285714286
        },
        "(0.21, 0.22]": {
          "Éxito": 0.9233870967741935,
          "Error": 0.07661290322580645
        },
        "(0.22, 0.23]": {
          "Éxito": 0.9711934156378601,
          "Error": 0.02880658436213992
        },
        "(0.23, 0.24]": {
          "Éxito": 0.9768339768339769,
          "Error": 0.023166023166023165
        },
        "(0.24, 0.25]": {
          "Éxito": 0.9850746268656716,
          "Error": 0.014925373134328358
        },
        "(0.25, 0.26]": {
          "Éxito": 0.9704641350210971,
          "Error": 0.029535864978902954
        },
        "(0.26, 0.27]": {
          "Éxito": 0.9580152671755725,
          "Error": 0.04198473282442748
        },
        "(0.27, 0.28]": {
          "Éxito": 0.9791666666666666,
          "Error": 0.020833333333333332
        },
        "(0.28, 0.29]": {
          "Éxito": 0.9740740740740741,
          "Error": 0.025925925925925925
        },
        "(0.29, 0.3]": {
          "Éxito": 0.9773755656108597,
          "Error": 0.02262443438914027
        }
      }
    }
  }
}