{
  "experiment": {
    "name": "ARQ_2__ESC_3_WITH_256_QAM",
    "timestamp": "2025-06-22T22:50:53.219939",
    "repeat_index": 0
  },
  "effects": {
    "num_taps": {
      "is_categorical": true,
      "bins": null,
      "values": {
        "2": {
          "Éxito": 0.9133649553571429,
          "Error": 0.08663504464285714
        }
      }
    },
    "snr_db": {
      "is_categorical": false,
      "bins": 10,
      "values": {
        "(7.997, 8.401]": {
          "Éxito": 0.8907563025210085,
          "Error": 0.1092436974789916
        },
        "(8.401, 8.801]": {
          "Éxito": 0.9051490514905149,
          "Error": 0.0948509485094851
        },
        "(8.801, 9.201]": {
          "Éxito": 0.8922686945500634,
          "Error": 0.10773130544993663
        },
        "(9.201, 9.601]": {
          "Éxito": 0.9078014184397163,
          "Error": 0.09219858156028368
        },
        "(9.601, 10.0]": {
          "Éxito": 0.885558583106267,
          "Error": 0.11444141689373297
        },
        "(10.0, 10.4]": {
          "Éxito": 0.9112343966712899,
          "Error": 0.08876560332871013
        },
        "(10.4, 10.8]": {
          "Éxito": 0.9374110953058321,
          "Error": 0.06258890469416785
        },
        "(10.8, 11.2]": {
          "Éxito": 0.922272047832586,
          "Error": 0.07772795216741404
        },
        "(11.2, 11.599]": {
          "Éxito": 0.9458689458689459,
          "Error": 0.05413105413105413
        },
        "(11.599, 11.999]": {
          "Éxito": 0.9408369408369408,
          "Error": 0.05916305916305916
        }
      }
    },
    "phase_offset": {
      "is_categorical": false,
      "bins": 10,
      "values": {
        "(-0.0368, 4.507]": {
          "Éxito": 0.9052924791086351,
          "Error": 0.0947075208913649
        },
        "(4.507, 9.006]": {
          "Éxito": 0.9157458563535912,
          "Error": 0.08425414364640885
        },
        "(9.006, 13.505]": {
          "Éxito": 0.9321074964639321,
          "Error": 0.06789250353606789
        },
        "(13.505, 18.003]": {
          "Éxito": 0.9189944134078212,
          "Error": 0.08100558659217877
        },
        "(18.003, 22.502]": {
          "Éxito": 0.9060693641618497,
          "Error": 0.09393063583815028
        },
        "(22.502, 27.001]": {
          "Éxito": 0.9103260869565217,
          "Error": 0.08967391304347826
        },
        "(27.001, 31.5]": {
          "Éxito": 0.896978021978022,
          "Error": 0.10302197802197802
        },
        "(31.5, 35.999]": {
          "Éxito": 0.9267241379310345,
          "Error": 0.07327586206896551
        },
        "(35.999, 40.497]": {
          "Éxito": 0.920114122681883,
          "Error": 0.07988587731811697
        },
        "(40.497, 44.996]": {
          "Éxito": 0.9026666666666666,
          "Error": 0.09733333333333333
        }
      }
    },
    "roll_off": {
      "is_categorical": false,
      "bins": 10,
      "values": {
        "(0.2, 0.21]": {
          "Éxito": 0.918194640338505,
          "Error": 0.08180535966149506
        },
        "(0.21, 0.22]": {
          "Éxito": 0.9207650273224044,
          "Error": 0.07923497267759563
        },
        "(0.22, 0.23]": {
          "Éxito": 0.9118881118881119,
          "Error": 0.08811188811188811
        },
        "(0.23, 0.24]": {
          "Éxito": 0.9406207827260459,
          "Error": 0.059379217273954114
        },
        "(0.24, 0.25]": {
          "Éxito": 0.8956043956043956,
          "Error": 0.1043956043956044
        },
        "(0.25, 0.26]": {
          "Éxito": 0.9061166429587483,
          "Error": 0.09388335704125178
        },
        "(0.26, 0.27]": {
          "Éxito": 0.9138888888888889,
          "Error": 0.08611111111111111
        },
        "(0.27, 0.28]": {
          "Éxito": 0.9133964817320703,
          "Error": 0.08660351826792964
        },
        "(0.28, 0.29]": {
          "Éxito": 0.9181034482758621,
          "Error": 0.08189655172413793
        },
        "(0.29, 0.3]": {
          "Éxito": 0.8934306569343066,
          "Error": 0.10656934306569343
        }
      }
    }
  }
}