{
  "experiment": {
    "name": "red_carlos_ESC_4",
    "timestamp": "2025-06-18T09:18:30.236672",
    "repeat_index": 2,
    "fold_index": 3
  },
  "evaluation": {
    "loss": 0.09595564007759094,
    "accuracy": 0.9825060963630676
  },
  "classification_report": {
    "bpsk": {
      "precision": 1.0,
      "recall": 1.0,
      "f1-score": 1.0,
      "support": 409.0
    },
    "qpsk": {
      "precision": 1.0,
      "recall": 1.0,
      "f1-score": 1.0,
      "support": 410.0
    },
    "16qam": {
      "precision": 0.9950980392156863,
      "recall": 0.9902439024390244,
      "f1-score": 0.9926650366748165,
      "support": 410.0
    },
    "32qam cross": {
      "precision": 0.9522673031026253,
      "recall": 0.9755501222493888,
      "f1-score": 0.9637681159420289,
      "support": 409.0
    },
    "64qam": {
      "precision": 0.9782608695652174,
      "recall": 0.9878048780487805,
      "f1-score": 0.9830097087378642,
      "support": 410.0
    },
    "128qam cross": {
      "precision": 0.9698492462311558,
      "recall": 0.9414634146341463,
      "f1-score": 0.9554455445544553,
      "support": 410.0
    },
    "accuracy": 0.9825061025223759,
    "macro avg": {
      "precision": 0.982579243019114,
      "recall": 0.9825103862285566,
      "f1-score": 0.9824814009848608,
      "support": 2458.0
    },
    "weighted avg": {
      "precision": 0.9825844876012687,
      "recall": 0.9825061025223759,
      "f1-score": 0.9824818870247418,
      "support": 2458.0
    }
  }
}