{
  "experiment": {
    "name": "red_carlos_ESC_10",
    "timestamp": "2025-06-21T06:55:52.177591",
    "repeat_index": 3,
    "fold_index": 2
  },
  "effects": {
    "num_taps": {
      "is_categorical": true,
      "bins": null,
      "values": {
        "2": {
          "Éxito": 0.9601301871440195,
          "Error": 0.03986981285598047
        }
      }
    },
    "snr_db": {
      "is_categorical": false,
      "bins": 10,
      "values": {
        "(7.997, 8.401]": {
          "Éxito": 0.932,
          "Error": 0.068
        },
        "(8.401, 8.8]": {
          "Éxito": 0.9566929133858267,
          "Error": 0.04330708661417323
        },
        "(8.8, 9.2]": {
          "Éxito": 0.9557522123893806,
          "Error": 0.04424778761061947
        },
        "(9.2, 9.6]": {
          "Éxito": 0.9727626459143969,
          "Error": 0.027237354085603113
        },
        "(9.6, 10.0]": {
          "Éxito": 0.9728682170542635,
          "Error": 0.027131782945736434
        },
        "(10.0, 10.4]": {
          "Éxito": 0.963855421686747,
          "Error": 0.03614457831325301
        },
        "(10.4, 10.799]": {
          "Éxito": 0.963963963963964,
          "Error": 0.036036036036036036
        },
        "(10.799, 11.199]": {
          "Éxito": 0.9661654135338346,
          "Error": 0.03383458646616541
        },
        "(11.199, 11.599]": {
          "Éxito": 0.9493670886075949,
          "Error": 0.05063291139240506
        },
        "(11.599, 11.999]": {
          "Éxito": 0.9665271966527197,
          "Error": 0.03347280334728033
        }
      }
    },
    "phase_offset": {
      "is_categorical": false,
      "bins": 10,
      "values": {
        "(89.957, 94.501]": {
          "Éxito": 0.9650655021834061,
          "Error": 0.034934497816593885
        },
        "(94.501, 99.0]": {
          "Éxito": 0.9409448818897638,
          "Error": 0.05905511811023622
        },
        "(99.0, 103.499]": {
          "Éxito": 0.9523809523809523,
          "Error": 0.047619047619047616
        },
        "(103.499, 107.998]": {
          "Éxito": 0.979757085020243,
          "Error": 0.020242914979757085
        },
        "(107.998, 112.497]": {
          "Éxito": 0.9562043795620438,
          "Error": 0.043795620437956206
        },
        "(112.497, 116.996]": {
          "Éxito": 0.9531914893617022,
          "Error": 0.04680851063829787
        },
        "(116.996, 121.495]": {
          "Éxito": 0.9802371541501976,
          "Error": 0.019762845849802372
        },
        "(121.495, 125.994]": {
          "Éxito": 0.9714285714285714,
          "Error": 0.02857142857142857
        },
        "(125.994, 130.494]": {
          "Éxito": 0.9344262295081968,
          "Error": 0.06557377049180328
        },
        "(130.494, 134.993]": {
          "Éxito": 0.9688888888888889,
          "Error": 0.03111111111111111
        }
      }
    },
    "roll_off": {
      "is_categorical": false,
      "bins": 10,
      "values": {
        "(0.2, 0.21]": {
          "Éxito": 0.9476190476190476,
          "Error": 0.05238095238095238
        },
        "(0.21, 0.22]": {
          "Éxito": 0.9596774193548387,
          "Error": 0.04032258064516129
        },
        "(0.22, 0.23]": {
          "Éxito": 0.95703125,
          "Error": 0.04296875
        },
        "(0.23, 0.24]": {
          "Éxito": 0.9193548387096774,
          "Error": 0.08064516129032258
        },
        "(0.24, 0.25]": {
          "Éxito": 0.957983193277311,
          "Error": 0.04201680672268908
        },
        "(0.25, 0.26]": {
          "Éxito": 0.9628099173553719,
          "Error": 0.0371900826446281
        },
        "(0.26, 0.27]": {
          "Éxito": 0.9709090909090909,
          "Error": 0.02909090909090909
        },
        "(0.27, 0.28]": {
          "Éxito": 0.9794238683127572,
          "Error": 0.0205761316872428
        },
        "(0.28, 0.29]": {
          "Éxito": 0.9590163934426229,
          "Error": 0.040983606557377046
        },
        "(0.29, 0.3]": {
          "Éxito": 0.984251968503937,
          "Error": 0.015748031496062992
        }
      }
    }
  }
}