{
  "experiment": {
    "name": "red_carlos_ESC_10",
    "timestamp": "2025-06-21T06:41:41.678694",
    "repeat_index": 3,
    "fold_index": 0
  },
  "effects": {
    "num_taps": {
      "is_categorical": true,
      "bins": null,
      "values": {
        "2": {
          "Éxito": 0.9650122050447518,
          "Error": 0.03498779495524817
        }
      }
    },
    "snr_db": {
      "is_categorical": false,
      "bins": 10,
      "values": {
        "(7.997, 8.4]": {
          "Éxito": 0.9461538461538461,
          "Error": 0.05384615384615385
        },
        "(8.4, 8.8]": {
          "Éxito": 0.9419642857142857,
          "Error": 0.05803571428571429
        },
        "(8.8, 9.2]": {
          "Éxito": 0.9264705882352942,
          "Error": 0.07352941176470588
        },
        "(9.2, 9.599]": {
          "Éxito": 0.9665271966527197,
          "Error": 0.03347280334728033
        },
        "(9.599, 9.999]": {
          "Éxito": 0.9844961240310077,
          "Error": 0.015503875968992248
        },
        "(9.999, 10.398]": {
          "Éxito": 0.97265625,
          "Error": 0.02734375
        },
        "(10.398, 10.798]": {
          "Éxito": 0.9752066115702479,
          "Error": 0.024793388429752067
        },
        "(10.798, 11.198]": {
          "Éxito": 0.9787234042553191,
          "Error": 0.02127659574468085
        },
        "(11.198, 11.597]": {
          "Éxito": 0.9737991266375546,
          "Error": 0.026200873362445413
        },
        "(11.597, 11.997]": {
          "Éxito": 0.9876543209876543,
          "Error": 0.012345679012345678
        }
      }
    },
    "phase_offset": {
      "is_categorical": false,
      "bins": 10,
      "values": {
        "(89.957, 94.5]": {
          "Éxito": 0.9772727272727273,
          "Error": 0.022727272727272728
        },
        "(94.5, 98.998]": {
          "Éxito": 0.9707112970711297,
          "Error": 0.029288702928870293
        },
        "(98.998, 103.496]": {
          "Éxito": 0.9581589958158996,
          "Error": 0.04184100418410042
        },
        "(103.496, 107.994]": {
          "Éxito": 0.984251968503937,
          "Error": 0.015748031496062992
        },
        "(107.994, 112.492]": {
          "Éxito": 0.95703125,
          "Error": 0.04296875
        },
        "(112.492, 116.99]": {
          "Éxito": 0.9755102040816327,
          "Error": 0.024489795918367346
        },
        "(116.99, 121.488]": {
          "Éxito": 0.957983193277311,
          "Error": 0.04201680672268908
        },
        "(121.488, 125.986]": {
          "Éxito": 0.9617021276595744,
          "Error": 0.03829787234042553
        },
        "(125.986, 130.484]": {
          "Éxito": 0.9629629629629629,
          "Error": 0.037037037037037035
        },
        "(130.484, 134.982]": {
          "Éxito": 0.9448529411764706,
          "Error": 0.05514705882352941
        }
      }
    },
    "roll_off": {
      "is_categorical": false,
      "bins": 10,
      "values": {
        "(0.2, 0.21]": {
          "Éxito": 0.9691119691119691,
          "Error": 0.03088803088803089
        },
        "(0.21, 0.22]": {
          "Éxito": 0.9765625,
          "Error": 0.0234375
        },
        "(0.22, 0.23]": {
          "Éxito": 0.9634703196347032,
          "Error": 0.0365296803652968
        },
        "(0.23, 0.24]": {
          "Éxito": 0.9635627530364372,
          "Error": 0.03643724696356275
        },
        "(0.24, 0.25]": {
          "Éxito": 0.9627906976744186,
          "Error": 0.037209302325581395
        },
        "(0.25, 0.26]": {
          "Éxito": 0.959349593495935,
          "Error": 0.04065040650406504
        },
        "(0.26, 0.27]": {
          "Éxito": 0.9655172413793104,
          "Error": 0.034482758620689655
        },
        "(0.27, 0.28]": {
          "Éxito": 0.952191235059761,
          "Error": 0.04780876494023904
        },
        "(0.28, 0.29]": {
          "Éxito": 0.9758620689655172,
          "Error": 0.02413793103448276
        },
        "(0.29, 0.3]": {
          "Éxito": 0.9588477366255144,
          "Error": 0.0411522633744856
        }
      }
    }
  }
}