{
  "experiment": {
    "name": "res_tcn_se_esc_5",
    "timestamp": "2025-06-21T07:56:49.234718",
    "repeat_index": 3,
    "fold_index": 2
  },
  "effects": {
    "num_taps": {
      "is_categorical": true,
      "bins": null,
      "values": {
        "2": {
          "Éxito": 0.9731489015459723,
          "Error": 0.026851098454027666
        }
      }
    },
    "snr_db": {
      "is_categorical": false,
      "bins": 10,
      "values": {
        "(16.002, 16.405]": {
          "Éxito": 0.9589552238805971,
          "Error": 0.041044776119402986
        },
        "(16.405, 16.804]": {
          "Éxito": 0.9588477366255144,
          "Error": 0.0411522633744856
        },
        "(16.804, 17.203]": {
          "Éxito": 0.9796747967479674,
          "Error": 0.02032520325203252
        },
        "(17.203, 17.602]": {
          "Éxito": 0.9829059829059829,
          "Error": 0.017094017094017096
        },
        "(17.602, 18.001]": {
          "Éxito": 0.975103734439834,
          "Error": 0.024896265560165973
        },
        "(18.001, 18.4]": {
          "Éxito": 0.9779735682819384,
          "Error": 0.022026431718061675
        },
        "(18.4, 18.799]": {
          "Éxito": 0.9641434262948207,
          "Error": 0.035856573705179286
        },
        "(18.799, 19.198]": {
          "Éxito": 0.9785714285714285,
          "Error": 0.02142857142857143
        },
        "(19.198, 19.597]": {
          "Éxito": 0.9839357429718876,
          "Error": 0.01606425702811245
        },
        "(19.597, 19.996]": {
          "Éxito": 0.9726027397260274,
          "Error": 0.0273972602739726
        }
      }
    },
    "phase_offset": {
      "is_categorical": false,
      "bins": 10,
      "values": {
        "(-0.0379, 4.506]": {
          "Éxito": 0.9734513274336283,
          "Error": 0.02654867256637168
        },
        "(4.506, 9.005]": {
          "Éxito": 0.9830508474576272,
          "Error": 0.01694915254237288
        },
        "(9.005, 13.504]": {
          "Éxito": 0.9775280898876404,
          "Error": 0.02247191011235955
        },
        "(13.504, 18.002]": {
          "Éxito": 0.9741379310344828,
          "Error": 0.02586206896551724
        },
        "(18.002, 22.501]": {
          "Éxito": 0.9678714859437751,
          "Error": 0.0321285140562249
        },
        "(22.501, 27.0]": {
          "Éxito": 0.9794238683127572,
          "Error": 0.0205761316872428
        },
        "(27.0, 31.499]": {
          "Éxito": 0.9666666666666667,
          "Error": 0.03333333333333333
        },
        "(31.499, 35.998]": {
          "Éxito": 0.9763779527559056,
          "Error": 0.023622047244094488
        },
        "(35.998, 40.496]": {
          "Éxito": 0.972972972972973,
          "Error": 0.02702702702702703
        },
        "(40.496, 44.995]": {
          "Éxito": 0.9603174603174603,
          "Error": 0.03968253968253968
        }
      }
    },
    "roll_off": {
      "is_categorical": false,
      "bins": 10,
      "values": {
        "(0.2, 0.21]": {
          "Éxito": 0.9437751004016064,
          "Error": 0.05622489959839357
        },
        "(0.21, 0.22]": {
          "Éxito": 0.9641434262948207,
          "Error": 0.035856573705179286
        },
        "(0.22, 0.23]": {
          "Éxito": 0.9698275862068966,
          "Error": 0.03017241379310345
        },
        "(0.23, 0.24]": {
          "Éxito": 0.9710743801652892,
          "Error": 0.028925619834710745
        },
        "(0.24, 0.25]": {
          "Éxito": 0.9922178988326849,
          "Error": 0.007782101167315175
        },
        "(0.25, 0.26]": {
          "Éxito": 0.9795081967213115,
          "Error": 0.020491803278688523
        },
        "(0.26, 0.27]": {
          "Éxito": 0.991869918699187,
          "Error": 0.008130081300813009
        },
        "(0.27, 0.28]": {
          "Éxito": 0.9753086419753086,
          "Error": 0.024691358024691357
        },
        "(0.28, 0.29]": {
          "Éxito": 0.972,
          "Error": 0.028
        },
        "(0.29, 0.3]": {
          "Éxito": 0.9713114754098361,
          "Error": 0.028688524590163935
        }
      }
    }
  }
}