{
  "experiment": {
    "name": "ARQ_2__ESC_3_WITH_256_QAM",
    "timestamp": "2025-06-22T23:38:55.976997",
    "repeat_index": 3
  },
  "effects": {
    "num_taps": {
      "is_categorical": true,
      "bins": null,
      "values": {
        "2": {
          "Éxito": 0.8715122767857143,
          "Error": 0.12848772321428573
        }
      }
    },
    "snr_db": {
      "is_categorical": false,
      "bins": 10,
      "values": {
        "(7.997, 8.401]": {
          "Éxito": 0.8473389355742297,
          "Error": 0.15266106442577032
        },
        "(8.401, 8.801]": {
          "Éxito": 0.8509485094850948,
          "Error": 0.14905149051490515
        },
        "(8.801, 9.201]": {
          "Éxito": 0.8555133079847909,
          "Error": 0.1444866920152091
        },
        "(9.201, 9.601]": {
          "Éxito": 0.8836879432624114,
          "Error": 0.11631205673758865
        },
        "(9.601, 10.0]": {
          "Éxito": 0.8746594005449592,
          "Error": 0.12534059945504086
        },
        "(10.0, 10.4]": {
          "Éxito": 0.871012482662968,
          "Error": 0.1289875173370319
        },
        "(10.4, 10.8]": {
          "Éxito": 0.8790896159317212,
          "Error": 0.12091038406827881
        },
        "(10.8, 11.2]": {
          "Éxito": 0.8923766816143498,
          "Error": 0.10762331838565023
        },
        "(11.2, 11.599]": {
          "Éxito": 0.8760683760683761,
          "Error": 0.12393162393162394
        },
        "(11.599, 11.999]": {
          "Éxito": 0.8888888888888888,
          "Error": 0.1111111111111111
        }
      }
    },
    "phase_offset": {
      "is_categorical": false,
      "bins": 10,
      "values": {
        "(-0.0368, 4.507]": {
          "Éxito": 0.8857938718662952,
          "Error": 0.11420612813370473
        },
        "(4.507, 9.006]": {
          "Éxito": 0.8715469613259669,
          "Error": 0.12845303867403315
        },
        "(9.006, 13.505]": {
          "Éxito": 0.867043847241867,
          "Error": 0.13295615275813297
        },
        "(13.505, 18.003]": {
          "Éxito": 0.8393854748603352,
          "Error": 0.16061452513966482
        },
        "(18.003, 22.502]": {
          "Éxito": 0.8641618497109826,
          "Error": 0.13583815028901733
        },
        "(22.502, 27.001]": {
          "Éxito": 0.8817934782608695,
          "Error": 0.11820652173913043
        },
        "(27.001, 31.5]": {
          "Éxito": 0.8708791208791209,
          "Error": 0.12912087912087913
        },
        "(31.5, 35.999]": {
          "Éxito": 0.8936781609195402,
          "Error": 0.10632183908045977
        },
        "(35.999, 40.497]": {
          "Éxito": 0.8716119828815977,
          "Error": 0.12838801711840228
        },
        "(40.497, 44.996]": {
          "Éxito": 0.8693333333333333,
          "Error": 0.13066666666666665
        }
      }
    },
    "roll_off": {
      "is_categorical": false,
      "bins": 10,
      "values": {
        "(0.2, 0.21]": {
          "Éxito": 0.8674188998589563,
          "Error": 0.1325811001410437
        },
        "(0.21, 0.22]": {
          "Éxito": 0.8743169398907104,
          "Error": 0.12568306010928962
        },
        "(0.22, 0.23]": {
          "Éxito": 0.8867132867132868,
          "Error": 0.11328671328671329
        },
        "(0.23, 0.24]": {
          "Éxito": 0.873144399460189,
          "Error": 0.12685560053981107
        },
        "(0.24, 0.25]": {
          "Éxito": 0.8777472527472527,
          "Error": 0.12225274725274725
        },
        "(0.25, 0.26]": {
          "Éxito": 0.8805120910384068,
          "Error": 0.11948790896159317
        },
        "(0.26, 0.27]": {
          "Éxito": 0.8902777777777777,
          "Error": 0.10972222222222222
        },
        "(0.27, 0.28]": {
          "Éxito": 0.86468200270636,
          "Error": 0.13531799729364005
        },
        "(0.28, 0.29]": {
          "Éxito": 0.8491379310344828,
          "Error": 0.15086206896551724
        },
        "(0.29, 0.3]": {
          "Éxito": 0.8496350364963504,
          "Error": 0.15036496350364964
        }
      }
    }
  }
}