{
  "experiment": {
    "name": "ARQ_2__ESC_8",
    "timestamp": "2025-06-19T21:24:21.921195",
    "repeat_index": 7
  },
  "effects": {
    "num_taps": {
      "is_categorical": true,
      "bins": null,
      "values": {
        "6": {
          "Éxito": 0.8816731770833334,
          "Error": 0.11832682291666667
        }
      }
    },
    "snr_db": {
      "is_categorical": false,
      "bins": 10,
      "values": {
        "(7.997, 8.4]": {
          "Éxito": 0.8652597402597403,
          "Error": 0.13474025974025974
        },
        "(8.4, 8.8]": {
          "Éxito": 0.8704318936877077,
          "Error": 0.12956810631229235
        },
        "(8.8, 9.2]": {
          "Éxito": 0.8899521531100478,
          "Error": 0.11004784688995216
        },
        "(9.2, 9.6]": {
          "Éxito": 0.8879736408566722,
          "Error": 0.11202635914332784
        },
        "(9.6, 9.999]": {
          "Éxito": 0.875,
          "Error": 0.125
        },
        "(9.999, 10.399]": {
          "Éxito": 0.8728414442700158,
          "Error": 0.1271585557299843
        },
        "(10.399, 10.799]": {
          "Éxito": 0.886676875957121,
          "Error": 0.11332312404287902
        },
        "(10.799, 11.199]": {
          "Éxito": 0.8916518650088809,
          "Error": 0.108348134991119
        },
        "(11.199, 11.598]": {
          "Éxito": 0.8953125,
          "Error": 0.1046875
        },
        "(11.598, 11.998]": {
          "Éxito": 0.8816466552315609,
          "Error": 0.1183533447684391
        }
      }
    },
    "phase_offset": {
      "is_categorical": false,
      "bins": 10,
      "values": {
        "(-0.0382, 4.506]": {
          "Éxito": 0.8976897689768977,
          "Error": 0.10231023102310231
        },
        "(4.506, 9.005]": {
          "Éxito": 0.8644628099173554,
          "Error": 0.13553719008264462
        },
        "(9.005, 13.503]": {
          "Éxito": 0.886762360446571,
          "Error": 0.11323763955342903
        },
        "(13.503, 18.002]": {
          "Éxito": 0.8814102564102564,
          "Error": 0.11858974358974358
        },
        "(18.002, 22.501]": {
          "Éxito": 0.8926746166950597,
          "Error": 0.10732538330494037
        },
        "(22.501, 27.0]": {
          "Éxito": 0.8875562218890555,
          "Error": 0.11244377811094453
        },
        "(27.0, 31.499]": {
          "Éxito": 0.875,
          "Error": 0.125
        },
        "(31.499, 35.998]": {
          "Éxito": 0.8983333333333333,
          "Error": 0.10166666666666667
        },
        "(35.998, 40.497]": {
          "Éxito": 0.8747993579454254,
          "Error": 0.12520064205457465
        },
        "(40.497, 44.996]": {
          "Éxito": 0.8578512396694215,
          "Error": 0.14214876033057852
        }
      }
    },
    "roll_off": {
      "is_categorical": false,
      "bins": 10,
      "values": {
        "(0.2, 0.21]": {
          "Éxito": 0.8838028169014085,
          "Error": 0.11619718309859155
        },
        "(0.21, 0.22]": {
          "Éxito": 0.8811881188118812,
          "Error": 0.1188118811881188
        },
        "(0.22, 0.23]": {
          "Éxito": 0.9035947712418301,
          "Error": 0.09640522875816994
        },
        "(0.23, 0.24]": {
          "Éxito": 0.8739770867430442,
          "Error": 0.1260229132569558
        },
        "(0.24, 0.25]": {
          "Éxito": 0.8850574712643678,
          "Error": 0.11494252873563218
        },
        "(0.25, 0.26]": {
          "Éxito": 0.8836858006042296,
          "Error": 0.1163141993957704
        },
        "(0.26, 0.27]": {
          "Éxito": 0.8783151326053042,
          "Error": 0.12168486739469579
        },
        "(0.27, 0.28]": {
          "Éxito": 0.8879736408566722,
          "Error": 0.11202635914332784
        },
        "(0.28, 0.29]": {
          "Éxito": 0.867430441898527,
          "Error": 0.132569558101473
        },
        "(0.29, 0.3]": {
          "Éxito": 0.8719611021069692,
          "Error": 0.1280388978930308
        }
      }
    }
  }
}