{
  "experiment": {
    "name": "ARQ_2__ESC_8",
    "timestamp": "2025-06-19T21:43:14.455303",
    "repeat_index": 9
  },
  "evaluation": {
    "loss": 0.4350265562534332,
    "accuracy": 0.8668619990348816
  },
  "classification_report": {
    "bpsk": {
      "precision": 1.0,
      "recall": 1.0,
      "f1-score": 1.0,
      "support": 1024.0
    },
    "qpsk": {
      "precision": 0.9990234375,
      "recall": 0.9990234375,
      "f1-score": 0.9990234375,
      "support": 1024.0
    },
    "16qam": {
      "precision": 0.8891089108910891,
      "recall": 0.876953125,
      "f1-score": 0.8829891838741396,
      "support": 1024.0
    },
    "32qam cross": {
      "precision": 0.7253456221198157,
      "recall": 0.7685546875,
      "f1-score": 0.7463252726410621,
      "support": 1024.0
    },
    "64qam": {
      "precision": 0.869,
      "recall": 0.8486328125,
      "f1-score": 0.8586956521739131,
      "support": 1024.0
    },
    "128qam cross": {
      "precision": 0.7242757242757243,
      "recall": 0.7080078125,
      "f1-score": 0.7160493827160493,
      "support": 1024.0
    },
    "accuracy": 0.8668619791666666,
    "macro avg": {
      "precision": 0.8677922824644382,
      "recall": 0.8668619791666666,
      "f1-score": 0.8671804881508606,
      "support": 6144.0
    },
    "weighted avg": {
      "precision": 0.8677922824644382,
      "recall": 0.8668619791666666,
      "f1-score": 0.8671804881508606,
      "support": 6144.0
    }
  }
}