{
  "experiment": {
    "name": "ARQ_2__ESC_8",
    "timestamp": "2025-06-19T21:43:15.210272",
    "repeat_index": 9
  },
  "effects": {
    "num_taps": {
      "is_categorical": true,
      "bins": null,
      "values": {
        "6": {
          "Éxito": 0.8668619791666666,
          "Error": 0.13313802083333334
        }
      }
    },
    "snr_db": {
      "is_categorical": false,
      "bins": 10,
      "values": {
        "(7.997, 8.4]": {
          "Éxito": 0.8538961038961039,
          "Error": 0.1461038961038961
        },
        "(8.4, 8.8]": {
          "Éxito": 0.8372093023255814,
          "Error": 0.16279069767441862
        },
        "(8.8, 9.2]": {
          "Éxito": 0.8484848484848485,
          "Error": 0.15151515151515152
        },
        "(9.2, 9.6]": {
          "Éxito": 0.8665568369028006,
          "Error": 0.13344316309719934
        },
        "(9.6, 9.999]": {
          "Éxito": 0.8782467532467533,
          "Error": 0.12175324675324675
        },
        "(9.999, 10.399]": {
          "Éxito": 0.8728414442700158,
          "Error": 0.1271585557299843
        },
        "(10.399, 10.799]": {
          "Éxito": 0.8698315467075038,
          "Error": 0.13016845329249618
        },
        "(10.799, 11.199]": {
          "Éxito": 0.8774422735346359,
          "Error": 0.12255772646536411
        },
        "(11.199, 11.598]": {
          "Éxito": 0.890625,
          "Error": 0.109375
        },
        "(11.598, 11.998]": {
          "Éxito": 0.8730703259005146,
          "Error": 0.1269296740994854
        }
      }
    },
    "phase_offset": {
      "is_categorical": false,
      "bins": 10,
      "values": {
        "(-0.0382, 4.506]": {
          "Éxito": 0.8795379537953796,
          "Error": 0.12046204620462046
        },
        "(4.506, 9.005]": {
          "Éxito": 0.8611570247933884,
          "Error": 0.13884297520661157
        },
        "(9.005, 13.503]": {
          "Éxito": 0.8628389154704944,
          "Error": 0.1371610845295056
        },
        "(13.503, 18.002]": {
          "Éxito": 0.8782051282051282,
          "Error": 0.12179487179487179
        },
        "(18.002, 22.501]": {
          "Éxito": 0.8773424190800682,
          "Error": 0.12265758091993186
        },
        "(22.501, 27.0]": {
          "Éxito": 0.8695652173913043,
          "Error": 0.13043478260869565
        },
        "(27.0, 31.499]": {
          "Éxito": 0.86,
          "Error": 0.14
        },
        "(31.499, 35.998]": {
          "Éxito": 0.86,
          "Error": 0.14
        },
        "(35.998, 40.497]": {
          "Éxito": 0.8491171749598716,
          "Error": 0.1508828250401284
        },
        "(40.497, 44.996]": {
          "Éxito": 0.8710743801652893,
          "Error": 0.12892561983471074
        }
      }
    },
    "roll_off": {
      "is_categorical": false,
      "bins": 10,
      "values": {
        "(0.2, 0.21]": {
          "Éxito": 0.8415492957746479,
          "Error": 0.15845070422535212
        },
        "(0.21, 0.22]": {
          "Éxito": 0.8745874587458746,
          "Error": 0.1254125412541254
        },
        "(0.22, 0.23]": {
          "Éxito": 0.8741830065359477,
          "Error": 0.12581699346405228
        },
        "(0.23, 0.24]": {
          "Éxito": 0.8707037643207856,
          "Error": 0.12929623567921442
        },
        "(0.24, 0.25]": {
          "Éxito": 0.8571428571428571,
          "Error": 0.14285714285714285
        },
        "(0.25, 0.26]": {
          "Éxito": 0.879154078549849,
          "Error": 0.12084592145015106
        },
        "(0.26, 0.27]": {
          "Éxito": 0.8642745709828393,
          "Error": 0.1357254290171607
        },
        "(0.27, 0.28]": {
          "Éxito": 0.8879736408566722,
          "Error": 0.11202635914332784
        },
        "(0.28, 0.29]": {
          "Éxito": 0.8592471358428805,
          "Error": 0.1407528641571195
        },
        "(0.29, 0.3]": {
          "Éxito": 0.8573743922204214,
          "Error": 0.1426256077795786
        }
      }
    }
  }
}