{
  "experiment": {
    "name": "ARQ_1__ESC_3_WITH_256_QAM",
    "timestamp": "2025-06-22T23:11:28.948853",
    "repeat_index": 2
  },
  "effects": {
    "num_taps": {
      "is_categorical": true,
      "bins": null,
      "values": {
        "2": {
          "Éxito": 0.8621651785714286,
          "Error": 0.13783482142857142
        }
      }
    },
    "snr_db": {
      "is_categorical": false,
      "bins": 10,
      "values": {
        "(7.997, 8.401]": {
          "Éxito": 0.834733893557423,
          "Error": 0.16526610644257703
        },
        "(8.401, 8.801]": {
          "Éxito": 0.8509485094850948,
          "Error": 0.14905149051490515
        },
        "(8.801, 9.201]": {
          "Éxito": 0.8377693282636248,
          "Error": 0.16223067173637515
        },
        "(9.201, 9.601]": {
          "Éxito": 0.8468085106382979,
          "Error": 0.15319148936170213
        },
        "(9.601, 10.0]": {
          "Éxito": 0.8760217983651226,
          "Error": 0.12397820163487738
        },
        "(10.0, 10.4]": {
          "Éxito": 0.8543689320388349,
          "Error": 0.14563106796116504
        },
        "(10.4, 10.8]": {
          "Éxito": 0.8748221906116643,
          "Error": 0.1251778093883357
        },
        "(10.8, 11.2]": {
          "Éxito": 0.8789237668161435,
          "Error": 0.1210762331838565
        },
        "(11.2, 11.599]": {
          "Éxito": 0.8831908831908832,
          "Error": 0.1168091168091168
        },
        "(11.599, 11.999]": {
          "Éxito": 0.8888888888888888,
          "Error": 0.1111111111111111
        }
      }
    },
    "phase_offset": {
      "is_categorical": false,
      "bins": 10,
      "values": {
        "(-0.0368, 4.507]": {
          "Éxito": 0.883008356545961,
          "Error": 0.116991643454039
        },
        "(4.507, 9.006]": {
          "Éxito": 0.8480662983425414,
          "Error": 0.15193370165745856
        },
        "(9.006, 13.505]": {
          "Éxito": 0.867043847241867,
          "Error": 0.13295615275813297
        },
        "(13.505, 18.003]": {
          "Éxito": 0.8743016759776536,
          "Error": 0.12569832402234637
        },
        "(18.003, 22.502]": {
          "Éxito": 0.8554913294797688,
          "Error": 0.14450867052023122
        },
        "(22.502, 27.001]": {
          "Éxito": 0.8627717391304348,
          "Error": 0.13722826086956522
        },
        "(27.001, 31.5]": {
          "Éxito": 0.8516483516483516,
          "Error": 0.14835164835164835
        },
        "(31.5, 35.999]": {
          "Éxito": 0.8635057471264368,
          "Error": 0.13649425287356323
        },
        "(35.999, 40.497]": {
          "Éxito": 0.8644793152639088,
          "Error": 0.1355206847360913
        },
        "(40.497, 44.996]": {
          "Éxito": 0.852,
          "Error": 0.148
        }
      }
    },
    "roll_off": {
      "is_categorical": false,
      "bins": 10,
      "values": {
        "(0.2, 0.21]": {
          "Éxito": 0.846262341325811,
          "Error": 0.153737658674189
        },
        "(0.21, 0.22]": {
          "Éxito": 0.855191256830601,
          "Error": 0.1448087431693989
        },
        "(0.22, 0.23]": {
          "Éxito": 0.8685314685314686,
          "Error": 0.13146853146853146
        },
        "(0.23, 0.24]": {
          "Éxito": 0.8744939271255061,
          "Error": 0.12550607287449392
        },
        "(0.24, 0.25]": {
          "Éxito": 0.8653846153846154,
          "Error": 0.1346153846153846
        },
        "(0.25, 0.26]": {
          "Éxito": 0.8662873399715505,
          "Error": 0.1337126600284495
        },
        "(0.26, 0.27]": {
          "Éxito": 0.8569444444444444,
          "Error": 0.14305555555555555
        },
        "(0.27, 0.28]": {
          "Éxito": 0.8592692828146143,
          "Error": 0.14073071718538566
        },
        "(0.28, 0.29]": {
          "Éxito": 0.8635057471264368,
          "Error": 0.13649425287356323
        },
        "(0.29, 0.3]": {
          "Éxito": 0.8656934306569343,
          "Error": 0.1343065693430657
        }
      }
    }
  }
}