{
  "experiment": {
    "name": "red_carlos_ESC_1",
    "timestamp": "2025-06-18T02:38:57.480681",
    "repeat_index": 2,
    "fold_index": 2
  },
  "effects": {
    "num_taps": {
      "is_categorical": true,
      "bins": null,
      "values": {
        "2": {
          "Éxito": 0.596419853539463,
          "Error": 0.403580146460537
        }
      }
    },
    "snr_db": {
      "is_categorical": false,
      "bins": 10,
      "values": {
        "(-0.00095, 0.403]": {
          "Éxito": 0.5882352941176471,
          "Error": 0.4117647058823529
        },
        "(0.403, 0.802]": {
          "Éxito": 0.5570175438596491,
          "Error": 0.44298245614035087
        },
        "(0.802, 1.202]": {
          "Éxito": 0.6060606060606061,
          "Error": 0.3939393939393939
        },
        "(1.202, 1.601]": {
          "Éxito": 0.627906976744186,
          "Error": 0.37209302325581395
        },
        "(1.601, 2.001]": {
          "Éxito": 0.5458333333333333,
          "Error": 0.45416666666666666
        },
        "(2.001, 2.4]": {
          "Éxito": 0.5742971887550201,
          "Error": 0.42570281124497994
        },
        "(2.4, 2.8]": {
          "Éxito": 0.636734693877551,
          "Error": 0.363265306122449
        },
        "(2.8, 3.199]": {
          "Éxito": 0.6108949416342413,
          "Error": 0.38910505836575876
        },
        "(3.199, 3.599]": {
          "Éxito": 0.5745614035087719,
          "Error": 0.42543859649122806
        },
        "(3.599, 3.999]": {
          "Éxito": 0.6305970149253731,
          "Error": 0.3694029850746269
        }
      }
    },
    "phase_offset": {
      "is_categorical": false,
      "bins": 10,
      "values": {
        "(-0.0211, 4.521]": {
          "Éxito": 0.5622641509433962,
          "Error": 0.4377358490566038
        },
        "(4.521, 9.017]": {
          "Éxito": 0.6528925619834711,
          "Error": 0.34710743801652894
        },
        "(9.017, 13.514]": {
          "Éxito": 0.6033057851239669,
          "Error": 0.39669421487603307
        },
        "(13.514, 18.011]": {
          "Éxito": 0.5787401574803149,
          "Error": 0.421259842519685
        },
        "(18.011, 22.508]": {
          "Éxito": 0.5983263598326359,
          "Error": 0.401673640167364
        },
        "(22.508, 27.004]": {
          "Éxito": 0.6150793650793651,
          "Error": 0.38492063492063494
        },
        "(27.004, 31.501]": {
          "Éxito": 0.616600790513834,
          "Error": 0.383399209486166
        },
        "(31.501, 35.998]": {
          "Éxito": 0.6408163265306123,
          "Error": 0.35918367346938773
        },
        "(35.998, 40.495]": {
          "Éxito": 0.53125,
          "Error": 0.46875
        },
        "(40.495, 44.992]": {
          "Éxito": 0.5619834710743802,
          "Error": 0.4380165289256198
        }
      }
    },
    "roll_off": {
      "is_categorical": false,
      "bins": 10,
      "values": {
        "(0.2, 0.21]": {
          "Éxito": 0.58984375,
          "Error": 0.41015625
        },
        "(0.21, 0.22]": {
          "Éxito": 0.578544061302682,
          "Error": 0.421455938697318
        },
        "(0.22, 0.23]": {
          "Éxito": 0.6,
          "Error": 0.4
        },
        "(0.23, 0.24]": {
          "Éxito": 0.6322314049586777,
          "Error": 0.3677685950413223
        },
        "(0.24, 0.25]": {
          "Éxito": 0.6060606060606061,
          "Error": 0.3939393939393939
        },
        "(0.25, 0.26]": {
          "Éxito": 0.6074380165289256,
          "Error": 0.3925619834710744
        },
        "(0.26, 0.27]": {
          "Éxito": 0.5673469387755102,
          "Error": 0.4326530612244898
        },
        "(0.27, 0.28]": {
          "Éxito": 0.6050420168067226,
          "Error": 0.3949579831932773
        },
        "(0.28, 0.29]": {
          "Éxito": 0.6188340807174888,
          "Error": 0.3811659192825112
        },
        "(0.29, 0.3]": {
          "Éxito": 0.5660377358490566,
          "Error": 0.4339622641509434
        }
      }
    }
  }
}