{
  "experiment": {
    "name": "ARQ_2__ESC_11",
    "timestamp": "2025-06-20T01:21:27.061083",
    "repeat_index": 0
  },
  "evaluation": {
    "loss": 0.19909970462322235,
    "accuracy": 0.96630859375
  },
  "classification_report": {
    "bpsk": {
      "precision": 1.0,
      "recall": 1.0,
      "f1-score": 1.0,
      "support": 1024.0
    },
    "qpsk": {
      "precision": 0.9990243902439024,
      "recall": 1.0,
      "f1-score": 0.9995119570522206,
      "support": 1024.0
    },
    "16qam": {
      "precision": 0.9902723735408561,
      "recall": 0.994140625,
      "f1-score": 0.9922027290448343,
      "support": 1024.0
    },
    "32qam cross": {
      "precision": 0.9052224371373307,
      "recall": 0.9140625,
      "f1-score": 0.9096209912536443,
      "support": 1024.0
    },
    "64qam": {
      "precision": 0.9921259842519685,
      "recall": 0.984375,
      "f1-score": 0.9882352941176471,
      "support": 1024.0
    },
    "128qam cross": {
      "precision": 0.911504424778761,
      "recall": 0.9052734375,
      "f1-score": 0.9083782459578638,
      "support": 1024.0
    },
    "accuracy": 0.96630859375,
    "macro avg": {
      "precision": 0.9663582683254699,
      "recall": 0.96630859375,
      "f1-score": 0.966324869571035,
      "support": 6144.0
    },
    "weighted avg": {
      "precision": 0.9663582683254699,
      "recall": 0.96630859375,
      "f1-score": 0.966324869571035,
      "support": 6144.0
    }
  }
}