{
  "experiment": {
    "name": "red_carlos_ESC_1",
    "timestamp": "2025-06-17T13:28:06.003879",
    "repeat_index": 1,
    "fold_index": 0
  },
  "effects": {
    "num_taps": {
      "is_categorical": true,
      "bins": null,
      "values": {
        "2": {
          "Éxito": 0.596419853539463,
          "Error": 0.403580146460537
        }
      }
    },
    "snr_db": {
      "is_categorical": false,
      "bins": 10,
      "values": {
        "(-0.00334, 0.401]": {
          "Éxito": 0.5829787234042553,
          "Error": 0.41702127659574467
        },
        "(0.401, 0.8]": {
          "Éxito": 0.5666666666666667,
          "Error": 0.43333333333333335
        },
        "(0.8, 1.2]": {
          "Éxito": 0.6307692307692307,
          "Error": 0.36923076923076925
        },
        "(1.2, 1.6]": {
          "Éxito": 0.5846153846153846,
          "Error": 0.4153846153846154
        },
        "(1.6, 2.0]": {
          "Éxito": 0.6223175965665236,
          "Error": 0.3776824034334764
        },
        "(2.0, 2.4]": {
          "Éxito": 0.5570934256055363,
          "Error": 0.4429065743944637
        },
        "(2.4, 2.8]": {
          "Éxito": 0.62882096069869,
          "Error": 0.37117903930131
        },
        "(2.8, 3.2]": {
          "Éxito": 0.592274678111588,
          "Error": 0.40772532188841204
        },
        "(3.2, 3.6]": {
          "Éxito": 0.5785123966942148,
          "Error": 0.4214876033057851
        },
        "(3.6, 4.0]": {
          "Éxito": 0.6286919831223629,
          "Error": 0.37130801687763715
        }
      }
    },
    "phase_offset": {
      "is_categorical": false,
      "bins": 10,
      "values": {
        "(-0.0197, 4.522]": {
          "Éxito": 0.6186440677966102,
          "Error": 0.3813559322033898
        },
        "(4.522, 9.019]": {
          "Éxito": 0.5910780669144982,
          "Error": 0.40892193308550184
        },
        "(9.019, 13.516]": {
          "Éxito": 0.610655737704918,
          "Error": 0.38934426229508196
        },
        "(13.516, 18.013]": {
          "Éxito": 0.6622807017543859,
          "Error": 0.33771929824561403
        },
        "(18.013, 22.51]": {
          "Éxito": 0.6025641025641025,
          "Error": 0.3974358974358974
        },
        "(22.51, 27.007]": {
          "Éxito": 0.59375,
          "Error": 0.40625
        },
        "(27.007, 31.504]": {
          "Éxito": 0.5882352941176471,
          "Error": 0.4117647058823529
        },
        "(31.504, 36.001]": {
          "Éxito": 0.5550660792951542,
          "Error": 0.44493392070484583
        },
        "(36.001, 40.498]": {
          "Éxito": 0.5798319327731093,
          "Error": 0.42016806722689076
        },
        "(40.498, 44.995]": {
          "Éxito": 0.5682656826568265,
          "Error": 0.4317343173431734
        }
      }
    },
    "roll_off": {
      "is_categorical": false,
      "bins": 10,
      "values": {
        "(0.2, 0.21]": {
          "Éxito": 0.5708661417322834,
          "Error": 0.42913385826771655
        },
        "(0.21, 0.22]": {
          "Éxito": 0.562753036437247,
          "Error": 0.43724696356275305
        },
        "(0.22, 0.23]": {
          "Éxito": 0.6282051282051282,
          "Error": 0.3717948717948718
        },
        "(0.23, 0.24]": {
          "Éxito": 0.5738396624472574,
          "Error": 0.42616033755274263
        },
        "(0.24, 0.25]": {
          "Éxito": 0.6370967741935484,
          "Error": 0.3629032258064516
        },
        "(0.25, 0.26]": {
          "Éxito": 0.5806451612903226,
          "Error": 0.41935483870967744
        },
        "(0.26, 0.27]": {
          "Éxito": 0.6042553191489362,
          "Error": 0.39574468085106385
        },
        "(0.27, 0.28]": {
          "Éxito": 0.5992063492063492,
          "Error": 0.4007936507936508
        },
        "(0.28, 0.29]": {
          "Éxito": 0.6104417670682731,
          "Error": 0.3895582329317269
        },
        "(0.29, 0.3]": {
          "Éxito": 0.5984251968503937,
          "Error": 0.4015748031496063
        }
      }
    }
  }
}