{
  "experiment": {
    "name": "ARQ_2__ESC_3",
    "timestamp": "2025-06-19T11:18:51.308061",
    "repeat_index": 2
  },
  "evaluation": {
    "loss": 0.15928660333156586,
    "accuracy": 0.9729817509651184
  },
  "classification_report": {
    "bpsk": {
      "precision": 1.0,
      "recall": 1.0,
      "f1-score": 1.0,
      "support": 1024.0
    },
    "qpsk": {
      "precision": 0.9980506822612085,
      "recall": 1.0,
      "f1-score": 0.9990243902439024,
      "support": 1024.0
    },
    "16qam": {
      "precision": 0.9941118743866536,
      "recall": 0.9892578125,
      "f1-score": 0.9916789035731767,
      "support": 1024.0
    },
    "32qam cross": {
      "precision": 0.9232245681381958,
      "recall": 0.939453125,
      "f1-score": 0.9312681510164569,
      "support": 1024.0
    },
    "64qam": {
      "precision": 0.9882697947214076,
      "recall": 0.9873046875,
      "f1-score": 0.9877870053737177,
      "support": 1024.0
    },
    "128qam cross": {
      "precision": 0.9346534653465347,
      "recall": 0.921875,
      "f1-score": 0.928220255653884,
      "support": 1024.0
    },
    "accuracy": 0.9729817708333334,
    "macro avg": {
      "precision": 0.973051730809,
      "recall": 0.9729817708333334,
      "f1-score": 0.9729964509768564,
      "support": 6144.0
    },
    "weighted avg": {
      "precision": 0.973051730809,
      "recall": 0.9729817708333334,
      "f1-score": 0.9729964509768564,
      "support": 6144.0
    }
  }
}