{
  "experiment": {
    "name": "ARQ_1__ESC_2",
    "timestamp": "2025-06-21T15:33:08.379423",
    "repeat_index": 4
  },
  "evaluation": {
    "loss": 0.20808015763759613,
    "accuracy": 0.9103190302848816
  },
  "classification_report": {
    "bpsk": {
      "precision": 1.0,
      "recall": 0.998046875,
      "f1-score": 0.9990224828934506,
      "support": 1024.0
    },
    "qpsk": {
      "precision": 0.9980487804878049,
      "recall": 0.9990234375,
      "f1-score": 0.9985358711566618,
      "support": 1024.0
    },
    "16qam": {
      "precision": 0.9355742296918768,
      "recall": 0.978515625,
      "f1-score": 0.9565632458233889,
      "support": 1024.0
    },
    "32qam cross": {
      "precision": 0.7627272727272727,
      "recall": 0.8193359375,
      "f1-score": 0.7900188323917137,
      "support": 1024.0
    },
    "64qam": {
      "precision": 0.9664292980671414,
      "recall": 0.927734375,
      "f1-score": 0.9466865969108121,
      "support": 1024.0
    },
    "128qam cross": {
      "precision": 0.8027571580063627,
      "recall": 0.7392578125,
      "f1-score": 0.7697000508388409,
      "support": 1024.0
    },
    "accuracy": 0.9103190104166666,
    "macro avg": {
      "precision": 0.9109227898300764,
      "recall": 0.9103190104166666,
      "f1-score": 0.9100878466691448,
      "support": 6144.0
    },
    "weighted avg": {
      "precision": 0.9109227898300764,
      "recall": 0.9103190104166666,
      "f1-score": 0.9100878466691448,
      "support": 6144.0
    }
  }
}