{
  "experiment": {
    "name": "ARQ_1__ESC_2",
    "timestamp": "2025-06-21T15:33:10.381374",
    "repeat_index": 4
  },
  "effects": {
    "num_taps": {
      "is_categorical": true,
      "bins": null,
      "values": {
        "2": {
          "Éxito": 0.9103190104166666,
          "Error": 0.08968098958333333
        }
      }
    },
    "snr_db": {
      "is_categorical": false,
      "bins": 10,
      "values": {
        "(3.998, 4.402]": {
          "Éxito": 0.8686708860759493,
          "Error": 0.13132911392405064
        },
        "(4.402, 4.801]": {
          "Éxito": 0.8562300319488818,
          "Error": 0.14376996805111822
        },
        "(4.801, 5.201]": {
          "Éxito": 0.8972267536704731,
          "Error": 0.10277324632952692
        },
        "(5.201, 5.601]": {
          "Éxito": 0.904610492845787,
          "Error": 0.09538950715421304
        },
        "(5.601, 6.001]": {
          "Éxito": 0.9117174959871589,
          "Error": 0.08828250401284109
        },
        "(6.001, 6.4]": {
          "Éxito": 0.9209225700164745,
          "Error": 0.07907742998352553
        },
        "(6.4, 6.8]": {
          "Éxito": 0.9294320137693631,
          "Error": 0.07056798623063683
        },
        "(6.8, 7.2]": {
          "Éxito": 0.9258064516129032,
          "Error": 0.07419354838709677
        },
        "(7.2, 7.6]": {
          "Éxito": 0.9366883116883117,
          "Error": 0.0633116883116883
        },
        "(7.6, 7.999]": {
          "Éxito": 0.9564489112227805,
          "Error": 0.04355108877721943
        }
      }
    },
    "phase_offset": {
      "is_categorical": false,
      "bins": 10,
      "values": {
        "(-0.0413, 4.503]": {
          "Éxito": 0.9283387622149837,
          "Error": 0.07166123778501629
        },
        "(4.503, 9.003]": {
          "Éxito": 0.9027113237639554,
          "Error": 0.09728867623604466
        },
        "(9.003, 13.502]": {
          "Éxito": 0.8896434634974533,
          "Error": 0.11035653650254669
        },
        "(13.502, 18.002]": {
          "Éxito": 0.9159935379644588,
          "Error": 0.0840064620355412
        },
        "(18.002, 22.501]": {
          "Éxito": 0.8852459016393442,
          "Error": 0.11475409836065574
        },
        "(22.501, 27.001]": {
          "Éxito": 0.9238249594813615,
          "Error": 0.07617504051863858
        },
        "(27.001, 31.5]": {
          "Éxito": 0.9170653907496013,
          "Error": 0.08293460925039872
        },
        "(31.5, 36.0]": {
          "Éxito": 0.9166666666666666,
          "Error": 0.08333333333333333
        },
        "(36.0, 40.499]": {
          "Éxito": 0.9171974522292994,
          "Error": 0.08280254777070063
        },
        "(40.499, 44.999]": {
          "Éxito": 0.9051580698835274,
          "Error": 0.09484193011647254
        }
      }
    },
    "roll_off": {
      "is_categorical": false,
      "bins": 10,
      "values": {
        "(0.2, 0.21]": {
          "Éxito": 0.8957983193277311,
          "Error": 0.10420168067226891
        },
        "(0.21, 0.22]": {
          "Éxito": 0.9242174629324547,
          "Error": 0.0757825370675453
        },
        "(0.22, 0.23]": {
          "Éxito": 0.9037433155080213,
          "Error": 0.0962566844919786
        },
        "(0.23, 0.24]": {
          "Éxito": 0.8993808049535603,
          "Error": 0.10061919504643962
        },
        "(0.24, 0.25]": {
          "Éxito": 0.9093701996927803,
          "Error": 0.09062980030721966
        },
        "(0.25, 0.26]": {
          "Éxito": 0.8925869894099848,
          "Error": 0.10741301059001512
        },
        "(0.26, 0.27]": {
          "Éxito": 0.9250814332247557,
          "Error": 0.0749185667752443
        },
        "(0.27, 0.28]": {
          "Éxito": 0.9111842105263158,
          "Error": 0.08881578947368421
        },
        "(0.28, 0.29]": {
          "Éxito": 0.9314845024469821,
          "Error": 0.06851549755301795
        },
        "(0.29, 0.3]": {
          "Éxito": 0.9115646258503401,
          "Error": 0.08843537414965986
        }
      }
    }
  }
}