{
  "experiment": {
    "name": "ARQ_1__ESC_6",
    "timestamp": "2025-06-23T00:29:58.970593",
    "repeat_index": 8
  },
  "effects": {
    "num_taps": {
      "is_categorical": true,
      "bins": null,
      "values": {
        "1": {
          "Éxito": 0.9890950520833334,
          "Error": 0.010904947916666666
        }
      }
    },
    "snr_db": {
      "is_categorical": false,
      "bins": 10,
      "values": {
        "(7.996, 8.4]": {
          "Éxito": 0.9704049844236761,
          "Error": 0.029595015576323987
        },
        "(8.4, 8.8]": {
          "Éxito": 0.9793977812995246,
          "Error": 0.020602218700475437
        },
        "(8.8, 9.2]": {
          "Éxito": 0.9849246231155779,
          "Error": 0.01507537688442211
        },
        "(9.2, 9.6]": {
          "Éxito": 0.9886178861788618,
          "Error": 0.011382113821138212
        },
        "(9.6, 10.0]": {
          "Éxito": 0.9914821124361158,
          "Error": 0.008517887563884156
        },
        "(10.0, 10.4]": {
          "Éxito": 0.994991652754591,
          "Error": 0.005008347245409015
        },
        "(10.4, 10.8]": {
          "Éxito": 0.995,
          "Error": 0.005
        },
        "(10.8, 11.2]": {
          "Éxito": 0.9920127795527156,
          "Error": 0.007987220447284345
        },
        "(11.2, 11.6]": {
          "Éxito": 0.9967948717948718,
          "Error": 0.003205128205128205
        },
        "(11.6, 12.0]": {
          "Éxito": 0.9983948635634029,
          "Error": 0.0016051364365971107
        }
      }
    },
    "phase_offset": {
      "is_categorical": false,
      "bins": 10,
      "values": {
        "(-0.0425, 4.502]": {
          "Éxito": 0.9841521394611727,
          "Error": 0.01584786053882726
        },
        "(4.502, 9.002]": {
          "Éxito": 0.991869918699187,
          "Error": 0.008130081300813009
        },
        "(9.002, 13.501]": {
          "Éxito": 0.9876160990712074,
          "Error": 0.01238390092879257
        },
        "(13.501, 18.001]": {
          "Éxito": 0.9862542955326461,
          "Error": 0.013745704467353952
        },
        "(18.001, 22.501]": {
          "Éxito": 0.9917898193760263,
          "Error": 0.008210180623973728
        },
        "(22.501, 27.0]": {
          "Éxito": 0.9869918699186991,
          "Error": 0.013008130081300813
        },
        "(27.0, 31.5]": {
          "Éxito": 0.9908256880733946,
          "Error": 0.009174311926605505
        },
        "(31.5, 35.999]": {
          "Éxito": 0.988391376451078,
          "Error": 0.011608623548922056
        },
        "(35.999, 40.499]": {
          "Éxito": 0.9899159663865547,
          "Error": 0.010084033613445379
        },
        "(40.499, 44.999]": {
          "Éxito": 0.9932659932659933,
          "Error": 0.006734006734006734
        }
      }
    },
    "roll_off": {
      "is_categorical": false,
      "bins": 10,
      "values": {
        "(0.2, 0.21]": {
          "Éxito": 0.9886178861788618,
          "Error": 0.011382113821138212
        },
        "(0.21, 0.22]": {
          "Éxito": 0.9900332225913622,
          "Error": 0.009966777408637873
        },
        "(0.22, 0.23]": {
          "Éxito": 0.9840764331210191,
          "Error": 0.01592356687898089
        },
        "(0.23, 0.24]": {
          "Éxito": 0.9940564635958395,
          "Error": 0.005943536404160475
        },
        "(0.24, 0.25]": {
          "Éxito": 0.9868204283360791,
          "Error": 0.013179571663920923
        },
        "(0.25, 0.26]": {
          "Éxito": 0.9838709677419355,
          "Error": 0.016129032258064516
        },
        "(0.26, 0.27]": {
          "Éxito": 0.9883333333333333,
          "Error": 0.011666666666666667
        },
        "(0.27, 0.28]": {
          "Éxito": 0.9877408056042032,
          "Error": 0.012259194395796848
        },
        "(0.28, 0.29]": {
          "Éxito": 0.990228013029316,
          "Error": 0.009771986970684038
        },
        "(0.29, 0.3]": {
          "Éxito": 0.996742671009772,
          "Error": 0.003257328990228013
        }
      }
    }
  }
}