{
  "experiment": {
    "name": "cnn_bilstm_attn_esc_1",
    "timestamp": "2025-06-17T00:47:43.925232",
    "repeat_index": 0,
    "fold_index": 3
  },
  "effects": {
    "num_taps": {
      "is_categorical": true,
      "bins": null,
      "values": {
        "2": {
          "Éxito": 0.7786818551668023,
          "Error": 0.22131814483319773
        }
      }
    },
    "snr_db": {
      "is_categorical": false,
      "bins": 10,
      "values": {
        "(-0.00277, 0.401]": {
          "Éxito": 0.7310606060606061,
          "Error": 0.2689393939393939
        },
        "(0.401, 0.801]": {
          "Éxito": 0.7886178861788617,
          "Error": 0.21138211382113822
        },
        "(0.801, 1.2]": {
          "Éxito": 0.7732793522267206,
          "Error": 0.22672064777327935
        },
        "(1.2, 1.6]": {
          "Éxito": 0.7658730158730159,
          "Error": 0.23412698412698413
        },
        "(1.6, 2.0]": {
          "Éxito": 0.7647058823529411,
          "Error": 0.23529411764705882
        },
        "(2.0, 2.399]": {
          "Éxito": 0.8142292490118577,
          "Error": 0.1857707509881423
        },
        "(2.399, 2.799]": {
          "Éxito": 0.8,
          "Error": 0.2
        },
        "(2.799, 3.198]": {
          "Éxito": 0.7842323651452282,
          "Error": 0.2157676348547718
        },
        "(3.198, 3.598]": {
          "Éxito": 0.8088888888888889,
          "Error": 0.19111111111111112
        },
        "(3.598, 3.998]": {
          "Éxito": 0.7611336032388664,
          "Error": 0.2388663967611336
        }
      }
    },
    "phase_offset": {
      "is_categorical": false,
      "bins": 10,
      "values": {
        "(-0.0389, 4.505]": {
          "Éxito": 0.7551020408163265,
          "Error": 0.24489795918367346
        },
        "(4.505, 9.004]": {
          "Éxito": 0.7792207792207793,
          "Error": 0.22077922077922077
        },
        "(9.004, 13.503]": {
          "Éxito": 0.7819548872180451,
          "Error": 0.21804511278195488
        },
        "(13.503, 18.001]": {
          "Éxito": 0.7479674796747967,
          "Error": 0.25203252032520324
        },
        "(18.001, 22.5]": {
          "Éxito": 0.7310606060606061,
          "Error": 0.2689393939393939
        },
        "(22.5, 26.999]": {
          "Éxito": 0.8112449799196787,
          "Error": 0.18875502008032127
        },
        "(26.999, 31.498]": {
          "Éxito": 0.8293838862559242,
          "Error": 0.17061611374407584
        },
        "(31.498, 35.997]": {
          "Éxito": 0.78125,
          "Error": 0.21875
        },
        "(35.997, 40.496]": {
          "Éxito": 0.8081180811808119,
          "Error": 0.1918819188191882
        },
        "(40.496, 44.995]": {
          "Éxito": 0.7689243027888446,
          "Error": 0.23107569721115537
        }
      }
    },
    "roll_off": {
      "is_categorical": false,
      "bins": 10,
      "values": {
        "(0.2, 0.21]": {
          "Éxito": 0.7740585774058577,
          "Error": 0.22594142259414227
        },
        "(0.21, 0.22]": {
          "Éxito": 0.7453183520599251,
          "Error": 0.2546816479400749
        },
        "(0.22, 0.23]": {
          "Éxito": 0.7137096774193549,
          "Error": 0.2862903225806452
        },
        "(0.23, 0.24]": {
          "Éxito": 0.8170212765957446,
          "Error": 0.1829787234042553
        },
        "(0.24, 0.25]": {
          "Éxito": 0.7777777777777778,
          "Error": 0.2222222222222222
        },
        "(0.25, 0.26]": {
          "Éxito": 0.844,
          "Error": 0.156
        },
        "(0.26, 0.27]": {
          "Éxito": 0.7711864406779662,
          "Error": 0.2288135593220339
        },
        "(0.27, 0.28]": {
          "Éxito": 0.7791164658634538,
          "Error": 0.22088353413654618
        },
        "(0.28, 0.29]": {
          "Éxito": 0.7890625,
          "Error": 0.2109375
        },
        "(0.29, 0.3]": {
          "Éxito": 0.7786259541984732,
          "Error": 0.22137404580152673
        }
      }
    }
  }
}