{
  "experiment": {
    "name": "cnn_bilstm_attn_esc_7",
    "timestamp": "2025-06-22T20:55:18.468609",
    "repeat_index": 2,
    "fold_index": 3
  },
  "effects": {
    "num_taps": {
      "is_categorical": true,
      "bins": null,
      "values": {
        "4": {
          "Éxito": 0.8665581773799838,
          "Error": 0.13344182262001628
        }
      }
    },
    "snr_db": {
      "is_categorical": false,
      "bins": 10,
      "values": {
        "(7.999, 8.403]": {
          "Éxito": 0.8303571428571429,
          "Error": 0.16964285714285715
        },
        "(8.403, 8.802]": {
          "Éxito": 0.9078947368421053,
          "Error": 0.09210526315789473
        },
        "(8.802, 9.202]": {
          "Éxito": 0.8636363636363636,
          "Error": 0.13636363636363635
        },
        "(9.202, 9.602]": {
          "Éxito": 0.8697478991596639,
          "Error": 0.13025210084033614
        },
        "(9.602, 10.001]": {
          "Éxito": 0.8627450980392157,
          "Error": 0.13725490196078433
        },
        "(10.001, 10.401]": {
          "Éxito": 0.8326848249027238,
          "Error": 0.16731517509727625
        },
        "(10.401, 10.8]": {
          "Éxito": 0.8754716981132076,
          "Error": 0.12452830188679245
        },
        "(10.8, 11.2]": {
          "Éxito": 0.8947368421052632,
          "Error": 0.10526315789473684
        },
        "(11.2, 11.599]": {
          "Éxito": 0.867704280155642,
          "Error": 0.13229571984435798
        },
        "(11.599, 11.999]": {
          "Éxito": 0.8612244897959184,
          "Error": 0.13877551020408163
        }
      }
    },
    "phase_offset": {
      "is_categorical": false,
      "bins": 10,
      "values": {
        "(-0.0427, 4.499]": {
          "Éxito": 0.8492063492063492,
          "Error": 0.15079365079365079
        },
        "(4.499, 8.996]": {
          "Éxito": 0.8333333333333334,
          "Error": 0.16666666666666666
        },
        "(8.996, 13.493]": {
          "Éxito": 0.8760683760683761,
          "Error": 0.12393162393162394
        },
        "(13.493, 17.99]": {
          "Éxito": 0.8979591836734694,
          "Error": 0.10204081632653061
        },
        "(17.99, 22.487]": {
          "Éxito": 0.8508771929824561,
          "Error": 0.14912280701754385
        },
        "(22.487, 26.984]": {
          "Éxito": 0.8910505836575876,
          "Error": 0.10894941634241245
        },
        "(26.984, 31.481]": {
          "Éxito": 0.859375,
          "Error": 0.140625
        },
        "(31.481, 35.978]": {
          "Éxito": 0.8367346938775511,
          "Error": 0.16326530612244897
        },
        "(35.978, 40.475]": {
          "Éxito": 0.8723404255319149,
          "Error": 0.1276595744680851
        },
        "(40.475, 44.972]": {
          "Éxito": 0.902542372881356,
          "Error": 0.09745762711864407
        }
      }
    },
    "roll_off": {
      "is_categorical": false,
      "bins": 10,
      "values": {
        "(0.2, 0.21]": {
          "Éxito": 0.8649789029535865,
          "Error": 0.1350210970464135
        },
        "(0.21, 0.22]": {
          "Éxito": 0.852589641434263,
          "Error": 0.14741035856573706
        },
        "(0.22, 0.23]": {
          "Éxito": 0.8898678414096917,
          "Error": 0.11013215859030837
        },
        "(0.23, 0.24]": {
          "Éxito": 0.8537549407114624,
          "Error": 0.14624505928853754
        },
        "(0.24, 0.25]": {
          "Éxito": 0.8565400843881856,
          "Error": 0.14345991561181434
        },
        "(0.25, 0.26]": {
          "Éxito": 0.8622047244094488,
          "Error": 0.1377952755905512
        },
        "(0.26, 0.27]": {
          "Éxito": 0.8930041152263375,
          "Error": 0.10699588477366255
        },
        "(0.27, 0.28]": {
          "Éxito": 0.8734177215189873,
          "Error": 0.12658227848101267
        },
        "(0.28, 0.29]": {
          "Éxito": 0.8764478764478765,
          "Error": 0.12355212355212356
        },
        "(0.29, 0.3]": {
          "Éxito": 0.8461538461538461,
          "Error": 0.15384615384615385
        }
      }
    }
  }
}