{
  "experiment": {
    "name": "red_carlos_ESC_11",
    "timestamp": "2025-06-21T08:22:22.361381",
    "repeat_index": 2,
    "fold_index": 1
  },
  "evaluation": {
    "loss": 0.21910451352596283,
    "accuracy": 0.9422294497489929
  },
  "classification_report": {
    "bpsk": {
      "precision": 1.0,
      "recall": 1.0,
      "f1-score": 1.0,
      "support": 409.0
    },
    "qpsk": {
      "precision": 1.0,
      "recall": 1.0,
      "f1-score": 1.0,
      "support": 409.0
    },
    "16qam": {
      "precision": 0.9927184466019418,
      "recall": 0.9975609756097561,
      "f1-score": 0.9951338199513382,
      "support": 410.0
    },
    "32qam cross": {
      "precision": 0.8596491228070176,
      "recall": 0.8365853658536585,
      "f1-score": 0.8479604449938196,
      "support": 410.0
    },
    "64qam": {
      "precision": 0.9874371859296482,
      "recall": 0.9585365853658536,
      "f1-score": 0.9727722772277227,
      "support": 410.0
    },
    "128qam cross": {
      "precision": 0.8190255220417634,
      "recall": 0.8609756097560975,
      "f1-score": 0.8394768133174791,
      "support": 410.0
    },
    "accuracy": 0.9422294548413345,
    "macro avg": {
      "precision": 0.9431383795633952,
      "recall": 0.9422764227642277,
      "f1-score": 0.94255722591506,
      "support": 2458.0
    },
    "weighted avg": {
      "precision": 0.9430921129885891,
      "recall": 0.9422294548413345,
      "f1-score": 0.9425104864731683,
      "support": 2458.0
    }
  }
}