{
  "experiment": {
    "name": "red_carlos_ESC_7",
    "timestamp": "2025-06-18T15:12:09.121319",
    "repeat_index": 1,
    "fold_index": 1
  },
  "effects": {
    "num_taps": {
      "is_categorical": true,
      "bins": null,
      "values": {
        "4": {
          "Éxito": 0.6440195280716029,
          "Error": 0.35598047192839705
        }
      }
    },
    "snr_db": {
      "is_categorical": false,
      "bins": 10,
      "values": {
        "(7.997, 8.4]": {
          "Éxito": 0.5914893617021276,
          "Error": 0.4085106382978723
        },
        "(8.4, 8.8]": {
          "Éxito": 0.658008658008658,
          "Error": 0.341991341991342
        },
        "(8.8, 9.199]": {
          "Éxito": 0.6303501945525292,
          "Error": 0.36964980544747084
        },
        "(9.199, 9.599]": {
          "Éxito": 0.6431535269709544,
          "Error": 0.35684647302904565
        },
        "(9.599, 9.999]": {
          "Éxito": 0.592,
          "Error": 0.408
        },
        "(9.999, 10.398]": {
          "Éxito": 0.6039215686274509,
          "Error": 0.396078431372549
        },
        "(10.398, 10.798]": {
          "Éxito": 0.6735537190082644,
          "Error": 0.32644628099173556
        },
        "(10.798, 11.197]": {
          "Éxito": 0.7298387096774194,
          "Error": 0.2701612903225806
        },
        "(11.197, 11.597]": {
          "Éxito": 0.6576923076923077,
          "Error": 0.3423076923076923
        },
        "(11.597, 11.997]": {
          "Éxito": 0.6610878661087866,
          "Error": 0.3389121338912134
        }
      }
    },
    "phase_offset": {
      "is_categorical": false,
      "bins": 10,
      "values": {
        "(-0.0373, 4.503]": {
          "Éxito": 0.6637931034482759,
          "Error": 0.33620689655172414
        },
        "(4.503, 8.999]": {
          "Éxito": 0.656,
          "Error": 0.344
        },
        "(8.999, 13.495]": {
          "Éxito": 0.5902255639097744,
          "Error": 0.40977443609022557
        },
        "(13.495, 17.991]": {
          "Éxito": 0.6812227074235808,
          "Error": 0.31877729257641924
        },
        "(17.991, 22.487]": {
          "Éxito": 0.6935483870967742,
          "Error": 0.3064516129032258
        },
        "(22.487, 26.982]": {
          "Éxito": 0.6208530805687204,
          "Error": 0.3791469194312796
        },
        "(26.982, 31.478]": {
          "Éxito": 0.6174242424242424,
          "Error": 0.38257575757575757
        },
        "(31.478, 35.974]": {
          "Éxito": 0.6431535269709544,
          "Error": 0.35684647302904565
        },
        "(35.974, 40.47]": {
          "Éxito": 0.6484375,
          "Error": 0.3515625
        },
        "(40.47, 44.966]": {
          "Éxito": 0.632183908045977,
          "Error": 0.367816091954023
        }
      }
    },
    "roll_off": {
      "is_categorical": false,
      "bins": 10,
      "values": {
        "(0.2, 0.21]": {
          "Éxito": 0.6143497757847534,
          "Error": 0.38565022421524664
        },
        "(0.21, 0.22]": {
          "Éxito": 0.6055776892430279,
          "Error": 0.3944223107569721
        },
        "(0.22, 0.23]": {
          "Éxito": 0.6259541984732825,
          "Error": 0.37404580152671757
        },
        "(0.23, 0.24]": {
          "Éxito": 0.6360153256704981,
          "Error": 0.36398467432950193
        },
        "(0.24, 0.25]": {
          "Éxito": 0.6260504201680672,
          "Error": 0.3739495798319328
        },
        "(0.25, 0.26]": {
          "Éxito": 0.7101449275362319,
          "Error": 0.2898550724637681
        },
        "(0.26, 0.27]": {
          "Éxito": 0.6842105263157895,
          "Error": 0.3157894736842105
        },
        "(0.27, 0.28]": {
          "Éxito": 0.6172839506172839,
          "Error": 0.38271604938271603
        },
        "(0.28, 0.29]": {
          "Éxito": 0.6244131455399061,
          "Error": 0.3755868544600939
        },
        "(0.29, 0.3]": {
          "Éxito": 0.6844262295081968,
          "Error": 0.3155737704918033
        }
      }
    }
  }
}