{
  "experiment": {
    "name": "cnn_bilstm_attn_esc_1",
    "timestamp": "2025-06-17T00:47:42.957508",
    "repeat_index": 0,
    "fold_index": 3
  },
  "evaluation": {
    "loss": 0.49692702293395996,
    "accuracy": 0.7786818742752075
  },
  "classification_report": {
    "bpsk": {
      "precision": 0.9951338199513382,
      "recall": 0.9975609756097561,
      "f1-score": 0.9963459196102314,
      "support": 410.0
    },
    "qpsk": {
      "precision": 0.9927184466019418,
      "recall": 0.9975609756097561,
      "f1-score": 0.9951338199513382,
      "support": 410.0
    },
    "16qam": {
      "precision": 0.7012987012987013,
      "recall": 0.7902439024390244,
      "f1-score": 0.743119266055046,
      "support": 410.0
    },
    "32qam cross": {
      "precision": 0.6470588235294118,
      "recall": 0.5634146341463414,
      "f1-score": 0.6023468057366362,
      "support": 410.0
    },
    "64qam": {
      "precision": 0.7135416666666666,
      "recall": 0.6699266503667481,
      "f1-score": 0.691046658259773,
      "support": 409.0
    },
    "128qam cross": {
      "precision": 0.6180555555555556,
      "recall": 0.6528117359413202,
      "f1-score": 0.6349583828775267,
      "support": 409.0
    },
    "accuracy": 0.7786818551668023,
    "macro avg": {
      "precision": 0.7779678356006025,
      "recall": 0.7785864790188244,
      "f1-score": 0.7771584754150919,
      "support": 2458.0
    },
    "weighted avg": {
      "precision": 0.7780591042942474,
      "recall": 0.7786818551668023,
      "f1-score": 0.7772513606509311,
      "support": 2458.0
    }
  }
}