{
  "experiment": {
    "name": "res_tcn_se_esc_5",
    "timestamp": "2025-06-16T10:39:11.044125",
    "repeat_index": 1,
    "fold_index": 4
  },
  "effects": {
    "num_taps": {
      "is_categorical": true,
      "bins": null,
      "values": {
        "2": {
          "Éxito": 0.9703010577705452,
          "Error": 0.029698942229454843
        }
      }
    },
    "snr_db": {
      "is_categorical": false,
      "bins": 10,
      "values": {
        "(15.997, 16.401]": {
          "Éxito": 0.9762845849802372,
          "Error": 0.023715415019762844
        },
        "(16.401, 16.8]": {
          "Éxito": 0.96484375,
          "Error": 0.03515625
        },
        "(16.8, 17.2]": {
          "Éxito": 0.9783549783549783,
          "Error": 0.021645021645021644
        },
        "(17.2, 17.599]": {
          "Éxito": 0.9759036144578314,
          "Error": 0.024096385542168676
        },
        "(17.599, 17.999]": {
          "Éxito": 0.9672131147540983,
          "Error": 0.03278688524590164
        },
        "(17.999, 18.398]": {
          "Éxito": 0.9576271186440678,
          "Error": 0.0423728813559322
        },
        "(18.398, 18.798]": {
          "Éxito": 0.97165991902834,
          "Error": 0.02834008097165992
        },
        "(18.798, 19.197]": {
          "Éxito": 0.9612403100775194,
          "Error": 0.03875968992248062
        },
        "(19.197, 19.597]": {
          "Éxito": 0.9718875502008032,
          "Error": 0.028112449799196786
        },
        "(19.597, 19.996]": {
          "Éxito": 0.9787234042553191,
          "Error": 0.02127659574468085
        }
      }
    },
    "phase_offset": {
      "is_categorical": false,
      "bins": 10,
      "values": {
        "(-0.0377, 4.506]": {
          "Éxito": 0.9625468164794008,
          "Error": 0.03745318352059925
        },
        "(4.506, 9.005]": {
          "Éxito": 1.0,
          "Error": 0.0
        },
        "(9.005, 13.504]": {
          "Éxito": 0.9765625,
          "Error": 0.0234375
        },
        "(13.504, 18.002]": {
          "Éxito": 0.9764705882352941,
          "Error": 0.023529411764705882
        },
        "(18.002, 22.501]": {
          "Éxito": 0.9612068965517241,
          "Error": 0.03879310344827586
        },
        "(22.501, 27.0]": {
          "Éxito": 0.9656652360515021,
          "Error": 0.034334763948497854
        },
        "(27.0, 31.499]": {
          "Éxito": 0.964,
          "Error": 0.036
        },
        "(31.499, 35.998]": {
          "Éxito": 0.9603174603174603,
          "Error": 0.03968253968253968
        },
        "(35.998, 40.496]": {
          "Éxito": 0.9872340425531915,
          "Error": 0.01276595744680851
        },
        "(40.496, 44.995]": {
          "Éxito": 0.953307392996109,
          "Error": 0.04669260700389105
        }
      }
    },
    "roll_off": {
      "is_categorical": false,
      "bins": 10,
      "values": {
        "(0.2, 0.21]": {
          "Éxito": 0.946058091286307,
          "Error": 0.05394190871369295
        },
        "(0.21, 0.22]": {
          "Éxito": 0.96,
          "Error": 0.04
        },
        "(0.22, 0.23]": {
          "Éxito": 0.9570815450643777,
          "Error": 0.04291845493562232
        },
        "(0.23, 0.24]": {
          "Éxito": 0.9831223628691983,
          "Error": 0.016877637130801686
        },
        "(0.24, 0.25]": {
          "Éxito": 0.9722222222222222,
          "Error": 0.027777777777777776
        },
        "(0.25, 0.26]": {
          "Éxito": 0.974025974025974,
          "Error": 0.025974025974025976
        },
        "(0.26, 0.27]": {
          "Éxito": 0.9773584905660377,
          "Error": 0.022641509433962263
        },
        "(0.27, 0.28]": {
          "Éxito": 0.9787985865724381,
          "Error": 0.02120141342756184
        },
        "(0.28, 0.29]": {
          "Éxito": 0.9821428571428571,
          "Error": 0.017857142857142856
        },
        "(0.29, 0.3]": {
          "Éxito": 0.9710743801652892,
          "Error": 0.028925619834710745
        }
      }
    }
  }
}