{
  "experiment": {
    "name": "res_tcn_se_esc_7",
    "timestamp": "2025-06-16T12:03:36.937534",
    "repeat_index": 0,
    "fold_index": 0
  },
  "effects": {
    "num_taps": {
      "is_categorical": true,
      "bins": null,
      "values": {
        "4": {
          "Éxito": 0.8653376729048007,
          "Error": 0.13466232709519935
        }
      }
    },
    "snr_db": {
      "is_categorical": false,
      "bins": 10,
      "values": {
        "(7.996, 8.4]": {
          "Éxito": 0.8515625,
          "Error": 0.1484375
        },
        "(8.4, 8.8]": {
          "Éxito": 0.8623481781376519,
          "Error": 0.13765182186234817
        },
        "(8.8, 9.2]": {
          "Éxito": 0.8373205741626795,
          "Error": 0.16267942583732056
        },
        "(9.2, 9.6]": {
          "Éxito": 0.888,
          "Error": 0.112
        },
        "(9.6, 10.0]": {
          "Éxito": 0.8596491228070176,
          "Error": 0.14035087719298245
        },
        "(10.0, 10.4]": {
          "Éxito": 0.828,
          "Error": 0.172
        },
        "(10.4, 10.8]": {
          "Éxito": 0.8695652173913043,
          "Error": 0.13043478260869565
        },
        "(10.8, 11.2]": {
          "Éxito": 0.8937728937728938,
          "Error": 0.10622710622710622
        },
        "(11.2, 11.6]": {
          "Éxito": 0.8778625954198473,
          "Error": 0.12213740458015267
        },
        "(11.6, 12.0]": {
          "Éxito": 0.8782608695652174,
          "Error": 0.12173913043478261
        }
      }
    },
    "phase_offset": {
      "is_categorical": false,
      "bins": 10,
      "values": {
        "(-0.0423, 4.502]": {
          "Éxito": 0.8571428571428571,
          "Error": 0.14285714285714285
        },
        "(4.502, 9.002]": {
          "Éxito": 0.9038461538461539,
          "Error": 0.09615384615384616
        },
        "(9.002, 13.502]": {
          "Éxito": 0.8442622950819673,
          "Error": 0.1557377049180328
        },
        "(13.502, 18.002]": {
          "Éxito": 0.8320610687022901,
          "Error": 0.16793893129770993
        },
        "(18.002, 22.501]": {
          "Éxito": 0.8495934959349594,
          "Error": 0.15040650406504066
        },
        "(22.501, 27.001]": {
          "Éxito": 0.8730769230769231,
          "Error": 0.12692307692307692
        },
        "(27.001, 31.501]": {
          "Éxito": 0.8640350877192983,
          "Error": 0.13596491228070176
        },
        "(31.501, 36.001]": {
          "Éxito": 0.8836206896551724,
          "Error": 0.11637931034482758
        },
        "(36.001, 40.5]": {
          "Éxito": 0.8818565400843882,
          "Error": 0.11814345991561181
        },
        "(40.5, 45.0]": {
          "Éxito": 0.8647540983606558,
          "Error": 0.13524590163934427
        }
      }
    },
    "roll_off": {
      "is_categorical": false,
      "bins": 10,
      "values": {
        "(0.2, 0.21]": {
          "Éxito": 0.8730769230769231,
          "Error": 0.12692307692307692
        },
        "(0.21, 0.22]": {
          "Éxito": 0.865546218487395,
          "Error": 0.13445378151260504
        },
        "(0.22, 0.23]": {
          "Éxito": 0.8936170212765957,
          "Error": 0.10638297872340426
        },
        "(0.23, 0.24]": {
          "Éxito": 0.8876404494382022,
          "Error": 0.11235955056179775
        },
        "(0.24, 0.25]": {
          "Éxito": 0.8136882129277566,
          "Error": 0.18631178707224336
        },
        "(0.25, 0.26]": {
          "Éxito": 0.8502024291497976,
          "Error": 0.14979757085020243
        },
        "(0.26, 0.27]": {
          "Éxito": 0.844106463878327,
          "Error": 0.155893536121673
        },
        "(0.27, 0.28]": {
          "Éxito": 0.8614718614718615,
          "Error": 0.13852813852813853
        },
        "(0.28, 0.29]": {
          "Éxito": 0.883177570093458,
          "Error": 0.11682242990654206
        },
        "(0.29, 0.3]": {
          "Éxito": 0.8875,
          "Error": 0.1125
        }
      }
    }
  }
}