{
  "experiment": {
    "name": "cnn_bilstm_attn_esc_3",
    "timestamp": "2025-06-19T12:53:35.231557",
    "repeat_index": 3,
    "fold_index": 1
  },
  "effects": {
    "num_taps": {
      "is_categorical": true,
      "bins": null,
      "values": {
        "2": {
          "Éxito": 0.9637917005695688,
          "Error": 0.036208299430431246
        }
      }
    },
    "snr_db": {
      "is_categorical": false,
      "bins": 10,
      "values": {
        "(7.999, 8.403]": {
          "Éxito": 0.9598540145985401,
          "Error": 0.040145985401459854
        },
        "(8.403, 8.802]": {
          "Éxito": 0.951417004048583,
          "Error": 0.048582995951417005
        },
        "(8.802, 9.202]": {
          "Éxito": 0.9561752988047809,
          "Error": 0.043824701195219126
        },
        "(9.202, 9.602]": {
          "Éxito": 0.959409594095941,
          "Error": 0.04059040590405904
        },
        "(9.602, 10.001]": {
          "Éxito": 0.9553571428571429,
          "Error": 0.044642857142857144
        },
        "(10.001, 10.401]": {
          "Éxito": 0.9742489270386266,
          "Error": 0.02575107296137339
        },
        "(10.401, 10.801]": {
          "Éxito": 0.9694323144104804,
          "Error": 0.03056768558951965
        },
        "(10.801, 11.2]": {
          "Éxito": 0.9696969696969697,
          "Error": 0.030303030303030304
        },
        "(11.2, 11.6]": {
          "Éxito": 0.9607843137254902,
          "Error": 0.0392156862745098
        },
        "(11.6, 12.0]": {
          "Éxito": 0.9835390946502057,
          "Error": 0.01646090534979424
        }
      }
    },
    "phase_offset": {
      "is_categorical": false,
      "bins": 10,
      "values": {
        "(-0.0322, 4.511]": {
          "Éxito": 0.9675925925925926,
          "Error": 0.032407407407407406
        },
        "(4.511, 9.009]": {
          "Éxito": 0.9580152671755725,
          "Error": 0.04198473282442748
        },
        "(9.009, 13.507]": {
          "Éxito": 0.9380165289256198,
          "Error": 0.06198347107438017
        },
        "(13.507, 18.005]": {
          "Éxito": 0.9776951672862454,
          "Error": 0.022304832713754646
        },
        "(18.005, 22.503]": {
          "Éxito": 0.9678714859437751,
          "Error": 0.0321285140562249
        },
        "(22.503, 27.001]": {
          "Éxito": 0.973384030418251,
          "Error": 0.026615969581749048
        },
        "(27.001, 31.5]": {
          "Éxito": 0.9527896995708155,
          "Error": 0.04721030042918455
        },
        "(31.5, 35.998]": {
          "Éxito": 0.966804979253112,
          "Error": 0.03319502074688797
        },
        "(35.998, 40.496]": {
          "Éxito": 0.9516129032258065,
          "Error": 0.04838709677419355
        },
        "(40.496, 44.994]": {
          "Éxito": 0.9829787234042553,
          "Error": 0.01702127659574468
        }
      }
    },
    "roll_off": {
      "is_categorical": false,
      "bins": 10,
      "values": {
        "(0.2, 0.21]": {
          "Éxito": 0.9541984732824428,
          "Error": 0.04580152671755725
        },
        "(0.21, 0.22]": {
          "Éxito": 0.9552238805970149,
          "Error": 0.04477611940298507
        },
        "(0.22, 0.23]": {
          "Éxito": 0.9581589958158996,
          "Error": 0.04184100418410042
        },
        "(0.23, 0.24]": {
          "Éxito": 0.9497716894977168,
          "Error": 0.0502283105022831
        },
        "(0.24, 0.25]": {
          "Éxito": 0.9777777777777777,
          "Error": 0.022222222222222223
        },
        "(0.25, 0.26]": {
          "Éxito": 0.9704641350210971,
          "Error": 0.029535864978902954
        },
        "(0.26, 0.27]": {
          "Éxito": 0.9691119691119691,
          "Error": 0.03088803088803089
        },
        "(0.27, 0.28]": {
          "Éxito": 0.9653846153846154,
          "Error": 0.03461538461538462
        },
        "(0.28, 0.29]": {
          "Éxito": 0.968503937007874,
          "Error": 0.031496062992125984
        },
        "(0.29, 0.3]": {
          "Éxito": 0.9702127659574468,
          "Error": 0.029787234042553193
        }
      }
    }
  }
}