{
  "experiment": {
    "name": "ARQ_1__ESC_5",
    "timestamp": "2025-06-22T18:47:09.731147",
    "repeat_index": 8
  },
  "evaluation": {
    "loss": 0.026071518659591675,
    "accuracy": 0.9949544072151184
  },
  "classification_report": {
    "bpsk": {
      "precision": 1.0,
      "recall": 1.0,
      "f1-score": 1.0,
      "support": 1024.0
    },
    "qpsk": {
      "precision": 1.0,
      "recall": 1.0,
      "f1-score": 1.0,
      "support": 1024.0
    },
    "16qam": {
      "precision": 0.9961051606621227,
      "recall": 0.9990234375,
      "f1-score": 0.9975621647976598,
      "support": 1024.0
    },
    "32qam cross": {
      "precision": 0.9911591355599214,
      "recall": 0.9853515625,
      "f1-score": 0.9882468168462292,
      "support": 1024.0
    },
    "64qam": {
      "precision": 0.9960975609756098,
      "recall": 0.9970703125,
      "f1-score": 0.9965836993655441,
      "support": 1024.0
    },
    "128qam cross": {
      "precision": 0.98635477582846,
      "recall": 0.98828125,
      "f1-score": 0.9873170731707316,
      "support": 1024.0
    },
    "accuracy": 0.9949544270833334,
    "macro avg": {
      "precision": 0.9949527721710189,
      "recall": 0.9949544270833334,
      "f1-score": 0.994951625696694,
      "support": 6144.0
    },
    "weighted avg": {
      "precision": 0.9949527721710189,
      "recall": 0.9949544270833334,
      "f1-score": 0.994951625696694,
      "support": 6144.0
    }
  }
}