{
  "experiment": {
    "name": "res_tcn_se_esc_4",
    "timestamp": "2025-06-16T08:38:09.487788",
    "repeat_index": 0,
    "fold_index": 2
  },
  "effects": {
    "num_taps": {
      "is_categorical": true,
      "bins": null,
      "values": {
        "2": {
          "Éxito": 0.9772172497965825,
          "Error": 0.022782750203417412
        }
      }
    },
    "snr_db": {
      "is_categorical": false,
      "bins": 10,
      "values": {
        "(11.998, 12.402]": {
          "Éxito": 0.96875,
          "Error": 0.03125
        },
        "(12.402, 12.802]": {
          "Éxito": 0.974025974025974,
          "Error": 0.025974025974025976
        },
        "(12.802, 13.202]": {
          "Éxito": 0.9616858237547893,
          "Error": 0.038314176245210725
        },
        "(13.202, 13.601]": {
          "Éxito": 0.986046511627907,
          "Error": 0.013953488372093023
        },
        "(13.601, 14.001]": {
          "Éxito": 0.9676113360323887,
          "Error": 0.032388663967611336
        },
        "(14.001, 14.401]": {
          "Éxito": 0.9735849056603774,
          "Error": 0.026415094339622643
        },
        "(14.401, 14.801]": {
          "Éxito": 0.9846743295019157,
          "Error": 0.01532567049808429
        },
        "(14.801, 15.2]": {
          "Éxito": 0.984313725490196,
          "Error": 0.01568627450980392
        },
        "(15.2, 15.6]": {
          "Éxito": 1.0,
          "Error": 0.0
        },
        "(15.6, 16.0]": {
          "Éxito": 0.9734848484848485,
          "Error": 0.026515151515151516
        }
      }
    },
    "phase_offset": {
      "is_categorical": false,
      "bins": 10,
      "values": {
        "(-0.0272, 4.514]": {
          "Éxito": 0.9707112970711297,
          "Error": 0.029288702928870293
        },
        "(4.514, 9.011]": {
          "Éxito": 0.9631147540983607,
          "Error": 0.036885245901639344
        },
        "(9.011, 13.508]": {
          "Éxito": 0.9905660377358491,
          "Error": 0.009433962264150943
        },
        "(13.508, 18.004]": {
          "Éxito": 0.9873949579831933,
          "Error": 0.012605042016806723
        },
        "(18.004, 22.501]": {
          "Éxito": 0.9757085020242915,
          "Error": 0.024291497975708502
        },
        "(22.501, 26.998]": {
          "Éxito": 0.9869565217391304,
          "Error": 0.013043478260869565
        },
        "(26.998, 31.494]": {
          "Éxito": 0.967032967032967,
          "Error": 0.03296703296703297
        },
        "(31.494, 35.991]": {
          "Éxito": 0.984251968503937,
          "Error": 0.015748031496062992
        },
        "(35.991, 40.488]": {
          "Éxito": 0.9768339768339769,
          "Error": 0.023166023166023165
        },
        "(40.488, 44.984]": {
          "Éxito": 0.9732824427480916,
          "Error": 0.026717557251908396
        }
      }
    },
    "roll_off": {
      "is_categorical": false,
      "bins": 10,
      "values": {
        "(0.2, 0.21]": {
          "Éxito": 0.975103734439834,
          "Error": 0.024896265560165973
        },
        "(0.21, 0.22]": {
          "Éxito": 0.9770114942528736,
          "Error": 0.022988505747126436
        },
        "(0.22, 0.23]": {
          "Éxito": 0.9727626459143969,
          "Error": 0.027237354085603113
        },
        "(0.23, 0.24]": {
          "Éxito": 0.9834710743801653,
          "Error": 0.01652892561983471
        },
        "(0.24, 0.25]": {
          "Éxito": 0.9878542510121457,
          "Error": 0.012145748987854251
        },
        "(0.25, 0.26]": {
          "Éxito": 0.9630996309963099,
          "Error": 0.03690036900369004
        },
        "(0.26, 0.27]": {
          "Éxito": 0.981651376146789,
          "Error": 0.01834862385321101
        },
        "(0.27, 0.28]": {
          "Éxito": 0.9879032258064516,
          "Error": 0.012096774193548387
        },
        "(0.28, 0.29]": {
          "Éxito": 0.9695652173913043,
          "Error": 0.030434782608695653
        },
        "(0.29, 0.3]": {
          "Éxito": 0.9753086419753086,
          "Error": 0.024691358024691357
        }
      }
    }
  }
}