{
  "experiment": {
    "name": "res_tcn_se_esc_6",
    "timestamp": "2025-06-21T08:29:11.079830",
    "repeat_index": 2,
    "fold_index": 1
  },
  "effects": {
    "num_taps": {
      "is_categorical": true,
      "bins": null,
      "values": {
        "1": {
          "Éxito": 0.968673718470301,
          "Error": 0.03132628152969894
        }
      }
    },
    "snr_db": {
      "is_categorical": false,
      "bins": 10,
      "values": {
        "(7.998, 8.402]": {
          "Éxito": 0.9385245901639344,
          "Error": 0.06147540983606557
        },
        "(8.402, 8.801]": {
          "Éxito": 0.9518518518518518,
          "Error": 0.04814814814814815
        },
        "(8.801, 9.201]": {
          "Éxito": 0.956,
          "Error": 0.044
        },
        "(9.201, 9.601]": {
          "Éxito": 0.9764705882352941,
          "Error": 0.023529411764705882
        },
        "(9.601, 10.0]": {
          "Éxito": 0.9534883720930233,
          "Error": 0.046511627906976744
        },
        "(10.0, 10.4]": {
          "Éxito": 0.9725490196078431,
          "Error": 0.027450980392156862
        },
        "(10.4, 10.8]": {
          "Éxito": 1.0,
          "Error": 0.0
        },
        "(10.8, 11.2]": {
          "Éxito": 0.9758454106280193,
          "Error": 0.024154589371980676
        },
        "(11.2, 11.599]": {
          "Éxito": 0.98046875,
          "Error": 0.01953125
        },
        "(11.599, 11.999]": {
          "Éxito": 0.9868995633187773,
          "Error": 0.013100436681222707
        }
      }
    },
    "phase_offset": {
      "is_categorical": false,
      "bins": 10,
      "values": {
        "(-0.0342, 4.508]": {
          "Éxito": 0.9518072289156626,
          "Error": 0.04819277108433735
        },
        "(4.508, 9.005]": {
          "Éxito": 0.9743589743589743,
          "Error": 0.02564102564102564
        },
        "(9.005, 13.503]": {
          "Éxito": 0.9590163934426229,
          "Error": 0.040983606557377046
        },
        "(13.503, 18.0]": {
          "Éxito": 0.9705882352941176,
          "Error": 0.029411764705882353
        },
        "(18.0, 22.497]": {
          "Éxito": 0.9737827715355806,
          "Error": 0.026217228464419477
        },
        "(22.497, 26.994]": {
          "Éxito": 0.9868995633187773,
          "Error": 0.013100436681222707
        },
        "(26.994, 31.492]": {
          "Éxito": 0.9656488549618321,
          "Error": 0.03435114503816794
        },
        "(31.492, 35.989]": {
          "Éxito": 0.9796747967479674,
          "Error": 0.02032520325203252
        },
        "(35.989, 40.486]": {
          "Éxito": 0.9795081967213115,
          "Error": 0.020491803278688523
        },
        "(40.486, 44.983]": {
          "Éxito": 0.9469387755102041,
          "Error": 0.053061224489795916
        }
      }
    },
    "roll_off": {
      "is_categorical": false,
      "bins": 10,
      "values": {
        "(0.2, 0.21]": {
          "Éxito": 0.9497907949790795,
          "Error": 0.0502092050209205
        },
        "(0.21, 0.22]": {
          "Éxito": 0.9561752988047809,
          "Error": 0.043824701195219126
        },
        "(0.22, 0.23]": {
          "Éxito": 0.9819819819819819,
          "Error": 0.018018018018018018
        },
        "(0.23, 0.24]": {
          "Éxito": 0.9532710280373832,
          "Error": 0.04672897196261682
        },
        "(0.24, 0.25]": {
          "Éxito": 0.9877049180327869,
          "Error": 0.012295081967213115
        },
        "(0.25, 0.26]": {
          "Éxito": 0.9715447154471545,
          "Error": 0.028455284552845527
        },
        "(0.26, 0.27]": {
          "Éxito": 0.9692307692307692,
          "Error": 0.03076923076923077
        },
        "(0.27, 0.28]": {
          "Éxito": 0.988929889298893,
          "Error": 0.01107011070110701
        },
        "(0.28, 0.29]": {
          "Éxito": 0.9693486590038314,
          "Error": 0.03065134099616858
        },
        "(0.29, 0.3]": {
          "Éxito": 0.956,
          "Error": 0.044
        }
      }
    }
  }
}