{
  "experiment": {
    "name": "res_tcn_se_esc_2",
    "timestamp": "2025-06-21T03:39:20.463991",
    "repeat_index": 2,
    "fold_index": 3
  },
  "effects": {
    "num_taps": {
      "is_categorical": true,
      "bins": null,
      "values": {
        "2": {
          "Éxito": 0.8588283157038242,
          "Error": 0.14117168429617574
        }
      }
    },
    "snr_db": {
      "is_categorical": false,
      "bins": 10,
      "values": {
        "(3.998, 4.401]": {
          "Éxito": 0.8024193548387096,
          "Error": 0.1975806451612903
        },
        "(4.401, 4.801]": {
          "Éxito": 0.821969696969697,
          "Error": 0.17803030303030304
        },
        "(4.801, 5.2]": {
          "Éxito": 0.860655737704918,
          "Error": 0.13934426229508196
        },
        "(5.2, 5.6]": {
          "Éxito": 0.8853754940711462,
          "Error": 0.11462450592885376
        },
        "(5.6, 5.999]": {
          "Éxito": 0.8549618320610687,
          "Error": 0.1450381679389313
        },
        "(5.999, 6.399]": {
          "Éxito": 0.8730769230769231,
          "Error": 0.12692307692307692
        },
        "(6.399, 6.799]": {
          "Éxito": 0.881578947368421,
          "Error": 0.11842105263157894
        },
        "(6.799, 7.198]": {
          "Éxito": 0.8878923766816144,
          "Error": 0.11210762331838565
        },
        "(7.198, 7.598]": {
          "Éxito": 0.8484848484848485,
          "Error": 0.15151515151515152
        },
        "(7.598, 7.997]": {
          "Éxito": 0.8775510204081632,
          "Error": 0.12244897959183673
        }
      }
    },
    "phase_offset": {
      "is_categorical": false,
      "bins": 10,
      "values": {
        "(-0.0394, 4.503]": {
          "Éxito": 0.8616600790513834,
          "Error": 0.1383399209486166
        },
        "(4.503, 9.001]": {
          "Éxito": 0.8241758241758241,
          "Error": 0.17582417582417584
        },
        "(9.001, 13.498]": {
          "Éxito": 0.8627450980392157,
          "Error": 0.13725490196078433
        },
        "(13.498, 17.996]": {
          "Éxito": 0.8540772532188842,
          "Error": 0.1459227467811159
        },
        "(17.996, 22.494]": {
          "Éxito": 0.8221343873517787,
          "Error": 0.17786561264822134
        },
        "(22.494, 26.991]": {
          "Éxito": 0.8958333333333334,
          "Error": 0.10416666666666667
        },
        "(26.991, 31.489]": {
          "Éxito": 0.8804780876494024,
          "Error": 0.11952191235059761
        },
        "(31.489, 35.986]": {
          "Éxito": 0.8571428571428571,
          "Error": 0.14285714285714285
        },
        "(35.986, 40.484]": {
          "Éxito": 0.875,
          "Error": 0.125
        },
        "(40.484, 44.981]": {
          "Éxito": 0.8590909090909091,
          "Error": 0.1409090909090909
        }
      }
    },
    "roll_off": {
      "is_categorical": false,
      "bins": 10,
      "values": {
        "(0.2, 0.21]": {
          "Éxito": 0.832089552238806,
          "Error": 0.16791044776119404
        },
        "(0.21, 0.22]": {
          "Éxito": 0.8613445378151261,
          "Error": 0.13865546218487396
        },
        "(0.22, 0.23]": {
          "Éxito": 0.8611111111111112,
          "Error": 0.1388888888888889
        },
        "(0.23, 0.24]": {
          "Éxito": 0.8445378151260504,
          "Error": 0.15546218487394958
        },
        "(0.24, 0.25]": {
          "Éxito": 0.8825757575757576,
          "Error": 0.11742424242424243
        },
        "(0.25, 0.26]": {
          "Éxito": 0.8675213675213675,
          "Error": 0.13247863247863248
        },
        "(0.26, 0.27]": {
          "Éxito": 0.8307086614173228,
          "Error": 0.16929133858267717
        },
        "(0.27, 0.28]": {
          "Éxito": 0.868421052631579,
          "Error": 0.13157894736842105
        },
        "(0.28, 0.29]": {
          "Éxito": 0.8649789029535865,
          "Error": 0.1350210970464135
        },
        "(0.29, 0.3]": {
          "Éxito": 0.8775510204081632,
          "Error": 0.12244897959183673
        }
      }
    }
  }
}