{
  "experiment": {
    "name": "red_carlos_ESC_3",
    "timestamp": "2025-06-18T05:30:48.347402",
    "repeat_index": 0,
    "fold_index": 2
  },
  "effects": {
    "num_taps": {
      "is_categorical": true,
      "bins": null,
      "values": {
        "2": {
          "Éxito": 0.9621643612693247,
          "Error": 0.037835638730675344
        }
      }
    },
    "snr_db": {
      "is_categorical": false,
      "bins": 10,
      "values": {
        "(7.996, 8.4]": {
          "Éxito": 0.95,
          "Error": 0.05
        },
        "(8.4, 8.8]": {
          "Éxito": 0.9453781512605042,
          "Error": 0.0546218487394958
        },
        "(8.8, 9.2]": {
          "Éxito": 0.9707112970711297,
          "Error": 0.029288702928870293
        },
        "(9.2, 9.6]": {
          "Éxito": 0.9545454545454546,
          "Error": 0.045454545454545456
        },
        "(9.6, 10.0]": {
          "Éxito": 0.9637096774193549,
          "Error": 0.036290322580645164
        },
        "(10.0, 10.4]": {
          "Éxito": 0.9693486590038314,
          "Error": 0.03065134099616858
        },
        "(10.4, 10.8]": {
          "Éxito": 0.9554655870445344,
          "Error": 0.044534412955465584
        },
        "(10.8, 11.2]": {
          "Éxito": 0.9708333333333333,
          "Error": 0.029166666666666667
        },
        "(11.2, 11.599]": {
          "Éxito": 0.961864406779661,
          "Error": 0.038135593220338986
        },
        "(11.599, 11.999]": {
          "Éxito": 0.9775280898876404,
          "Error": 0.02247191011235955
        }
      }
    },
    "phase_offset": {
      "is_categorical": false,
      "bins": 10,
      "values": {
        "(-0.043, 4.501]": {
          "Éxito": 0.9682539682539683,
          "Error": 0.031746031746031744
        },
        "(4.501, 8.999]": {
          "Éxito": 0.982532751091703,
          "Error": 0.017467248908296942
        },
        "(8.999, 13.498]": {
          "Éxito": 0.9628099173553719,
          "Error": 0.0371900826446281
        },
        "(13.498, 17.996]": {
          "Éxito": 0.9640287769784173,
          "Error": 0.03597122302158273
        },
        "(17.996, 22.495]": {
          "Éxito": 0.9625468164794008,
          "Error": 0.03745318352059925
        },
        "(22.495, 26.994]": {
          "Éxito": 0.96,
          "Error": 0.04
        },
        "(26.994, 31.492]": {
          "Éxito": 0.9476190476190476,
          "Error": 0.05238095238095238
        },
        "(31.492, 35.991]": {
          "Éxito": 0.9692307692307692,
          "Error": 0.03076923076923077
        },
        "(35.991, 40.489]": {
          "Éxito": 0.9383259911894273,
          "Error": 0.06167400881057269
        },
        "(40.489, 44.988]": {
          "Éxito": 0.9629629629629629,
          "Error": 0.037037037037037035
        }
      }
    },
    "roll_off": {
      "is_categorical": false,
      "bins": 10,
      "values": {
        "(0.2, 0.21]": {
          "Éxito": 0.9673469387755103,
          "Error": 0.0326530612244898
        },
        "(0.21, 0.22]": {
          "Éxito": 0.9507575757575758,
          "Error": 0.04924242424242424
        },
        "(0.22, 0.23]": {
          "Éxito": 0.9510204081632653,
          "Error": 0.04897959183673469
        },
        "(0.23, 0.24]": {
          "Éxito": 0.9718875502008032,
          "Error": 0.028112449799196786
        },
        "(0.24, 0.25]": {
          "Éxito": 0.9475982532751092,
          "Error": 0.05240174672489083
        },
        "(0.25, 0.26]": {
          "Éxito": 0.9557522123893806,
          "Error": 0.04424778761061947
        },
        "(0.26, 0.27]": {
          "Éxito": 0.9682539682539683,
          "Error": 0.031746031746031744
        },
        "(0.27, 0.28]": {
          "Éxito": 0.979253112033195,
          "Error": 0.02074688796680498
        },
        "(0.28, 0.29]": {
          "Éxito": 0.9563492063492064,
          "Error": 0.04365079365079365
        },
        "(0.29, 0.3]": {
          "Éxito": 0.9725490196078431,
          "Error": 0.027450980392156862
        }
      }
    }
  }
}