{
  "experiment": {
    "name": "cnn_bilstm_attn_esc_1",
    "timestamp": "2025-06-17T02:34:44.835342",
    "repeat_index": 1,
    "fold_index": 3
  },
  "evaluation": {
    "loss": 0.3957813084125519,
    "accuracy": 0.8051261305809021
  },
  "classification_report": {
    "bpsk": {
      "precision": 1.0,
      "recall": 1.0,
      "f1-score": 1.0,
      "support": 410.0
    },
    "qpsk": {
      "precision": 1.0,
      "recall": 1.0,
      "f1-score": 1.0,
      "support": 410.0
    },
    "16qam": {
      "precision": 0.7871853546910755,
      "recall": 0.8390243902439024,
      "f1-score": 0.8122786304604486,
      "support": 410.0
    },
    "32qam cross": {
      "precision": 0.7067137809187279,
      "recall": 0.4878048780487805,
      "f1-score": 0.5772005772005772,
      "support": 410.0
    },
    "64qam": {
      "precision": 0.8011049723756906,
      "recall": 0.7090464547677262,
      "f1-score": 0.7522697795071337,
      "support": 409.0
    },
    "128qam cross": {
      "precision": 0.5845323741007195,
      "recall": 0.7946210268948656,
      "f1-score": 0.6735751295336788,
      "support": 409.0
    },
    "accuracy": 0.8051261187957689,
    "macro avg": {
      "precision": 0.8132560803477022,
      "recall": 0.8050827916592124,
      "f1-score": 0.8025540194503064,
      "support": 2458.0
    },
    "weighted avg": {
      "precision": 0.8133540766106067,
      "recall": 0.8051261187957689,
      "f1-score": 0.8026269499343829,
      "support": 2458.0
    }
  }
}