{
  "experiment": {
    "name": "red_carlos_ESC_6",
    "timestamp": "2025-06-18T13:22:35.336467",
    "repeat_index": 1,
    "fold_index": 2
  },
  "effects": {
    "num_taps": {
      "is_categorical": true,
      "bins": null,
      "values": {
        "1": {
          "Éxito": 0.9768104149715215,
          "Error": 0.023189585028478437
        }
      }
    },
    "snr_db": {
      "is_categorical": false,
      "bins": 10,
      "values": {
        "(7.996, 8.4]": {
          "Éxito": 0.9621212121212122,
          "Error": 0.03787878787878788
        },
        "(8.4, 8.8]": {
          "Éxito": 0.9467213114754098,
          "Error": 0.05327868852459016
        },
        "(8.8, 9.2]": {
          "Éxito": 0.9755102040816327,
          "Error": 0.024489795918367346
        },
        "(9.2, 9.6]": {
          "Éxito": 0.9755102040816327,
          "Error": 0.024489795918367346
        },
        "(9.6, 10.0]": {
          "Éxito": 0.9774436090225563,
          "Error": 0.022556390977443608
        },
        "(10.0, 10.4]": {
          "Éxito": 0.9826086956521739,
          "Error": 0.017391304347826087
        },
        "(10.4, 10.8]": {
          "Éxito": 0.9814814814814815,
          "Error": 0.018518518518518517
        },
        "(10.8, 11.2]": {
          "Éxito": 0.9791666666666666,
          "Error": 0.020833333333333332
        },
        "(11.2, 11.6]": {
          "Éxito": 0.9920634920634921,
          "Error": 0.007936507936507936
        },
        "(11.6, 12.0]": {
          "Éxito": 0.99609375,
          "Error": 0.00390625
        }
      }
    },
    "phase_offset": {
      "is_categorical": false,
      "bins": 10,
      "values": {
        "(0.00881, 4.548]": {
          "Éxito": 0.9693486590038314,
          "Error": 0.03065134099616858
        },
        "(4.548, 9.042]": {
          "Éxito": 0.9877551020408163,
          "Error": 0.012244897959183673
        },
        "(9.042, 13.536]": {
          "Éxito": 0.984313725490196,
          "Error": 0.01568627450980392
        },
        "(13.536, 18.031]": {
          "Éxito": 0.9704641350210971,
          "Error": 0.029535864978902954
        },
        "(18.031, 22.525]": {
          "Éxito": 0.9728682170542635,
          "Error": 0.027131782945736434
        },
        "(22.525, 27.019]": {
          "Éxito": 0.9828326180257511,
          "Error": 0.017167381974248927
        },
        "(27.019, 31.513]": {
          "Éxito": 0.9665271966527197,
          "Error": 0.03347280334728033
        },
        "(31.513, 36.008]": {
          "Éxito": 0.9752066115702479,
          "Error": 0.024793388429752067
        },
        "(36.008, 40.502]": {
          "Éxito": 0.9829059829059829,
          "Error": 0.017094017094017096
        },
        "(40.502, 44.996]": {
          "Éxito": 0.9763779527559056,
          "Error": 0.023622047244094488
        }
      }
    },
    "roll_off": {
      "is_categorical": false,
      "bins": 10,
      "values": {
        "(0.2, 0.21]": {
          "Éxito": 0.98046875,
          "Error": 0.01953125
        },
        "(0.21, 0.22]": {
          "Éxito": 0.9662447257383966,
          "Error": 0.03375527426160337
        },
        "(0.22, 0.23]": {
          "Éxito": 0.9833333333333333,
          "Error": 0.016666666666666666
        },
        "(0.23, 0.24]": {
          "Éxito": 0.972,
          "Error": 0.028
        },
        "(0.24, 0.25]": {
          "Éxito": 0.9738805970149254,
          "Error": 0.026119402985074626
        },
        "(0.25, 0.26]": {
          "Éxito": 0.9927797833935018,
          "Error": 0.007220216606498195
        },
        "(0.26, 0.27]": {
          "Éxito": 0.974025974025974,
          "Error": 0.025974025974025976
        },
        "(0.27, 0.28]": {
          "Éxito": 0.9688888888888889,
          "Error": 0.03111111111111111
        },
        "(0.28, 0.29]": {
          "Éxito": 0.9782608695652174,
          "Error": 0.021739130434782608
        },
        "(0.29, 0.3]": {
          "Éxito": 0.9754098360655737,
          "Error": 0.02459016393442623
        }
      }
    }
  }
}