{
  "experiment": {
    "name": "ARQ_1__ESC_3",
    "timestamp": "2025-06-21T19:36:27.360094",
    "repeat_index": 5
  },
  "effects": {
    "num_taps": {
      "is_categorical": true,
      "bins": null,
      "values": {
        "2": {
          "Éxito": 0.9768880208333334,
          "Error": 0.023111979166666668
        }
      }
    },
    "snr_db": {
      "is_categorical": false,
      "bins": 10,
      "values": {
        "(7.996, 8.4]": {
          "Éxito": 0.9623287671232876,
          "Error": 0.03767123287671233
        },
        "(8.4, 8.8]": {
          "Éxito": 0.9654631083202512,
          "Error": 0.03453689167974882
        },
        "(8.8, 9.2]": {
          "Éxito": 0.9694041867954911,
          "Error": 0.030595813204508857
        },
        "(9.2, 9.6]": {
          "Éxito": 0.9734789391575663,
          "Error": 0.0265210608424337
        },
        "(9.6, 10.0]": {
          "Éxito": 0.9753846153846154,
          "Error": 0.024615384615384615
        },
        "(10.0, 10.4]": {
          "Éxito": 0.993431855500821,
          "Error": 0.006568144499178982
        },
        "(10.4, 10.8]": {
          "Éxito": 0.981574539363484,
          "Error": 0.018425460636515914
        },
        "(10.8, 11.2]": {
          "Éxito": 0.9826086956521739,
          "Error": 0.017391304347826087
        },
        "(11.2, 11.6]": {
          "Éxito": 0.9795275590551181,
          "Error": 0.02047244094488189
        },
        "(11.6, 12.0]": {
          "Éxito": 0.9865546218487395,
          "Error": 0.013445378151260505
        }
      }
    },
    "phase_offset": {
      "is_categorical": false,
      "bins": 10,
      "values": {
        "(-0.0388, 4.505]": {
          "Éxito": 0.980836236933798,
          "Error": 0.01916376306620209
        },
        "(4.505, 9.004]": {
          "Éxito": 0.9826771653543307,
          "Error": 0.01732283464566929
        },
        "(9.004, 13.503]": {
          "Éxito": 0.9775280898876404,
          "Error": 0.02247191011235955
        },
        "(13.503, 18.002]": {
          "Éxito": 0.9797507788161994,
          "Error": 0.020249221183800622
        },
        "(18.002, 22.501]": {
          "Éxito": 0.9741824440619621,
          "Error": 0.025817555938037865
        },
        "(22.501, 27.0]": {
          "Éxito": 0.9747899159663865,
          "Error": 0.025210084033613446
        },
        "(27.0, 31.499]": {
          "Éxito": 0.9753694581280788,
          "Error": 0.024630541871921183
        },
        "(31.499, 35.998]": {
          "Éxito": 0.9788617886178862,
          "Error": 0.02113821138211382
        },
        "(35.998, 40.497]": {
          "Éxito": 0.9751552795031055,
          "Error": 0.024844720496894408
        },
        "(40.497, 44.996]": {
          "Éxito": 0.9696485623003195,
          "Error": 0.03035143769968051
        }
      }
    },
    "roll_off": {
      "is_categorical": false,
      "bins": 10,
      "values": {
        "(0.2, 0.21]": {
          "Éxito": 0.9613445378151261,
          "Error": 0.03865546218487395
        },
        "(0.21, 0.22]": {
          "Éxito": 0.9744463373083475,
          "Error": 0.02555366269165247
        },
        "(0.22, 0.23]": {
          "Éxito": 0.9767801857585139,
          "Error": 0.02321981424148607
        },
        "(0.23, 0.24]": {
          "Éxito": 0.9777015437392796,
          "Error": 0.022298456260720412
        },
        "(0.24, 0.25]": {
          "Éxito": 0.9798761609907121,
          "Error": 0.020123839009287926
        },
        "(0.25, 0.26]": {
          "Éxito": 0.9733124018838305,
          "Error": 0.026687598116169546
        },
        "(0.26, 0.27]": {
          "Éxito": 0.9840764331210191,
          "Error": 0.01592356687898089
        },
        "(0.27, 0.28]": {
          "Éxito": 0.9833055091819699,
          "Error": 0.01669449081803005
        },
        "(0.28, 0.29]": {
          "Éxito": 0.9824,
          "Error": 0.0176
        },
        "(0.29, 0.3]": {
          "Éxito": 0.9749163879598662,
          "Error": 0.02508361204013378
        }
      }
    }
  }
}