{
  "experiment": {
    "name": "red_carlos_ESC_11",
    "timestamp": "2025-06-21T07:35:21.936749",
    "repeat_index": 0,
    "fold_index": 3
  },
  "evaluation": {
    "loss": 0.2336992472410202,
    "accuracy": 0.9418226480484009
  },
  "classification_report": {
    "bpsk": {
      "precision": 1.0,
      "recall": 0.9975609756097561,
      "f1-score": 0.9987789987789988,
      "support": 410.0
    },
    "qpsk": {
      "precision": 0.9975609756097561,
      "recall": 0.9975609756097561,
      "f1-score": 0.9975609756097561,
      "support": 410.0
    },
    "16qam": {
      "precision": 0.980440097799511,
      "recall": 0.9780487804878049,
      "f1-score": 0.9792429792429793,
      "support": 410.0
    },
    "32qam cross": {
      "precision": 0.8356807511737089,
      "recall": 0.8704156479217604,
      "f1-score": 0.8526946107784432,
      "support": 409.0
    },
    "64qam": {
      "precision": 0.9779411764705882,
      "recall": 0.9755501222493888,
      "f1-score": 0.9767441860465117,
      "support": 409.0
    },
    "128qam cross": {
      "precision": 0.8611111111111112,
      "recall": 0.8317073170731707,
      "f1-score": 0.8461538461538461,
      "support": 410.0
    },
    "accuracy": 0.9418226200162734,
    "macro avg": {
      "precision": 0.9421223520274458,
      "recall": 0.9418073031586062,
      "f1-score": 0.9418625994350891,
      "support": 2458.0
    },
    "weighted avg": {
      "precision": 0.9421510838323323,
      "recall": 0.9418226200162734,
      "f1-score": 0.9418846850339685,
      "support": 2458.0
    }
  }
}