{
  "experiment": {
    "name": "cnn_bilstm_attn_esc_8",
    "timestamp": "2025-06-22T20:46:01.051541",
    "repeat_index": 2,
    "fold_index": 3
  },
  "effects": {
    "num_taps": {
      "is_categorical": true,
      "bins": null,
      "values": {
        "6": {
          "Éxito": 0.8083807973962571,
          "Error": 0.19161920260374288
        }
      }
    },
    "snr_db": {
      "is_categorical": false,
      "bins": 10,
      "values": {
        "(7.999, 8.403]": {
          "Éxito": 0.8267716535433071,
          "Error": 0.1732283464566929
        },
        "(8.403, 8.802]": {
          "Éxito": 0.81640625,
          "Error": 0.18359375
        },
        "(8.802, 9.202]": {
          "Éxito": 0.8082191780821918,
          "Error": 0.1917808219178082
        },
        "(9.202, 9.602]": {
          "Éxito": 0.7931034482758621,
          "Error": 0.20689655172413793
        },
        "(9.602, 10.001]": {
          "Éxito": 0.7760617760617761,
          "Error": 0.22393822393822393
        },
        "(10.001, 10.401]": {
          "Éxito": 0.8135593220338984,
          "Error": 0.1864406779661017
        },
        "(10.401, 10.801]": {
          "Éxito": 0.7892376681614349,
          "Error": 0.21076233183856502
        },
        "(10.801, 11.2]": {
          "Éxito": 0.8137651821862348,
          "Error": 0.1862348178137652
        },
        "(11.2, 11.6]": {
          "Éxito": 0.8252788104089219,
          "Error": 0.17472118959107807
        },
        "(11.6, 11.999]": {
          "Éxito": 0.8205128205128205,
          "Error": 0.1794871794871795
        }
      }
    },
    "phase_offset": {
      "is_categorical": false,
      "bins": 10,
      "values": {
        "(-0.0359, 4.508]": {
          "Éxito": 0.8112449799196787,
          "Error": 0.18875502008032127
        },
        "(4.508, 9.007]": {
          "Éxito": 0.7575757575757576,
          "Error": 0.24242424242424243
        },
        "(9.007, 13.506]": {
          "Éxito": 0.7976190476190477,
          "Error": 0.20238095238095238
        },
        "(13.506, 18.005]": {
          "Éxito": 0.8178137651821862,
          "Error": 0.18218623481781376
        },
        "(18.005, 22.504]": {
          "Éxito": 0.8260869565217391,
          "Error": 0.17391304347826086
        },
        "(22.504, 27.003]": {
          "Éxito": 0.7665198237885462,
          "Error": 0.23348017621145375
        },
        "(27.003, 31.502]": {
          "Éxito": 0.8445229681978799,
          "Error": 0.15547703180212014
        },
        "(31.502, 36.001]": {
          "Éxito": 0.831275720164609,
          "Error": 0.16872427983539096
        },
        "(36.001, 40.5]": {
          "Éxito": 0.7848605577689243,
          "Error": 0.2151394422310757
        },
        "(40.5, 44.999]": {
          "Éxito": 0.8367346938775511,
          "Error": 0.16326530612244897
        }
      }
    },
    "roll_off": {
      "is_categorical": false,
      "bins": 10,
      "values": {
        "(0.2, 0.21]": {
          "Éxito": 0.8091286307053942,
          "Error": 0.1908713692946058
        },
        "(0.21, 0.22]": {
          "Éxito": 0.8274509803921568,
          "Error": 0.17254901960784313
        },
        "(0.22, 0.23]": {
          "Éxito": 0.8205128205128205,
          "Error": 0.1794871794871795
        },
        "(0.23, 0.24]": {
          "Éxito": 0.832,
          "Error": 0.168
        },
        "(0.24, 0.25]": {
          "Éxito": 0.7983870967741935,
          "Error": 0.20161290322580644
        },
        "(0.25, 0.26]": {
          "Éxito": 0.8064516129032258,
          "Error": 0.1935483870967742
        },
        "(0.26, 0.27]": {
          "Éxito": 0.8432835820895522,
          "Error": 0.15671641791044777
        },
        "(0.27, 0.28]": {
          "Éxito": 0.7529411764705882,
          "Error": 0.24705882352941178
        },
        "(0.28, 0.29]": {
          "Éxito": 0.8167330677290837,
          "Error": 0.18326693227091634
        },
        "(0.29, 0.3]": {
          "Éxito": 0.7740585774058577,
          "Error": 0.22594142259414227
        }
      }
    }
  }
}