{
  "experiment": {
    "name": "red_carlos_ESC_11",
    "timestamp": "2025-06-21T07:15:55.842021",
    "repeat_index": 0,
    "fold_index": 0
  },
  "effects": {
    "num_taps": {
      "is_categorical": true,
      "bins": null,
      "values": {
        "2": {
          "Éxito": 0.9393816110659072,
          "Error": 0.06061838893409276
        }
      }
    },
    "snr_db": {
      "is_categorical": false,
      "bins": 10,
      "values": {
        "(7.996, 8.4]": {
          "Éxito": 0.9282700421940928,
          "Error": 0.07172995780590717
        },
        "(8.4, 8.8]": {
          "Éxito": 0.9186991869918699,
          "Error": 0.08130081300813008
        },
        "(8.8, 9.2]": {
          "Éxito": 0.9402390438247012,
          "Error": 0.05976095617529881
        },
        "(9.2, 9.6]": {
          "Éxito": 0.9512195121951219,
          "Error": 0.04878048780487805
        },
        "(9.6, 10.0]": {
          "Éxito": 0.9461538461538461,
          "Error": 0.05384615384615385
        },
        "(10.0, 10.4]": {
          "Éxito": 0.937007874015748,
          "Error": 0.06299212598425197
        },
        "(10.4, 10.8]": {
          "Éxito": 0.9409448818897638,
          "Error": 0.05905511811023622
        },
        "(10.8, 11.2]": {
          "Éxito": 0.9504132231404959,
          "Error": 0.049586776859504134
        },
        "(11.2, 11.6]": {
          "Éxito": 0.9292035398230089,
          "Error": 0.07079646017699115
        },
        "(11.6, 12.0]": {
          "Éxito": 0.9504132231404959,
          "Error": 0.049586776859504134
        }
      }
    },
    "phase_offset": {
      "is_categorical": false,
      "bins": 10,
      "values": {
        "(134.965, 139.508]": {
          "Éxito": 0.9596774193548387,
          "Error": 0.04032258064516129
        },
        "(139.508, 144.006]": {
          "Éxito": 0.9487179487179487,
          "Error": 0.05128205128205128
        },
        "(144.006, 148.504]": {
          "Éxito": 0.9060150375939849,
          "Error": 0.09398496240601503
        },
        "(148.504, 153.002]": {
          "Éxito": 0.9527896995708155,
          "Error": 0.04721030042918455
        },
        "(153.002, 157.5]": {
          "Éxito": 0.9247787610619469,
          "Error": 0.0752212389380531
        },
        "(157.5, 161.998]": {
          "Éxito": 0.9209486166007905,
          "Error": 0.07905138339920949
        },
        "(161.998, 166.496]": {
          "Éxito": 0.9367588932806324,
          "Error": 0.06324110671936758
        },
        "(166.496, 170.994]": {
          "Éxito": 0.9437229437229437,
          "Error": 0.05627705627705628
        },
        "(170.994, 175.493]": {
          "Éxito": 0.9541666666666667,
          "Error": 0.04583333333333333
        },
        "(175.493, 179.991]": {
          "Éxito": 0.948936170212766,
          "Error": 0.05106382978723404
        }
      }
    },
    "roll_off": {
      "is_categorical": false,
      "bins": 10,
      "values": {
        "(0.2, 0.21]": {
          "Éxito": 0.9525862068965517,
          "Error": 0.04741379310344827
        },
        "(0.21, 0.22]": {
          "Éxito": 0.9058823529411765,
          "Error": 0.09411764705882353
        },
        "(0.22, 0.23]": {
          "Éxito": 0.94921875,
          "Error": 0.05078125
        },
        "(0.23, 0.24]": {
          "Éxito": 0.9558232931726908,
          "Error": 0.04417670682730924
        },
        "(0.24, 0.25]": {
          "Éxito": 0.9397590361445783,
          "Error": 0.060240963855421686
        },
        "(0.25, 0.26]": {
          "Éxito": 0.9344262295081968,
          "Error": 0.06557377049180328
        },
        "(0.26, 0.27]": {
          "Éxito": 0.9482071713147411,
          "Error": 0.05179282868525897
        },
        "(0.27, 0.28]": {
          "Éxito": 0.9382716049382716,
          "Error": 0.06172839506172839
        },
        "(0.28, 0.29]": {
          "Éxito": 0.9475806451612904,
          "Error": 0.05241935483870968
        },
        "(0.29, 0.3]": {
          "Éxito": 0.922077922077922,
          "Error": 0.07792207792207792
        }
      }
    }
  }
}