{
  "experiment": {
    "name": "cnn_bilstm_attn_esc_1",
    "timestamp": "2025-06-18T21:45:24.557108",
    "repeat_index": 3,
    "fold_index": 0
  },
  "effects": {
    "num_taps": {
      "is_categorical": true,
      "bins": null,
      "values": {
        "2": {
          "Éxito": 0.8136696501220505,
          "Error": 0.18633034987794955
        }
      }
    },
    "snr_db": {
      "is_categorical": false,
      "bins": 10,
      "values": {
        "(-0.00225, 0.402]": {
          "Éxito": 0.8008130081300813,
          "Error": 0.1991869918699187
        },
        "(0.402, 0.801]": {
          "Éxito": 0.8053097345132744,
          "Error": 0.19469026548672566
        },
        "(0.801, 1.201]": {
          "Éxito": 0.803088803088803,
          "Error": 0.1969111969111969
        },
        "(1.201, 1.601]": {
          "Éxito": 0.8122605363984674,
          "Error": 0.18773946360153257
        },
        "(1.601, 2.001]": {
          "Éxito": 0.8281938325991189,
          "Error": 0.17180616740088106
        },
        "(2.001, 2.401]": {
          "Éxito": 0.8052434456928839,
          "Error": 0.1947565543071161
        },
        "(2.401, 2.8]": {
          "Éxito": 0.8254716981132075,
          "Error": 0.17452830188679244
        },
        "(2.8, 3.2]": {
          "Éxito": 0.7840909090909091,
          "Error": 0.2159090909090909
        },
        "(3.2, 3.6]": {
          "Éxito": 0.8145161290322581,
          "Error": 0.18548387096774194
        },
        "(3.6, 4.0]": {
          "Éxito": 0.8629032258064516,
          "Error": 0.13709677419354838
        }
      }
    },
    "phase_offset": {
      "is_categorical": false,
      "bins": 10,
      "values": {
        "(-0.0246, 4.515]": {
          "Éxito": 0.8035714285714286,
          "Error": 0.19642857142857142
        },
        "(4.515, 9.01]": {
          "Éxito": 0.8089430894308943,
          "Error": 0.1910569105691057
        },
        "(9.01, 13.506]": {
          "Éxito": 0.8009049773755657,
          "Error": 0.19909502262443438
        },
        "(13.506, 18.001]": {
          "Éxito": 0.8020833333333334,
          "Error": 0.19791666666666666
        },
        "(18.001, 22.496]": {
          "Éxito": 0.8396946564885496,
          "Error": 0.16030534351145037
        },
        "(22.496, 26.991]": {
          "Éxito": 0.7946428571428571,
          "Error": 0.20535714285714285
        },
        "(26.991, 31.486]": {
          "Éxito": 0.8418803418803419,
          "Error": 0.1581196581196581
        },
        "(31.486, 35.981]": {
          "Éxito": 0.8155737704918032,
          "Error": 0.18442622950819673
        },
        "(35.981, 40.476]": {
          "Éxito": 0.8196078431372549,
          "Error": 0.1803921568627451
        },
        "(40.476, 44.971]": {
          "Éxito": 0.8076923076923077,
          "Error": 0.19230769230769232
        }
      }
    },
    "roll_off": {
      "is_categorical": false,
      "bins": 10,
      "values": {
        "(0.2, 0.21]": {
          "Éxito": 0.771551724137931,
          "Error": 0.22844827586206898
        },
        "(0.21, 0.22]": {
          "Éxito": 0.7929515418502202,
          "Error": 0.20704845814977973
        },
        "(0.22, 0.23]": {
          "Éxito": 0.8282442748091603,
          "Error": 0.1717557251908397
        },
        "(0.23, 0.24]": {
          "Éxito": 0.8257261410788381,
          "Error": 0.17427385892116182
        },
        "(0.24, 0.25]": {
          "Éxito": 0.8127853881278538,
          "Error": 0.1872146118721461
        },
        "(0.25, 0.26]": {
          "Éxito": 0.859375,
          "Error": 0.140625
        },
        "(0.26, 0.27]": {
          "Éxito": 0.756,
          "Error": 0.244
        },
        "(0.27, 0.28]": {
          "Éxito": 0.8100358422939068,
          "Error": 0.18996415770609318
        },
        "(0.28, 0.29]": {
          "Éxito": 0.8653061224489796,
          "Error": 0.1346938775510204
        },
        "(0.29, 0.3]": {
          "Éxito": 0.8097165991902834,
          "Error": 0.1902834008097166
        }
      }
    }
  }
}