{
  "experiment": {
    "name": "res_tcn_se_esc_2",
    "timestamp": "2025-06-21T04:13:57.741292",
    "repeat_index": 3,
    "fold_index": 3
  },
  "effects": {
    "num_taps": {
      "is_categorical": true,
      "bins": null,
      "values": {
        "2": {
          "Éxito": 0.8576078112286412,
          "Error": 0.14239218877135884
        }
      }
    },
    "snr_db": {
      "is_categorical": false,
      "bins": 10,
      "values": {
        "(4.004, 4.408]": {
          "Éxito": 0.796875,
          "Error": 0.203125
        },
        "(4.408, 4.807]": {
          "Éxito": 0.8252788104089219,
          "Error": 0.17472118959107807
        },
        "(4.807, 5.206]": {
          "Éxito": 0.8608695652173913,
          "Error": 0.1391304347826087
        },
        "(5.206, 5.605]": {
          "Éxito": 0.8362068965517241,
          "Error": 0.16379310344827586
        },
        "(5.605, 6.004]": {
          "Éxito": 0.88,
          "Error": 0.12
        },
        "(6.004, 6.403]": {
          "Éxito": 0.8607594936708861,
          "Error": 0.13924050632911392
        },
        "(6.403, 6.802]": {
          "Éxito": 0.8821292775665399,
          "Error": 0.11787072243346007
        },
        "(6.802, 7.201]": {
          "Éxito": 0.9049586776859504,
          "Error": 0.09504132231404959
        },
        "(7.201, 7.6]": {
          "Éxito": 0.8583333333333333,
          "Error": 0.14166666666666666
        },
        "(7.6, 7.999]": {
          "Éxito": 0.8744769874476988,
          "Error": 0.12552301255230125
        }
      }
    },
    "phase_offset": {
      "is_categorical": false,
      "bins": 10,
      "values": {
        "(-0.0354, 4.507]": {
          "Éxito": 0.8073770491803278,
          "Error": 0.19262295081967212
        },
        "(4.507, 9.004]": {
          "Éxito": 0.8947368421052632,
          "Error": 0.10526315789473684
        },
        "(9.004, 13.501]": {
          "Éxito": 0.8170731707317073,
          "Error": 0.18292682926829268
        },
        "(13.501, 17.998]": {
          "Éxito": 0.8666666666666667,
          "Error": 0.13333333333333333
        },
        "(17.998, 22.496]": {
          "Éxito": 0.8945147679324894,
          "Error": 0.10548523206751055
        },
        "(22.496, 26.993]": {
          "Éxito": 0.8247863247863247,
          "Error": 0.1752136752136752
        },
        "(26.993, 31.49]": {
          "Éxito": 0.8828125,
          "Error": 0.1171875
        },
        "(31.49, 35.987]": {
          "Éxito": 0.8458646616541353,
          "Error": 0.15413533834586465
        },
        "(35.987, 40.485]": {
          "Éxito": 0.860655737704918,
          "Error": 0.13934426229508196
        },
        "(40.485, 44.982]": {
          "Éxito": 0.8820960698689956,
          "Error": 0.11790393013100436
        }
      }
    },
    "roll_off": {
      "is_categorical": false,
      "bins": 10,
      "values": {
        "(0.2, 0.21]": {
          "Éxito": 0.849624060150376,
          "Error": 0.15037593984962405
        },
        "(0.21, 0.22]": {
          "Éxito": 0.859504132231405,
          "Error": 0.14049586776859505
        },
        "(0.22, 0.23]": {
          "Éxito": 0.8372093023255814,
          "Error": 0.16279069767441862
        },
        "(0.23, 0.24]": {
          "Éxito": 0.8429752066115702,
          "Error": 0.15702479338842976
        },
        "(0.24, 0.25]": {
          "Éxito": 0.8995633187772926,
          "Error": 0.10043668122270742
        },
        "(0.25, 0.26]": {
          "Éxito": 0.8901960784313725,
          "Error": 0.10980392156862745
        },
        "(0.26, 0.27]": {
          "Éxito": 0.8629629629629629,
          "Error": 0.13703703703703704
        },
        "(0.27, 0.28]": {
          "Éxito": 0.8595744680851064,
          "Error": 0.14042553191489363
        },
        "(0.28, 0.29]": {
          "Éxito": 0.8297872340425532,
          "Error": 0.1702127659574468
        },
        "(0.29, 0.3]": {
          "Éxito": 0.8451327433628318,
          "Error": 0.15486725663716813
        }
      }
    }
  }
}