{
  "experiment": {
    "name": "res_tcn_se_esc_9",
    "timestamp": "2025-06-22T00:40:47.075739",
    "repeat_index": 2,
    "fold_index": 4
  },
  "evaluation": {
    "loss": 0.22852735221385956,
    "accuracy": 0.9414157867431641
  },
  "classification_report": {
    "bpsk": {
      "precision": 1.0,
      "recall": 1.0,
      "f1-score": 1.0,
      "support": 409.0
    },
    "qpsk": {
      "precision": 1.0,
      "recall": 1.0,
      "f1-score": 1.0,
      "support": 410.0
    },
    "16qam": {
      "precision": 0.9803439803439803,
      "recall": 0.973170731707317,
      "f1-score": 0.9767441860465116,
      "support": 410.0
    },
    "32qam cross": {
      "precision": 0.8589108910891089,
      "recall": 0.8484107579462102,
      "f1-score": 0.8536285362853628,
      "support": 409.0
    },
    "64qam": {
      "precision": 0.9617224880382775,
      "recall": 0.9804878048780488,
      "f1-score": 0.9710144927536232,
      "support": 410.0
    },
    "128qam cross": {
      "precision": 0.8463414634146341,
      "recall": 0.8463414634146341,
      "f1-score": 0.8463414634146341,
      "support": 410.0
    },
    "accuracy": 0.9414157851912124,
    "macro avg": {
      "precision": 0.9412198038143336,
      "recall": 0.941401792991035,
      "f1-score": 0.9412881130833554,
      "support": 2458.0
    },
    "weighted avg": {
      "precision": 0.9412293761156109,
      "recall": 0.9414157851912124,
      "f1-score": 0.9412998900117041,
      "support": 2458.0
    }
  }
}