{
  "experiment": {
    "name": "cnn_bilstm_attn_esc_10",
    "timestamp": "2025-06-20T12:45:19.963085",
    "repeat_index": 3,
    "fold_index": 4
  },
  "effects": {
    "num_taps": {
      "is_categorical": true,
      "bins": null,
      "values": {
        "2": {
          "Éxito": 0.9723352318958502,
          "Error": 0.027664768104149716
        }
      }
    },
    "snr_db": {
      "is_categorical": false,
      "bins": 10,
      "values": {
        "(7.997, 8.4]": {
          "Éxito": 0.9576923076923077,
          "Error": 0.04230769230769231
        },
        "(8.4, 8.8]": {
          "Éxito": 0.9732142857142857,
          "Error": 0.026785714285714284
        },
        "(8.8, 9.2]": {
          "Éxito": 0.9448529411764706,
          "Error": 0.05514705882352941
        },
        "(9.2, 9.599]": {
          "Éxito": 0.9707112970711297,
          "Error": 0.029288702928870293
        },
        "(9.599, 9.999]": {
          "Éxito": 0.9767441860465116,
          "Error": 0.023255813953488372
        },
        "(9.999, 10.398]": {
          "Éxito": 0.98046875,
          "Error": 0.01953125
        },
        "(10.398, 10.798]": {
          "Éxito": 0.987603305785124,
          "Error": 0.012396694214876033
        },
        "(10.798, 11.198]": {
          "Éxito": 0.9787234042553191,
          "Error": 0.02127659574468085
        },
        "(11.198, 11.597]": {
          "Éxito": 0.9694323144104804,
          "Error": 0.03056768558951965
        },
        "(11.597, 11.997]": {
          "Éxito": 0.9876543209876543,
          "Error": 0.012345679012345678
        }
      }
    },
    "phase_offset": {
      "is_categorical": false,
      "bins": 10,
      "values": {
        "(89.957, 94.5]": {
          "Éxito": 0.9810606060606061,
          "Error": 0.01893939393939394
        },
        "(94.5, 98.998]": {
          "Éxito": 0.9916317991631799,
          "Error": 0.008368200836820083
        },
        "(98.998, 103.496]": {
          "Éxito": 0.9748953974895398,
          "Error": 0.02510460251046025
        },
        "(103.496, 107.994]": {
          "Éxito": 0.9724409448818898,
          "Error": 0.027559055118110236
        },
        "(107.994, 112.492]": {
          "Éxito": 0.94921875,
          "Error": 0.05078125
        },
        "(112.492, 116.99]": {
          "Éxito": 0.9795918367346939,
          "Error": 0.02040816326530612
        },
        "(116.99, 121.488]": {
          "Éxito": 0.9747899159663865,
          "Error": 0.025210084033613446
        },
        "(121.488, 125.986]": {
          "Éxito": 0.9829787234042553,
          "Error": 0.01702127659574468
        },
        "(125.986, 130.484]": {
          "Éxito": 0.9675925925925926,
          "Error": 0.032407407407407406
        },
        "(130.484, 134.982]": {
          "Éxito": 0.9522058823529411,
          "Error": 0.04779411764705882
        }
      }
    },
    "roll_off": {
      "is_categorical": false,
      "bins": 10,
      "values": {
        "(0.2, 0.21]": {
          "Éxito": 0.9652509652509652,
          "Error": 0.03474903474903475
        },
        "(0.21, 0.22]": {
          "Éxito": 0.9609375,
          "Error": 0.0390625
        },
        "(0.22, 0.23]": {
          "Éxito": 0.958904109589041,
          "Error": 0.0410958904109589
        },
        "(0.23, 0.24]": {
          "Éxito": 0.979757085020243,
          "Error": 0.020242914979757085
        },
        "(0.24, 0.25]": {
          "Éxito": 0.9720930232558139,
          "Error": 0.027906976744186046
        },
        "(0.25, 0.26]": {
          "Éxito": 0.9796747967479674,
          "Error": 0.02032520325203252
        },
        "(0.26, 0.27]": {
          "Éxito": 0.978448275862069,
          "Error": 0.021551724137931036
        },
        "(0.27, 0.28]": {
          "Éxito": 0.9681274900398407,
          "Error": 0.03187250996015936
        },
        "(0.28, 0.29]": {
          "Éxito": 0.9827586206896551,
          "Error": 0.017241379310344827
        },
        "(0.29, 0.3]": {
          "Éxito": 0.9753086419753086,
          "Error": 0.024691358024691357
        }
      }
    }
  }
}