{
  "experiment": {
    "name": "cnn_bilstm_attn_esc_6",
    "timestamp": "2025-06-23T04:05:15.843220",
    "repeat_index": 1,
    "fold_index": 4
  },
  "evaluation": {
    "loss": 0.04530346766114235,
    "accuracy": 0.9829129576683044
  },
  "classification_report": {
    "bpsk": {
      "precision": 1.0,
      "recall": 1.0,
      "f1-score": 1.0,
      "support": 410.0
    },
    "qpsk": {
      "precision": 1.0,
      "recall": 1.0,
      "f1-score": 1.0,
      "support": 410.0
    },
    "16qam": {
      "precision": 1.0,
      "recall": 1.0,
      "f1-score": 1.0,
      "support": 410.0
    },
    "32qam cross": {
      "precision": 0.9479905437352246,
      "recall": 0.9780487804878049,
      "f1-score": 0.9627851140456182,
      "support": 410.0
    },
    "64qam": {
      "precision": 0.9925742574257426,
      "recall": 0.980440097799511,
      "f1-score": 0.986469864698647,
      "support": 409.0
    },
    "128qam cross": {
      "precision": 0.9576059850374065,
      "recall": 0.9388753056234719,
      "f1-score": 0.9481481481481481,
      "support": 409.0
    },
    "accuracy": 0.9829129373474369,
    "macro avg": {
      "precision": 0.9830284643663956,
      "recall": 0.9828940306517979,
      "f1-score": 0.9829005211487355,
      "support": 2458.0
    },
    "weighted avg": {
      "precision": 0.9830349235552767,
      "recall": 0.9829129373474369,
      "f1-score": 0.982913207491067,
      "support": 2458.0
    }
  }
}