{
  "experiment": {
    "name": "cnn_bilstm_attn_esc_6",
    "timestamp": "2025-06-23T04:05:16.705624",
    "repeat_index": 1,
    "fold_index": 4
  },
  "effects": {
    "num_taps": {
      "is_categorical": true,
      "bins": null,
      "values": {
        "1": {
          "Éxito": 0.9829129373474369,
          "Error": 0.01708706265256306
        }
      }
    },
    "snr_db": {
      "is_categorical": false,
      "bins": 10,
      "values": {
        "(7.996, 8.4]": {
          "Éxito": 0.9810606060606061,
          "Error": 0.01893939393939394
        },
        "(8.4, 8.8]": {
          "Éxito": 0.9549180327868853,
          "Error": 0.045081967213114756
        },
        "(8.8, 9.2]": {
          "Éxito": 0.9755102040816327,
          "Error": 0.024489795918367346
        },
        "(9.2, 9.6]": {
          "Éxito": 0.9836734693877551,
          "Error": 0.0163265306122449
        },
        "(9.6, 10.0]": {
          "Éxito": 0.9849624060150376,
          "Error": 0.015037593984962405
        },
        "(10.0, 10.4]": {
          "Éxito": 0.9869565217391304,
          "Error": 0.013043478260869565
        },
        "(10.4, 10.8]": {
          "Éxito": 0.9953703703703703,
          "Error": 0.004629629629629629
        },
        "(10.8, 11.2]": {
          "Éxito": 0.9833333333333333,
          "Error": 0.016666666666666666
        },
        "(11.2, 11.6]": {
          "Éxito": 0.9920634920634921,
          "Error": 0.007936507936507936
        },
        "(11.6, 12.0]": {
          "Éxito": 0.9921875,
          "Error": 0.0078125
        }
      }
    },
    "phase_offset": {
      "is_categorical": false,
      "bins": 10,
      "values": {
        "(0.00881, 4.548]": {
          "Éxito": 0.9693486590038314,
          "Error": 0.03065134099616858
        },
        "(4.548, 9.042]": {
          "Éxito": 0.9836734693877551,
          "Error": 0.0163265306122449
        },
        "(9.042, 13.536]": {
          "Éxito": 0.9803921568627451,
          "Error": 0.0196078431372549
        },
        "(13.536, 18.031]": {
          "Éxito": 0.9746835443037974,
          "Error": 0.02531645569620253
        },
        "(18.031, 22.525]": {
          "Éxito": 0.9883720930232558,
          "Error": 0.011627906976744186
        },
        "(22.525, 27.019]": {
          "Éxito": 0.9914163090128756,
          "Error": 0.008583690987124463
        },
        "(27.019, 31.513]": {
          "Éxito": 0.9874476987447699,
          "Error": 0.012552301255230125
        },
        "(31.513, 36.008]": {
          "Éxito": 0.987603305785124,
          "Error": 0.012396694214876033
        },
        "(36.008, 40.502]": {
          "Éxito": 0.9914529914529915,
          "Error": 0.008547008547008548
        },
        "(40.502, 44.996]": {
          "Éxito": 0.9763779527559056,
          "Error": 0.023622047244094488
        }
      }
    },
    "roll_off": {
      "is_categorical": false,
      "bins": 10,
      "values": {
        "(0.2, 0.21]": {
          "Éxito": 0.97265625,
          "Error": 0.02734375
        },
        "(0.21, 0.22]": {
          "Éxito": 0.9831223628691983,
          "Error": 0.016877637130801686
        },
        "(0.22, 0.23]": {
          "Éxito": 0.9666666666666667,
          "Error": 0.03333333333333333
        },
        "(0.23, 0.24]": {
          "Éxito": 0.996,
          "Error": 0.004
        },
        "(0.24, 0.25]": {
          "Éxito": 0.9925373134328358,
          "Error": 0.007462686567164179
        },
        "(0.25, 0.26]": {
          "Éxito": 0.9819494584837545,
          "Error": 0.018050541516245487
        },
        "(0.26, 0.27]": {
          "Éxito": 0.974025974025974,
          "Error": 0.025974025974025976
        },
        "(0.27, 0.28]": {
          "Éxito": 0.9911111111111112,
          "Error": 0.008888888888888889
        },
        "(0.28, 0.29]": {
          "Éxito": 0.9869565217391304,
          "Error": 0.013043478260869565
        },
        "(0.29, 0.3]": {
          "Éxito": 0.9836065573770492,
          "Error": 0.01639344262295082
        }
      }
    }
  }
}