{
  "experiment": {
    "name": "ARQ_1__ESC_4",
    "timestamp": "2025-06-22T00:50:08.328132",
    "repeat_index": 2
  },
  "effects": {
    "num_taps": {
      "is_categorical": true,
      "bins": null,
      "values": {
        "2": {
          "Éxito": 0.99267578125,
          "Error": 0.00732421875
        }
      }
    },
    "snr_db": {
      "is_categorical": false,
      "bins": 10,
      "values": {
        "(11.996, 12.4]": {
          "Éxito": 0.9873015873015873,
          "Error": 0.012698412698412698
        },
        "(12.4, 12.8]": {
          "Éxito": 0.9936507936507937,
          "Error": 0.006349206349206349
        },
        "(12.8, 13.2]": {
          "Éxito": 0.9894551845342706,
          "Error": 0.01054481546572935
        },
        "(13.2, 13.6]": {
          "Éxito": 0.9936102236421726,
          "Error": 0.006389776357827476
        },
        "(13.6, 14.0]": {
          "Éxito": 0.9951456310679612,
          "Error": 0.0048543689320388345
        },
        "(14.0, 14.4]": {
          "Éxito": 0.9950819672131147,
          "Error": 0.004918032786885246
        },
        "(14.4, 14.8]": {
          "Éxito": 0.9919614147909968,
          "Error": 0.008038585209003215
        },
        "(14.8, 15.2]": {
          "Éxito": 0.9966666666666667,
          "Error": 0.0033333333333333335
        },
        "(15.2, 15.599]": {
          "Éxito": 0.9919354838709677,
          "Error": 0.008064516129032258
        },
        "(15.599, 15.999]": {
          "Éxito": 0.9919224555735057,
          "Error": 0.008077544426494346
        }
      }
    },
    "phase_offset": {
      "is_categorical": false,
      "bins": 10,
      "values": {
        "(-0.0418, 4.501]": {
          "Éxito": 0.9886547811993517,
          "Error": 0.011345218800648298
        },
        "(4.501, 9.0]": {
          "Éxito": 0.9968253968253968,
          "Error": 0.0031746031746031746
        },
        "(9.0, 13.498]": {
          "Éxito": 0.9884105960264901,
          "Error": 0.011589403973509934
        },
        "(13.498, 17.996]": {
          "Éxito": 0.9967159277504105,
          "Error": 0.003284072249589491
        },
        "(17.996, 22.495]": {
          "Éxito": 0.9881756756756757,
          "Error": 0.011824324324324325
        },
        "(22.495, 26.993]": {
          "Éxito": 0.9949066213921901,
          "Error": 0.0050933786078098476
        },
        "(26.993, 31.491]": {
          "Éxito": 0.9919484702093397,
          "Error": 0.008051529790660225
        },
        "(31.491, 35.99]": {
          "Éxito": 0.9890282131661442,
          "Error": 0.0109717868338558
        },
        "(35.99, 40.488]": {
          "Éxito": 0.9965635738831615,
          "Error": 0.003436426116838488
        },
        "(40.488, 44.986]": {
          "Éxito": 0.9954682779456193,
          "Error": 0.004531722054380665
        }
      }
    },
    "roll_off": {
      "is_categorical": false,
      "bins": 10,
      "values": {
        "(0.2, 0.21]": {
          "Éxito": 0.9936808846761453,
          "Error": 0.00631911532385466
        },
        "(0.21, 0.22]": {
          "Éxito": 0.989409984871407,
          "Error": 0.01059001512859304
        },
        "(0.22, 0.23]": {
          "Éxito": 0.9936,
          "Error": 0.0064
        },
        "(0.23, 0.24]": {
          "Éxito": 0.9931506849315068,
          "Error": 0.00684931506849315
        },
        "(0.24, 0.25]": {
          "Éxito": 0.995,
          "Error": 0.005
        },
        "(0.25, 0.26]": {
          "Éxito": 0.9871175523349437,
          "Error": 0.01288244766505636
        },
        "(0.26, 0.27]": {
          "Éxito": 0.9899665551839465,
          "Error": 0.010033444816053512
        },
        "(0.27, 0.28]": {
          "Éxito": 0.9933884297520661,
          "Error": 0.006611570247933884
        },
        "(0.28, 0.29]": {
          "Éxito": 0.9983193277310924,
          "Error": 0.0016806722689075631
        },
        "(0.29, 0.3]": {
          "Éxito": 0.9935691318327974,
          "Error": 0.006430868167202572
        }
      }
    }
  }
}