{
  "experiment": {
    "name": "ARQ_1__ESC_4",
    "timestamp": "2025-06-22T00:50:06.395769",
    "repeat_index": 2
  },
  "evaluation": {
    "loss": 0.039395757019519806,
    "accuracy": 0.99267578125
  },
  "classification_report": {
    "bpsk": {
      "precision": 1.0,
      "recall": 1.0,
      "f1-score": 1.0,
      "support": 1024.0
    },
    "qpsk": {
      "precision": 1.0,
      "recall": 1.0,
      "f1-score": 1.0,
      "support": 1024.0
    },
    "16qam": {
      "precision": 0.9951314508276533,
      "recall": 0.998046875,
      "f1-score": 0.9965870307167235,
      "support": 1024.0
    },
    "32qam cross": {
      "precision": 0.9805068226120858,
      "recall": 0.982421875,
      "f1-score": 0.9814634146341464,
      "support": 1024.0
    },
    "64qam": {
      "precision": 0.9960899315738025,
      "recall": 0.9951171875,
      "f1-score": 0.9956033219345384,
      "support": 1024.0
    },
    "128qam cross": {
      "precision": 0.984313725490196,
      "recall": 0.98046875,
      "f1-score": 0.9823874755381604,
      "support": 1024.0
    },
    "accuracy": 0.99267578125,
    "macro avg": {
      "precision": 0.9926736550839562,
      "recall": 0.99267578125,
      "f1-score": 0.9926735404705948,
      "support": 6144.0
    },
    "weighted avg": {
      "precision": 0.9926736550839562,
      "recall": 0.99267578125,
      "f1-score": 0.9926735404705948,
      "support": 6144.0
    }
  }
}