{
  "experiment": {
    "name": "res_tcn_se_esc_8",
    "timestamp": "2025-06-16T13:04:37.591279",
    "repeat_index": 0,
    "fold_index": 0
  },
  "effects": {
    "num_taps": {
      "is_categorical": true,
      "bins": null,
      "values": {
        "6": {
          "Éxito": 0.6236777868185517,
          "Error": 0.3763222131814483
        }
      }
    },
    "snr_db": {
      "is_categorical": false,
      "bins": 10,
      "values": {
        "(7.996, 8.4]": {
          "Éxito": 0.5843621399176955,
          "Error": 0.4156378600823045
        },
        "(8.4, 8.8]": {
          "Éxito": 0.6235294117647059,
          "Error": 0.3764705882352941
        },
        "(8.8, 9.2]": {
          "Éxito": 0.6265060240963856,
          "Error": 0.37349397590361444
        },
        "(9.2, 9.6]": {
          "Éxito": 0.6353383458646616,
          "Error": 0.36466165413533835
        },
        "(9.6, 10.0]": {
          "Éxito": 0.6502242152466368,
          "Error": 0.34977578475336324
        },
        "(10.0, 10.4]": {
          "Éxito": 0.6412556053811659,
          "Error": 0.35874439461883406
        },
        "(10.4, 10.8]": {
          "Éxito": 0.628,
          "Error": 0.372
        },
        "(10.8, 11.2]": {
          "Éxito": 0.625,
          "Error": 0.375
        },
        "(11.2, 11.6]": {
          "Éxito": 0.5776892430278885,
          "Error": 0.42231075697211157
        },
        "(11.6, 12.0]": {
          "Éxito": 0.648,
          "Error": 0.352
        }
      }
    },
    "phase_offset": {
      "is_categorical": false,
      "bins": 10,
      "values": {
        "(-0.0087, 4.529]": {
          "Éxito": 0.5610859728506787,
          "Error": 0.43891402714932126
        },
        "(4.529, 9.022]": {
          "Éxito": 0.6610169491525424,
          "Error": 0.3389830508474576
        },
        "(9.022, 13.515]": {
          "Éxito": 0.5903614457831325,
          "Error": 0.40963855421686746
        },
        "(13.515, 18.008]": {
          "Éxito": 0.6156716417910447,
          "Error": 0.3843283582089552
        },
        "(18.008, 22.501]": {
          "Éxito": 0.6705882352941176,
          "Error": 0.32941176470588235
        },
        "(22.501, 26.994]": {
          "Éxito": 0.616822429906542,
          "Error": 0.38317757009345793
        },
        "(26.994, 31.488]": {
          "Éxito": 0.6328125,
          "Error": 0.3671875
        },
        "(31.488, 35.981]": {
          "Éxito": 0.6076923076923076,
          "Error": 0.3923076923076923
        },
        "(35.981, 40.474]": {
          "Éxito": 0.6378600823045267,
          "Error": 0.36213991769547327
        },
        "(40.474, 44.967]": {
          "Éxito": 0.63671875,
          "Error": 0.36328125
        }
      }
    },
    "roll_off": {
      "is_categorical": false,
      "bins": 10,
      "values": {
        "(0.2, 0.21]": {
          "Éxito": 0.6360153256704981,
          "Error": 0.36398467432950193
        },
        "(0.21, 0.22]": {
          "Éxito": 0.6448979591836734,
          "Error": 0.3551020408163265
        },
        "(0.22, 0.23]": {
          "Éxito": 0.6126482213438735,
          "Error": 0.38735177865612647
        },
        "(0.23, 0.24]": {
          "Éxito": 0.628,
          "Error": 0.372
        },
        "(0.24, 0.25]": {
          "Éxito": 0.6194331983805668,
          "Error": 0.3805668016194332
        },
        "(0.25, 0.26]": {
          "Éxito": 0.6463414634146342,
          "Error": 0.35365853658536583
        },
        "(0.26, 0.27]": {
          "Éxito": 0.5758754863813229,
          "Error": 0.42412451361867703
        },
        "(0.27, 0.28]": {
          "Éxito": 0.6473214285714286,
          "Error": 0.35267857142857145
        },
        "(0.28, 0.29]": {
          "Éxito": 0.6751054852320675,
          "Error": 0.32489451476793246
        },
        "(0.29, 0.3]": {
          "Éxito": 0.5546218487394958,
          "Error": 0.44537815126050423
        }
      }
    }
  }
}