{
  "experiment": {
    "name": "red_carlos_ESC_7",
    "timestamp": "2025-06-18T16:36:07.848089",
    "repeat_index": 3,
    "fold_index": 4
  },
  "effects": {
    "num_taps": {
      "is_categorical": true,
      "bins": null,
      "values": {
        "4": {
          "Éxito": 0.8669650122050447,
          "Error": 0.13303498779495526
        }
      }
    },
    "snr_db": {
      "is_categorical": false,
      "bins": 10,
      "values": {
        "(7.996, 8.4]": {
          "Éxito": 0.8616600790513834,
          "Error": 0.1383399209486166
        },
        "(8.4, 8.8]": {
          "Éxito": 0.8932806324110671,
          "Error": 0.1067193675889328
        },
        "(8.8, 9.2]": {
          "Éxito": 0.8571428571428571,
          "Error": 0.14285714285714285
        },
        "(9.2, 9.599]": {
          "Éxito": 0.8652173913043478,
          "Error": 0.13478260869565217
        },
        "(9.599, 9.999]": {
          "Éxito": 0.8438818565400844,
          "Error": 0.15611814345991562
        },
        "(9.999, 10.399]": {
          "Éxito": 0.8285714285714286,
          "Error": 0.17142857142857143
        },
        "(10.399, 10.799]": {
          "Éxito": 0.8571428571428571,
          "Error": 0.14285714285714285
        },
        "(10.799, 11.199]": {
          "Éxito": 0.8888888888888888,
          "Error": 0.1111111111111111
        },
        "(11.199, 11.598]": {
          "Éxito": 0.9152542372881356,
          "Error": 0.0847457627118644
        },
        "(11.598, 11.998]": {
          "Éxito": 0.8589743589743589,
          "Error": 0.14102564102564102
        }
      }
    },
    "phase_offset": {
      "is_categorical": false,
      "bins": 10,
      "values": {
        "(-0.0376, 4.505]": {
          "Éxito": 0.8458149779735683,
          "Error": 0.15418502202643172
        },
        "(4.505, 9.003]": {
          "Éxito": 0.876984126984127,
          "Error": 0.12301587301587301
        },
        "(9.003, 13.501]": {
          "Éxito": 0.8690476190476191,
          "Error": 0.13095238095238096
        },
        "(13.501, 17.999]": {
          "Éxito": 0.8612244897959184,
          "Error": 0.13877551020408163
        },
        "(17.999, 22.497]": {
          "Éxito": 0.8794642857142857,
          "Error": 0.12053571428571429
        },
        "(22.497, 26.995]": {
          "Éxito": 0.88671875,
          "Error": 0.11328125
        },
        "(26.995, 31.492]": {
          "Éxito": 0.8656126482213439,
          "Error": 0.13438735177865613
        },
        "(31.492, 35.99]": {
          "Éxito": 0.869198312236287,
          "Error": 0.1308016877637131
        },
        "(35.99, 40.488]": {
          "Éxito": 0.854251012145749,
          "Error": 0.145748987854251
        },
        "(40.488, 44.986]": {
          "Éxito": 0.8603773584905661,
          "Error": 0.13962264150943396
        }
      }
    },
    "roll_off": {
      "is_categorical": false,
      "bins": 10,
      "values": {
        "(0.2, 0.21]": {
          "Éxito": 0.8455598455598455,
          "Error": 0.15444015444015444
        },
        "(0.21, 0.22]": {
          "Éxito": 0.8851063829787233,
          "Error": 0.1148936170212766
        },
        "(0.22, 0.23]": {
          "Éxito": 0.871900826446281,
          "Error": 0.128099173553719
        },
        "(0.23, 0.24]": {
          "Éxito": 0.8906882591093117,
          "Error": 0.10931174089068826
        },
        "(0.24, 0.25]": {
          "Éxito": 0.8543307086614174,
          "Error": 0.14566929133858267
        },
        "(0.25, 0.26]": {
          "Éxito": 0.8911290322580645,
          "Error": 0.10887096774193548
        },
        "(0.26, 0.27]": {
          "Éxito": 0.8596491228070176,
          "Error": 0.14035087719298245
        },
        "(0.27, 0.28]": {
          "Éxito": 0.8617886178861789,
          "Error": 0.13821138211382114
        },
        "(0.28, 0.29]": {
          "Éxito": 0.8587786259541985,
          "Error": 0.14122137404580154
        },
        "(0.29, 0.3]": {
          "Éxito": 0.8523206751054853,
          "Error": 0.14767932489451477
        }
      }
    }
  }
}