{
  "experiment": {
    "name": "red_carlos_ESC_1",
    "timestamp": "2025-06-18T02:49:48.528767",
    "repeat_index": 3,
    "fold_index": 0
  },
  "effects": {
    "num_taps": {
      "is_categorical": true,
      "bins": null,
      "values": {
        "2": {
          "Éxito": 0.6069975589910497,
          "Error": 0.3930024410089504
        }
      }
    },
    "snr_db": {
      "is_categorical": false,
      "bins": 10,
      "values": {
        "(-0.00225, 0.402]": {
          "Éxito": 0.6219512195121951,
          "Error": 0.3780487804878049
        },
        "(0.402, 0.801]": {
          "Éxito": 0.6238938053097345,
          "Error": 0.37610619469026546
        },
        "(0.801, 1.201]": {
          "Éxito": 0.5945945945945946,
          "Error": 0.40540540540540543
        },
        "(1.201, 1.601]": {
          "Éxito": 0.632183908045977,
          "Error": 0.367816091954023
        },
        "(1.601, 2.001]": {
          "Éxito": 0.6343612334801763,
          "Error": 0.3656387665198238
        },
        "(2.001, 2.401]": {
          "Éxito": 0.6292134831460674,
          "Error": 0.3707865168539326
        },
        "(2.401, 2.8]": {
          "Éxito": 0.5990566037735849,
          "Error": 0.4009433962264151
        },
        "(2.8, 3.2]": {
          "Éxito": 0.5757575757575758,
          "Error": 0.42424242424242425
        },
        "(3.2, 3.6]": {
          "Éxito": 0.5604838709677419,
          "Error": 0.43951612903225806
        },
        "(3.6, 4.0]": {
          "Éxito": 0.6008064516129032,
          "Error": 0.39919354838709675
        }
      }
    },
    "phase_offset": {
      "is_categorical": false,
      "bins": 10,
      "values": {
        "(-0.0246, 4.515]": {
          "Éxito": 0.5714285714285714,
          "Error": 0.42857142857142855
        },
        "(4.515, 9.01]": {
          "Éxito": 0.5813008130081301,
          "Error": 0.4186991869918699
        },
        "(9.01, 13.506]": {
          "Éxito": 0.5882352941176471,
          "Error": 0.4117647058823529
        },
        "(13.506, 18.001]": {
          "Éxito": 0.6006944444444444,
          "Error": 0.3993055555555556
        },
        "(18.001, 22.496]": {
          "Éxito": 0.6145038167938931,
          "Error": 0.38549618320610685
        },
        "(22.496, 26.991]": {
          "Éxito": 0.6026785714285714,
          "Error": 0.39732142857142855
        },
        "(26.991, 31.486]": {
          "Éxito": 0.6282051282051282,
          "Error": 0.3717948717948718
        },
        "(31.486, 35.981]": {
          "Éxito": 0.6229508196721312,
          "Error": 0.3770491803278688
        },
        "(35.981, 40.476]": {
          "Éxito": 0.6274509803921569,
          "Error": 0.37254901960784315
        },
        "(40.476, 44.971]": {
          "Éxito": 0.6269230769230769,
          "Error": 0.3730769230769231
        }
      }
    },
    "roll_off": {
      "is_categorical": false,
      "bins": 10,
      "values": {
        "(0.2, 0.21]": {
          "Éxito": 0.5560344827586207,
          "Error": 0.44396551724137934
        },
        "(0.21, 0.22]": {
          "Éxito": 0.6475770925110133,
          "Error": 0.3524229074889868
        },
        "(0.22, 0.23]": {
          "Éxito": 0.6068702290076335,
          "Error": 0.3931297709923664
        },
        "(0.23, 0.24]": {
          "Éxito": 0.6058091286307054,
          "Error": 0.3941908713692946
        },
        "(0.24, 0.25]": {
          "Éxito": 0.6027397260273972,
          "Error": 0.3972602739726027
        },
        "(0.25, 0.26]": {
          "Éxito": 0.578125,
          "Error": 0.421875
        },
        "(0.26, 0.27]": {
          "Éxito": 0.612,
          "Error": 0.388
        },
        "(0.27, 0.28]": {
          "Éxito": 0.6415770609318996,
          "Error": 0.35842293906810035
        },
        "(0.28, 0.29]": {
          "Éxito": 0.6204081632653061,
          "Error": 0.3795918367346939
        },
        "(0.29, 0.3]": {
          "Éxito": 0.5951417004048583,
          "Error": 0.4048582995951417
        }
      }
    }
  }
}