{
  "experiment": {
    "name": "red_carlos_ESC_9",
    "timestamp": "2025-06-21T03:11:51.274348",
    "repeat_index": 0,
    "fold_index": 4
  },
  "effects": {
    "num_taps": {
      "is_categorical": true,
      "bins": null,
      "values": {
        "2": {
          "Éxito": 0.9548413344182262,
          "Error": 0.045158665581773796
        }
      }
    },
    "snr_db": {
      "is_categorical": false,
      "bins": 10,
      "values": {
        "(7.996, 8.4]": {
          "Éxito": 0.9273504273504274,
          "Error": 0.07264957264957266
        },
        "(8.4, 8.8]": {
          "Éxito": 0.9642857142857143,
          "Error": 0.03571428571428571
        },
        "(8.8, 9.2]": {
          "Éxito": 0.9365079365079365,
          "Error": 0.06349206349206349
        },
        "(9.2, 9.6]": {
          "Éxito": 0.9666666666666667,
          "Error": 0.03333333333333333
        },
        "(9.6, 10.0]": {
          "Éxito": 0.9495798319327731,
          "Error": 0.05042016806722689
        },
        "(10.0, 10.399]": {
          "Éxito": 0.9404255319148936,
          "Error": 0.059574468085106386
        },
        "(10.399, 10.799]": {
          "Éxito": 0.9448818897637795,
          "Error": 0.05511811023622047
        },
        "(10.799, 11.199]": {
          "Éxito": 0.974910394265233,
          "Error": 0.025089605734767026
        },
        "(11.199, 11.599]": {
          "Éxito": 0.9776785714285714,
          "Error": 0.022321428571428572
        },
        "(11.599, 11.999]": {
          "Éxito": 0.9640287769784173,
          "Error": 0.03597122302158273
        }
      }
    },
    "phase_offset": {
      "is_categorical": false,
      "bins": 10,
      "values": {
        "(44.979, 49.52]": {
          "Éxito": 0.9442231075697212,
          "Error": 0.055776892430278883
        },
        "(49.52, 54.015]": {
          "Éxito": 0.9407407407407408,
          "Error": 0.05925925925925926
        },
        "(54.015, 58.511]": {
          "Éxito": 0.9414225941422594,
          "Error": 0.058577405857740586
        },
        "(58.511, 63.007]": {
          "Éxito": 0.9665271966527197,
          "Error": 0.03347280334728033
        },
        "(63.007, 67.502]": {
          "Éxito": 0.9572649572649573,
          "Error": 0.042735042735042736
        },
        "(67.502, 71.998]": {
          "Éxito": 0.9665271966527197,
          "Error": 0.03347280334728033
        },
        "(71.998, 76.494]": {
          "Éxito": 0.9385245901639344,
          "Error": 0.06147540983606557
        },
        "(76.494, 80.989]": {
          "Éxito": 0.9619771863117871,
          "Error": 0.03802281368821293
        },
        "(80.989, 85.485]": {
          "Éxito": 0.9753086419753086,
          "Error": 0.024691358024691357
        },
        "(85.485, 89.981]": {
          "Éxito": 0.9576271186440678,
          "Error": 0.0423728813559322
        }
      }
    },
    "roll_off": {
      "is_categorical": false,
      "bins": 10,
      "values": {
        "(0.2, 0.21]": {
          "Éxito": 0.9607843137254902,
          "Error": 0.0392156862745098
        },
        "(0.21, 0.22]": {
          "Éxito": 0.9531914893617022,
          "Error": 0.04680851063829787
        },
        "(0.22, 0.23]": {
          "Éxito": 0.9446808510638298,
          "Error": 0.05531914893617021
        },
        "(0.23, 0.24]": {
          "Éxito": 0.9521739130434783,
          "Error": 0.04782608695652174
        },
        "(0.24, 0.25]": {
          "Éxito": 0.9770992366412213,
          "Error": 0.022900763358778626
        },
        "(0.25, 0.26]": {
          "Éxito": 0.96875,
          "Error": 0.03125
        },
        "(0.26, 0.27]": {
          "Éxito": 0.9509433962264151,
          "Error": 0.04905660377358491
        },
        "(0.27, 0.28]": {
          "Éxito": 0.9606299212598425,
          "Error": 0.03937007874015748
        },
        "(0.28, 0.29]": {
          "Éxito": 0.9429824561403509,
          "Error": 0.05701754385964912
        },
        "(0.29, 0.3]": {
          "Éxito": 0.9327731092436975,
          "Error": 0.06722689075630252
        }
      }
    }
  }
}