{
  "experiment": {
    "name": "red_carlos_ESC_8",
    "timestamp": "2025-06-18T17:37:16.098943",
    "repeat_index": 2,
    "fold_index": 1
  },
  "effects": {
    "num_taps": {
      "is_categorical": true,
      "bins": null,
      "values": {
        "6": {
          "Éxito": 0.6375101708706266,
          "Error": 0.3624898291293735
        }
      }
    },
    "snr_db": {
      "is_categorical": false,
      "bins": 10,
      "values": {
        "(7.999, 8.403]": {
          "Éxito": 0.6771653543307087,
          "Error": 0.3228346456692913
        },
        "(8.403, 8.802]": {
          "Éxito": 0.671875,
          "Error": 0.328125
        },
        "(8.802, 9.202]": {
          "Éxito": 0.6301369863013698,
          "Error": 0.3698630136986301
        },
        "(9.202, 9.602]": {
          "Éxito": 0.5862068965517241,
          "Error": 0.41379310344827586
        },
        "(9.602, 10.001]": {
          "Éxito": 0.5868725868725869,
          "Error": 0.41312741312741313
        },
        "(10.001, 10.401]": {
          "Éxito": 0.6313559322033898,
          "Error": 0.3686440677966102
        },
        "(10.401, 10.801]": {
          "Éxito": 0.6278026905829597,
          "Error": 0.3721973094170404
        },
        "(10.801, 11.2]": {
          "Éxito": 0.6639676113360324,
          "Error": 0.3360323886639676
        },
        "(11.2, 11.6]": {
          "Éxito": 0.6356877323420075,
          "Error": 0.3643122676579926
        },
        "(11.6, 11.999]": {
          "Éxito": 0.6666666666666666,
          "Error": 0.3333333333333333
        }
      }
    },
    "phase_offset": {
      "is_categorical": false,
      "bins": 10,
      "values": {
        "(-0.0359, 4.508]": {
          "Éxito": 0.6546184738955824,
          "Error": 0.3453815261044177
        },
        "(4.508, 9.007]": {
          "Éxito": 0.6233766233766234,
          "Error": 0.37662337662337664
        },
        "(9.007, 13.506]": {
          "Éxito": 0.6626984126984127,
          "Error": 0.3373015873015873
        },
        "(13.506, 18.005]": {
          "Éxito": 0.6518218623481782,
          "Error": 0.3481781376518219
        },
        "(18.005, 22.504]": {
          "Éxito": 0.6739130434782609,
          "Error": 0.32608695652173914
        },
        "(22.504, 27.003]": {
          "Éxito": 0.6079295154185022,
          "Error": 0.3920704845814978
        },
        "(27.003, 31.502]": {
          "Éxito": 0.6925795053003534,
          "Error": 0.30742049469964666
        },
        "(31.502, 36.001]": {
          "Éxito": 0.5679012345679012,
          "Error": 0.43209876543209874
        },
        "(36.001, 40.5]": {
          "Éxito": 0.5856573705179283,
          "Error": 0.41434262948207173
        },
        "(40.5, 44.999]": {
          "Éxito": 0.6448979591836734,
          "Error": 0.3551020408163265
        }
      }
    },
    "roll_off": {
      "is_categorical": false,
      "bins": 10,
      "values": {
        "(0.2, 0.21]": {
          "Éxito": 0.6058091286307054,
          "Error": 0.3941908713692946
        },
        "(0.21, 0.22]": {
          "Éxito": 0.6352941176470588,
          "Error": 0.36470588235294116
        },
        "(0.22, 0.23]": {
          "Éxito": 0.6324786324786325,
          "Error": 0.36752136752136755
        },
        "(0.23, 0.24]": {
          "Éxito": 0.696,
          "Error": 0.304
        },
        "(0.24, 0.25]": {
          "Éxito": 0.5806451612903226,
          "Error": 0.41935483870967744
        },
        "(0.25, 0.26]": {
          "Éxito": 0.6267281105990783,
          "Error": 0.37327188940092165
        },
        "(0.26, 0.27]": {
          "Éxito": 0.6567164179104478,
          "Error": 0.34328358208955223
        },
        "(0.27, 0.28]": {
          "Éxito": 0.6588235294117647,
          "Error": 0.3411764705882353
        },
        "(0.28, 0.29]": {
          "Éxito": 0.649402390438247,
          "Error": 0.350597609561753
        },
        "(0.29, 0.3]": {
          "Éxito": 0.6276150627615062,
          "Error": 0.3723849372384937
        }
      }
    }
  }
}