{
  "experiment": {
    "name": "red_carlos_ESC_11",
    "timestamp": "2025-06-21T09:02:08.277796",
    "repeat_index": 3,
    "fold_index": 3
  },
  "effects": {
    "num_taps": {
      "is_categorical": true,
      "bins": null,
      "values": {
        "2": {
          "Éxito": 0.9552481692432873,
          "Error": 0.044751830756712775
        }
      }
    },
    "snr_db": {
      "is_categorical": false,
      "bins": 10,
      "values": {
        "(7.997, 8.4]": {
          "Éxito": 0.9578059071729957,
          "Error": 0.04219409282700422
        },
        "(8.4, 8.8]": {
          "Éxito": 0.9411764705882353,
          "Error": 0.058823529411764705
        },
        "(8.8, 9.199]": {
          "Éxito": 0.9557522123893806,
          "Error": 0.04424778761061947
        },
        "(9.199, 9.599]": {
          "Éxito": 0.946058091286307,
          "Error": 0.05394190871369295
        },
        "(9.599, 9.998]": {
          "Éxito": 0.9505703422053232,
          "Error": 0.049429657794676805
        },
        "(9.998, 10.398]": {
          "Éxito": 0.9623430962343096,
          "Error": 0.03765690376569038
        },
        "(10.398, 10.797]": {
          "Éxito": 0.9545454545454546,
          "Error": 0.045454545454545456
        },
        "(10.797, 11.197]": {
          "Éxito": 0.9801587301587301,
          "Error": 0.01984126984126984
        },
        "(11.197, 11.596]": {
          "Éxito": 0.9552845528455285,
          "Error": 0.044715447154471545
        },
        "(11.596, 11.996]": {
          "Éxito": 0.95,
          "Error": 0.05
        }
      }
    },
    "phase_offset": {
      "is_categorical": false,
      "bins": 10,
      "values": {
        "(134.957, 139.501]": {
          "Éxito": 0.970954356846473,
          "Error": 0.029045643153526972
        },
        "(139.501, 144.0]": {
          "Éxito": 0.9405204460966543,
          "Error": 0.05947955390334572
        },
        "(144.0, 148.499]": {
          "Éxito": 0.9543568464730291,
          "Error": 0.04564315352697095
        },
        "(148.499, 152.998]": {
          "Éxito": 0.9520295202952029,
          "Error": 0.04797047970479705
        },
        "(152.998, 157.496]": {
          "Éxito": 0.9650655021834061,
          "Error": 0.034934497816593885
        },
        "(157.496, 161.995]": {
          "Éxito": 0.9568627450980393,
          "Error": 0.043137254901960784
        },
        "(161.995, 166.494]": {
          "Éxito": 0.968,
          "Error": 0.032
        },
        "(166.494, 170.993]": {
          "Éxito": 0.9533898305084746,
          "Error": 0.046610169491525424
        },
        "(170.993, 175.492]": {
          "Éxito": 0.9669811320754716,
          "Error": 0.0330188679245283
        },
        "(175.492, 179.991]": {
          "Éxito": 0.9291338582677166,
          "Error": 0.07086614173228346
        }
      }
    },
    "roll_off": {
      "is_categorical": false,
      "bins": 10,
      "values": {
        "(0.2, 0.21]": {
          "Éxito": 0.948,
          "Error": 0.052
        },
        "(0.21, 0.22]": {
          "Éxito": 0.9652509652509652,
          "Error": 0.03474903474903475
        },
        "(0.22, 0.23]": {
          "Éxito": 0.9456521739130435,
          "Error": 0.05434782608695652
        },
        "(0.23, 0.24]": {
          "Éxito": 0.9535864978902954,
          "Error": 0.046413502109704644
        },
        "(0.24, 0.25]": {
          "Éxito": 0.978448275862069,
          "Error": 0.021551724137931036
        },
        "(0.25, 0.26]": {
          "Éxito": 0.9519650655021834,
          "Error": 0.048034934497816595
        },
        "(0.26, 0.27]": {
          "Éxito": 0.9619771863117871,
          "Error": 0.03802281368821293
        },
        "(0.27, 0.28]": {
          "Éxito": 0.9583333333333334,
          "Error": 0.041666666666666664
        },
        "(0.28, 0.29]": {
          "Éxito": 0.9510204081632653,
          "Error": 0.04897959183673469
        },
        "(0.29, 0.3]": {
          "Éxito": 0.9383259911894273,
          "Error": 0.06167400881057269
        }
      }
    }
  }
}