{
  "experiment": {
    "name": "res_tcn_se_esc_7",
    "timestamp": "2025-06-16T12:32:31.569459",
    "repeat_index": 1,
    "fold_index": 0
  },
  "effects": {
    "num_taps": {
      "is_categorical": true,
      "bins": null,
      "values": {
        "4": {
          "Éxito": 0.8462164361269324,
          "Error": 0.15378356387306755
        }
      }
    },
    "snr_db": {
      "is_categorical": false,
      "bins": 10,
      "values": {
        "(7.997, 8.4]": {
          "Éxito": 0.8297872340425532,
          "Error": 0.1702127659574468
        },
        "(8.4, 8.8]": {
          "Éxito": 0.8658008658008658,
          "Error": 0.1341991341991342
        },
        "(8.8, 9.199]": {
          "Éxito": 0.8443579766536965,
          "Error": 0.1556420233463035
        },
        "(9.199, 9.599]": {
          "Éxito": 0.8340248962655602,
          "Error": 0.16597510373443983
        },
        "(9.599, 9.999]": {
          "Éxito": 0.816,
          "Error": 0.184
        },
        "(9.999, 10.398]": {
          "Éxito": 0.8509803921568627,
          "Error": 0.14901960784313725
        },
        "(10.398, 10.798]": {
          "Éxito": 0.8429752066115702,
          "Error": 0.15702479338842976
        },
        "(10.798, 11.197]": {
          "Éxito": 0.8588709677419355,
          "Error": 0.14112903225806453
        },
        "(11.197, 11.597]": {
          "Éxito": 0.8461538461538461,
          "Error": 0.15384615384615385
        },
        "(11.597, 11.997]": {
          "Éxito": 0.8744769874476988,
          "Error": 0.12552301255230125
        }
      }
    },
    "phase_offset": {
      "is_categorical": false,
      "bins": 10,
      "values": {
        "(-0.0373, 4.503]": {
          "Éxito": 0.8448275862068966,
          "Error": 0.15517241379310345
        },
        "(4.503, 8.999]": {
          "Éxito": 0.836,
          "Error": 0.164
        },
        "(8.999, 13.495]": {
          "Éxito": 0.8045112781954887,
          "Error": 0.19548872180451127
        },
        "(13.495, 17.991]": {
          "Éxito": 0.8602620087336245,
          "Error": 0.13973799126637554
        },
        "(17.991, 22.487]": {
          "Éxito": 0.8951612903225806,
          "Error": 0.10483870967741936
        },
        "(22.487, 26.982]": {
          "Éxito": 0.8151658767772512,
          "Error": 0.1848341232227488
        },
        "(26.982, 31.478]": {
          "Éxito": 0.875,
          "Error": 0.125
        },
        "(31.478, 35.974]": {
          "Éxito": 0.8381742738589212,
          "Error": 0.16182572614107885
        },
        "(35.974, 40.47]": {
          "Éxito": 0.83984375,
          "Error": 0.16015625
        },
        "(40.47, 44.966]": {
          "Éxito": 0.8505747126436781,
          "Error": 0.14942528735632185
        }
      }
    },
    "roll_off": {
      "is_categorical": false,
      "bins": 10,
      "values": {
        "(0.2, 0.21]": {
          "Éxito": 0.8116591928251121,
          "Error": 0.18834080717488788
        },
        "(0.21, 0.22]": {
          "Éxito": 0.8207171314741036,
          "Error": 0.17928286852589642
        },
        "(0.22, 0.23]": {
          "Éxito": 0.8702290076335878,
          "Error": 0.1297709923664122
        },
        "(0.23, 0.24]": {
          "Éxito": 0.8275862068965517,
          "Error": 0.1724137931034483
        },
        "(0.24, 0.25]": {
          "Éxito": 0.8571428571428571,
          "Error": 0.14285714285714285
        },
        "(0.25, 0.26]": {
          "Éxito": 0.8840579710144928,
          "Error": 0.11594202898550725
        },
        "(0.26, 0.27]": {
          "Éxito": 0.8663967611336032,
          "Error": 0.13360323886639677
        },
        "(0.27, 0.28]": {
          "Éxito": 0.823045267489712,
          "Error": 0.17695473251028807
        },
        "(0.28, 0.29]": {
          "Éxito": 0.8450704225352113,
          "Error": 0.15492957746478872
        },
        "(0.29, 0.3]": {
          "Éxito": 0.8483606557377049,
          "Error": 0.15163934426229508
        }
      }
    }
  }
}