{
  "experiment": {
    "name": "red_carlos_ESC_3",
    "timestamp": "2025-06-18T06:54:11.166549",
    "repeat_index": 2,
    "fold_index": 3
  },
  "effects": {
    "num_taps": {
      "is_categorical": true,
      "bins": null,
      "values": {
        "2": {
          "Éxito": 0.9605370219690805,
          "Error": 0.03946297803091944
        }
      }
    },
    "snr_db": {
      "is_categorical": false,
      "bins": 10,
      "values": {
        "(7.998, 8.401]": {
          "Éxito": 0.9453125,
          "Error": 0.0546875
        },
        "(8.401, 8.8]": {
          "Éxito": 0.9384057971014492,
          "Error": 0.06159420289855073
        },
        "(8.8, 9.2]": {
          "Éxito": 0.9568627450980393,
          "Error": 0.043137254901960784
        },
        "(9.2, 9.599]": {
          "Éxito": 0.974025974025974,
          "Error": 0.025974025974025976
        },
        "(9.599, 9.998]": {
          "Éxito": 0.9534883720930233,
          "Error": 0.046511627906976744
        },
        "(9.998, 10.397]": {
          "Éxito": 0.9786324786324786,
          "Error": 0.021367521367521368
        },
        "(10.397, 10.797]": {
          "Éxito": 0.9626556016597511,
          "Error": 0.03734439834024896
        },
        "(10.797, 11.196]": {
          "Éxito": 0.9581749049429658,
          "Error": 0.04182509505703422
        },
        "(11.196, 11.595]": {
          "Éxito": 0.9753694581280788,
          "Error": 0.024630541871921183
        },
        "(11.595, 11.994]": {
          "Éxito": 0.970954356846473,
          "Error": 0.029045643153526972
        }
      }
    },
    "phase_offset": {
      "is_categorical": false,
      "bins": 10,
      "values": {
        "(-0.0349, 4.507]": {
          "Éxito": 0.9486166007905138,
          "Error": 0.05138339920948617
        },
        "(4.507, 9.004]": {
          "Éxito": 0.9578544061302682,
          "Error": 0.0421455938697318
        },
        "(9.004, 13.501]": {
          "Éxito": 0.9662447257383966,
          "Error": 0.03375527426160337
        },
        "(13.501, 17.998]": {
          "Éxito": 0.9601593625498008,
          "Error": 0.0398406374501992
        },
        "(17.998, 22.495]": {
          "Éxito": 0.9458333333333333,
          "Error": 0.05416666666666667
        },
        "(22.495, 26.992]": {
          "Éxito": 0.9581589958158996,
          "Error": 0.04184100418410042
        },
        "(26.992, 31.49]": {
          "Éxito": 0.9501915708812261,
          "Error": 0.04980842911877394
        },
        "(31.49, 35.987]": {
          "Éxito": 0.9796747967479674,
          "Error": 0.02032520325203252
        },
        "(35.987, 40.484]": {
          "Éxito": 0.9641255605381166,
          "Error": 0.03587443946188341
        },
        "(40.484, 44.981]": {
          "Éxito": 0.9757085020242915,
          "Error": 0.024291497975708502
        }
      }
    },
    "roll_off": {
      "is_categorical": false,
      "bins": 10,
      "values": {
        "(0.2, 0.21]": {
          "Éxito": 0.9723320158102767,
          "Error": 0.02766798418972332
        },
        "(0.21, 0.22]": {
          "Éxito": 0.95703125,
          "Error": 0.04296875
        },
        "(0.22, 0.23]": {
          "Éxito": 0.959349593495935,
          "Error": 0.04065040650406504
        },
        "(0.23, 0.24]": {
          "Éxito": 0.9666666666666667,
          "Error": 0.03333333333333333
        },
        "(0.24, 0.25]": {
          "Éxito": 0.9688888888888889,
          "Error": 0.03111111111111111
        },
        "(0.25, 0.26]": {
          "Éxito": 0.9725490196078431,
          "Error": 0.027450980392156862
        },
        "(0.26, 0.27]": {
          "Éxito": 0.9557522123893806,
          "Error": 0.04424778761061947
        },
        "(0.27, 0.28]": {
          "Éxito": 0.9411764705882353,
          "Error": 0.058823529411764705
        },
        "(0.28, 0.29]": {
          "Éxito": 0.95703125,
          "Error": 0.04296875
        },
        "(0.29, 0.3]": {
          "Éxito": 0.9543726235741445,
          "Error": 0.045627376425855515
        }
      }
    }
  }
}