{
  "experiment": {
    "name": "ARQ_3__ESC_11",
    "timestamp": "2025-06-19T23:44:44.759080",
    "repeat_index": 9
  },
  "evaluation": {
    "loss": 0.14242126047611237,
    "accuracy": 0.9625651240348816
  },
  "classification_report": {
    "bpsk": {
      "precision": 1.0,
      "recall": 1.0,
      "f1-score": 1.0,
      "support": 1024.0
    },
    "qpsk": {
      "precision": 0.9990243902439024,
      "recall": 1.0,
      "f1-score": 0.9995119570522206,
      "support": 1024.0
    },
    "16qam": {
      "precision": 0.9902629016553067,
      "recall": 0.9931640625,
      "f1-score": 0.9917113603120429,
      "support": 1024.0
    },
    "32qam cross": {
      "precision": 0.886558627264061,
      "recall": 0.908203125,
      "f1-score": 0.8972503617945007,
      "support": 1024.0
    },
    "64qam": {
      "precision": 0.9921798631476051,
      "recall": 0.9912109375,
      "f1-score": 0.991695163654128,
      "support": 1024.0
    },
    "128qam cross": {
      "precision": 0.9076305220883534,
      "recall": 0.8828125,
      "f1-score": 0.8950495049504951,
      "support": 1024.0
    },
    "accuracy": 0.9625651041666666,
    "macro avg": {
      "precision": 0.9626093840665381,
      "recall": 0.9625651041666666,
      "f1-score": 0.9625363912938979,
      "support": 6144.0
    },
    "weighted avg": {
      "precision": 0.9626093840665381,
      "recall": 0.9625651041666666,
      "f1-score": 0.9625363912938979,
      "support": 6144.0
    }
  }
}