{
  "experiment": {
    "name": "cnn_bilstm_attn_esc_3",
    "timestamp": "2025-06-17T07:42:49.416855",
    "repeat_index": 0,
    "fold_index": 1
  },
  "evaluation": {
    "loss": 0.20975439250469208,
    "accuracy": 0.9385679364204407
  },
  "classification_report": {
    "bpsk": {
      "precision": 1.0,
      "recall": 1.0,
      "f1-score": 1.0,
      "support": 410.0
    },
    "qpsk": {
      "precision": 1.0,
      "recall": 1.0,
      "f1-score": 1.0,
      "support": 410.0
    },
    "16qam": {
      "precision": 0.9851851851851852,
      "recall": 0.973170731707317,
      "f1-score": 0.9791411042944785,
      "support": 410.0
    },
    "32qam cross": {
      "precision": 0.9338235294117647,
      "recall": 0.9292682926829269,
      "f1-score": 0.9315403422982884,
      "support": 410.0
    },
    "64qam": {
      "precision": 0.8921568627450981,
      "recall": 0.8899755501222494,
      "f1-score": 0.8910648714810282,
      "support": 409.0
    },
    "128qam cross": {
      "precision": 0.8225419664268585,
      "recall": 0.8386308068459658,
      "f1-score": 0.8305084745762712,
      "support": 409.0
    },
    "accuracy": 0.9385679414157851,
    "macro avg": {
      "precision": 0.9389512572948178,
      "recall": 0.9385075635597433,
      "f1-score": 0.9387091321083444,
      "support": 2458.0
    },
    "weighted avg": {
      "precision": 0.9390176542376241,
      "recall": 0.9385679414157851,
      "f1-score": 0.9387725352483605,
      "support": 2458.0
    }
  }
}