{
  "experiment": {
    "name": "res_tcn_se_esc_7",
    "timestamp": "2025-06-21T09:41:56.526019",
    "repeat_index": 2,
    "fold_index": 2
  },
  "effects": {
    "num_taps": {
      "is_categorical": true,
      "bins": null,
      "values": {
        "4": {
          "Éxito": 0.838893409275834,
          "Error": 0.161106590724166
        }
      }
    },
    "snr_db": {
      "is_categorical": false,
      "bins": 10,
      "values": {
        "(7.998, 8.402]": {
          "Éxito": 0.8037735849056604,
          "Error": 0.19622641509433963
        },
        "(8.402, 8.801]": {
          "Éxito": 0.8468085106382979,
          "Error": 0.15319148936170213
        },
        "(8.801, 9.201]": {
          "Éxito": 0.8347457627118644,
          "Error": 0.1652542372881356
        },
        "(9.201, 9.601]": {
          "Éxito": 0.8214285714285714,
          "Error": 0.17857142857142858
        },
        "(9.601, 10.0]": {
          "Éxito": 0.8296943231441049,
          "Error": 0.1703056768558952
        },
        "(10.0, 10.4]": {
          "Éxito": 0.8605577689243028,
          "Error": 0.1394422310756972
        },
        "(10.4, 10.8]": {
          "Éxito": 0.8393574297188755,
          "Error": 0.1606425702811245
        },
        "(10.8, 11.199]": {
          "Éxito": 0.8455284552845529,
          "Error": 0.15447154471544716
        },
        "(11.199, 11.599]": {
          "Éxito": 0.84251968503937,
          "Error": 0.15748031496062992
        },
        "(11.599, 11.999]": {
          "Éxito": 0.8672199170124482,
          "Error": 0.13278008298755187
        }
      }
    },
    "phase_offset": {
      "is_categorical": false,
      "bins": 10,
      "values": {
        "(-0.0337, 4.507]": {
          "Éxito": 0.8060344827586207,
          "Error": 0.1939655172413793
        },
        "(4.507, 9.003]": {
          "Éxito": 0.8697478991596639,
          "Error": 0.13025210084033614
        },
        "(9.003, 13.498]": {
          "Éxito": 0.8669527896995708,
          "Error": 0.13304721030042918
        },
        "(13.498, 17.994]": {
          "Éxito": 0.8458498023715415,
          "Error": 0.1541501976284585
        },
        "(17.994, 22.49]": {
          "Éxito": 0.849802371541502,
          "Error": 0.15019762845849802
        },
        "(22.49, 26.986]": {
          "Éxito": 0.8714859437751004,
          "Error": 0.1285140562248996
        },
        "(26.986, 31.481]": {
          "Éxito": 0.7944664031620553,
          "Error": 0.20553359683794467
        },
        "(31.481, 35.977]": {
          "Éxito": 0.8300395256916996,
          "Error": 0.16996047430830039
        },
        "(35.977, 40.473]": {
          "Éxito": 0.8326180257510729,
          "Error": 0.16738197424892703
        },
        "(40.473, 44.969]": {
          "Éxito": 0.8237547892720306,
          "Error": 0.17624521072796934
        }
      }
    },
    "roll_off": {
      "is_categorical": false,
      "bins": 10,
      "values": {
        "(0.2, 0.21]": {
          "Éxito": 0.850909090909091,
          "Error": 0.14909090909090908
        },
        "(0.21, 0.22]": {
          "Éxito": 0.83399209486166,
          "Error": 0.16600790513833993
        },
        "(0.22, 0.23]": {
          "Éxito": 0.8196078431372549,
          "Error": 0.1803921568627451
        },
        "(0.23, 0.24]": {
          "Éxito": 0.8130081300813008,
          "Error": 0.18699186991869918
        },
        "(0.24, 0.25]": {
          "Éxito": 0.8212927756653993,
          "Error": 0.17870722433460076
        },
        "(0.25, 0.26]": {
          "Éxito": 0.8160377358490566,
          "Error": 0.18396226415094338
        },
        "(0.26, 0.27]": {
          "Éxito": 0.8622047244094488,
          "Error": 0.1377952755905512
        },
        "(0.27, 0.28]": {
          "Éxito": 0.8711111111111111,
          "Error": 0.1288888888888889
        },
        "(0.28, 0.29]": {
          "Éxito": 0.8384279475982532,
          "Error": 0.1615720524017467
        },
        "(0.29, 0.3]": {
          "Éxito": 0.8617886178861789,
          "Error": 0.13821138211382114
        }
      }
    }
  }
}