{
  "experiment": {
    "name": "red_carlos_ESC_2",
    "timestamp": "2025-06-25T02:12:53.099842",
    "repeat_index": 2,
    "fold_index": 0
  },
  "effects": {
    "num_taps": {
      "is_categorical": true,
      "bins": null,
      "values": {
        "2": {
          "Éxito": 0.8523189585028479,
          "Error": 0.14768104149715217
        }
      }
    },
    "snr_db": {
      "is_categorical": false,
      "bins": 10,
      "values": {
        "(4.001, 4.404]": {
          "Éxito": 0.7967479674796748,
          "Error": 0.2032520325203252
        },
        "(4.404, 4.804]": {
          "Éxito": 0.8185328185328186,
          "Error": 0.18146718146718147
        },
        "(4.804, 5.203]": {
          "Éxito": 0.8312236286919831,
          "Error": 0.16877637130801687
        },
        "(5.203, 5.603]": {
          "Éxito": 0.8478260869565217,
          "Error": 0.15217391304347827
        },
        "(5.603, 6.002]": {
          "Éxito": 0.8695652173913043,
          "Error": 0.13043478260869565
        },
        "(6.002, 6.402]": {
          "Éxito": 0.8379446640316206,
          "Error": 0.16205533596837945
        },
        "(6.402, 6.801]": {
          "Éxito": 0.8669354838709677,
          "Error": 0.13306451612903225
        },
        "(6.801, 7.201]": {
          "Éxito": 0.8893280632411067,
          "Error": 0.11067193675889328
        },
        "(7.201, 7.6]": {
          "Éxito": 0.8923076923076924,
          "Error": 0.1076923076923077
        },
        "(7.6, 8.0]": {
          "Éxito": 0.8721461187214612,
          "Error": 0.1278538812785388
        }
      }
    },
    "phase_offset": {
      "is_categorical": false,
      "bins": 10,
      "values": {
        "(-0.0433, 4.498]": {
          "Éxito": 0.8319327731092437,
          "Error": 0.16806722689075632
        },
        "(4.498, 8.994]": {
          "Éxito": 0.8961038961038961,
          "Error": 0.1038961038961039
        },
        "(8.994, 13.489]": {
          "Éxito": 0.8515625,
          "Error": 0.1484375
        },
        "(13.489, 17.985]": {
          "Éxito": 0.8528138528138528,
          "Error": 0.1471861471861472
        },
        "(17.985, 22.481]": {
          "Éxito": 0.842741935483871,
          "Error": 0.15725806451612903
        },
        "(22.481, 26.977]": {
          "Éxito": 0.852589641434263,
          "Error": 0.14741035856573706
        },
        "(26.977, 31.473]": {
          "Éxito": 0.8347107438016529,
          "Error": 0.1652892561983471
        },
        "(31.473, 35.969]": {
          "Éxito": 0.8916967509025271,
          "Error": 0.10830324909747292
        },
        "(35.969, 40.465]": {
          "Éxito": 0.8232931726907631,
          "Error": 0.17670682730923695
        },
        "(40.465, 44.961]": {
          "Éxito": 0.8425531914893617,
          "Error": 0.1574468085106383
        }
      }
    },
    "roll_off": {
      "is_categorical": false,
      "bins": 10,
      "values": {
        "(0.2, 0.21]": {
          "Éxito": 0.8577981651376146,
          "Error": 0.14220183486238533
        },
        "(0.21, 0.22]": {
          "Éxito": 0.8375451263537906,
          "Error": 0.1624548736462094
        },
        "(0.22, 0.23]": {
          "Éxito": 0.8403361344537815,
          "Error": 0.15966386554621848
        },
        "(0.23, 0.24]": {
          "Éxito": 0.8565891472868217,
          "Error": 0.1434108527131783
        },
        "(0.24, 0.25]": {
          "Éxito": 0.8645418326693227,
          "Error": 0.13545816733067728
        },
        "(0.25, 0.26]": {
          "Éxito": 0.8735632183908046,
          "Error": 0.12643678160919541
        },
        "(0.26, 0.27]": {
          "Éxito": 0.8266666666666667,
          "Error": 0.17333333333333334
        },
        "(0.27, 0.28]": {
          "Éxito": 0.8313253012048193,
          "Error": 0.1686746987951807
        },
        "(0.28, 0.29]": {
          "Éxito": 0.8809523809523809,
          "Error": 0.11904761904761904
        },
        "(0.29, 0.3]": {
          "Éxito": 0.851528384279476,
          "Error": 0.14847161572052403
        }
      }
    }
  }
}