{
  "experiment": {
    "name": "ARQ_2__ESC_9",
    "timestamp": "2025-06-19T22:54:21.672325",
    "repeat_index": 7
  },
  "effects": {
    "num_taps": {
      "is_categorical": true,
      "bins": null,
      "values": {
        "2": {
          "Éxito": 0.9757486979166666,
          "Error": 0.024251302083333332
        }
      }
    },
    "snr_db": {
      "is_categorical": false,
      "bins": 10,
      "values": {
        "(7.997, 8.401]": {
          "Éxito": 0.9647435897435898,
          "Error": 0.035256410256410256
        },
        "(8.401, 8.801]": {
          "Éxito": 0.9627749576988156,
          "Error": 0.03722504230118443
        },
        "(8.801, 9.2]": {
          "Éxito": 0.965,
          "Error": 0.035
        },
        "(9.2, 9.6]": {
          "Éxito": 0.973724884080371,
          "Error": 0.02627511591962906
        },
        "(9.6, 10.0]": {
          "Éxito": 0.9773095623987034,
          "Error": 0.022690437601296597
        },
        "(10.0, 10.4]": {
          "Éxito": 0.9706896551724138,
          "Error": 0.029310344827586206
        },
        "(10.4, 10.8]": {
          "Éxito": 0.9892638036809815,
          "Error": 0.010736196319018405
        },
        "(10.8, 11.2]": {
          "Éxito": 0.9748031496062992,
          "Error": 0.025196850393700787
        },
        "(11.2, 11.599]": {
          "Éxito": 0.993485342019544,
          "Error": 0.006514657980456026
        },
        "(11.599, 11.999]": {
          "Éxito": 0.9845890410958904,
          "Error": 0.015410958904109588
        }
      }
    },
    "phase_offset": {
      "is_categorical": false,
      "bins": 10,
      "values": {
        "(44.968, 49.511]": {
          "Éxito": 0.9854604200323102,
          "Error": 0.014539579967689823
        },
        "(49.511, 54.009]": {
          "Éxito": 0.9826989619377162,
          "Error": 0.01730103806228374
        },
        "(54.009, 58.507]": {
          "Éxito": 0.9836867862969005,
          "Error": 0.01631321370309951
        },
        "(58.507, 63.005]": {
          "Éxito": 0.9732441471571907,
          "Error": 0.026755852842809364
        },
        "(63.005, 67.503]": {
          "Éxito": 0.9773095623987034,
          "Error": 0.022690437601296597
        },
        "(67.503, 72.001]": {
          "Éxito": 0.9686520376175548,
          "Error": 0.03134796238244514
        },
        "(72.001, 76.499]": {
          "Éxito": 0.9732283464566929,
          "Error": 0.026771653543307086
        },
        "(76.499, 80.997]": {
          "Éxito": 0.9746434231378764,
          "Error": 0.025356576862123614
        },
        "(80.997, 85.495]": {
          "Éxito": 0.9624183006535948,
          "Error": 0.03758169934640523
        },
        "(85.495, 89.993]": {
          "Éxito": 0.9767827529021559,
          "Error": 0.02321724709784411
        }
      }
    },
    "roll_off": {
      "is_categorical": false,
      "bins": 10,
      "values": {
        "(0.2, 0.21]": {
          "Éxito": 0.9747634069400631,
          "Error": 0.025236593059936908
        },
        "(0.21, 0.22]": {
          "Éxito": 0.9776357827476039,
          "Error": 0.022364217252396165
        },
        "(0.22, 0.23]": {
          "Éxito": 0.9842767295597484,
          "Error": 0.015723270440251572
        },
        "(0.23, 0.24]": {
          "Éxito": 0.9767441860465116,
          "Error": 0.023255813953488372
        },
        "(0.24, 0.25]": {
          "Éxito": 0.9737302977232924,
          "Error": 0.02626970227670753
        },
        "(0.25, 0.26]": {
          "Éxito": 0.9637931034482758,
          "Error": 0.03620689655172414
        },
        "(0.26, 0.27]": {
          "Éxito": 0.9719626168224299,
          "Error": 0.028037383177570093
        },
        "(0.27, 0.28]": {
          "Éxito": 0.9809825673534073,
          "Error": 0.01901743264659271
        },
        "(0.28, 0.29]": {
          "Éxito": 0.975767366720517,
          "Error": 0.024232633279483037
        },
        "(0.29, 0.3]": {
          "Éxito": 0.9767827529021559,
          "Error": 0.02321724709784411
        }
      }
    }
  }
}