{
  "experiment": {
    "name": "res_tcn_se_esc_10",
    "timestamp": "2025-06-22T00:24:43.062800",
    "repeat_index": 2,
    "fold_index": 4
  },
  "effects": {
    "num_taps": {
      "is_categorical": true,
      "bins": null,
      "values": {
        "2": {
          "Éxito": 0.9430431244914564,
          "Error": 0.05695687550854353
        }
      }
    },
    "snr_db": {
      "is_categorical": false,
      "bins": 10,
      "values": {
        "(8.001, 8.405]": {
          "Éxito": 0.9276595744680851,
          "Error": 0.07234042553191489
        },
        "(8.405, 8.804]": {
          "Éxito": 0.9414634146341463,
          "Error": 0.05853658536585366
        },
        "(8.804, 9.204]": {
          "Éxito": 0.918918918918919,
          "Error": 0.08108108108108109
        },
        "(9.204, 9.603]": {
          "Éxito": 0.9309090909090909,
          "Error": 0.06909090909090909
        },
        "(9.603, 10.002]": {
          "Éxito": 0.9450980392156862,
          "Error": 0.054901960784313725
        },
        "(10.002, 10.402]": {
          "Éxito": 0.9585253456221198,
          "Error": 0.041474654377880185
        },
        "(10.402, 10.801]": {
          "Éxito": 0.9547325102880658,
          "Error": 0.04526748971193416
        },
        "(10.801, 11.201]": {
          "Éxito": 0.9352226720647774,
          "Error": 0.06477732793522267
        },
        "(11.201, 11.6]": {
          "Éxito": 0.9777777777777777,
          "Error": 0.022222222222222223
        },
        "(11.6, 12.0]": {
          "Éxito": 0.9404761904761905,
          "Error": 0.05952380952380952
        }
      }
    },
    "phase_offset": {
      "is_categorical": false,
      "bins": 10,
      "values": {
        "(89.966, 94.505]": {
          "Éxito": 0.932,
          "Error": 0.068
        },
        "(94.505, 98.999]": {
          "Éxito": 0.9469026548672567,
          "Error": 0.05309734513274336
        },
        "(98.999, 103.494]": {
          "Éxito": 0.9563492063492064,
          "Error": 0.04365079365079365
        },
        "(103.494, 107.988]": {
          "Éxito": 0.940677966101695,
          "Error": 0.059322033898305086
        },
        "(107.988, 112.483]": {
          "Éxito": 0.928030303030303,
          "Error": 0.07196969696969698
        },
        "(112.483, 116.977]": {
          "Éxito": 0.9349593495934959,
          "Error": 0.06504065040650407
        },
        "(116.977, 121.472]": {
          "Éxito": 0.9653679653679653,
          "Error": 0.03463203463203463
        },
        "(121.472, 125.966]": {
          "Éxito": 0.9358490566037736,
          "Error": 0.06415094339622641
        },
        "(125.966, 130.46]": {
          "Éxito": 0.9301310043668122,
          "Error": 0.06986899563318777
        },
        "(130.46, 134.955]": {
          "Éxito": 0.9613899613899614,
          "Error": 0.03861003861003861
        }
      }
    },
    "roll_off": {
      "is_categorical": false,
      "bins": 10,
      "values": {
        "(0.2, 0.21]": {
          "Éxito": 0.947136563876652,
          "Error": 0.05286343612334802
        },
        "(0.21, 0.22]": {
          "Éxito": 0.905511811023622,
          "Error": 0.09448818897637795
        },
        "(0.22, 0.23]": {
          "Éxito": 0.9382716049382716,
          "Error": 0.06172839506172839
        },
        "(0.23, 0.24]": {
          "Éxito": 0.9236641221374046,
          "Error": 0.07633587786259542
        },
        "(0.24, 0.25]": {
          "Éxito": 0.9598393574297188,
          "Error": 0.040160642570281124
        },
        "(0.25, 0.26]": {
          "Éxito": 0.9554655870445344,
          "Error": 0.044534412955465584
        },
        "(0.26, 0.27]": {
          "Éxito": 0.930327868852459,
          "Error": 0.06967213114754098
        },
        "(0.27, 0.28]": {
          "Éxito": 0.9728682170542635,
          "Error": 0.027131782945736434
        },
        "(0.28, 0.29]": {
          "Éxito": 0.9482758620689655,
          "Error": 0.05172413793103448
        },
        "(0.29, 0.3]": {
          "Éxito": 0.9504132231404959,
          "Error": 0.049586776859504134
        }
      }
    }
  }
}