{
  "experiment": {
    "name": "cnn_bilstm_attn_esc_7",
    "timestamp": "2025-06-17T03:21:36.855339",
    "repeat_index": 0,
    "fold_index": 1
  },
  "evaluation": {
    "loss": 0.3798464238643646,
    "accuracy": 0.8751016855239868
  },
  "classification_report": {
    "bpsk": {
      "precision": 1.0,
      "recall": 1.0,
      "f1-score": 1.0,
      "support": 410.0
    },
    "qpsk": {
      "precision": 0.9951338199513382,
      "recall": 0.9975609756097561,
      "f1-score": 0.9963459196102314,
      "support": 410.0
    },
    "16qam": {
      "precision": 0.92,
      "recall": 0.8975609756097561,
      "f1-score": 0.908641975308642,
      "support": 410.0
    },
    "32qam cross": {
      "precision": 0.7338501291989664,
      "recall": 0.6926829268292682,
      "f1-score": 0.71267252195734,
      "support": 410.0
    },
    "64qam": {
      "precision": 0.9046454767726161,
      "recall": 0.9046454767726161,
      "f1-score": 0.9046454767726161,
      "support": 409.0
    },
    "128qam cross": {
      "precision": 0.7029478458049887,
      "recall": 0.7579462102689487,
      "f1-score": 0.7294117647058824,
      "support": 409.0
    },
    "accuracy": 0.8751017087062652,
    "macro avg": {
      "precision": 0.8760962119546516,
      "recall": 0.8750660941817242,
      "f1-score": 0.875286276392452,
      "support": 2458.0
    },
    "weighted avg": {
      "precision": 0.8761550399047457,
      "recall": 0.8751017087062652,
      "f1-score": 0.8753336788787444,
      "support": 2458.0
    }
  }
}