{
  "experiment": {
    "name": "res_tcn_se_esc_6",
    "timestamp": "2025-06-16T11:38:41.326593",
    "repeat_index": 1,
    "fold_index": 2
  },
  "effects": {
    "num_taps": {
      "is_categorical": true,
      "bins": null,
      "values": {
        "1": {
          "Éxito": 0.9609438567941416,
          "Error": 0.03905614320585842
        }
      }
    },
    "snr_db": {
      "is_categorical": false,
      "bins": 10,
      "values": {
        "(7.999, 8.402]": {
          "Éxito": 0.9588477366255144,
          "Error": 0.0411522633744856
        },
        "(8.402, 8.802]": {
          "Éxito": 0.9322033898305084,
          "Error": 0.06779661016949153
        },
        "(8.802, 9.202]": {
          "Éxito": 0.9612068965517241,
          "Error": 0.03879310344827586
        },
        "(9.202, 9.601]": {
          "Éxito": 0.9558232931726908,
          "Error": 0.04417670682730924
        },
        "(9.601, 10.001]": {
          "Éxito": 0.9585253456221198,
          "Error": 0.041474654377880185
        },
        "(10.001, 10.4]": {
          "Éxito": 0.96415770609319,
          "Error": 0.035842293906810034
        },
        "(10.4, 10.8]": {
          "Éxito": 0.9660377358490566,
          "Error": 0.033962264150943396
        },
        "(10.8, 11.2]": {
          "Éxito": 0.968503937007874,
          "Error": 0.031496062992125984
        },
        "(11.2, 11.599]": {
          "Éxito": 0.9535864978902954,
          "Error": 0.046413502109704644
        },
        "(11.599, 11.999]": {
          "Éxito": 0.9878048780487805,
          "Error": 0.012195121951219513
        }
      }
    },
    "phase_offset": {
      "is_categorical": false,
      "bins": 10,
      "values": {
        "(0.014, 4.551]": {
          "Éxito": 0.9541666666666667,
          "Error": 0.04583333333333333
        },
        "(4.551, 9.044]": {
          "Éxito": 0.9780701754385965,
          "Error": 0.021929824561403508
        },
        "(9.044, 13.536]": {
          "Éxito": 0.96484375,
          "Error": 0.03515625
        },
        "(13.536, 18.029]": {
          "Éxito": 0.9700854700854701,
          "Error": 0.029914529914529916
        },
        "(18.029, 22.521]": {
          "Éxito": 0.9795081967213115,
          "Error": 0.020491803278688523
        },
        "(22.521, 27.014]": {
          "Éxito": 0.9634146341463414,
          "Error": 0.036585365853658534
        },
        "(27.014, 31.506]": {
          "Éxito": 0.963265306122449,
          "Error": 0.036734693877551024
        },
        "(31.506, 35.998]": {
          "Éxito": 0.9525862068965517,
          "Error": 0.04741379310344827
        },
        "(35.998, 40.491]": {
          "Éxito": 0.9340659340659341,
          "Error": 0.06593406593406594
        },
        "(40.491, 44.983]": {
          "Éxito": 0.9538461538461539,
          "Error": 0.046153846153846156
        }
      }
    },
    "roll_off": {
      "is_categorical": false,
      "bins": 10,
      "values": {
        "(0.2, 0.21]": {
          "Éxito": 0.9486166007905138,
          "Error": 0.05138339920948617
        },
        "(0.21, 0.22]": {
          "Éxito": 0.9610894941634242,
          "Error": 0.038910505836575876
        },
        "(0.22, 0.23]": {
          "Éxito": 0.9451476793248945,
          "Error": 0.05485232067510549
        },
        "(0.23, 0.24]": {
          "Éxito": 0.9613733905579399,
          "Error": 0.03862660944206009
        },
        "(0.24, 0.25]": {
          "Éxito": 0.9796747967479674,
          "Error": 0.02032520325203252
        },
        "(0.25, 0.26]": {
          "Éxito": 0.9692307692307692,
          "Error": 0.03076923076923077
        },
        "(0.26, 0.27]": {
          "Éxito": 0.9528301886792453,
          "Error": 0.04716981132075472
        },
        "(0.27, 0.28]": {
          "Éxito": 0.9591078066914498,
          "Error": 0.040892193308550186
        },
        "(0.28, 0.29]": {
          "Éxito": 0.9686274509803922,
          "Error": 0.03137254901960784
        },
        "(0.29, 0.3]": {
          "Éxito": 0.961864406779661,
          "Error": 0.038135593220338986
        }
      }
    }
  }
}