{
  "experiment": {
    "name": "ARQ_2__ESC_4",
    "timestamp": "2025-06-19T14:06:46.416044",
    "repeat_index": 7
  },
  "evaluation": {
    "loss": 0.08387389034032822,
    "accuracy": 0.98779296875
  },
  "classification_report": {
    "bpsk": {
      "precision": 1.0,
      "recall": 1.0,
      "f1-score": 1.0,
      "support": 1024.0
    },
    "qpsk": {
      "precision": 0.9980506822612085,
      "recall": 1.0,
      "f1-score": 0.9990243902439024,
      "support": 1024.0
    },
    "16qam": {
      "precision": 0.9922103213242454,
      "recall": 0.9951171875,
      "f1-score": 0.9936616284739151,
      "support": 1024.0
    },
    "32qam cross": {
      "precision": 0.9661181026137464,
      "recall": 0.974609375,
      "f1-score": 0.9703451628585319,
      "support": 1024.0
    },
    "64qam": {
      "precision": 0.9931640625,
      "recall": 0.9931640625,
      "f1-score": 0.9931640625,
      "support": 1024.0
    },
    "128qam cross": {
      "precision": 0.9772277227722772,
      "recall": 0.9638671875,
      "f1-score": 0.9705014749262537,
      "support": 1024.0
    },
    "accuracy": 0.98779296875,
    "macro avg": {
      "precision": 0.9877951485785795,
      "recall": 0.98779296875,
      "f1-score": 0.9877827865004338,
      "support": 6144.0
    },
    "weighted avg": {
      "precision": 0.9877951485785795,
      "recall": 0.98779296875,
      "f1-score": 0.9877827865004338,
      "support": 6144.0
    }
  }
}