{
  "experiment": {
    "name": "red_carlos_ESC_3",
    "timestamp": "2025-06-18T06:32:55.740649",
    "repeat_index": 2,
    "fold_index": 0
  },
  "evaluation": {
    "loss": 0.4527709186077118,
    "accuracy": 0.9153783321380615
  },
  "classification_report": {
    "bpsk": {
      "precision": 1.0,
      "recall": 1.0,
      "f1-score": 1.0,
      "support": 409.0
    },
    "qpsk": {
      "precision": 1.0,
      "recall": 0.9951219512195122,
      "f1-score": 0.9975550122249389,
      "support": 410.0
    },
    "16qam": {
      "precision": 0.9830917874396136,
      "recall": 0.9926829268292683,
      "f1-score": 0.9878640776699029,
      "support": 410.0
    },
    "32qam cross": {
      "precision": 0.8445475638051044,
      "recall": 0.8899755501222494,
      "f1-score": 0.8666666666666666,
      "support": 409.0
    },
    "64qam": {
      "precision": 0.9020100502512562,
      "recall": 0.875609756097561,
      "f1-score": 0.8886138613861386,
      "support": 410.0
    },
    "128qam cross": {
      "precision": 0.7613065326633166,
      "recall": 0.7390243902439024,
      "f1-score": 0.75,
      "support": 410.0
    },
    "accuracy": 0.9153783563873068,
    "macro avg": {
      "precision": 0.9151593223598818,
      "recall": 0.9154024290854156,
      "f1-score": 0.9151166029912745,
      "support": 2458.0
    },
    "weighted avg": {
      "precision": 0.9151535335400749,
      "recall": 0.9153783563873068,
      "f1-score": 0.9151017805906707,
      "support": 2458.0
    }
  }
}