{
  "experiment": {
    "name": "red_carlos_ESC_3",
    "timestamp": "2025-06-18T06:32:56.144452",
    "repeat_index": 2,
    "fold_index": 0
  },
  "effects": {
    "num_taps": {
      "is_categorical": true,
      "bins": null,
      "values": {
        "2": {
          "Éxito": 0.9153783563873068,
          "Error": 0.08462164361269324
        }
      }
    },
    "snr_db": {
      "is_categorical": false,
      "bins": 10,
      "values": {
        "(7.998, 8.401]": {
          "Éxito": 0.90234375,
          "Error": 0.09765625
        },
        "(8.401, 8.8]": {
          "Éxito": 0.894927536231884,
          "Error": 0.10507246376811594
        },
        "(8.8, 9.2]": {
          "Éxito": 0.9176470588235294,
          "Error": 0.08235294117647059
        },
        "(9.2, 9.599]": {
          "Éxito": 0.9393939393939394,
          "Error": 0.06060606060606061
        },
        "(9.599, 9.998]": {
          "Éxito": 0.9031007751937985,
          "Error": 0.09689922480620156
        },
        "(9.998, 10.397]": {
          "Éxito": 0.9273504273504274,
          "Error": 0.07264957264957266
        },
        "(10.397, 10.797]": {
          "Éxito": 0.8589211618257261,
          "Error": 0.14107883817427386
        },
        "(10.797, 11.196]": {
          "Éxito": 0.9391634980988594,
          "Error": 0.060836501901140684
        },
        "(11.196, 11.595]": {
          "Éxito": 0.9408866995073891,
          "Error": 0.059113300492610835
        },
        "(11.595, 11.994]": {
          "Éxito": 0.9377593360995851,
          "Error": 0.06224066390041494
        }
      }
    },
    "phase_offset": {
      "is_categorical": false,
      "bins": 10,
      "values": {
        "(-0.0349, 4.507]": {
          "Éxito": 0.8893280632411067,
          "Error": 0.11067193675889328
        },
        "(4.507, 9.004]": {
          "Éxito": 0.9425287356321839,
          "Error": 0.05747126436781609
        },
        "(9.004, 13.501]": {
          "Éxito": 0.9071729957805907,
          "Error": 0.09282700421940929
        },
        "(13.501, 17.998]": {
          "Éxito": 0.9322709163346613,
          "Error": 0.06772908366533864
        },
        "(17.998, 22.495]": {
          "Éxito": 0.8791666666666667,
          "Error": 0.12083333333333333
        },
        "(22.495, 26.992]": {
          "Éxito": 0.9163179916317992,
          "Error": 0.08368200836820083
        },
        "(26.992, 31.49]": {
          "Éxito": 0.89272030651341,
          "Error": 0.10727969348659004
        },
        "(31.49, 35.987]": {
          "Éxito": 0.943089430894309,
          "Error": 0.056910569105691054
        },
        "(35.987, 40.484]": {
          "Éxito": 0.9327354260089686,
          "Error": 0.06726457399103139
        },
        "(40.484, 44.981]": {
          "Éxito": 0.9190283400809717,
          "Error": 0.08097165991902834
        }
      }
    },
    "roll_off": {
      "is_categorical": false,
      "bins": 10,
      "values": {
        "(0.2, 0.21]": {
          "Éxito": 0.9090909090909091,
          "Error": 0.09090909090909091
        },
        "(0.21, 0.22]": {
          "Éxito": 0.890625,
          "Error": 0.109375
        },
        "(0.22, 0.23]": {
          "Éxito": 0.8902439024390244,
          "Error": 0.10975609756097561
        },
        "(0.23, 0.24]": {
          "Éxito": 0.9541666666666667,
          "Error": 0.04583333333333333
        },
        "(0.24, 0.25]": {
          "Éxito": 0.9022222222222223,
          "Error": 0.09777777777777778
        },
        "(0.25, 0.26]": {
          "Éxito": 0.9137254901960784,
          "Error": 0.08627450980392157
        },
        "(0.26, 0.27]": {
          "Éxito": 0.9292035398230089,
          "Error": 0.07079646017699115
        },
        "(0.27, 0.28]": {
          "Éxito": 0.9285714285714286,
          "Error": 0.07142857142857142
        },
        "(0.28, 0.29]": {
          "Éxito": 0.9140625,
          "Error": 0.0859375
        },
        "(0.29, 0.3]": {
          "Éxito": 0.9239543726235742,
          "Error": 0.07604562737642585
        }
      }
    }
  }
}