{
  "experiment": {
    "name": "ARQ_2__ESC_11",
    "timestamp": "2025-06-20T02:58:44.881245",
    "repeat_index": 8
  },
  "effects": {
    "num_taps": {
      "is_categorical": true,
      "bins": null,
      "values": {
        "2": {
          "Éxito": 0.9777018229166666,
          "Error": 0.022298177083333332
        }
      }
    },
    "snr_db": {
      "is_categorical": false,
      "bins": 10,
      "values": {
        "(7.996, 8.4]": {
          "Éxito": 0.96513470681458,
          "Error": 0.03486529318541997
        },
        "(8.4, 8.8]": {
          "Éxito": 0.9457236842105263,
          "Error": 0.054276315789473686
        },
        "(8.8, 9.2]": {
          "Éxito": 0.9703588143525741,
          "Error": 0.029641185647425898
        },
        "(9.2, 9.6]": {
          "Éxito": 0.9787928221859706,
          "Error": 0.021207177814029365
        },
        "(9.6, 10.0]": {
          "Éxito": 0.9795221843003413,
          "Error": 0.020477815699658702
        },
        "(10.0, 10.4]": {
          "Éxito": 0.9864864864864865,
          "Error": 0.013513513513513514
        },
        "(10.4, 10.8]": {
          "Éxito": 0.9900990099009901,
          "Error": 0.009900990099009901
        },
        "(10.8, 11.2]": {
          "Éxito": 0.9879931389365352,
          "Error": 0.012006861063464836
        },
        "(11.2, 11.6]": {
          "Éxito": 0.9829457364341085,
          "Error": 0.017054263565891473
        },
        "(11.6, 12.0]": {
          "Éxito": 0.9906103286384976,
          "Error": 0.009389671361502348
        }
      }
    },
    "phase_offset": {
      "is_categorical": false,
      "bins": 10,
      "values": {
        "(134.963, 139.507]": {
          "Éxito": 0.9790996784565916,
          "Error": 0.02090032154340836
        },
        "(139.507, 144.006]": {
          "Éxito": 0.9682539682539683,
          "Error": 0.031746031746031744
        },
        "(144.006, 148.505]": {
          "Éxito": 0.9696485623003195,
          "Error": 0.03035143769968051
        },
        "(148.505, 153.004]": {
          "Éxito": 0.9785831960461285,
          "Error": 0.0214168039538715
        },
        "(153.004, 157.503]": {
          "Éxito": 0.9810725552050473,
          "Error": 0.01892744479495268
        },
        "(157.503, 162.002]": {
          "Éxito": 0.9785831960461285,
          "Error": 0.0214168039538715
        },
        "(162.002, 166.501]": {
          "Éxito": 0.9886363636363636,
          "Error": 0.011363636363636364
        },
        "(166.501, 171.0]": {
          "Éxito": 0.9641638225255973,
          "Error": 0.03583617747440273
        },
        "(171.0, 175.498]": {
          "Éxito": 0.9819376026272578,
          "Error": 0.0180623973727422
        },
        "(175.498, 179.997]": {
          "Éxito": 0.9868204283360791,
          "Error": 0.013179571663920923
        }
      }
    },
    "roll_off": {
      "is_categorical": false,
      "bins": 10,
      "values": {
        "(0.2, 0.21]": {
          "Éxito": 0.9758620689655172,
          "Error": 0.02413793103448276
        },
        "(0.21, 0.22]": {
          "Éxito": 0.9679595278246206,
          "Error": 0.03204047217537943
        },
        "(0.22, 0.23]": {
          "Éxito": 0.9720394736842105,
          "Error": 0.027960526315789474
        },
        "(0.23, 0.24]": {
          "Éxito": 0.971875,
          "Error": 0.028125
        },
        "(0.24, 0.25]": {
          "Éxito": 0.9853420195439739,
          "Error": 0.014657980456026058
        },
        "(0.25, 0.26]": {
          "Éxito": 0.9776,
          "Error": 0.0224
        },
        "(0.26, 0.27]": {
          "Éxito": 0.9831081081081081,
          "Error": 0.016891891891891893
        },
        "(0.27, 0.28]": {
          "Éxito": 0.9808612440191388,
          "Error": 0.019138755980861243
        },
        "(0.28, 0.29]": {
          "Éxito": 0.98125,
          "Error": 0.01875
        },
        "(0.29, 0.3]": {
          "Éxito": 0.9808,
          "Error": 0.0192
        }
      }
    }
  }
}