{
  "experiment": {
    "name": "cnn_bilstm_attn_esc_3",
    "timestamp": "2025-06-19T10:02:55.908512",
    "repeat_index": 2,
    "fold_index": 0
  },
  "evaluation": {
    "loss": 0.1711038202047348,
    "accuracy": 0.9540276527404785
  },
  "classification_report": {
    "bpsk": {
      "precision": 1.0,
      "recall": 1.0,
      "f1-score": 1.0,
      "support": 409.0
    },
    "qpsk": {
      "precision": 1.0,
      "recall": 1.0,
      "f1-score": 1.0,
      "support": 410.0
    },
    "16qam": {
      "precision": 0.9902912621359223,
      "recall": 0.9951219512195122,
      "f1-score": 0.9927007299270073,
      "support": 410.0
    },
    "32qam cross": {
      "precision": 0.8411633109619687,
      "recall": 0.9193154034229829,
      "f1-score": 0.8785046728971962,
      "support": 409.0
    },
    "64qam": {
      "precision": 0.9902200488997555,
      "recall": 0.9878048780487805,
      "f1-score": 0.9890109890109889,
      "support": 410.0
    },
    "128qam cross": {
      "precision": 0.9083557951482479,
      "recall": 0.8219512195121951,
      "f1-score": 0.8629961587708066,
      "support": 410.0
    },
    "accuracy": 0.9540276647681042,
    "macro avg": {
      "precision": 0.9550050695243156,
      "recall": 0.9540322420339118,
      "f1-score": 0.953868758434333,
      "support": 2458.0
    },
    "weighted avg": {
      "precision": 0.9550330788115764,
      "recall": 0.9540276647681042,
      "f1-score": 0.9538806513732963,
      "support": 2458.0
    }
  }
}