{
  "experiment": {
    "name": "cnn_bilstm_attn_esc_3",
    "timestamp": "2025-06-19T10:02:56.772983",
    "repeat_index": 2,
    "fold_index": 0
  },
  "effects": {
    "num_taps": {
      "is_categorical": true,
      "bins": null,
      "values": {
        "2": {
          "Éxito": 0.9540276647681042,
          "Error": 0.04597233523189585
        }
      }
    },
    "snr_db": {
      "is_categorical": false,
      "bins": 10,
      "values": {
        "(7.998, 8.401]": {
          "Éxito": 0.91796875,
          "Error": 0.08203125
        },
        "(8.401, 8.8]": {
          "Éxito": 0.9311594202898551,
          "Error": 0.06884057971014493
        },
        "(8.8, 9.2]": {
          "Éxito": 0.9647058823529412,
          "Error": 0.03529411764705882
        },
        "(9.2, 9.599]": {
          "Éxito": 0.9567099567099567,
          "Error": 0.04329004329004329
        },
        "(9.599, 9.998]": {
          "Éxito": 0.9496124031007752,
          "Error": 0.050387596899224806
        },
        "(9.998, 10.397]": {
          "Éxito": 0.9615384615384616,
          "Error": 0.038461538461538464
        },
        "(10.397, 10.797]": {
          "Éxito": 0.9626556016597511,
          "Error": 0.03734439834024896
        },
        "(10.797, 11.196]": {
          "Éxito": 0.9581749049429658,
          "Error": 0.04182509505703422
        },
        "(11.196, 11.595]": {
          "Éxito": 0.9753694581280788,
          "Error": 0.024630541871921183
        },
        "(11.595, 11.994]": {
          "Éxito": 0.970954356846473,
          "Error": 0.029045643153526972
        }
      }
    },
    "phase_offset": {
      "is_categorical": false,
      "bins": 10,
      "values": {
        "(-0.0349, 4.507]": {
          "Éxito": 0.9604743083003953,
          "Error": 0.039525691699604744
        },
        "(4.507, 9.004]": {
          "Éxito": 0.9540229885057471,
          "Error": 0.04597701149425287
        },
        "(9.004, 13.501]": {
          "Éxito": 0.9535864978902954,
          "Error": 0.046413502109704644
        },
        "(13.501, 17.998]": {
          "Éxito": 0.9681274900398407,
          "Error": 0.03187250996015936
        },
        "(17.998, 22.495]": {
          "Éxito": 0.9541666666666667,
          "Error": 0.04583333333333333
        },
        "(22.495, 26.992]": {
          "Éxito": 0.9330543933054394,
          "Error": 0.06694560669456066
        },
        "(26.992, 31.49]": {
          "Éxito": 0.9272030651340997,
          "Error": 0.07279693486590039
        },
        "(31.49, 35.987]": {
          "Éxito": 0.959349593495935,
          "Error": 0.04065040650406504
        },
        "(35.987, 40.484]": {
          "Éxito": 0.9506726457399103,
          "Error": 0.04932735426008968
        },
        "(40.484, 44.981]": {
          "Éxito": 0.979757085020243,
          "Error": 0.020242914979757085
        }
      }
    },
    "roll_off": {
      "is_categorical": false,
      "bins": 10,
      "values": {
        "(0.2, 0.21]": {
          "Éxito": 0.9683794466403162,
          "Error": 0.03162055335968379
        },
        "(0.21, 0.22]": {
          "Éxito": 0.9296875,
          "Error": 0.0703125
        },
        "(0.22, 0.23]": {
          "Éxito": 0.9715447154471545,
          "Error": 0.028455284552845527
        },
        "(0.23, 0.24]": {
          "Éxito": 0.9708333333333333,
          "Error": 0.029166666666666667
        },
        "(0.24, 0.25]": {
          "Éxito": 0.9511111111111111,
          "Error": 0.04888888888888889
        },
        "(0.25, 0.26]": {
          "Éxito": 0.9529411764705882,
          "Error": 0.047058823529411764
        },
        "(0.26, 0.27]": {
          "Éxito": 0.9557522123893806,
          "Error": 0.04424778761061947
        },
        "(0.27, 0.28]": {
          "Éxito": 0.9327731092436975,
          "Error": 0.06722689075630252
        },
        "(0.28, 0.29]": {
          "Éxito": 0.953125,
          "Error": 0.046875
        },
        "(0.29, 0.3]": {
          "Éxito": 0.9543726235741445,
          "Error": 0.045627376425855515
        }
      }
    }
  }
}