{
  "experiment": {
    "name": "ARQ_2__ESC_5",
    "timestamp": "2025-06-19T16:25:08.509699",
    "repeat_index": 8
  },
  "evaluation": {
    "loss": 0.05702035129070282,
    "accuracy": 0.9903971552848816
  },
  "classification_report": {
    "bpsk": {
      "precision": 0.998046875,
      "recall": 0.998046875,
      "f1-score": 0.998046875,
      "support": 1024.0
    },
    "qpsk": {
      "precision": 1.0,
      "recall": 0.99609375,
      "f1-score": 0.9980430528375733,
      "support": 1024.0
    },
    "16qam": {
      "precision": 0.9960861056751468,
      "recall": 0.994140625,
      "f1-score": 0.9951124144672532,
      "support": 1024.0
    },
    "32qam cross": {
      "precision": 0.9795520934761441,
      "recall": 0.982421875,
      "f1-score": 0.9809848854217454,
      "support": 1024.0
    },
    "64qam": {
      "precision": 0.9931506849315068,
      "recall": 0.9912109375,
      "f1-score": 0.9921798631476051,
      "support": 1024.0
    },
    "128qam cross": {
      "precision": 0.9757045675413022,
      "recall": 0.98046875,
      "f1-score": 0.9780808572820263,
      "support": 1024.0
    },
    "accuracy": 0.9903971354166666,
    "macro avg": {
      "precision": 0.9904233877706834,
      "recall": 0.9903971354166666,
      "f1-score": 0.9904079913593672,
      "support": 6144.0
    },
    "weighted avg": {
      "precision": 0.9904233877706834,
      "recall": 0.9903971354166666,
      "f1-score": 0.9904079913593672,
      "support": 6144.0
    }
  }
}