{
  "experiment": {
    "name": "cnn_bilstm_attn_esc_8",
    "timestamp": "2025-06-17T00:22:31.457003",
    "repeat_index": 0,
    "fold_index": 2
  },
  "effects": {
    "num_taps": {
      "is_categorical": true,
      "bins": null,
      "values": {
        "6": {
          "Éxito": 0.8067534580960131,
          "Error": 0.193246541903987
        }
      }
    },
    "snr_db": {
      "is_categorical": false,
      "bins": 10,
      "values": {
        "(7.996, 8.4]": {
          "Éxito": 0.757201646090535,
          "Error": 0.24279835390946503
        },
        "(8.4, 8.8]": {
          "Éxito": 0.807843137254902,
          "Error": 0.19215686274509805
        },
        "(8.8, 9.2]": {
          "Éxito": 0.8152610441767069,
          "Error": 0.18473895582329317
        },
        "(9.2, 9.6]": {
          "Éxito": 0.793233082706767,
          "Error": 0.20676691729323307
        },
        "(9.6, 10.0]": {
          "Éxito": 0.8430493273542601,
          "Error": 0.15695067264573992
        },
        "(10.0, 10.4]": {
          "Éxito": 0.8295964125560538,
          "Error": 0.17040358744394618
        },
        "(10.4, 10.8]": {
          "Éxito": 0.788,
          "Error": 0.212
        },
        "(10.8, 11.2]": {
          "Éxito": 0.8104838709677419,
          "Error": 0.18951612903225806
        },
        "(11.2, 11.6]": {
          "Éxito": 0.7569721115537849,
          "Error": 0.24302788844621515
        },
        "(11.6, 12.0]": {
          "Éxito": 0.872,
          "Error": 0.128
        }
      }
    },
    "phase_offset": {
      "is_categorical": false,
      "bins": 10,
      "values": {
        "(-0.0087, 4.529]": {
          "Éxito": 0.7828054298642534,
          "Error": 0.2171945701357466
        },
        "(4.529, 9.022]": {
          "Éxito": 0.7754237288135594,
          "Error": 0.2245762711864407
        },
        "(9.022, 13.515]": {
          "Éxito": 0.7670682730923695,
          "Error": 0.23293172690763053
        },
        "(13.515, 18.008]": {
          "Éxito": 0.7985074626865671,
          "Error": 0.20149253731343283
        },
        "(18.008, 22.501]": {
          "Éxito": 0.8745098039215686,
          "Error": 0.12549019607843137
        },
        "(22.501, 26.994]": {
          "Éxito": 0.8084112149532711,
          "Error": 0.19158878504672897
        },
        "(26.994, 31.488]": {
          "Éxito": 0.80078125,
          "Error": 0.19921875
        },
        "(31.488, 35.981]": {
          "Éxito": 0.8192307692307692,
          "Error": 0.18076923076923077
        },
        "(35.981, 40.474]": {
          "Éxito": 0.8148148148148148,
          "Error": 0.18518518518518517
        },
        "(40.474, 44.967]": {
          "Éxito": 0.8203125,
          "Error": 0.1796875
        }
      }
    },
    "roll_off": {
      "is_categorical": false,
      "bins": 10,
      "values": {
        "(0.2, 0.21]": {
          "Éxito": 0.8199233716475096,
          "Error": 0.18007662835249041
        },
        "(0.21, 0.22]": {
          "Éxito": 0.8448979591836735,
          "Error": 0.15510204081632653
        },
        "(0.22, 0.23]": {
          "Éxito": 0.7984189723320159,
          "Error": 0.2015810276679842
        },
        "(0.23, 0.24]": {
          "Éxito": 0.816,
          "Error": 0.184
        },
        "(0.24, 0.25]": {
          "Éxito": 0.8218623481781376,
          "Error": 0.17813765182186234
        },
        "(0.25, 0.26]": {
          "Éxito": 0.8170731707317073,
          "Error": 0.18292682926829268
        },
        "(0.26, 0.27]": {
          "Éxito": 0.77431906614786,
          "Error": 0.22568093385214008
        },
        "(0.27, 0.28]": {
          "Éxito": 0.7678571428571429,
          "Error": 0.23214285714285715
        },
        "(0.28, 0.29]": {
          "Éxito": 0.8270042194092827,
          "Error": 0.1729957805907173
        },
        "(0.29, 0.3]": {
          "Éxito": 0.7773109243697479,
          "Error": 0.22268907563025211
        }
      }
    }
  }
}