{
  "experiment": {
    "name": "red_carlos_ESC_8",
    "timestamp": "2025-06-18T17:11:36.805240",
    "repeat_index": 1,
    "fold_index": 1
  },
  "effects": {
    "num_taps": {
      "is_categorical": true,
      "bins": null,
      "values": {
        "6": {
          "Éxito": 0.7074857607811229,
          "Error": 0.29251423921887715
        }
      }
    },
    "snr_db": {
      "is_categorical": false,
      "bins": 10,
      "values": {
        "(7.997, 8.401]": {
          "Éxito": 0.6899563318777293,
          "Error": 0.31004366812227074
        },
        "(8.401, 8.801]": {
          "Éxito": 0.6888111888111889,
          "Error": 0.3111888111888112
        },
        "(8.801, 9.2]": {
          "Éxito": 0.6451612903225806,
          "Error": 0.3548387096774194
        },
        "(9.2, 9.6]": {
          "Éxito": 0.7142857142857143,
          "Error": 0.2857142857142857
        },
        "(9.6, 9.999]": {
          "Éxito": 0.706766917293233,
          "Error": 0.2932330827067669
        },
        "(9.999, 10.399]": {
          "Éxito": 0.705607476635514,
          "Error": 0.29439252336448596
        },
        "(10.399, 10.798]": {
          "Éxito": 0.7580645161290323,
          "Error": 0.24193548387096775
        },
        "(10.798, 11.198]": {
          "Éxito": 0.6932270916334662,
          "Error": 0.30677290836653387
        },
        "(11.198, 11.597]": {
          "Éxito": 0.6691449814126395,
          "Error": 0.3308550185873606
        },
        "(11.597, 11.997]": {
          "Éxito": 0.8041666666666667,
          "Error": 0.19583333333333333
        }
      }
    },
    "phase_offset": {
      "is_categorical": false,
      "bins": 10,
      "values": {
        "(-0.0384, 4.504]": {
          "Éxito": 0.7335766423357665,
          "Error": 0.2664233576642336
        },
        "(4.504, 9.002]": {
          "Éxito": 0.8034934497816594,
          "Error": 0.1965065502183406
        },
        "(9.002, 13.5]": {
          "Éxito": 0.708502024291498,
          "Error": 0.291497975708502
        },
        "(13.5, 17.998]": {
          "Éxito": 0.6857142857142857,
          "Error": 0.3142857142857143
        },
        "(17.998, 22.496]": {
          "Éxito": 0.7025862068965517,
          "Error": 0.2974137931034483
        },
        "(22.496, 26.994]": {
          "Éxito": 0.6536964980544747,
          "Error": 0.3463035019455253
        },
        "(26.994, 31.492]": {
          "Éxito": 0.7310924369747899,
          "Error": 0.2689075630252101
        },
        "(31.492, 35.99]": {
          "Éxito": 0.723404255319149,
          "Error": 0.2765957446808511
        },
        "(35.99, 40.488]": {
          "Éxito": 0.6911764705882353,
          "Error": 0.3088235294117647
        },
        "(40.488, 44.986]": {
          "Éxito": 0.644,
          "Error": 0.356
        }
      }
    },
    "roll_off": {
      "is_categorical": false,
      "bins": 10,
      "values": {
        "(0.2, 0.21]": {
          "Éxito": 0.7050847457627119,
          "Error": 0.29491525423728815
        },
        "(0.21, 0.22]": {
          "Éxito": 0.7113821138211383,
          "Error": 0.2886178861788618
        },
        "(0.22, 0.23]": {
          "Éxito": 0.731404958677686,
          "Error": 0.26859504132231404
        },
        "(0.23, 0.24]": {
          "Éxito": 0.7322175732217573,
          "Error": 0.26778242677824265
        },
        "(0.24, 0.25]": {
          "Éxito": 0.6592920353982301,
          "Error": 0.3407079646017699
        },
        "(0.25, 0.26]": {
          "Éxito": 0.7123893805309734,
          "Error": 0.28761061946902655
        },
        "(0.26, 0.27]": {
          "Éxito": 0.7119341563786008,
          "Error": 0.2880658436213992
        },
        "(0.27, 0.28]": {
          "Éxito": 0.712,
          "Error": 0.288
        },
        "(0.28, 0.29]": {
          "Éxito": 0.7312252964426877,
          "Error": 0.26877470355731226
        },
        "(0.29, 0.3]": {
          "Éxito": 0.6638655462184874,
          "Error": 0.33613445378151263
        }
      }
    }
  }
}