{
  "experiment": {
    "name": "cnn_bilstm_attn_esc_8",
    "timestamp": "2025-06-22T20:04:09.161377",
    "repeat_index": 3,
    "fold_index": 2
  },
  "effects": {
    "num_taps": {
      "is_categorical": true,
      "bins": null,
      "values": {
        "6": {
          "Éxito": 0.8173311635475997,
          "Error": 0.1826688364524003
        }
      }
    },
    "snr_db": {
      "is_categorical": false,
      "bins": 10,
      "values": {
        "(7.999, 8.402]": {
          "Éxito": 0.8014981273408239,
          "Error": 0.19850187265917604
        },
        "(8.402, 8.802]": {
          "Éxito": 0.753968253968254,
          "Error": 0.24603174603174602
        },
        "(8.802, 9.201]": {
          "Éxito": 0.8153153153153153,
          "Error": 0.18468468468468469
        },
        "(9.201, 9.601]": {
          "Éxito": 0.849802371541502,
          "Error": 0.15019762845849802
        },
        "(9.601, 10.0]": {
          "Éxito": 0.8117647058823529,
          "Error": 0.18823529411764706
        },
        "(10.0, 10.399]": {
          "Éxito": 0.796812749003984,
          "Error": 0.20318725099601595
        },
        "(10.399, 10.799]": {
          "Éxito": 0.7951807228915663,
          "Error": 0.20481927710843373
        },
        "(10.799, 11.198]": {
          "Éxito": 0.8313725490196079,
          "Error": 0.16862745098039217
        },
        "(11.198, 11.597]": {
          "Éxito": 0.8617511520737328,
          "Error": 0.1382488479262673
        },
        "(11.597, 11.997]": {
          "Éxito": 0.8649789029535865,
          "Error": 0.1350210970464135
        }
      }
    },
    "phase_offset": {
      "is_categorical": false,
      "bins": 10,
      "values": {
        "(0.0295, 4.565]": {
          "Éxito": 0.79296875,
          "Error": 0.20703125
        },
        "(4.565, 9.056]": {
          "Éxito": 0.8233082706766918,
          "Error": 0.17669172932330826
        },
        "(9.056, 13.546]": {
          "Éxito": 0.7956521739130434,
          "Error": 0.20434782608695654
        },
        "(13.546, 18.037]": {
          "Éxito": 0.8429752066115702,
          "Error": 0.15702479338842976
        },
        "(18.037, 22.528]": {
          "Éxito": 0.8214285714285714,
          "Error": 0.17857142857142858
        },
        "(22.528, 27.019]": {
          "Éxito": 0.8099173553719008,
          "Error": 0.19008264462809918
        },
        "(27.019, 31.509]": {
          "Éxito": 0.8523206751054853,
          "Error": 0.14767932489451477
        },
        "(31.509, 36.0]": {
          "Éxito": 0.7886792452830189,
          "Error": 0.21132075471698114
        },
        "(36.0, 40.491]": {
          "Éxito": 0.8,
          "Error": 0.2
        },
        "(40.491, 44.981]": {
          "Éxito": 0.8497854077253219,
          "Error": 0.15021459227467812
        }
      }
    },
    "roll_off": {
      "is_categorical": false,
      "bins": 10,
      "values": {
        "(0.2, 0.21]": {
          "Éxito": 0.7735849056603774,
          "Error": 0.22641509433962265
        },
        "(0.21, 0.22]": {
          "Éxito": 0.84765625,
          "Error": 0.15234375
        },
        "(0.22, 0.23]": {
          "Éxito": 0.8027522935779816,
          "Error": 0.19724770642201836
        },
        "(0.23, 0.24]": {
          "Éxito": 0.8360655737704918,
          "Error": 0.16393442622950818
        },
        "(0.24, 0.25]": {
          "Éxito": 0.8326848249027238,
          "Error": 0.16731517509727625
        },
        "(0.25, 0.26]": {
          "Éxito": 0.8089430894308943,
          "Error": 0.1910569105691057
        },
        "(0.26, 0.27]": {
          "Éxito": 0.8163265306122449,
          "Error": 0.1836734693877551
        },
        "(0.27, 0.28]": {
          "Éxito": 0.85,
          "Error": 0.15
        },
        "(0.28, 0.29]": {
          "Éxito": 0.7899159663865546,
          "Error": 0.21008403361344538
        },
        "(0.29, 0.3]": {
          "Éxito": 0.8178438661710037,
          "Error": 0.1821561338289963
        }
      }
    }
  }
}