{
  "experiment": {
    "name": "res_tcn_se_esc_5",
    "timestamp": "2025-06-21T07:43:15.079623",
    "repeat_index": 3,
    "fold_index": 0
  },
  "evaluation": {
    "loss": 0.07509876787662506,
    "accuracy": 0.9747762680053711
  },
  "classification_report": {
    "bpsk": {
      "precision": 1.0,
      "recall": 1.0,
      "f1-score": 1.0,
      "support": 409.0
    },
    "qpsk": {
      "precision": 1.0,
      "recall": 0.9975609756097561,
      "f1-score": 0.9987789987789988,
      "support": 410.0
    },
    "16qam": {
      "precision": 0.9854014598540146,
      "recall": 0.9878048780487805,
      "f1-score": 0.9866017052375152,
      "support": 410.0
    },
    "32qam cross": {
      "precision": 0.9634146341463414,
      "recall": 0.9634146341463414,
      "f1-score": 0.9634146341463414,
      "support": 410.0
    },
    "64qam": {
      "precision": 0.9772727272727273,
      "recall": 0.9462102689486552,
      "f1-score": 0.9614906832298137,
      "support": 409.0
    },
    "128qam cross": {
      "precision": 0.9243498817966903,
      "recall": 0.9536585365853658,
      "f1-score": 0.9387755102040817,
      "support": 410.0
    },
    "accuracy": 0.9747762408462164,
    "macro avg": {
      "precision": 0.9750731171782956,
      "recall": 0.97477488222315,
      "f1-score": 0.9748435885994584,
      "support": 2458.0
    },
    "weighted avg": {
      "precision": 0.9750620811762954,
      "recall": 0.9747762408462164,
      "f1-score": 0.9748387865221474,
      "support": 2458.0
    }
  }
}