{
  "experiment": {
    "name": "ARQ_2__ESC_9",
    "timestamp": "2025-06-19T22:08:08.976067",
    "repeat_index": 2
  },
  "effects": {
    "num_taps": {
      "is_categorical": true,
      "bins": null,
      "values": {
        "2": {
          "Éxito": 0.9601236979166666,
          "Error": 0.039876302083333336
        }
      }
    },
    "snr_db": {
      "is_categorical": false,
      "bins": 10,
      "values": {
        "(7.997, 8.401]": {
          "Éxito": 0.9407051282051282,
          "Error": 0.05929487179487179
        },
        "(8.401, 8.801]": {
          "Éxito": 0.949238578680203,
          "Error": 0.050761421319796954
        },
        "(8.801, 9.2]": {
          "Éxito": 0.9366666666666666,
          "Error": 0.06333333333333334
        },
        "(9.2, 9.6]": {
          "Éxito": 0.9505409582689336,
          "Error": 0.04945904173106646
        },
        "(9.6, 10.0]": {
          "Éxito": 0.965964343598055,
          "Error": 0.03403565640194489
        },
        "(10.0, 10.4]": {
          "Éxito": 0.9655172413793104,
          "Error": 0.034482758620689655
        },
        "(10.4, 10.8]": {
          "Éxito": 0.9708588957055214,
          "Error": 0.029141104294478526
        },
        "(10.8, 11.2]": {
          "Éxito": 0.9653543307086614,
          "Error": 0.03464566929133858
        },
        "(11.2, 11.599]": {
          "Éxito": 0.9788273615635179,
          "Error": 0.021172638436482084
        },
        "(11.599, 11.999]": {
          "Éxito": 0.9777397260273972,
          "Error": 0.02226027397260274
        }
      }
    },
    "phase_offset": {
      "is_categorical": false,
      "bins": 10,
      "values": {
        "(44.968, 49.511]": {
          "Éxito": 0.9547657512116317,
          "Error": 0.045234248788368334
        },
        "(49.511, 54.009]": {
          "Éxito": 0.9567474048442907,
          "Error": 0.04325259515570934
        },
        "(54.009, 58.507]": {
          "Éxito": 0.9722675367047309,
          "Error": 0.02773246329526917
        },
        "(58.507, 63.005]": {
          "Éxito": 0.9565217391304348,
          "Error": 0.043478260869565216
        },
        "(63.005, 67.503]": {
          "Éxito": 0.9627228525121556,
          "Error": 0.03727714748784441
        },
        "(67.503, 72.001]": {
          "Éxito": 0.9561128526645768,
          "Error": 0.0438871473354232
        },
        "(72.001, 76.499]": {
          "Éxito": 0.9637795275590552,
          "Error": 0.03622047244094488
        },
        "(76.499, 80.997]": {
          "Éxito": 0.96513470681458,
          "Error": 0.03486529318541997
        },
        "(80.997, 85.495]": {
          "Éxito": 0.9591503267973857,
          "Error": 0.04084967320261438
        },
        "(85.495, 89.993]": {
          "Éxito": 0.9535655058043118,
          "Error": 0.04643449419568822
        }
      }
    },
    "roll_off": {
      "is_categorical": false,
      "bins": 10,
      "values": {
        "(0.2, 0.21]": {
          "Éxito": 0.9589905362776026,
          "Error": 0.04100946372239748
        },
        "(0.21, 0.22]": {
          "Éxito": 0.950479233226837,
          "Error": 0.04952076677316294
        },
        "(0.22, 0.23]": {
          "Éxito": 0.9622641509433962,
          "Error": 0.03773584905660377
        },
        "(0.23, 0.24]": {
          "Éxito": 0.9418604651162791,
          "Error": 0.05813953488372093
        },
        "(0.24, 0.25]": {
          "Éxito": 0.9719789842381786,
          "Error": 0.028021015761821366
        },
        "(0.25, 0.26]": {
          "Éxito": 0.95,
          "Error": 0.05
        },
        "(0.26, 0.27]": {
          "Éxito": 0.9626168224299065,
          "Error": 0.037383177570093455
        },
        "(0.27, 0.28]": {
          "Éxito": 0.9698890649762282,
          "Error": 0.030110935023771792
        },
        "(0.28, 0.29]": {
          "Éxito": 0.9725363489499192,
          "Error": 0.027463651050080775
        },
        "(0.29, 0.3]": {
          "Éxito": 0.9601990049751243,
          "Error": 0.03980099502487562
        }
      }
    }
  }
}