{
  "experiment": {
    "name": "res_tcn_se_esc_8",
    "timestamp": "2025-06-16T13:29:58.904472",
    "repeat_index": 0,
    "fold_index": 4
  },
  "effects": {
    "num_taps": {
      "is_categorical": true,
      "bins": null,
      "values": {
        "6": {
          "Éxito": 0.7965825874694874,
          "Error": 0.20341741253051263
        }
      }
    },
    "snr_db": {
      "is_categorical": false,
      "bins": 10,
      "values": {
        "(7.997, 8.4]": {
          "Éxito": 0.7769230769230769,
          "Error": 0.2230769230769231
        },
        "(8.4, 8.8]": {
          "Éxito": 0.8297872340425532,
          "Error": 0.1702127659574468
        },
        "(8.8, 9.2]": {
          "Éxito": 0.782051282051282,
          "Error": 0.21794871794871795
        },
        "(9.2, 9.599]": {
          "Éxito": 0.7860082304526749,
          "Error": 0.2139917695473251
        },
        "(9.599, 9.999]": {
          "Éxito": 0.7663934426229508,
          "Error": 0.2336065573770492
        },
        "(9.999, 10.398]": {
          "Éxito": 0.8204081632653061,
          "Error": 0.17959183673469387
        },
        "(10.398, 10.798]": {
          "Éxito": 0.8380566801619433,
          "Error": 0.16194331983805668
        },
        "(10.798, 11.198]": {
          "Éxito": 0.7777777777777778,
          "Error": 0.2222222222222222
        },
        "(11.198, 11.597]": {
          "Éxito": 0.7962085308056872,
          "Error": 0.2037914691943128
        },
        "(11.597, 11.997]": {
          "Éxito": 0.7871485943775101,
          "Error": 0.21285140562248997
        }
      }
    },
    "phase_offset": {
      "is_categorical": false,
      "bins": 10,
      "values": {
        "(-0.0222, 4.518]": {
          "Éxito": 0.8212927756653993,
          "Error": 0.17870722433460076
        },
        "(4.518, 9.013]": {
          "Éxito": 0.7730769230769231,
          "Error": 0.22692307692307692
        },
        "(9.013, 13.508]": {
          "Éxito": 0.7368421052631579,
          "Error": 0.2631578947368421
        },
        "(13.508, 18.003]": {
          "Éxito": 0.7974683544303798,
          "Error": 0.20253164556962025
        },
        "(18.003, 22.498]": {
          "Éxito": 0.7969924812030075,
          "Error": 0.20300751879699247
        },
        "(22.498, 26.993]": {
          "Éxito": 0.8401826484018264,
          "Error": 0.1598173515981735
        },
        "(26.993, 31.488]": {
          "Éxito": 0.8136363636363636,
          "Error": 0.18636363636363637
        },
        "(31.488, 35.983]": {
          "Éxito": 0.8174603174603174,
          "Error": 0.18253968253968253
        },
        "(35.983, 40.478]": {
          "Éxito": 0.7992424242424242,
          "Error": 0.20075757575757575
        },
        "(40.478, 44.973]": {
          "Éxito": 0.7710843373493976,
          "Error": 0.2289156626506024
        }
      }
    },
    "roll_off": {
      "is_categorical": false,
      "bins": 10,
      "values": {
        "(0.2, 0.21]": {
          "Éxito": 0.8007968127490039,
          "Error": 0.199203187250996
        },
        "(0.21, 0.22]": {
          "Éxito": 0.7358490566037735,
          "Error": 0.2641509433962264
        },
        "(0.22, 0.23]": {
          "Éxito": 0.8222222222222222,
          "Error": 0.17777777777777778
        },
        "(0.23, 0.24]": {
          "Éxito": 0.8185840707964602,
          "Error": 0.18141592920353983
        },
        "(0.24, 0.25]": {
          "Éxito": 0.7396226415094339,
          "Error": 0.26037735849056604
        },
        "(0.25, 0.26]": {
          "Éxito": 0.7932489451476793,
          "Error": 0.20675105485232068
        },
        "(0.26, 0.27]": {
          "Éxito": 0.8333333333333334,
          "Error": 0.16666666666666666
        },
        "(0.27, 0.28]": {
          "Éxito": 0.7876447876447876,
          "Error": 0.21235521235521235
        },
        "(0.28, 0.29]": {
          "Éxito": 0.8345864661654135,
          "Error": 0.16541353383458646
        },
        "(0.29, 0.3]": {
          "Éxito": 0.8113207547169812,
          "Error": 0.18867924528301888
        }
      }
    }
  }
}