{
  "experiment": {
    "name": "ARQ_1__ESC_8",
    "timestamp": "2025-06-22T10:31:32.050888",
    "repeat_index": 5
  },
  "effects": {
    "num_taps": {
      "is_categorical": true,
      "bins": null,
      "values": {
        "6": {
          "Éxito": 0.853515625,
          "Error": 0.146484375
        }
      }
    },
    "snr_db": {
      "is_categorical": false,
      "bins": 10,
      "values": {
        "(7.997, 8.4]": {
          "Éxito": 0.836038961038961,
          "Error": 0.16396103896103897
        },
        "(8.4, 8.8]": {
          "Éxito": 0.8355481727574751,
          "Error": 0.1644518272425249
        },
        "(8.8, 9.2]": {
          "Éxito": 0.8261562998405104,
          "Error": 0.17384370015948963
        },
        "(9.2, 9.6]": {
          "Éxito": 0.8517298187808896,
          "Error": 0.14827018121911037
        },
        "(9.6, 9.999]": {
          "Éxito": 0.8636363636363636,
          "Error": 0.13636363636363635
        },
        "(9.999, 10.399]": {
          "Éxito": 0.8649921507064364,
          "Error": 0.13500784929356358
        },
        "(10.399, 10.799]": {
          "Éxito": 0.8713629402756509,
          "Error": 0.12863705972434916
        },
        "(10.799, 11.199]": {
          "Éxito": 0.8863232682060391,
          "Error": 0.11367673179396093
        },
        "(11.199, 11.598]": {
          "Éxito": 0.8640625,
          "Error": 0.1359375
        },
        "(11.598, 11.998]": {
          "Éxito": 0.8353344768439108,
          "Error": 0.1646655231560892
        }
      }
    },
    "phase_offset": {
      "is_categorical": false,
      "bins": 10,
      "values": {
        "(-0.0382, 4.506]": {
          "Éxito": 0.8712871287128713,
          "Error": 0.12871287128712872
        },
        "(4.506, 9.005]": {
          "Éxito": 0.8611570247933884,
          "Error": 0.13884297520661157
        },
        "(9.005, 13.503]": {
          "Éxito": 0.861244019138756,
          "Error": 0.13875598086124402
        },
        "(13.503, 18.002]": {
          "Éxito": 0.8589743589743589,
          "Error": 0.14102564102564102
        },
        "(18.002, 22.501]": {
          "Éxito": 0.858603066439523,
          "Error": 0.141396933560477
        },
        "(22.501, 27.0]": {
          "Éxito": 0.8440779610194903,
          "Error": 0.15592203898050974
        },
        "(27.0, 31.499]": {
          "Éxito": 0.85,
          "Error": 0.15
        },
        "(31.499, 35.998]": {
          "Éxito": 0.8583333333333333,
          "Error": 0.14166666666666666
        },
        "(35.998, 40.497]": {
          "Éxito": 0.8523274478330658,
          "Error": 0.1476725521669342
        },
        "(40.497, 44.996]": {
          "Éxito": 0.8198347107438017,
          "Error": 0.18016528925619835
        }
      }
    },
    "roll_off": {
      "is_categorical": false,
      "bins": 10,
      "values": {
        "(0.2, 0.21]": {
          "Éxito": 0.8257042253521126,
          "Error": 0.1742957746478873
        },
        "(0.21, 0.22]": {
          "Éxito": 0.8448844884488449,
          "Error": 0.1551155115511551
        },
        "(0.22, 0.23]": {
          "Éxito": 0.8643790849673203,
          "Error": 0.13562091503267973
        },
        "(0.23, 0.24]": {
          "Éxito": 0.867430441898527,
          "Error": 0.132569558101473
        },
        "(0.24, 0.25]": {
          "Éxito": 0.8571428571428571,
          "Error": 0.14285714285714285
        },
        "(0.25, 0.26]": {
          "Éxito": 0.8716012084592145,
          "Error": 0.1283987915407855
        },
        "(0.26, 0.27]": {
          "Éxito": 0.8533541341653667,
          "Error": 0.14664586583463338
        },
        "(0.27, 0.28]": {
          "Éxito": 0.8550247116968699,
          "Error": 0.14497528830313014
        },
        "(0.28, 0.29]": {
          "Éxito": 0.855973813420622,
          "Error": 0.14402618657937807
        },
        "(0.29, 0.3]": {
          "Éxito": 0.8363047001620746,
          "Error": 0.16369529983792544
        }
      }
    }
  }
}