{
  "experiment": {
    "name": "ARQ_3__ESC_10",
    "timestamp": "2025-06-19T22:02:50.799762",
    "repeat_index": 9
  },
  "effects": {
    "num_taps": {
      "is_categorical": true,
      "bins": null,
      "values": {
        "2": {
          "Éxito": 0.9650065104166666,
          "Error": 0.034993489583333336
        }
      }
    },
    "snr_db": {
      "is_categorical": false,
      "bins": 10,
      "values": {
        "(7.997, 8.401]": {
          "Éxito": 0.9471228615863142,
          "Error": 0.05287713841368585
        },
        "(8.401, 8.801]": {
          "Éxito": 0.945518453427065,
          "Error": 0.054481546572934976
        },
        "(8.801, 9.201]": {
          "Éxito": 0.9469453376205788,
          "Error": 0.05305466237942122
        },
        "(9.201, 9.6]": {
          "Éxito": 0.952,
          "Error": 0.048
        },
        "(9.6, 10.0]": {
          "Éxito": 0.9713375796178344,
          "Error": 0.028662420382165606
        },
        "(10.0, 10.4]": {
          "Éxito": 0.966044142614601,
          "Error": 0.03395585738539898
        },
        "(10.4, 10.8]": {
          "Éxito": 0.9791666666666666,
          "Error": 0.020833333333333332
        },
        "(10.8, 11.2]": {
          "Éxito": 0.9795275590551181,
          "Error": 0.02047244094488189
        },
        "(11.2, 11.6]": {
          "Éxito": 0.9853420195439739,
          "Error": 0.014657980456026058
        },
        "(11.6, 11.999]": {
          "Éxito": 0.9764705882352941,
          "Error": 0.023529411764705882
        }
      }
    },
    "phase_offset": {
      "is_categorical": false,
      "bins": 10,
      "values": {
        "(89.957, 94.5]": {
          "Éxito": 0.9662379421221865,
          "Error": 0.03376205787781351
        },
        "(94.5, 98.998]": {
          "Éxito": 0.9699367088607594,
          "Error": 0.030063291139240507
        },
        "(98.998, 103.496]": {
          "Éxito": 0.9631410256410257,
          "Error": 0.03685897435897436
        },
        "(103.496, 107.994]": {
          "Éxito": 0.9629032258064516,
          "Error": 0.037096774193548385
        },
        "(107.994, 112.492]": {
          "Éxito": 0.9573770491803278,
          "Error": 0.04262295081967213
        },
        "(112.492, 116.99]": {
          "Éxito": 0.9715242881072027,
          "Error": 0.02847571189279732
        },
        "(116.99, 121.488]": {
          "Éxito": 0.968503937007874,
          "Error": 0.031496062992125984
        },
        "(121.488, 125.986]": {
          "Éxito": 0.9700787401574803,
          "Error": 0.029921259842519685
        },
        "(125.986, 130.483]": {
          "Éxito": 0.9599332220367279,
          "Error": 0.04006677796327212
        },
        "(130.483, 134.981]": {
          "Éxito": 0.9596491228070175,
          "Error": 0.04035087719298246
        }
      }
    },
    "roll_off": {
      "is_categorical": false,
      "bins": 10,
      "values": {
        "(0.2, 0.21]": {
          "Éxito": 0.9581239530988275,
          "Error": 0.04187604690117253
        },
        "(0.21, 0.22]": {
          "Éxito": 0.9622047244094488,
          "Error": 0.03779527559055118
        },
        "(0.22, 0.23]": {
          "Éxito": 0.9707903780068728,
          "Error": 0.029209621993127148
        },
        "(0.23, 0.24]": {
          "Éxito": 0.9655172413793104,
          "Error": 0.034482758620689655
        },
        "(0.24, 0.25]": {
          "Éxito": 0.957345971563981,
          "Error": 0.04265402843601896
        },
        "(0.25, 0.26]": {
          "Éxito": 0.9600591715976331,
          "Error": 0.03994082840236687
        },
        "(0.26, 0.27]": {
          "Éxito": 0.967741935483871,
          "Error": 0.03225806451612903
        },
        "(0.27, 0.28]": {
          "Éxito": 0.9705400981996727,
          "Error": 0.029459901800327332
        },
        "(0.28, 0.29]": {
          "Éxito": 0.9632,
          "Error": 0.0368
        },
        "(0.29, 0.3]": {
          "Éxito": 0.9756493506493507,
          "Error": 0.024350649350649352
        }
      }
    }
  }
}