{
  "experiment": {
    "name": "ARQ_3__ESC_3_WITH_256_QAM",
    "timestamp": "2025-06-23T01:25:51.911693",
    "repeat_index": 3
  },
  "evaluation": {
    "loss": 0.3137359619140625,
    "accuracy": 0.8722098469734192
  },
  "classification_report": {
    "bpsk": {
      "precision": 1.0,
      "recall": 1.0,
      "f1-score": 1.0,
      "support": 1024.0
    },
    "qpsk": {
      "precision": 1.0,
      "recall": 1.0,
      "f1-score": 1.0,
      "support": 1024.0
    },
    "16qam": {
      "precision": 0.9705042816365367,
      "recall": 0.99609375,
      "f1-score": 0.9831325301204819,
      "support": 1024.0
    },
    "32qam cross": {
      "precision": 0.9295478443743428,
      "recall": 0.86328125,
      "f1-score": 0.8951898734177215,
      "support": 1024.0
    },
    "64qam": {
      "precision": 0.6582278481012658,
      "recall": 0.66015625,
      "f1-score": 0.659190638712823,
      "support": 1024.0
    },
    "128qam cross": {
      "precision": 0.8688524590163934,
      "recall": 0.931640625,
      "f1-score": 0.8991517436380774,
      "support": 1024.0
    },
    "256qam": {
      "precision": 0.67472306143001,
      "recall": 0.654296875,
      "f1-score": 0.6643529995042141,
      "support": 1024.0
    },
    "accuracy": 0.8722098214285714,
    "macro avg": {
      "precision": 0.8716936420797926,
      "recall": 0.8722098214285714,
      "f1-score": 0.8715739693419025,
      "support": 7168.0
    },
    "weighted avg": {
      "precision": 0.8716936420797926,
      "recall": 0.8722098214285714,
      "f1-score": 0.8715739693419025,
      "support": 7168.0
    }
  }
}