{
  "experiment": {
    "name": "cnn_bilstm_attn_esc_1",
    "timestamp": "2025-06-18T20:33:22.756118",
    "repeat_index": 2,
    "fold_index": 1
  },
  "effects": {
    "num_taps": {
      "is_categorical": true,
      "bins": null,
      "values": {
        "2": {
          "Éxito": 0.7709519934906428,
          "Error": 0.2290480065093572
        }
      }
    },
    "snr_db": {
      "is_categorical": false,
      "bins": 10,
      "values": {
        "(-0.00095, 0.403]": {
          "Éxito": 0.7239819004524887,
          "Error": 0.27601809954751133
        },
        "(0.403, 0.802]": {
          "Éxito": 0.7105263157894737,
          "Error": 0.2894736842105263
        },
        "(0.802, 1.202]": {
          "Éxito": 0.7651515151515151,
          "Error": 0.23484848484848486
        },
        "(1.202, 1.601]": {
          "Éxito": 0.7403100775193798,
          "Error": 0.2596899224806202
        },
        "(1.601, 2.001]": {
          "Éxito": 0.7625,
          "Error": 0.2375
        },
        "(2.001, 2.4]": {
          "Éxito": 0.8112449799196787,
          "Error": 0.18875502008032127
        },
        "(2.4, 2.8]": {
          "Éxito": 0.8244897959183674,
          "Error": 0.17551020408163265
        },
        "(2.8, 3.199]": {
          "Éxito": 0.7782101167315175,
          "Error": 0.22178988326848248
        },
        "(3.199, 3.599]": {
          "Éxito": 0.7587719298245614,
          "Error": 0.2412280701754386
        },
        "(3.599, 3.999]": {
          "Éxito": 0.8208955223880597,
          "Error": 0.1791044776119403
        }
      }
    },
    "phase_offset": {
      "is_categorical": false,
      "bins": 10,
      "values": {
        "(-0.0211, 4.521]": {
          "Éxito": 0.7283018867924528,
          "Error": 0.27169811320754716
        },
        "(4.521, 9.017]": {
          "Éxito": 0.7727272727272727,
          "Error": 0.22727272727272727
        },
        "(9.017, 13.514]": {
          "Éxito": 0.8264462809917356,
          "Error": 0.17355371900826447
        },
        "(13.514, 18.011]": {
          "Éxito": 0.7834645669291339,
          "Error": 0.21653543307086615
        },
        "(18.011, 22.508]": {
          "Éxito": 0.7447698744769874,
          "Error": 0.25523012552301255
        },
        "(22.508, 27.004]": {
          "Éxito": 0.7777777777777778,
          "Error": 0.2222222222222222
        },
        "(27.004, 31.501]": {
          "Éxito": 0.758893280632411,
          "Error": 0.24110671936758893
        },
        "(31.501, 35.998]": {
          "Éxito": 0.7836734693877551,
          "Error": 0.2163265306122449
        },
        "(35.998, 40.495]": {
          "Éxito": 0.78125,
          "Error": 0.21875
        },
        "(40.495, 44.992]": {
          "Éxito": 0.756198347107438,
          "Error": 0.24380165289256198
        }
      }
    },
    "roll_off": {
      "is_categorical": false,
      "bins": 10,
      "values": {
        "(0.2, 0.21]": {
          "Éxito": 0.7578125,
          "Error": 0.2421875
        },
        "(0.21, 0.22]": {
          "Éxito": 0.7701149425287356,
          "Error": 0.22988505747126436
        },
        "(0.22, 0.23]": {
          "Éxito": 0.7647058823529411,
          "Error": 0.23529411764705882
        },
        "(0.23, 0.24]": {
          "Éxito": 0.8016528925619835,
          "Error": 0.19834710743801653
        },
        "(0.24, 0.25]": {
          "Éxito": 0.7922077922077922,
          "Error": 0.2077922077922078
        },
        "(0.25, 0.26]": {
          "Éxito": 0.7644628099173554,
          "Error": 0.23553719008264462
        },
        "(0.26, 0.27]": {
          "Éxito": 0.763265306122449,
          "Error": 0.23673469387755103
        },
        "(0.27, 0.28]": {
          "Éxito": 0.8067226890756303,
          "Error": 0.19327731092436976
        },
        "(0.28, 0.29]": {
          "Éxito": 0.7802690582959642,
          "Error": 0.21973094170403587
        },
        "(0.29, 0.3]": {
          "Éxito": 0.7169811320754716,
          "Error": 0.2830188679245283
        }
      }
    }
  }
}