{
  "experiment": {
    "name": "ARQ_1__ESC_2",
    "timestamp": "2025-06-21T14:58:16.930872",
    "repeat_index": 7
  },
  "effects": {
    "num_taps": {
      "is_categorical": true,
      "bins": null,
      "values": {
        "2": {
          "Éxito": 0.9137369791666666,
          "Error": 0.08626302083333333
        }
      }
    },
    "snr_db": {
      "is_categorical": false,
      "bins": 10,
      "values": {
        "(3.998, 4.402]": {
          "Éxito": 0.8892405063291139,
          "Error": 0.11075949367088607
        },
        "(4.402, 4.801]": {
          "Éxito": 0.8578274760383386,
          "Error": 0.14217252396166133
        },
        "(4.801, 5.201]": {
          "Éxito": 0.9004893964110929,
          "Error": 0.09951060358890701
        },
        "(5.201, 5.601]": {
          "Éxito": 0.9062003179650239,
          "Error": 0.09379968203497616
        },
        "(5.601, 6.001]": {
          "Éxito": 0.9181380417335474,
          "Error": 0.08186195826645265
        },
        "(6.001, 6.4]": {
          "Éxito": 0.929159802306425,
          "Error": 0.07084019769357495
        },
        "(6.4, 6.8]": {
          "Éxito": 0.919104991394148,
          "Error": 0.08089500860585198
        },
        "(6.8, 7.2]": {
          "Éxito": 0.9370967741935484,
          "Error": 0.06290322580645161
        },
        "(7.2, 7.6]": {
          "Éxito": 0.9334415584415584,
          "Error": 0.06655844155844155
        },
        "(7.6, 7.999]": {
          "Éxito": 0.949748743718593,
          "Error": 0.05025125628140704
        }
      }
    },
    "phase_offset": {
      "is_categorical": false,
      "bins": 10,
      "values": {
        "(-0.0413, 4.503]": {
          "Éxito": 0.9218241042345277,
          "Error": 0.0781758957654723
        },
        "(4.503, 9.003]": {
          "Éxito": 0.9170653907496013,
          "Error": 0.08293460925039872
        },
        "(9.003, 13.502]": {
          "Éxito": 0.8998302207130731,
          "Error": 0.100169779286927
        },
        "(13.502, 18.002]": {
          "Éxito": 0.9273021001615509,
          "Error": 0.07269789983844911
        },
        "(18.002, 22.501]": {
          "Éxito": 0.9065573770491804,
          "Error": 0.09344262295081968
        },
        "(22.501, 27.001]": {
          "Éxito": 0.9205834683954619,
          "Error": 0.07941653160453808
        },
        "(27.001, 31.5]": {
          "Éxito": 0.9090909090909091,
          "Error": 0.09090909090909091
        },
        "(31.5, 36.0]": {
          "Éxito": 0.9215686274509803,
          "Error": 0.0784313725490196
        },
        "(36.0, 40.499]": {
          "Éxito": 0.8964968152866242,
          "Error": 0.1035031847133758
        },
        "(40.499, 44.999]": {
          "Éxito": 0.9168053244592346,
          "Error": 0.08319467554076539
        }
      }
    },
    "roll_off": {
      "is_categorical": false,
      "bins": 10,
      "values": {
        "(0.2, 0.21]": {
          "Éxito": 0.8974789915966387,
          "Error": 0.10252100840336134
        },
        "(0.21, 0.22]": {
          "Éxito": 0.9028006589785832,
          "Error": 0.09719934102141681
        },
        "(0.22, 0.23]": {
          "Éxito": 0.9180035650623886,
          "Error": 0.08199643493761141
        },
        "(0.23, 0.24]": {
          "Éxito": 0.9148606811145511,
          "Error": 0.08513931888544891
        },
        "(0.24, 0.25]": {
          "Éxito": 0.9262672811059908,
          "Error": 0.07373271889400922
        },
        "(0.25, 0.26]": {
          "Éxito": 0.903177004538578,
          "Error": 0.09682299546142209
        },
        "(0.26, 0.27]": {
          "Éxito": 0.9234527687296417,
          "Error": 0.07654723127035831
        },
        "(0.27, 0.28]": {
          "Éxito": 0.9177631578947368,
          "Error": 0.08223684210526316
        },
        "(0.28, 0.29]": {
          "Éxito": 0.9249592169657422,
          "Error": 0.07504078303425775
        },
        "(0.29, 0.3]": {
          "Éxito": 0.9081632653061225,
          "Error": 0.09183673469387756
        }
      }
    }
  }
}