{
  "experiment": {
    "name": "cnn_bilstm_attn_esc_5",
    "timestamp": "2025-06-23T03:47:11.355306",
    "repeat_index": 2,
    "fold_index": 0
  },
  "evaluation": {
    "loss": 0.023253029212355614,
    "accuracy": 0.9934906363487244
  },
  "classification_report": {
    "bpsk": {
      "precision": 1.0,
      "recall": 1.0,
      "f1-score": 1.0,
      "support": 409.0
    },
    "qpsk": {
      "precision": 1.0,
      "recall": 1.0,
      "f1-score": 1.0,
      "support": 410.0
    },
    "16qam": {
      "precision": 0.9927184466019418,
      "recall": 0.9975609756097561,
      "f1-score": 0.9951338199513382,
      "support": 410.0
    },
    "32qam cross": {
      "precision": 0.9926470588235294,
      "recall": 0.9902200488997555,
      "f1-score": 0.9914320685434517,
      "support": 409.0
    },
    "64qam": {
      "precision": 0.9975247524752475,
      "recall": 0.9829268292682927,
      "f1-score": 0.9901719901719902,
      "support": 410.0
    },
    "128qam cross": {
      "precision": 0.9783132530120482,
      "recall": 0.9902439024390244,
      "f1-score": 0.9842424242424243,
      "support": 410.0
    },
    "accuracy": 0.9934906427990235,
    "macro avg": {
      "precision": 0.9935339184854612,
      "recall": 0.9934919593694715,
      "f1-score": 0.993496717151534,
      "support": 2458.0
    },
    "weighted avg": {
      "precision": 0.9935316486637148,
      "recall": 0.9934906427990235,
      "f1-score": 0.9934949113605495,
      "support": 2458.0
    }
  }
}