{
  "experiment": {
    "name": "cnn_bilstm_attn_esc_5",
    "timestamp": "2025-06-23T03:47:12.222464",
    "repeat_index": 2,
    "fold_index": 0
  },
  "effects": {
    "num_taps": {
      "is_categorical": true,
      "bins": null,
      "values": {
        "2": {
          "Éxito": 0.9934906427990235,
          "Error": 0.006509357200976403
        }
      }
    },
    "snr_db": {
      "is_categorical": false,
      "bins": 10,
      "values": {
        "(15.996, 16.4]": {
          "Éxito": 1.0,
          "Error": 0.0
        },
        "(16.4, 16.8]": {
          "Éxito": 0.9913419913419913,
          "Error": 0.008658008658008658
        },
        "(16.8, 17.2]": {
          "Éxito": 0.983402489626556,
          "Error": 0.016597510373443983
        },
        "(17.2, 17.6]": {
          "Éxito": 0.9959514170040485,
          "Error": 0.004048582995951417
        },
        "(17.6, 18.0]": {
          "Éxito": 1.0,
          "Error": 0.0
        },
        "(18.0, 18.4]": {
          "Éxito": 0.9841897233201581,
          "Error": 0.015810276679841896
        },
        "(18.4, 18.799]": {
          "Éxito": 1.0,
          "Error": 0.0
        },
        "(18.799, 19.199]": {
          "Éxito": 0.996551724137931,
          "Error": 0.0034482758620689655
        },
        "(19.199, 19.599]": {
          "Éxito": 0.9958333333333333,
          "Error": 0.004166666666666667
        },
        "(19.599, 19.999]": {
          "Éxito": 0.9864864864864865,
          "Error": 0.013513513513513514
        }
      }
    },
    "phase_offset": {
      "is_categorical": false,
      "bins": 10,
      "values": {
        "(-0.0217, 4.518]": {
          "Éxito": 0.9880952380952381,
          "Error": 0.011904761904761904
        },
        "(4.518, 9.013]": {
          "Éxito": 0.9957627118644068,
          "Error": 0.00423728813559322
        },
        "(9.013, 13.507]": {
          "Éxito": 1.0,
          "Error": 0.0
        },
        "(13.507, 18.002]": {
          "Éxito": 0.996031746031746,
          "Error": 0.003968253968253968
        },
        "(18.002, 22.497]": {
          "Éxito": 0.9915611814345991,
          "Error": 0.008438818565400843
        },
        "(22.497, 26.991]": {
          "Éxito": 0.9879518072289156,
          "Error": 0.012048192771084338
        },
        "(26.991, 31.486]": {
          "Éxito": 0.9923076923076923,
          "Error": 0.007692307692307693
        },
        "(31.486, 35.981]": {
          "Éxito": 1.0,
          "Error": 0.0
        },
        "(35.981, 40.475]": {
          "Éxito": 0.9875518672199171,
          "Error": 0.012448132780082987
        },
        "(40.475, 44.97]": {
          "Éxito": 0.9959016393442623,
          "Error": 0.004098360655737705
        }
      }
    },
    "roll_off": {
      "is_categorical": false,
      "bins": 10,
      "values": {
        "(0.2, 0.21]": {
          "Éxito": 0.9922178988326849,
          "Error": 0.007782101167315175
        },
        "(0.21, 0.22]": {
          "Éxito": 0.9962264150943396,
          "Error": 0.0037735849056603774
        },
        "(0.22, 0.23]": {
          "Éxito": 0.9955156950672646,
          "Error": 0.004484304932735426
        },
        "(0.23, 0.24]": {
          "Éxito": 0.996031746031746,
          "Error": 0.003968253968253968
        },
        "(0.24, 0.25]": {
          "Éxito": 0.9883720930232558,
          "Error": 0.011627906976744186
        },
        "(0.25, 0.26]": {
          "Éxito": 0.9866071428571429,
          "Error": 0.013392857142857142
        },
        "(0.26, 0.27]": {
          "Éxito": 0.9956521739130435,
          "Error": 0.004347826086956522
        },
        "(0.27, 0.28]": {
          "Éxito": 0.9963235294117647,
          "Error": 0.003676470588235294
        },
        "(0.28, 0.29]": {
          "Éxito": 0.9957081545064378,
          "Error": 0.004291845493562232
        },
        "(0.29, 0.3]": {
          "Éxito": 0.9918032786885246,
          "Error": 0.00819672131147541
        }
      }
    }
  }
}