{
  "experiment": {
    "name": "cnn_bilstm_attn_esc_9",
    "timestamp": "2025-06-19T00:17:33.012088",
    "repeat_index": 3,
    "fold_index": 1
  },
  "evaluation": {
    "loss": 0.18007712066173553,
    "accuracy": 0.966639518737793
  },
  "classification_report": {
    "bpsk": {
      "precision": 1.0,
      "recall": 1.0,
      "f1-score": 1.0,
      "support": 409.0
    },
    "qpsk": {
      "precision": 1.0,
      "recall": 0.9975609756097561,
      "f1-score": 0.9987789987789988,
      "support": 410.0
    },
    "16qam": {
      "precision": 0.995085995085995,
      "recall": 0.9878048780487805,
      "f1-score": 0.9914320685434517,
      "support": 410.0
    },
    "32qam cross": {
      "precision": 0.9304123711340206,
      "recall": 0.8804878048780488,
      "f1-score": 0.9047619047619048,
      "support": 410.0
    },
    "64qam": {
      "precision": 0.9878934624697336,
      "recall": 0.9975550122249389,
      "f1-score": 0.9927007299270073,
      "support": 409.0
    },
    "128qam cross": {
      "precision": 0.8888888888888888,
      "recall": 0.9365853658536586,
      "f1-score": 0.9121140142517815,
      "support": 410.0
    },
    "accuracy": 0.9666395443449959,
    "macro avg": {
      "precision": 0.9670467862631064,
      "recall": 0.9666656727691971,
      "f1-score": 0.9666312860438574,
      "support": 2458.0
    },
    "weighted avg": {
      "precision": 0.9670248985942927,
      "recall": 0.9666395443449959,
      "f1-score": 0.9666071045313108,
      "support": 2458.0
    }
  }
}