{
  "experiment": {
    "name": "cnn_bilstm_attn_esc_9",
    "timestamp": "2025-06-19T00:17:38.352822",
    "repeat_index": 3,
    "fold_index": 1
  },
  "effects": {
    "num_taps": {
      "is_categorical": true,
      "bins": null,
      "values": {
        "2": {
          "Éxito": 0.9666395443449959,
          "Error": 0.03336045565500407
        }
      }
    },
    "snr_db": {
      "is_categorical": false,
      "bins": 10,
      "values": {
        "(7.997, 8.401]": {
          "Éxito": 0.9322709163346613,
          "Error": 0.06772908366533864
        },
        "(8.401, 8.8]": {
          "Éxito": 0.9638009049773756,
          "Error": 0.03619909502262444
        },
        "(8.8, 9.2]": {
          "Éxito": 0.9576271186440678,
          "Error": 0.0423728813559322
        },
        "(9.2, 9.6]": {
          "Éxito": 0.9689922480620154,
          "Error": 0.031007751937984496
        },
        "(9.6, 9.999]": {
          "Éxito": 0.9601593625498008,
          "Error": 0.0398406374501992
        },
        "(9.999, 10.399]": {
          "Éxito": 0.979757085020243,
          "Error": 0.020242914979757085
        },
        "(10.399, 10.798]": {
          "Éxito": 0.960352422907489,
          "Error": 0.039647577092511016
        },
        "(10.798, 11.198]": {
          "Éxito": 0.9771863117870723,
          "Error": 0.022813688212927757
        },
        "(11.198, 11.598]": {
          "Éxito": 0.9793388429752066,
          "Error": 0.02066115702479339
        },
        "(11.598, 11.997]": {
          "Éxito": 0.9847328244274809,
          "Error": 0.015267175572519083
        }
      }
    },
    "phase_offset": {
      "is_categorical": false,
      "bins": 10,
      "values": {
        "(44.965, 49.507]": {
          "Éxito": 0.9683794466403162,
          "Error": 0.03162055335968379
        },
        "(49.507, 54.004]": {
          "Éxito": 0.9689922480620154,
          "Error": 0.031007751937984496
        },
        "(54.004, 58.501]": {
          "Éxito": 0.9458333333333333,
          "Error": 0.05416666666666667
        },
        "(58.501, 62.998]": {
          "Éxito": 0.960352422907489,
          "Error": 0.039647577092511016
        },
        "(62.998, 67.495]": {
          "Éxito": 0.9662447257383966,
          "Error": 0.03375527426160337
        },
        "(67.495, 71.992]": {
          "Éxito": 0.9723320158102767,
          "Error": 0.02766798418972332
        },
        "(71.992, 76.488]": {
          "Éxito": 0.9704641350210971,
          "Error": 0.029535864978902954
        },
        "(76.488, 80.985]": {
          "Éxito": 0.9567099567099567,
          "Error": 0.04329004329004329
        },
        "(80.985, 85.482]": {
          "Éxito": 0.9921259842519685,
          "Error": 0.007874015748031496
        },
        "(85.482, 89.979]": {
          "Éxito": 0.9626865671641791,
          "Error": 0.03731343283582089
        }
      }
    },
    "roll_off": {
      "is_categorical": false,
      "bins": 10,
      "values": {
        "(0.2, 0.21]": {
          "Éxito": 0.9180327868852459,
          "Error": 0.08196721311475409
        },
        "(0.21, 0.22]": {
          "Éxito": 0.9745454545454545,
          "Error": 0.025454545454545455
        },
        "(0.22, 0.23]": {
          "Éxito": 0.9753086419753086,
          "Error": 0.024691358024691357
        },
        "(0.23, 0.24]": {
          "Éxito": 0.9566929133858267,
          "Error": 0.04330708661417323
        },
        "(0.24, 0.25]": {
          "Éxito": 0.9782608695652174,
          "Error": 0.021739130434782608
        },
        "(0.25, 0.26]": {
          "Éxito": 0.9628099173553719,
          "Error": 0.0371900826446281
        },
        "(0.26, 0.27]": {
          "Éxito": 0.9840637450199203,
          "Error": 0.01593625498007968
        },
        "(0.27, 0.28]": {
          "Éxito": 0.9849056603773585,
          "Error": 0.01509433962264151
        },
        "(0.28, 0.29]": {
          "Éxito": 0.9612068965517241,
          "Error": 0.03879310344827586
        },
        "(0.29, 0.3]": {
          "Éxito": 0.9684684684684685,
          "Error": 0.03153153153153153
        }
      }
    }
  }
}