{
  "experiment": {
    "name": "ARQ_3__ESC_3_WITH_256_QAM",
    "timestamp": "2025-06-23T02:12:38.574475",
    "repeat_index": 9
  },
  "effects": {
    "num_taps": {
      "is_categorical": true,
      "bins": null,
      "values": {
        "2": {
          "Éxito": 0.8674665178571429,
          "Error": 0.13253348214285715
        }
      }
    },
    "snr_db": {
      "is_categorical": false,
      "bins": 10,
      "values": {
        "(7.997, 8.401]": {
          "Éxito": 0.8473389355742297,
          "Error": 0.15266106442577032
        },
        "(8.401, 8.801]": {
          "Éxito": 0.8739837398373984,
          "Error": 0.12601626016260162
        },
        "(8.801, 9.201]": {
          "Éxito": 0.8403041825095057,
          "Error": 0.1596958174904943
        },
        "(9.201, 9.601]": {
          "Éxito": 0.8581560283687943,
          "Error": 0.14184397163120568
        },
        "(9.601, 10.0]": {
          "Éxito": 0.8705722070844687,
          "Error": 0.12942779291553133
        },
        "(10.0, 10.4]": {
          "Éxito": 0.8599167822468793,
          "Error": 0.14008321775312066
        },
        "(10.4, 10.8]": {
          "Éxito": 0.8634423897581792,
          "Error": 0.13655761024182078
        },
        "(10.8, 11.2]": {
          "Éxito": 0.8789237668161435,
          "Error": 0.1210762331838565
        },
        "(11.2, 11.599]": {
          "Éxito": 0.8931623931623932,
          "Error": 0.10683760683760683
        },
        "(11.599, 11.999]": {
          "Éxito": 0.8932178932178932,
          "Error": 0.10678210678210678
        }
      }
    },
    "phase_offset": {
      "is_categorical": false,
      "bins": 10,
      "values": {
        "(-0.0368, 4.507]": {
          "Éxito": 0.871866295264624,
          "Error": 0.12813370473537605
        },
        "(4.507, 9.006]": {
          "Éxito": 0.8715469613259669,
          "Error": 0.12845303867403315
        },
        "(9.006, 13.505]": {
          "Éxito": 0.8585572842998586,
          "Error": 0.14144271570014144
        },
        "(13.505, 18.003]": {
          "Éxito": 0.8645251396648045,
          "Error": 0.13547486033519554
        },
        "(18.003, 22.502]": {
          "Éxito": 0.8511560693641619,
          "Error": 0.14884393063583815
        },
        "(22.502, 27.001]": {
          "Éxito": 0.8777173913043478,
          "Error": 0.12228260869565218
        },
        "(27.001, 31.5]": {
          "Éxito": 0.8571428571428571,
          "Error": 0.14285714285714285
        },
        "(31.5, 35.999]": {
          "Éxito": 0.8778735632183908,
          "Error": 0.1221264367816092
        },
        "(35.999, 40.497]": {
          "Éxito": 0.8701854493580599,
          "Error": 0.12981455064194009
        },
        "(40.497, 44.996]": {
          "Éxito": 0.8733333333333333,
          "Error": 0.12666666666666668
        }
      }
    },
    "roll_off": {
      "is_categorical": false,
      "bins": 10,
      "values": {
        "(0.2, 0.21]": {
          "Éxito": 0.8575458392101551,
          "Error": 0.14245416078984485
        },
        "(0.21, 0.22]": {
          "Éxito": 0.8797814207650273,
          "Error": 0.12021857923497267
        },
        "(0.22, 0.23]": {
          "Éxito": 0.8853146853146853,
          "Error": 0.11468531468531469
        },
        "(0.23, 0.24]": {
          "Éxito": 0.8785425101214575,
          "Error": 0.1214574898785425
        },
        "(0.24, 0.25]": {
          "Éxito": 0.8653846153846154,
          "Error": 0.1346153846153846
        },
        "(0.25, 0.26]": {
          "Éxito": 0.8776671408250356,
          "Error": 0.12233285917496443
        },
        "(0.26, 0.27]": {
          "Éxito": 0.8736111111111111,
          "Error": 0.12638888888888888
        },
        "(0.27, 0.28]": {
          "Éxito": 0.8525033829499323,
          "Error": 0.14749661705006767
        },
        "(0.28, 0.29]": {
          "Éxito": 0.853448275862069,
          "Error": 0.14655172413793102
        },
        "(0.29, 0.3]": {
          "Éxito": 0.8496350364963504,
          "Error": 0.15036496350364964
        }
      }
    }
  }
}