{
  "experiment": {
    "name": "red_carlos_ESC_1",
    "timestamp": "2025-06-17T12:42:28.212199",
    "repeat_index": 0,
    "fold_index": 0
  },
  "effects": {
    "num_taps": {
      "is_categorical": true,
      "bins": null,
      "values": {
        "2": {
          "Éxito": 0.5890968266883645,
          "Error": 0.41090317331163545
        }
      }
    },
    "snr_db": {
      "is_categorical": false,
      "bins": 10,
      "values": {
        "(-0.00277, 0.401]": {
          "Éxito": 0.5492424242424242,
          "Error": 0.45075757575757575
        },
        "(0.401, 0.801]": {
          "Éxito": 0.6422764227642277,
          "Error": 0.35772357723577236
        },
        "(0.801, 1.2]": {
          "Éxito": 0.611336032388664,
          "Error": 0.38866396761133604
        },
        "(1.2, 1.6]": {
          "Éxito": 0.5714285714285714,
          "Error": 0.42857142857142855
        },
        "(1.6, 2.0]": {
          "Éxito": 0.5798319327731093,
          "Error": 0.42016806722689076
        },
        "(2.0, 2.399]": {
          "Éxito": 0.5612648221343873,
          "Error": 0.43873517786561267
        },
        "(2.399, 2.799]": {
          "Éxito": 0.5795918367346938,
          "Error": 0.4204081632653061
        },
        "(2.799, 3.198]": {
          "Éxito": 0.5975103734439834,
          "Error": 0.4024896265560166
        },
        "(3.198, 3.598]": {
          "Éxito": 0.6222222222222222,
          "Error": 0.37777777777777777
        },
        "(3.598, 3.998]": {
          "Éxito": 0.582995951417004,
          "Error": 0.41700404858299595
        }
      }
    },
    "phase_offset": {
      "is_categorical": false,
      "bins": 10,
      "values": {
        "(-0.0389, 4.505]": {
          "Éxito": 0.5714285714285714,
          "Error": 0.42857142857142855
        },
        "(4.505, 9.004]": {
          "Éxito": 0.5411255411255411,
          "Error": 0.4588744588744589
        },
        "(9.004, 13.503]": {
          "Éxito": 0.6278195488721805,
          "Error": 0.37218045112781956
        },
        "(13.503, 18.001]": {
          "Éxito": 0.5894308943089431,
          "Error": 0.4105691056910569
        },
        "(18.001, 22.5]": {
          "Éxito": 0.5416666666666666,
          "Error": 0.4583333333333333
        },
        "(22.5, 26.999]": {
          "Éxito": 0.5742971887550201,
          "Error": 0.42570281124497994
        },
        "(26.999, 31.498]": {
          "Éxito": 0.6303317535545023,
          "Error": 0.3696682464454976
        },
        "(31.498, 35.997]": {
          "Éxito": 0.5625,
          "Error": 0.4375
        },
        "(35.997, 40.496]": {
          "Éxito": 0.6420664206642066,
          "Error": 0.35793357933579334
        },
        "(40.496, 44.995]": {
          "Éxito": 0.6055776892430279,
          "Error": 0.3944223107569721
        }
      }
    },
    "roll_off": {
      "is_categorical": false,
      "bins": 10,
      "values": {
        "(0.2, 0.21]": {
          "Éxito": 0.5732217573221757,
          "Error": 0.42677824267782427
        },
        "(0.21, 0.22]": {
          "Éxito": 0.5617977528089888,
          "Error": 0.43820224719101125
        },
        "(0.22, 0.23]": {
          "Éxito": 0.5483870967741935,
          "Error": 0.45161290322580644
        },
        "(0.23, 0.24]": {
          "Éxito": 0.6042553191489362,
          "Error": 0.39574468085106385
        },
        "(0.24, 0.25]": {
          "Éxito": 0.6296296296296297,
          "Error": 0.37037037037037035
        },
        "(0.25, 0.26]": {
          "Éxito": 0.592,
          "Error": 0.408
        },
        "(0.26, 0.27]": {
          "Éxito": 0.5720338983050848,
          "Error": 0.4279661016949153
        },
        "(0.27, 0.28]": {
          "Éxito": 0.6224899598393574,
          "Error": 0.37751004016064255
        },
        "(0.28, 0.29]": {
          "Éxito": 0.609375,
          "Error": 0.390625
        },
        "(0.29, 0.3]": {
          "Éxito": 0.583969465648855,
          "Error": 0.41603053435114506
        }
      }
    }
  }
}