{
  "experiment": {
    "name": "cnn_bilstm_attn_esc_10",
    "timestamp": "2025-06-18T21:24:26.088897",
    "repeat_index": 0,
    "fold_index": 0
  },
  "effects": {
    "num_taps": {
      "is_categorical": true,
      "bins": null,
      "values": {
        "2": {
          "Éxito": 0.9633848657445078,
          "Error": 0.03661513425549227
        }
      }
    },
    "snr_db": {
      "is_categorical": false,
      "bins": 10,
      "values": {
        "(7.997, 8.401]": {
          "Éxito": 0.9469387755102041,
          "Error": 0.053061224489795916
        },
        "(8.401, 8.801]": {
          "Éxito": 0.9465648854961832,
          "Error": 0.05343511450381679
        },
        "(8.801, 9.201]": {
          "Éxito": 0.9508196721311475,
          "Error": 0.04918032786885246
        },
        "(9.201, 9.6]": {
          "Éxito": 0.9875,
          "Error": 0.0125
        },
        "(9.6, 10.0]": {
          "Éxito": 0.985981308411215,
          "Error": 0.014018691588785047
        },
        "(10.0, 10.4]": {
          "Éxito": 0.9586466165413534,
          "Error": 0.041353383458646614
        },
        "(10.4, 10.8]": {
          "Éxito": 0.9426229508196722,
          "Error": 0.05737704918032787
        },
        "(10.8, 11.2]": {
          "Éxito": 0.9773584905660377,
          "Error": 0.022641509433962263
        },
        "(11.2, 11.6]": {
          "Éxito": 0.9606986899563319,
          "Error": 0.039301310043668124
        },
        "(11.6, 12.0]": {
          "Éxito": 0.9799196787148594,
          "Error": 0.020080321285140562
        }
      }
    },
    "phase_offset": {
      "is_categorical": false,
      "bins": 10,
      "values": {
        "(89.957, 94.496]": {
          "Éxito": 0.9874476987447699,
          "Error": 0.012552301255230125
        },
        "(94.496, 98.991]": {
          "Éxito": 0.9800796812749004,
          "Error": 0.0199203187250996
        },
        "(98.991, 103.485]": {
          "Éxito": 0.9681274900398407,
          "Error": 0.03187250996015936
        },
        "(103.485, 107.979]": {
          "Éxito": 0.9707112970711297,
          "Error": 0.029288702928870293
        },
        "(107.979, 112.474]": {
          "Éxito": 0.9230769230769231,
          "Error": 0.07692307692307693
        },
        "(112.474, 116.968]": {
          "Éxito": 0.9523809523809523,
          "Error": 0.047619047619047616
        },
        "(116.968, 121.463]": {
          "Éxito": 0.9606299212598425,
          "Error": 0.03937007874015748
        },
        "(121.463, 125.957]": {
          "Éxito": 0.9634146341463414,
          "Error": 0.036585365853658534
        },
        "(125.957, 130.452]": {
          "Éxito": 0.9715447154471545,
          "Error": 0.028455284552845527
        },
        "(130.452, 134.946]": {
          "Éxito": 0.9585062240663901,
          "Error": 0.04149377593360996
        }
      }
    },
    "roll_off": {
      "is_categorical": false,
      "bins": 10,
      "values": {
        "(0.2, 0.21]": {
          "Éxito": 0.952191235059761,
          "Error": 0.04780876494023904
        },
        "(0.21, 0.22]": {
          "Éxito": 0.9260700389105059,
          "Error": 0.07392996108949416
        },
        "(0.22, 0.23]": {
          "Éxito": 0.9662921348314607,
          "Error": 0.033707865168539325
        },
        "(0.23, 0.24]": {
          "Éxito": 0.9497716894977168,
          "Error": 0.0502283105022831
        },
        "(0.24, 0.25]": {
          "Éxito": 0.9766536964980544,
          "Error": 0.023346303501945526
        },
        "(0.25, 0.26]": {
          "Éxito": 0.9594594594594594,
          "Error": 0.04054054054054054
        },
        "(0.26, 0.27]": {
          "Éxito": 0.973384030418251,
          "Error": 0.026615969581749048
        },
        "(0.27, 0.28]": {
          "Éxito": 0.9790794979079498,
          "Error": 0.02092050209205021
        },
        "(0.28, 0.29]": {
          "Éxito": 0.9704641350210971,
          "Error": 0.029535864978902954
        },
        "(0.29, 0.3]": {
          "Éxito": 0.9796747967479674,
          "Error": 0.02032520325203252
        }
      }
    }
  }
}