{
  "experiment": {
    "name": "res_tcn_se_esc_11",
    "timestamp": "2025-06-22T00:05:22.226522",
    "repeat_index": 0,
    "fold_index": 1
  },
  "evaluation": {
    "loss": 0.30022916197776794,
    "accuracy": 0.9438567757606506
  },
  "classification_report": {
    "bpsk": {
      "precision": 1.0,
      "recall": 1.0,
      "f1-score": 1.0,
      "support": 410.0
    },
    "qpsk": {
      "precision": 0.9975669099756691,
      "recall": 1.0,
      "f1-score": 0.9987819732034104,
      "support": 410.0
    },
    "16qam": {
      "precision": 0.966903073286052,
      "recall": 0.9975609756097561,
      "f1-score": 0.9819927971188476,
      "support": 410.0
    },
    "32qam cross": {
      "precision": 0.8387850467289719,
      "recall": 0.875609756097561,
      "f1-score": 0.8568019093078759,
      "support": 410.0
    },
    "64qam": {
      "precision": 0.9899749373433584,
      "recall": 0.9657701711491442,
      "f1-score": 0.9777227722772277,
      "support": 409.0
    },
    "128qam cross": {
      "precision": 0.8708010335917312,
      "recall": 0.823960880195599,
      "f1-score": 0.8467336683417085,
      "support": 409.0
    },
    "accuracy": 0.9438567941415785,
    "macro avg": {
      "precision": 0.9440051668209638,
      "recall": 0.9438169638420099,
      "f1-score": 0.9436721867081784,
      "support": 2458.0
    },
    "weighted avg": {
      "precision": 0.9440162467081514,
      "recall": 0.9438567941415785,
      "f1-score": 0.9436977717093163,
      "support": 2458.0
    }
  }
}