{
  "experiment": {
    "name": "res_tcn_se_esc_11",
    "timestamp": "2025-06-22T00:05:23.072236",
    "repeat_index": 0,
    "fold_index": 1
  },
  "effects": {
    "num_taps": {
      "is_categorical": true,
      "bins": null,
      "values": {
        "2": {
          "Éxito": 0.9438567941415785,
          "Error": 0.05614320585842148
        }
      }
    },
    "snr_db": {
      "is_categorical": false,
      "bins": 10,
      "values": {
        "(7.996, 8.4]": {
          "Éxito": 0.919831223628692,
          "Error": 0.08016877637130802
        },
        "(8.4, 8.8]": {
          "Éxito": 0.943089430894309,
          "Error": 0.056910569105691054
        },
        "(8.8, 9.2]": {
          "Éxito": 0.9322709163346613,
          "Error": 0.06772908366533864
        },
        "(9.2, 9.6]": {
          "Éxito": 0.9552845528455285,
          "Error": 0.044715447154471545
        },
        "(9.6, 10.0]": {
          "Éxito": 0.9384615384615385,
          "Error": 0.06153846153846154
        },
        "(10.0, 10.4]": {
          "Éxito": 0.9448818897637795,
          "Error": 0.05511811023622047
        },
        "(10.4, 10.8]": {
          "Éxito": 0.9173228346456693,
          "Error": 0.08267716535433071
        },
        "(10.8, 11.2]": {
          "Éxito": 0.9669421487603306,
          "Error": 0.03305785123966942
        },
        "(11.2, 11.6]": {
          "Éxito": 0.9601769911504425,
          "Error": 0.03982300884955752
        },
        "(11.6, 12.0]": {
          "Éxito": 0.9628099173553719,
          "Error": 0.0371900826446281
        }
      }
    },
    "phase_offset": {
      "is_categorical": false,
      "bins": 10,
      "values": {
        "(134.965, 139.508]": {
          "Éxito": 0.9314516129032258,
          "Error": 0.06854838709677419
        },
        "(139.508, 144.006]": {
          "Éxito": 0.9560439560439561,
          "Error": 0.04395604395604396
        },
        "(144.006, 148.504]": {
          "Éxito": 0.9398496240601504,
          "Error": 0.06015037593984962
        },
        "(148.504, 153.002]": {
          "Éxito": 0.9613733905579399,
          "Error": 0.03862660944206009
        },
        "(153.002, 157.5]": {
          "Éxito": 0.9247787610619469,
          "Error": 0.0752212389380531
        },
        "(157.5, 161.998]": {
          "Éxito": 0.9169960474308301,
          "Error": 0.08300395256916997
        },
        "(161.998, 166.496]": {
          "Éxito": 0.9446640316205533,
          "Error": 0.05533596837944664
        },
        "(166.496, 170.994]": {
          "Éxito": 0.935064935064935,
          "Error": 0.06493506493506493
        },
        "(170.994, 175.493]": {
          "Éxito": 0.9666666666666667,
          "Error": 0.03333333333333333
        },
        "(175.493, 179.991]": {
          "Éxito": 0.9617021276595744,
          "Error": 0.03829787234042553
        }
      }
    },
    "roll_off": {
      "is_categorical": false,
      "bins": 10,
      "values": {
        "(0.2, 0.21]": {
          "Éxito": 0.9482758620689655,
          "Error": 0.05172413793103448
        },
        "(0.21, 0.22]": {
          "Éxito": 0.9372549019607843,
          "Error": 0.06274509803921569
        },
        "(0.22, 0.23]": {
          "Éxito": 0.94140625,
          "Error": 0.05859375
        },
        "(0.23, 0.24]": {
          "Éxito": 0.9678714859437751,
          "Error": 0.0321285140562249
        },
        "(0.24, 0.25]": {
          "Éxito": 0.9437751004016064,
          "Error": 0.05622489959839357
        },
        "(0.25, 0.26]": {
          "Éxito": 0.9385245901639344,
          "Error": 0.06147540983606557
        },
        "(0.26, 0.27]": {
          "Éxito": 0.952191235059761,
          "Error": 0.04780876494023904
        },
        "(0.27, 0.28]": {
          "Éxito": 0.9382716049382716,
          "Error": 0.06172839506172839
        },
        "(0.28, 0.29]": {
          "Éxito": 0.9233870967741935,
          "Error": 0.07661290322580645
        },
        "(0.29, 0.3]": {
          "Éxito": 0.948051948051948,
          "Error": 0.05194805194805195
        }
      }
    }
  }
}