{
  "experiment": {
    "name": "res_tcn_se_esc_8",
    "timestamp": "2025-06-21T11:41:08.571465",
    "repeat_index": 3,
    "fold_index": 2
  },
  "evaluation": {
    "loss": 0.8418229222297668,
    "accuracy": 0.6326281428337097
  },
  "classification_report": {
    "bpsk": {
      "precision": 1.0,
      "recall": 1.0,
      "f1-score": 1.0,
      "support": 409.0
    },
    "qpsk": {
      "precision": 1.0,
      "recall": 0.9951219512195122,
      "f1-score": 0.9975550122249389,
      "support": 410.0
    },
    "16qam": {
      "precision": 0.35251798561151076,
      "recall": 0.23902439024390243,
      "f1-score": 0.2848837209302325,
      "support": 410.0
    },
    "32qam cross": {
      "precision": 0.5036674816625917,
      "recall": 0.5024390243902439,
      "f1-score": 0.503052503052503,
      "support": 410.0
    },
    "64qam": {
      "precision": 0.5391621129326047,
      "recall": 0.7237163814180929,
      "f1-score": 0.6179540709812109,
      "support": 409.0
    },
    "128qam cross": {
      "precision": 0.34074074074074073,
      "recall": 0.33658536585365856,
      "f1-score": 0.33865030674846625,
      "support": 410.0
    },
    "accuracy": 0.6326281529698943,
    "macro avg": {
      "precision": 0.6226813868245746,
      "recall": 0.632814518854235,
      "f1-score": 0.623682602322892,
      "support": 2458.0
    },
    "weighted avg": {
      "precision": 0.6225618590217743,
      "recall": 0.6326281529698943,
      "f1-score": 0.6235318338662867,
      "support": 2458.0
    }
  }
}