{
  "experiment": {
    "name": "ARQ_1__ESC_7",
    "timestamp": "2025-06-22T05:16:37.433241",
    "repeat_index": 8
  },
  "effects": {
    "num_taps": {
      "is_categorical": true,
      "bins": null,
      "values": {
        "4": {
          "Éxito": 0.8995768229166666,
          "Error": 0.10042317708333333
        }
      }
    },
    "snr_db": {
      "is_categorical": false,
      "bins": 10,
      "values": {
        "(7.996, 8.4]": {
          "Éxito": 0.8869426751592356,
          "Error": 0.11305732484076433
        },
        "(8.4, 8.8]": {
          "Éxito": 0.864406779661017,
          "Error": 0.13559322033898305
        },
        "(8.8, 9.2]": {
          "Éxito": 0.8856682769726248,
          "Error": 0.1143317230273752
        },
        "(9.2, 9.6]": {
          "Éxito": 0.8984771573604061,
          "Error": 0.10152284263959391
        },
        "(9.6, 10.0]": {
          "Éxito": 0.9160063391442155,
          "Error": 0.08399366085578447
        },
        "(10.0, 10.4]": {
          "Éxito": 0.9061032863849765,
          "Error": 0.09389671361502347
        },
        "(10.4, 10.8]": {
          "Éxito": 0.909967845659164,
          "Error": 0.09003215434083602
        },
        "(10.8, 11.2]": {
          "Éxito": 0.909556313993174,
          "Error": 0.09044368600682594
        },
        "(11.2, 11.6]": {
          "Éxito": 0.9185667752442996,
          "Error": 0.08143322475570032
        },
        "(11.6, 12.0]": {
          "Éxito": 0.8987138263665595,
          "Error": 0.10128617363344052
        }
      }
    },
    "phase_offset": {
      "is_categorical": false,
      "bins": 10,
      "values": {
        "(-0.0414, 4.503]": {
          "Éxito": 0.9042386185243328,
          "Error": 0.09576138147566719
        },
        "(4.503, 9.003]": {
          "Éxito": 0.8982456140350877,
          "Error": 0.10175438596491228
        },
        "(9.003, 13.502]": {
          "Éxito": 0.9170812603648425,
          "Error": 0.08291873963515754
        },
        "(13.502, 18.002]": {
          "Éxito": 0.9140625,
          "Error": 0.0859375
        },
        "(18.002, 22.501]": {
          "Éxito": 0.891846921797005,
          "Error": 0.10815307820299501
        },
        "(22.501, 27.001]": {
          "Éxito": 0.8988580750407831,
          "Error": 0.10114192495921696
        },
        "(27.001, 31.5]": {
          "Éxito": 0.905982905982906,
          "Error": 0.09401709401709402
        },
        "(31.5, 36.0]": {
          "Éxito": 0.8911671924290221,
          "Error": 0.10883280757097792
        },
        "(36.0, 40.499]": {
          "Éxito": 0.8878504672897196,
          "Error": 0.11214953271028037
        },
        "(40.499, 44.999]": {
          "Éxito": 0.8869143780290791,
          "Error": 0.11308562197092084
        }
      }
    },
    "roll_off": {
      "is_categorical": false,
      "bins": 10,
      "values": {
        "(0.2, 0.21]": {
          "Éxito": 0.8905472636815921,
          "Error": 0.10945273631840796
        },
        "(0.21, 0.22]": {
          "Éxito": 0.9092356687898089,
          "Error": 0.09076433121019108
        },
        "(0.22, 0.23]": {
          "Éxito": 0.8820678513731826,
          "Error": 0.11793214862681745
        },
        "(0.23, 0.24]": {
          "Éxito": 0.9045307443365695,
          "Error": 0.09546925566343042
        },
        "(0.24, 0.25]": {
          "Éxito": 0.8872305140961857,
          "Error": 0.11276948590381426
        },
        "(0.25, 0.26]": {
          "Éxito": 0.9210084033613445,
          "Error": 0.07899159663865546
        },
        "(0.26, 0.27]": {
          "Éxito": 0.8780096308186196,
          "Error": 0.12199036918138041
        },
        "(0.27, 0.28]": {
          "Éxito": 0.8952536824877251,
          "Error": 0.10474631751227496
        },
        "(0.28, 0.29]": {
          "Éxito": 0.9147909967845659,
          "Error": 0.08520900321543408
        },
        "(0.29, 0.3]": {
          "Éxito": 0.9131832797427653,
          "Error": 0.08681672025723473
        }
      }
    }
  }
}