{
  "experiment": {
    "name": "cnn_bilstm_attn_esc_8",
    "timestamp": "2025-06-17T02:30:05.051356",
    "repeat_index": 1,
    "fold_index": 4
  },
  "evaluation": {
    "loss": 0.40980634093284607,
    "accuracy": 0.8201789855957031
  },
  "classification_report": {
    "bpsk": {
      "precision": 1.0,
      "recall": 1.0,
      "f1-score": 1.0,
      "support": 410.0
    },
    "qpsk": {
      "precision": 1.0,
      "recall": 0.9951219512195122,
      "f1-score": 0.9975550122249389,
      "support": 410.0
    },
    "16qam": {
      "precision": 0.757847533632287,
      "recall": 0.824390243902439,
      "f1-score": 0.7897196261682242,
      "support": 410.0
    },
    "32qam cross": {
      "precision": 0.7116402116402116,
      "recall": 0.6560975609756098,
      "f1-score": 0.682741116751269,
      "support": 410.0
    },
    "64qam": {
      "precision": 0.8026666666666666,
      "recall": 0.7359413202933985,
      "f1-score": 0.7678571428571428,
      "support": 409.0
    },
    "128qam cross": {
      "precision": 0.6575963718820862,
      "recall": 0.7090464547677262,
      "f1-score": 0.6823529411764707,
      "support": 409.0
    },
    "accuracy": 0.8201790073230268,
    "macro avg": {
      "precision": 0.8216251306368751,
      "recall": 0.8200995885264476,
      "f1-score": 0.8200376398630076,
      "support": 2458.0
    },
    "weighted avg": {
      "precision": 0.8216995762116209,
      "recall": 0.8201790073230268,
      "f1-score": 0.8201148836366822,
      "support": 2458.0
    }
  }
}