{
  "experiment": {
    "name": "ARQ_1__ESC_6",
    "timestamp": "2025-06-22T23:17:39.708783",
    "repeat_index": 3
  },
  "evaluation": {
    "loss": 0.03832443803548813,
    "accuracy": 0.98779296875
  },
  "classification_report": {
    "bpsk": {
      "precision": 1.0,
      "recall": 1.0,
      "f1-score": 1.0,
      "support": 1024.0
    },
    "qpsk": {
      "precision": 1.0,
      "recall": 1.0,
      "f1-score": 1.0,
      "support": 1024.0
    },
    "16qam": {
      "precision": 1.0,
      "recall": 0.9990234375,
      "f1-score": 0.9995114802149487,
      "support": 1024.0
    },
    "32qam cross": {
      "precision": 0.9588122605363985,
      "recall": 0.9775390625,
      "f1-score": 0.9680851063829787,
      "support": 1024.0
    },
    "64qam": {
      "precision": 0.9960822722820764,
      "recall": 0.9931640625,
      "f1-score": 0.9946210268948655,
      "support": 1024.0
    },
    "128qam cross": {
      "precision": 0.9722222222222222,
      "recall": 0.95703125,
      "f1-score": 0.9645669291338581,
      "support": 1024.0
    },
    "accuracy": 0.98779296875,
    "macro avg": {
      "precision": 0.9878527925067829,
      "recall": 0.98779296875,
      "f1-score": 0.9877974237711086,
      "support": 6144.0
    },
    "weighted avg": {
      "precision": 0.9878527925067829,
      "recall": 0.98779296875,
      "f1-score": 0.9877974237711086,
      "support": 6144.0
    }
  }
}