{
  "experiment": {
    "name": "red_carlos_ESC_10",
    "timestamp": "2025-06-21T05:56:54.610792",
    "repeat_index": 1,
    "fold_index": 4
  },
  "effects": {
    "num_taps": {
      "is_categorical": true,
      "bins": null,
      "values": {
        "2": {
          "Éxito": 0.9613506916192026,
          "Error": 0.038649308380797394
        }
      }
    },
    "snr_db": {
      "is_categorical": false,
      "bins": 10,
      "values": {
        "(7.997, 8.4]": {
          "Éxito": 0.9588477366255144,
          "Error": 0.0411522633744856
        },
        "(8.4, 8.8]": {
          "Éxito": 0.9397590361445783,
          "Error": 0.060240963855421686
        },
        "(8.8, 9.2]": {
          "Éxito": 0.9547325102880658,
          "Error": 0.04526748971193416
        },
        "(9.2, 9.6]": {
          "Éxito": 0.9349593495934959,
          "Error": 0.06504065040650407
        },
        "(9.6, 10.0]": {
          "Éxito": 0.9572649572649573,
          "Error": 0.042735042735042736
        },
        "(10.0, 10.4]": {
          "Éxito": 0.9757085020242915,
          "Error": 0.024291497975708502
        },
        "(10.4, 10.799]": {
          "Éxito": 0.950207468879668,
          "Error": 0.04979253112033195
        },
        "(10.799, 11.199]": {
          "Éxito": 0.9876543209876543,
          "Error": 0.012345679012345678
        },
        "(11.199, 11.599]": {
          "Éxito": 0.9637096774193549,
          "Error": 0.036290322580645164
        },
        "(11.599, 11.999]": {
          "Éxito": 0.9886363636363636,
          "Error": 0.011363636363636364
        }
      }
    },
    "phase_offset": {
      "is_categorical": false,
      "bins": 10,
      "values": {
        "(89.974, 94.517]": {
          "Éxito": 0.9628099173553719,
          "Error": 0.0371900826446281
        },
        "(94.517, 99.014]": {
          "Éxito": 0.9736842105263158,
          "Error": 0.02631578947368421
        },
        "(99.014, 103.511]": {
          "Éxito": 0.9491525423728814,
          "Error": 0.05084745762711865
        },
        "(103.511, 108.009]": {
          "Éxito": 0.9650655021834061,
          "Error": 0.034934497816593885
        },
        "(108.009, 112.506]": {
          "Éxito": 0.9556451612903226,
          "Error": 0.04435483870967742
        },
        "(112.506, 117.003]": {
          "Éxito": 0.9788135593220338,
          "Error": 0.0211864406779661
        },
        "(117.003, 121.501]": {
          "Éxito": 0.9543568464730291,
          "Error": 0.04564315352697095
        },
        "(121.501, 125.998]": {
          "Éxito": 0.9601593625498008,
          "Error": 0.0398406374501992
        },
        "(125.998, 130.495]": {
          "Éxito": 0.9384615384615385,
          "Error": 0.06153846153846154
        },
        "(130.495, 134.993]": {
          "Éxito": 0.9824561403508771,
          "Error": 0.017543859649122806
        }
      }
    },
    "roll_off": {
      "is_categorical": false,
      "bins": 10,
      "values": {
        "(0.2, 0.21]": {
          "Éxito": 0.9230769230769231,
          "Error": 0.07692307692307693
        },
        "(0.21, 0.22]": {
          "Éxito": 0.9556451612903226,
          "Error": 0.04435483870967742
        },
        "(0.22, 0.23]": {
          "Éxito": 0.9543726235741445,
          "Error": 0.045627376425855515
        },
        "(0.23, 0.24]": {
          "Éxito": 0.9604743083003953,
          "Error": 0.039525691699604744
        },
        "(0.24, 0.25]": {
          "Éxito": 0.9694323144104804,
          "Error": 0.03056768558951965
        },
        "(0.25, 0.26]": {
          "Éxito": 0.9691629955947136,
          "Error": 0.030837004405286344
        },
        "(0.26, 0.27]": {
          "Éxito": 0.9789915966386554,
          "Error": 0.02100840336134454
        },
        "(0.27, 0.28]": {
          "Éxito": 0.9628252788104089,
          "Error": 0.03717472118959108
        },
        "(0.28, 0.29]": {
          "Éxito": 0.9683794466403162,
          "Error": 0.03162055335968379
        },
        "(0.29, 0.3]": {
          "Éxito": 0.9688715953307393,
          "Error": 0.0311284046692607
        }
      }
    }
  }
}