{
  "experiment": {
    "name": "cnn_bilstm_attn_esc_9",
    "timestamp": "2025-06-18T21:57:40.262691",
    "repeat_index": 0,
    "fold_index": 1
  },
  "effects": {
    "num_taps": {
      "is_categorical": true,
      "bins": null,
      "values": {
        "2": {
          "Éxito": 0.9324654190398698,
          "Error": 0.06753458096013018
        }
      }
    },
    "snr_db": {
      "is_categorical": false,
      "bins": 10,
      "values": {
        "(7.996, 8.4]": {
          "Éxito": 0.9191489361702128,
          "Error": 0.08085106382978724
        },
        "(8.4, 8.8]": {
          "Éxito": 0.9230769230769231,
          "Error": 0.07692307692307693
        },
        "(8.8, 9.2]": {
          "Éxito": 0.928030303030303,
          "Error": 0.07196969696969698
        },
        "(9.2, 9.6]": {
          "Éxito": 0.8974358974358975,
          "Error": 0.10256410256410256
        },
        "(9.6, 10.0]": {
          "Éxito": 0.9141414141414141,
          "Error": 0.08585858585858586
        },
        "(10.0, 10.4]": {
          "Éxito": 0.9429824561403509,
          "Error": 0.05701754385964912
        },
        "(10.4, 10.8]": {
          "Éxito": 0.9322709163346613,
          "Error": 0.06772908366533864
        },
        "(10.8, 11.2]": {
          "Éxito": 0.9464285714285714,
          "Error": 0.05357142857142857
        },
        "(11.2, 11.6]": {
          "Éxito": 0.9656488549618321,
          "Error": 0.03435114503816794
        },
        "(11.6, 12.0]": {
          "Éxito": 0.9459459459459459,
          "Error": 0.05405405405405406
        }
      }
    },
    "phase_offset": {
      "is_categorical": false,
      "bins": 10,
      "values": {
        "(44.957, 49.496]": {
          "Éxito": 0.9256198347107438,
          "Error": 0.0743801652892562
        },
        "(49.496, 53.991]": {
          "Éxito": 0.9390243902439024,
          "Error": 0.06097560975609756
        },
        "(53.991, 58.485]": {
          "Éxito": 0.9324894514767933,
          "Error": 0.06751054852320675
        },
        "(58.485, 62.98]": {
          "Éxito": 0.9254901960784314,
          "Error": 0.07450980392156863
        },
        "(62.98, 67.474]": {
          "Éxito": 0.9115384615384615,
          "Error": 0.08846153846153847
        },
        "(67.474, 71.969]": {
          "Éxito": 0.9395348837209302,
          "Error": 0.06046511627906977
        },
        "(71.969, 76.463]": {
          "Éxito": 0.9304347826086956,
          "Error": 0.06956521739130435
        },
        "(76.463, 80.957]": {
          "Éxito": 0.9395017793594306,
          "Error": 0.060498220640569395
        },
        "(80.957, 85.452]": {
          "Éxito": 0.946058091286307,
          "Error": 0.05394190871369295
        },
        "(85.452, 89.946]": {
          "Éxito": 0.9362549800796812,
          "Error": 0.06374501992031872
        }
      }
    },
    "roll_off": {
      "is_categorical": false,
      "bins": 10,
      "values": {
        "(0.2, 0.21]": {
          "Éxito": 0.9369369369369369,
          "Error": 0.06306306306306306
        },
        "(0.21, 0.22]": {
          "Éxito": 0.8995633187772926,
          "Error": 0.10043668122270742
        },
        "(0.22, 0.23]": {
          "Éxito": 0.9315589353612167,
          "Error": 0.06844106463878327
        },
        "(0.23, 0.24]": {
          "Éxito": 0.9273504273504274,
          "Error": 0.07264957264957266
        },
        "(0.24, 0.25]": {
          "Éxito": 0.937007874015748,
          "Error": 0.06299212598425197
        },
        "(0.25, 0.26]": {
          "Éxito": 0.9469387755102041,
          "Error": 0.053061224489795916
        },
        "(0.26, 0.27]": {
          "Éxito": 0.9349593495934959,
          "Error": 0.06504065040650407
        },
        "(0.27, 0.28]": {
          "Éxito": 0.9298892988929889,
          "Error": 0.07011070110701106
        },
        "(0.28, 0.29]": {
          "Éxito": 0.9385245901639344,
          "Error": 0.06147540983606557
        },
        "(0.29, 0.3]": {
          "Éxito": 0.94,
          "Error": 0.06
        }
      }
    }
  }
}