{
  "experiment": {
    "name": "ARQ_3__ESC_6",
    "timestamp": "2025-06-19T15:09:05.660463",
    "repeat_index": 3
  },
  "effects": {
    "num_taps": {
      "is_categorical": true,
      "bins": null,
      "values": {
        "1": {
          "Éxito": 0.97998046875,
          "Error": 0.02001953125
        }
      }
    },
    "snr_db": {
      "is_categorical": false,
      "bins": 10,
      "values": {
        "(7.996, 8.4]": {
          "Éxito": 0.9610591900311527,
          "Error": 0.03894080996884735
        },
        "(8.4, 8.8]": {
          "Éxito": 0.9746434231378764,
          "Error": 0.025356576862123614
        },
        "(8.8, 9.2]": {
          "Éxito": 0.9698492462311558,
          "Error": 0.03015075376884422
        },
        "(9.2, 9.6]": {
          "Éxito": 0.9788617886178862,
          "Error": 0.02113821138211382
        },
        "(9.6, 10.0]": {
          "Éxito": 0.9846678023850085,
          "Error": 0.015332197614991482
        },
        "(10.0, 10.4]": {
          "Éxito": 0.9782971619365609,
          "Error": 0.021702838063439065
        },
        "(10.4, 10.8]": {
          "Éxito": 0.985,
          "Error": 0.015
        },
        "(10.8, 11.2]": {
          "Éxito": 0.987220447284345,
          "Error": 0.012779552715654952
        },
        "(11.2, 11.6]": {
          "Éxito": 0.9935897435897436,
          "Error": 0.00641025641025641
        },
        "(11.6, 12.0]": {
          "Éxito": 0.9871589085072231,
          "Error": 0.012841091492776886
        }
      }
    },
    "phase_offset": {
      "is_categorical": false,
      "bins": 10,
      "values": {
        "(-0.0425, 4.502]": {
          "Éxito": 0.9667194928684627,
          "Error": 0.03328050713153724
        },
        "(4.502, 9.002]": {
          "Éxito": 0.983739837398374,
          "Error": 0.016260162601626018
        },
        "(9.002, 13.501]": {
          "Éxito": 0.9798761609907121,
          "Error": 0.020123839009287926
        },
        "(13.501, 18.001]": {
          "Éxito": 0.9896907216494846,
          "Error": 0.010309278350515464
        },
        "(18.001, 22.501]": {
          "Éxito": 0.9753694581280788,
          "Error": 0.024630541871921183
        },
        "(22.501, 27.0]": {
          "Éxito": 0.991869918699187,
          "Error": 0.008130081300813009
        },
        "(27.0, 31.5]": {
          "Éxito": 0.9801223241590215,
          "Error": 0.019877675840978593
        },
        "(31.5, 35.999]": {
          "Éxito": 0.9817578772802653,
          "Error": 0.01824212271973466
        },
        "(35.999, 40.499]": {
          "Éxito": 0.9781512605042016,
          "Error": 0.021848739495798318
        },
        "(40.499, 44.999]": {
          "Éxito": 0.9730639730639731,
          "Error": 0.026936026936026935
        }
      }
    },
    "roll_off": {
      "is_categorical": false,
      "bins": 10,
      "values": {
        "(0.2, 0.21]": {
          "Éxito": 0.967479674796748,
          "Error": 0.032520325203252036
        },
        "(0.21, 0.22]": {
          "Éxito": 0.9767441860465116,
          "Error": 0.023255813953488372
        },
        "(0.22, 0.23]": {
          "Éxito": 0.9840764331210191,
          "Error": 0.01592356687898089
        },
        "(0.23, 0.24]": {
          "Éxito": 0.9732540861812778,
          "Error": 0.02674591381872214
        },
        "(0.24, 0.25]": {
          "Éxito": 0.9719934102141681,
          "Error": 0.02800658978583196
        },
        "(0.25, 0.26]": {
          "Éxito": 0.9806451612903225,
          "Error": 0.01935483870967742
        },
        "(0.26, 0.27]": {
          "Éxito": 0.98,
          "Error": 0.02
        },
        "(0.27, 0.28]": {
          "Éxito": 0.9877408056042032,
          "Error": 0.012259194395796848
        },
        "(0.28, 0.29]": {
          "Éxito": 0.988599348534202,
          "Error": 0.011400651465798045
        },
        "(0.29, 0.3]": {
          "Éxito": 0.990228013029316,
          "Error": 0.009771986970684038
        }
      }
    }
  }
}