{
  "experiment": {
    "name": "red_carlos_ESC_1",
    "timestamp": "2025-06-18T03:06:30.927374",
    "repeat_index": 3,
    "fold_index": 4
  },
  "effects": {
    "num_taps": {
      "is_categorical": true,
      "bins": null,
      "values": {
        "2": {
          "Éxito": 0.6049633848657445,
          "Error": 0.3950366151342555
        }
      }
    },
    "snr_db": {
      "is_categorical": false,
      "bins": 10,
      "values": {
        "(-0.00225, 0.402]": {
          "Éxito": 0.5975609756097561,
          "Error": 0.4024390243902439
        },
        "(0.402, 0.801]": {
          "Éxito": 0.6327433628318584,
          "Error": 0.3672566371681416
        },
        "(0.801, 1.201]": {
          "Éxito": 0.6023166023166023,
          "Error": 0.39768339768339767
        },
        "(1.201, 1.601]": {
          "Éxito": 0.6206896551724138,
          "Error": 0.3793103448275862
        },
        "(1.601, 2.001]": {
          "Éxito": 0.6387665198237885,
          "Error": 0.36123348017621143
        },
        "(2.001, 2.401]": {
          "Éxito": 0.6142322097378277,
          "Error": 0.3857677902621723
        },
        "(2.401, 2.8]": {
          "Éxito": 0.589622641509434,
          "Error": 0.41037735849056606
        },
        "(2.8, 3.2]": {
          "Éxito": 0.5795454545454546,
          "Error": 0.42045454545454547
        },
        "(3.2, 3.6]": {
          "Éxito": 0.6008064516129032,
          "Error": 0.39919354838709675
        },
        "(3.6, 4.0]": {
          "Éxito": 0.5766129032258065,
          "Error": 0.42338709677419356
        }
      }
    },
    "phase_offset": {
      "is_categorical": false,
      "bins": 10,
      "values": {
        "(-0.0246, 4.515]": {
          "Éxito": 0.5714285714285714,
          "Error": 0.42857142857142855
        },
        "(4.515, 9.01]": {
          "Éxito": 0.5772357723577236,
          "Error": 0.42276422764227645
        },
        "(9.01, 13.506]": {
          "Éxito": 0.6018099547511312,
          "Error": 0.39819004524886875
        },
        "(13.506, 18.001]": {
          "Éxito": 0.5833333333333334,
          "Error": 0.4166666666666667
        },
        "(18.001, 22.496]": {
          "Éxito": 0.6297709923664122,
          "Error": 0.3702290076335878
        },
        "(22.496, 26.991]": {
          "Éxito": 0.6205357142857143,
          "Error": 0.3794642857142857
        },
        "(26.991, 31.486]": {
          "Éxito": 0.6538461538461539,
          "Error": 0.34615384615384615
        },
        "(31.486, 35.981]": {
          "Éxito": 0.6270491803278688,
          "Error": 0.3729508196721312
        },
        "(35.981, 40.476]": {
          "Éxito": 0.6039215686274509,
          "Error": 0.396078431372549
        },
        "(40.476, 44.971]": {
          "Éxito": 0.5846153846153846,
          "Error": 0.4153846153846154
        }
      }
    },
    "roll_off": {
      "is_categorical": false,
      "bins": 10,
      "values": {
        "(0.2, 0.21]": {
          "Éxito": 0.603448275862069,
          "Error": 0.39655172413793105
        },
        "(0.21, 0.22]": {
          "Éxito": 0.6387665198237885,
          "Error": 0.36123348017621143
        },
        "(0.22, 0.23]": {
          "Éxito": 0.5916030534351145,
          "Error": 0.4083969465648855
        },
        "(0.23, 0.24]": {
          "Éxito": 0.5933609958506224,
          "Error": 0.4066390041493776
        },
        "(0.24, 0.25]": {
          "Éxito": 0.6027397260273972,
          "Error": 0.3972602739726027
        },
        "(0.25, 0.26]": {
          "Éxito": 0.5625,
          "Error": 0.4375
        },
        "(0.26, 0.27]": {
          "Éxito": 0.612,
          "Error": 0.388
        },
        "(0.27, 0.28]": {
          "Éxito": 0.6523297491039427,
          "Error": 0.34767025089605735
        },
        "(0.28, 0.29]": {
          "Éxito": 0.6204081632653061,
          "Error": 0.3795918367346939
        },
        "(0.29, 0.3]": {
          "Éxito": 0.5708502024291497,
          "Error": 0.4291497975708502
        }
      }
    }
  }
}