{
  "experiment": {
    "name": "red_carlos_ESC_6",
    "timestamp": "2025-06-18T13:49:46.244493",
    "repeat_index": 2,
    "fold_index": 1
  },
  "effects": {
    "num_taps": {
      "is_categorical": true,
      "bins": null,
      "values": {
        "1": {
          "Éxito": 0.9731489015459723,
          "Error": 0.026851098454027666
        }
      }
    },
    "snr_db": {
      "is_categorical": false,
      "bins": 10,
      "values": {
        "(7.996, 8.4]": {
          "Éxito": 0.9491525423728814,
          "Error": 0.05084745762711865
        },
        "(8.4, 8.8]": {
          "Éxito": 0.9435483870967742,
          "Error": 0.056451612903225805
        },
        "(8.8, 9.199]": {
          "Éxito": 0.970954356846473,
          "Error": 0.029045643153526972
        },
        "(9.199, 9.599]": {
          "Éxito": 0.964,
          "Error": 0.036
        },
        "(9.599, 9.999]": {
          "Éxito": 0.973384030418251,
          "Error": 0.026615969581749048
        },
        "(9.999, 10.399]": {
          "Éxito": 0.9883720930232558,
          "Error": 0.011627906976744186
        },
        "(10.399, 10.798]": {
          "Éxito": 0.981651376146789,
          "Error": 0.01834862385321101
        },
        "(10.798, 11.198]": {
          "Éxito": 0.9869565217391304,
          "Error": 0.013043478260869565
        },
        "(11.198, 11.598]": {
          "Éxito": 0.9841897233201581,
          "Error": 0.015810276679841896
        },
        "(11.598, 11.997]": {
          "Éxito": 0.9885057471264368,
          "Error": 0.011494252873563218
        }
      }
    },
    "phase_offset": {
      "is_categorical": false,
      "bins": 10,
      "values": {
        "(-0.0341, 4.506]": {
          "Éxito": 0.9659574468085106,
          "Error": 0.03404255319148936
        },
        "(4.506, 9.001]": {
          "Éxito": 0.9649805447470817,
          "Error": 0.03501945525291829
        },
        "(9.001, 13.496]": {
          "Éxito": 0.9885931558935361,
          "Error": 0.011406844106463879
        },
        "(13.496, 17.99]": {
          "Éxito": 0.9760956175298805,
          "Error": 0.02390438247011952
        },
        "(17.99, 22.485]": {
          "Éxito": 0.9775280898876404,
          "Error": 0.02247191011235955
        },
        "(22.485, 26.98]": {
          "Éxito": 0.985781990521327,
          "Error": 0.014218009478672985
        },
        "(26.98, 31.475]": {
          "Éxito": 0.9731800766283525,
          "Error": 0.02681992337164751
        },
        "(31.475, 35.97]": {
          "Éxito": 0.9726027397260274,
          "Error": 0.0273972602739726
        },
        "(35.97, 40.465]": {
          "Éxito": 0.9836734693877551,
          "Error": 0.0163265306122449
        },
        "(40.465, 44.96]": {
          "Éxito": 0.9437751004016064,
          "Error": 0.05622489959839357
        }
      }
    },
    "roll_off": {
      "is_categorical": false,
      "bins": 10,
      "values": {
        "(0.2, 0.21]": {
          "Éxito": 0.9830508474576272,
          "Error": 0.01694915254237288
        },
        "(0.21, 0.22]": {
          "Éxito": 0.975103734439834,
          "Error": 0.024896265560165973
        },
        "(0.22, 0.23]": {
          "Éxito": 0.9461883408071748,
          "Error": 0.053811659192825115
        },
        "(0.23, 0.24]": {
          "Éxito": 0.9732142857142857,
          "Error": 0.026785714285714284
        },
        "(0.24, 0.25]": {
          "Éxito": 0.9795081967213115,
          "Error": 0.020491803278688523
        },
        "(0.25, 0.26]": {
          "Éxito": 0.9755244755244755,
          "Error": 0.024475524475524476
        },
        "(0.26, 0.27]": {
          "Éxito": 0.9656488549618321,
          "Error": 0.03435114503816794
        },
        "(0.27, 0.28]": {
          "Éxito": 0.9832635983263598,
          "Error": 0.016736401673640166
        },
        "(0.28, 0.29]": {
          "Éxito": 0.9776951672862454,
          "Error": 0.022304832713754646
        },
        "(0.29, 0.3]": {
          "Éxito": 0.9700854700854701,
          "Error": 0.029914529914529916
        }
      }
    }
  }
}