{
  "experiment": {
    "name": "res_tcn_se_esc_1",
    "timestamp": "2025-06-16T05:27:08.488332",
    "repeat_index": 0,
    "fold_index": 4
  },
  "effects": {
    "num_taps": {
      "is_categorical": true,
      "bins": null,
      "values": {
        "2": {
          "Éxito": 0.7428803905614321,
          "Error": 0.25711960943856793
        }
      }
    },
    "snr_db": {
      "is_categorical": false,
      "bins": 10,
      "values": {
        "(0.00288, 0.406]": {
          "Éxito": 0.6910569105691057,
          "Error": 0.3089430894308943
        },
        "(0.406, 0.805]": {
          "Éxito": 0.7354085603112841,
          "Error": 0.26459143968871596
        },
        "(0.805, 1.204]": {
          "Éxito": 0.7348484848484849,
          "Error": 0.26515151515151514
        },
        "(1.204, 1.603]": {
          "Éxito": 0.7550200803212851,
          "Error": 0.24497991967871485
        },
        "(1.603, 2.002]": {
          "Éxito": 0.7953488372093023,
          "Error": 0.20465116279069767
        },
        "(2.002, 2.401]": {
          "Éxito": 0.7142857142857143,
          "Error": 0.2857142857142857
        },
        "(2.401, 2.801]": {
          "Éxito": 0.7943548387096774,
          "Error": 0.2056451612903226
        },
        "(2.801, 3.2]": {
          "Éxito": 0.7932489451476793,
          "Error": 0.20675105485232068
        },
        "(3.2, 3.599]": {
          "Éxito": 0.717948717948718,
          "Error": 0.28205128205128205
        },
        "(3.599, 3.998]": {
          "Éxito": 0.7066115702479339,
          "Error": 0.29338842975206614
        }
      }
    },
    "phase_offset": {
      "is_categorical": false,
      "bins": 10,
      "values": {
        "(0.0122, 4.551]": {
          "Éxito": 0.7269076305220884,
          "Error": 0.27309236947791166
        },
        "(4.551, 9.045]": {
          "Éxito": 0.7709923664122137,
          "Error": 0.22900763358778625
        },
        "(9.045, 13.539]": {
          "Éxito": 0.7339055793991416,
          "Error": 0.26609442060085836
        },
        "(13.539, 18.032]": {
          "Éxito": 0.7468879668049793,
          "Error": 0.25311203319502074
        },
        "(18.032, 22.526]": {
          "Éxito": 0.7186147186147186,
          "Error": 0.2813852813852814
        },
        "(22.526, 27.02]": {
          "Éxito": 0.7366255144032922,
          "Error": 0.26337448559670784
        },
        "(27.02, 31.514]": {
          "Éxito": 0.7510548523206751,
          "Error": 0.2489451476793249
        },
        "(31.514, 36.008]": {
          "Éxito": 0.7782258064516129,
          "Error": 0.2217741935483871
        },
        "(36.008, 40.501]": {
          "Éxito": 0.749034749034749,
          "Error": 0.25096525096525096
        },
        "(40.501, 44.995]": {
          "Éxito": 0.7137254901960784,
          "Error": 0.28627450980392155
        }
      }
    },
    "roll_off": {
      "is_categorical": false,
      "bins": 10,
      "values": {
        "(0.2, 0.21]": {
          "Éxito": 0.7637795275590551,
          "Error": 0.23622047244094488
        },
        "(0.21, 0.22]": {
          "Éxito": 0.7520325203252033,
          "Error": 0.24796747967479674
        },
        "(0.22, 0.23]": {
          "Éxito": 0.7446808510638298,
          "Error": 0.2553191489361702
        },
        "(0.23, 0.24]": {
          "Éxito": 0.7698412698412699,
          "Error": 0.23015873015873015
        },
        "(0.24, 0.25]": {
          "Éxito": 0.7033898305084746,
          "Error": 0.2966101694915254
        },
        "(0.25, 0.26]": {
          "Éxito": 0.7280334728033473,
          "Error": 0.2719665271966527
        },
        "(0.26, 0.27]": {
          "Éxito": 0.7380073800738007,
          "Error": 0.26199261992619927
        },
        "(0.27, 0.28]": {
          "Éxito": 0.7626459143968871,
          "Error": 0.23735408560311283
        },
        "(0.28, 0.29]": {
          "Éxito": 0.7522522522522522,
          "Error": 0.24774774774774774
        },
        "(0.29, 0.3]": {
          "Éxito": 0.7113821138211383,
          "Error": 0.2886178861788618
        }
      }
    }
  }
}