{
  "experiment": {
    "name": "ARQ_2__ESC_5",
    "timestamp": "2025-06-19T15:41:44.100281",
    "repeat_index": 4
  },
  "effects": {
    "num_taps": {
      "is_categorical": true,
      "bins": null,
      "values": {
        "2": {
          "Éxito": 0.9944661458333334,
          "Error": 0.005533854166666667
        }
      }
    },
    "snr_db": {
      "is_categorical": false,
      "bins": 10,
      "values": {
        "(15.997, 16.401]": {
          "Éxito": 0.9967373572593801,
          "Error": 0.0032626427406199023
        },
        "(16.401, 16.801]": {
          "Éxito": 0.993660855784469,
          "Error": 0.006339144215530904
        },
        "(16.801, 17.201]": {
          "Éxito": 0.9884297520661157,
          "Error": 0.011570247933884297
        },
        "(17.201, 17.6]": {
          "Éxito": 0.9936406995230525,
          "Error": 0.006359300476947536
        },
        "(17.6, 18.0]": {
          "Éxito": 0.9905660377358491,
          "Error": 0.009433962264150943
        },
        "(18.0, 18.4]": {
          "Éxito": 0.9951219512195122,
          "Error": 0.004878048780487805
        },
        "(18.4, 18.8]": {
          "Éxito": 0.9966996699669967,
          "Error": 0.0033003300330033004
        },
        "(18.8, 19.2]": {
          "Éxito": 0.9952305246422893,
          "Error": 0.0047694753577106515
        },
        "(19.2, 19.599]": {
          "Éxito": 0.9983050847457627,
          "Error": 0.001694915254237288
        },
        "(19.599, 19.999]": {
          "Éxito": 0.9966101694915255,
          "Error": 0.003389830508474576
        }
      }
    },
    "phase_offset": {
      "is_categorical": false,
      "bins": 10,
      "values": {
        "(-0.0341, 4.51]": {
          "Éxito": 0.9982847341337907,
          "Error": 0.0017152658662092624
        },
        "(4.51, 9.008]": {
          "Éxito": 0.9952076677316294,
          "Error": 0.004792332268370607
        },
        "(9.008, 13.507]": {
          "Éxito": 0.993431855500821,
          "Error": 0.006568144499178982
        },
        "(13.507, 18.006]": {
          "Éxito": 1.0,
          "Error": 0.0
        },
        "(18.006, 22.504]": {
          "Éxito": 0.9903536977491961,
          "Error": 0.00964630225080386
        },
        "(22.504, 27.003]": {
          "Éxito": 0.991869918699187,
          "Error": 0.008130081300813009
        },
        "(27.003, 31.502]": {
          "Éxito": 0.9889415481832543,
          "Error": 0.011058451816745656
        },
        "(31.502, 36.0]": {
          "Éxito": 0.9950738916256158,
          "Error": 0.0049261083743842365
        },
        "(36.0, 40.499]": {
          "Éxito": 0.9917218543046358,
          "Error": 0.008278145695364239
        },
        "(40.499, 44.998]": {
          "Éxito": 1.0,
          "Error": 0.0
        }
      }
    },
    "roll_off": {
      "is_categorical": false,
      "bins": 10,
      "values": {
        "(0.2, 0.21]": {
          "Éxito": 0.9888178913738019,
          "Error": 0.011182108626198083
        },
        "(0.21, 0.22]": {
          "Éxito": 0.9966329966329966,
          "Error": 0.003367003367003367
        },
        "(0.22, 0.23]": {
          "Éxito": 0.9938650306748467,
          "Error": 0.006134969325153374
        },
        "(0.23, 0.24]": {
          "Éxito": 0.9893992932862191,
          "Error": 0.01060070671378092
        },
        "(0.24, 0.25]": {
          "Éxito": 0.9932998324958124,
          "Error": 0.006700167504187605
        },
        "(0.25, 0.26]": {
          "Éxito": 0.9966722129783694,
          "Error": 0.0033277870216306157
        },
        "(0.26, 0.27]": {
          "Éxito": 0.99836867862969,
          "Error": 0.0016313213703099511
        },
        "(0.27, 0.28]": {
          "Éxito": 0.9922600619195047,
          "Error": 0.007739938080495356
        },
        "(0.28, 0.29]": {
          "Éxito": 0.9982905982905983,
          "Error": 0.0017094017094017094
        },
        "(0.29, 0.3]": {
          "Éxito": 0.9969879518072289,
          "Error": 0.0030120481927710845
        }
      }
    }
  }
}