{
  "experiment": {
    "name": "cnn_bilstm_attn_esc_6",
    "timestamp": "2025-06-17T06:42:52.108217",
    "repeat_index": 0,
    "fold_index": 0
  },
  "effects": {
    "num_taps": {
      "is_categorical": true,
      "bins": null,
      "values": {
        "1": {
          "Éxito": 0.9751830756712775,
          "Error": 0.02481692432872254
        }
      }
    },
    "snr_db": {
      "is_categorical": false,
      "bins": 10,
      "values": {
        "(7.997, 8.401]": {
          "Éxito": 0.9496124031007752,
          "Error": 0.050387596899224806
        },
        "(8.401, 8.8]": {
          "Éxito": 0.9448818897637795,
          "Error": 0.05511811023622047
        },
        "(8.8, 9.2]": {
          "Éxito": 0.988,
          "Error": 0.012
        },
        "(9.2, 9.6]": {
          "Éxito": 0.9590163934426229,
          "Error": 0.040983606557377046
        },
        "(9.6, 10.0]": {
          "Éxito": 0.9790794979079498,
          "Error": 0.02092050209205021
        },
        "(10.0, 10.4]": {
          "Éxito": 0.988,
          "Error": 0.012
        },
        "(10.4, 10.8]": {
          "Éxito": 0.9956140350877193,
          "Error": 0.0043859649122807015
        },
        "(10.8, 11.2]": {
          "Éxito": 0.984375,
          "Error": 0.015625
        },
        "(11.2, 11.6]": {
          "Éxito": 0.9916317991631799,
          "Error": 0.008368200836820083
        },
        "(11.6, 12.0]": {
          "Éxito": 0.975,
          "Error": 0.025
        }
      }
    },
    "phase_offset": {
      "is_categorical": false,
      "bins": 10,
      "values": {
        "(-0.0417, 4.503]": {
          "Éxito": 0.9391634980988594,
          "Error": 0.060836501901140684
        },
        "(4.503, 9.002]": {
          "Éxito": 0.9695652173913043,
          "Error": 0.030434782608695653
        },
        "(9.002, 13.502]": {
          "Éxito": 0.9829059829059829,
          "Error": 0.017094017094017096
        },
        "(13.502, 18.001]": {
          "Éxito": 0.9884615384615385,
          "Error": 0.011538461538461539
        },
        "(18.001, 22.5]": {
          "Éxito": 0.981203007518797,
          "Error": 0.018796992481203006
        },
        "(22.5, 27.0]": {
          "Éxito": 0.99581589958159,
          "Error": 0.0041841004184100415
        },
        "(27.0, 31.499]": {
          "Éxito": 0.9695817490494296,
          "Error": 0.030418250950570342
        },
        "(31.499, 35.999]": {
          "Éxito": 0.9862385321100917,
          "Error": 0.013761467889908258
        },
        "(35.999, 40.498]": {
          "Éxito": 0.9838709677419355,
          "Error": 0.016129032258064516
        },
        "(40.498, 44.997]": {
          "Éxito": 0.9578059071729957,
          "Error": 0.04219409282700422
        }
      }
    },
    "roll_off": {
      "is_categorical": false,
      "bins": 10,
      "values": {
        "(0.2, 0.21]": {
          "Éxito": 0.9369747899159664,
          "Error": 0.06302521008403361
        },
        "(0.21, 0.22]": {
          "Éxito": 0.9652777777777778,
          "Error": 0.034722222222222224
        },
        "(0.22, 0.23]": {
          "Éxito": 0.9757085020242915,
          "Error": 0.024291497975708502
        },
        "(0.23, 0.24]": {
          "Éxito": 0.9836734693877551,
          "Error": 0.0163265306122449
        },
        "(0.24, 0.25]": {
          "Éxito": 0.9653679653679653,
          "Error": 0.03463203463203463
        },
        "(0.25, 0.26]": {
          "Éxito": 0.9806949806949807,
          "Error": 0.019305019305019305
        },
        "(0.26, 0.27]": {
          "Éxito": 0.9915254237288136,
          "Error": 0.00847457627118644
        },
        "(0.27, 0.28]": {
          "Éxito": 0.9722222222222222,
          "Error": 0.027777777777777776
        },
        "(0.28, 0.29]": {
          "Éxito": 0.9872340425531915,
          "Error": 0.01276595744680851
        },
        "(0.29, 0.3]": {
          "Éxito": 0.9955947136563876,
          "Error": 0.004405286343612335
        }
      }
    }
  }
}