{
  "experiment": {
    "name": "ARQ_2__ESC_11",
    "timestamp": "2025-06-20T01:43:49.464265",
    "repeat_index": 2
  },
  "effects": {
    "num_taps": {
      "is_categorical": true,
      "bins": null,
      "values": {
        "2": {
          "Éxito": 0.97412109375,
          "Error": 0.02587890625
        }
      }
    },
    "snr_db": {
      "is_categorical": false,
      "bins": 10,
      "values": {
        "(7.996, 8.4]": {
          "Éxito": 0.9587955625990491,
          "Error": 0.04120443740095087
        },
        "(8.4, 8.8]": {
          "Éxito": 0.9506578947368421,
          "Error": 0.049342105263157895
        },
        "(8.8, 9.2]": {
          "Éxito": 0.9703588143525741,
          "Error": 0.029641185647425898
        },
        "(9.2, 9.6]": {
          "Éxito": 0.9771615008156607,
          "Error": 0.022838499184339316
        },
        "(9.6, 10.0]": {
          "Éxito": 0.9726962457337884,
          "Error": 0.027303754266211604
        },
        "(10.0, 10.4]": {
          "Éxito": 0.9797297297297297,
          "Error": 0.02027027027027027
        },
        "(10.4, 10.8]": {
          "Éxito": 0.9785478547854786,
          "Error": 0.02145214521452145
        },
        "(10.8, 11.2]": {
          "Éxito": 0.9794168096054888,
          "Error": 0.02058319039451115
        },
        "(11.2, 11.6]": {
          "Éxito": 0.9813953488372092,
          "Error": 0.018604651162790697
        },
        "(11.6, 12.0]": {
          "Éxito": 0.9921752738654147,
          "Error": 0.00782472613458529
        }
      }
    },
    "phase_offset": {
      "is_categorical": false,
      "bins": 10,
      "values": {
        "(134.963, 139.507]": {
          "Éxito": 0.9790996784565916,
          "Error": 0.02090032154340836
        },
        "(139.507, 144.006]": {
          "Éxito": 0.9634920634920635,
          "Error": 0.03650793650793651
        },
        "(144.006, 148.505]": {
          "Éxito": 0.9840255591054313,
          "Error": 0.01597444089456869
        },
        "(148.505, 153.004]": {
          "Éxito": 0.9752883031301482,
          "Error": 0.02471169686985173
        },
        "(153.004, 157.503]": {
          "Éxito": 0.9637223974763407,
          "Error": 0.03627760252365931
        },
        "(157.503, 162.002]": {
          "Éxito": 0.9752883031301482,
          "Error": 0.02471169686985173
        },
        "(162.002, 166.501]": {
          "Éxito": 0.9821428571428571,
          "Error": 0.017857142857142856
        },
        "(166.501, 171.0]": {
          "Éxito": 0.9744027303754266,
          "Error": 0.025597269624573378
        },
        "(171.0, 175.498]": {
          "Éxito": 0.9638752052545156,
          "Error": 0.0361247947454844
        },
        "(175.498, 179.997]": {
          "Éxito": 0.9802306425041186,
          "Error": 0.019769357495881382
        }
      }
    },
    "roll_off": {
      "is_categorical": false,
      "bins": 10,
      "values": {
        "(0.2, 0.21]": {
          "Éxito": 0.9672413793103448,
          "Error": 0.032758620689655175
        },
        "(0.21, 0.22]": {
          "Éxito": 0.9679595278246206,
          "Error": 0.03204047217537943
        },
        "(0.22, 0.23]": {
          "Éxito": 0.9720394736842105,
          "Error": 0.027960526315789474
        },
        "(0.23, 0.24]": {
          "Éxito": 0.978125,
          "Error": 0.021875
        },
        "(0.24, 0.25]": {
          "Éxito": 0.9625407166123778,
          "Error": 0.03745928338762215
        },
        "(0.25, 0.26]": {
          "Éxito": 0.984,
          "Error": 0.016
        },
        "(0.26, 0.27]": {
          "Éxito": 0.9712837837837838,
          "Error": 0.028716216216216218
        },
        "(0.27, 0.28]": {
          "Éxito": 0.9760765550239234,
          "Error": 0.023923444976076555
        },
        "(0.28, 0.29]": {
          "Éxito": 0.98125,
          "Error": 0.01875
        },
        "(0.29, 0.3]": {
          "Éxito": 0.9792,
          "Error": 0.0208
        }
      }
    }
  }
}