{
  "experiment": {
    "name": "ARQ_1__ESC_10",
    "timestamp": "2025-06-22T18:07:51.026628",
    "repeat_index": 3
  },
  "effects": {
    "num_taps": {
      "is_categorical": true,
      "bins": null,
      "values": {
        "2": {
          "Éxito": 0.9752604166666666,
          "Error": 0.024739583333333332
        }
      }
    },
    "snr_db": {
      "is_categorical": false,
      "bins": 10,
      "values": {
        "(7.997, 8.401]": {
          "Éxito": 0.9611197511664075,
          "Error": 0.038880248833592534
        },
        "(8.401, 8.801]": {
          "Éxito": 0.9578207381370826,
          "Error": 0.0421792618629174
        },
        "(8.801, 9.201]": {
          "Éxito": 0.9662379421221865,
          "Error": 0.03376205787781351
        },
        "(9.201, 9.6]": {
          "Éxito": 0.976,
          "Error": 0.024
        },
        "(9.6, 10.0]": {
          "Éxito": 0.9872611464968153,
          "Error": 0.012738853503184714
        },
        "(10.0, 10.4]": {
          "Éxito": 0.9728353140916808,
          "Error": 0.027164685908319185
        },
        "(10.4, 10.8]": {
          "Éxito": 0.9807692307692307,
          "Error": 0.019230769230769232
        },
        "(10.8, 11.2]": {
          "Éxito": 0.988976377952756,
          "Error": 0.011023622047244094
        },
        "(11.2, 11.6]": {
          "Éxito": 0.9788273615635179,
          "Error": 0.021172638436482084
        },
        "(11.6, 11.999]": {
          "Éxito": 0.9815126050420168,
          "Error": 0.018487394957983194
        }
      }
    },
    "phase_offset": {
      "is_categorical": false,
      "bins": 10,
      "values": {
        "(89.957, 94.5]": {
          "Éxito": 0.9742765273311897,
          "Error": 0.02572347266881029
        },
        "(94.5, 98.998]": {
          "Éxito": 0.9667721518987342,
          "Error": 0.03322784810126582
        },
        "(98.998, 103.496]": {
          "Éxito": 0.9759615384615384,
          "Error": 0.02403846153846154
        },
        "(103.496, 107.994]": {
          "Éxito": 0.9741935483870968,
          "Error": 0.025806451612903226
        },
        "(107.994, 112.492]": {
          "Éxito": 0.9737704918032787,
          "Error": 0.02622950819672131
        },
        "(112.492, 116.99]": {
          "Éxito": 0.9798994974874372,
          "Error": 0.020100502512562814
        },
        "(116.99, 121.488]": {
          "Éxito": 0.9748031496062992,
          "Error": 0.025196850393700787
        },
        "(121.488, 125.986]": {
          "Éxito": 0.9826771653543307,
          "Error": 0.01732283464566929
        },
        "(125.986, 130.483]": {
          "Éxito": 0.9816360601001669,
          "Error": 0.018363939899833055
        },
        "(130.483, 134.981]": {
          "Éxito": 0.968421052631579,
          "Error": 0.031578947368421054
        }
      }
    },
    "roll_off": {
      "is_categorical": false,
      "bins": 10,
      "values": {
        "(0.2, 0.21]": {
          "Éxito": 0.9614740368509213,
          "Error": 0.038525963149078725
        },
        "(0.21, 0.22]": {
          "Éxito": 0.9748031496062992,
          "Error": 0.025196850393700787
        },
        "(0.22, 0.23]": {
          "Éxito": 0.9725085910652921,
          "Error": 0.027491408934707903
        },
        "(0.23, 0.24]": {
          "Éxito": 0.9689655172413794,
          "Error": 0.03103448275862069
        },
        "(0.24, 0.25]": {
          "Éxito": 0.9747235387045814,
          "Error": 0.02527646129541864
        },
        "(0.25, 0.26]": {
          "Éxito": 0.9763313609467456,
          "Error": 0.023668639053254437
        },
        "(0.26, 0.27]": {
          "Éxito": 0.9745331069609507,
          "Error": 0.025466893039049237
        },
        "(0.27, 0.28]": {
          "Éxito": 0.9803600654664485,
          "Error": 0.019639934533551555
        },
        "(0.28, 0.29]": {
          "Éxito": 0.984,
          "Error": 0.016
        },
        "(0.29, 0.3]": {
          "Éxito": 0.9837662337662337,
          "Error": 0.016233766233766232
        }
      }
    }
  }
}