{
  "experiment": {
    "name": "ARQ_3__ESC_3",
    "timestamp": "2025-06-19T10:06:37.554327",
    "repeat_index": 6
  },
  "effects": {
    "num_taps": {
      "is_categorical": true,
      "bins": null,
      "values": {
        "2": {
          "Éxito": 0.95654296875,
          "Error": 0.04345703125
        }
      }
    },
    "snr_db": {
      "is_categorical": false,
      "bins": 10,
      "values": {
        "(7.996, 8.4]": {
          "Éxito": 0.9434931506849316,
          "Error": 0.05650684931506849
        },
        "(8.4, 8.8]": {
          "Éxito": 0.9497645211930926,
          "Error": 0.05023547880690738
        },
        "(8.8, 9.2]": {
          "Éxito": 0.9339774557165862,
          "Error": 0.06602254428341385
        },
        "(9.2, 9.6]": {
          "Éxito": 0.9500780031201248,
          "Error": 0.0499219968798752
        },
        "(9.6, 10.0]": {
          "Éxito": 0.9553846153846154,
          "Error": 0.04461538461538461
        },
        "(10.0, 10.4]": {
          "Éxito": 0.9737274220032841,
          "Error": 0.026272577996715927
        },
        "(10.4, 10.8]": {
          "Éxito": 0.9614740368509213,
          "Error": 0.038525963149078725
        },
        "(10.8, 11.2]": {
          "Éxito": 0.9669565217391304,
          "Error": 0.03304347826086956
        },
        "(11.2, 11.6]": {
          "Éxito": 0.9622047244094488,
          "Error": 0.03779527559055118
        },
        "(11.6, 12.0]": {
          "Éxito": 0.9697478991596639,
          "Error": 0.030252100840336135
        }
      }
    },
    "phase_offset": {
      "is_categorical": false,
      "bins": 10,
      "values": {
        "(-0.0388, 4.505]": {
          "Éxito": 0.9651567944250871,
          "Error": 0.03484320557491289
        },
        "(4.505, 9.004]": {
          "Éxito": 0.9653543307086614,
          "Error": 0.03464566929133858
        },
        "(9.004, 13.503]": {
          "Éxito": 0.9534510433386838,
          "Error": 0.04654895666131621
        },
        "(13.503, 18.002]": {
          "Éxito": 0.9439252336448598,
          "Error": 0.056074766355140186
        },
        "(18.002, 22.501]": {
          "Éxito": 0.9466437177280551,
          "Error": 0.05335628227194492
        },
        "(22.501, 27.0]": {
          "Éxito": 0.9647058823529412,
          "Error": 0.03529411764705882
        },
        "(27.0, 31.499]": {
          "Éxito": 0.9605911330049262,
          "Error": 0.03940886699507389
        },
        "(31.499, 35.998]": {
          "Éxito": 0.9560975609756097,
          "Error": 0.04390243902439024
        },
        "(35.998, 40.497]": {
          "Éxito": 0.9565217391304348,
          "Error": 0.043478260869565216
        },
        "(40.497, 44.996]": {
          "Éxito": 0.9536741214057508,
          "Error": 0.0463258785942492
        }
      }
    },
    "roll_off": {
      "is_categorical": false,
      "bins": 10,
      "values": {
        "(0.2, 0.21]": {
          "Éxito": 0.9478991596638655,
          "Error": 0.052100840336134456
        },
        "(0.21, 0.22]": {
          "Éxito": 0.9420783645655877,
          "Error": 0.05792163543441227
        },
        "(0.22, 0.23]": {
          "Éxito": 0.9566563467492261,
          "Error": 0.043343653250773995
        },
        "(0.23, 0.24]": {
          "Éxito": 0.9399656946826758,
          "Error": 0.060034305317324184
        },
        "(0.24, 0.25]": {
          "Éxito": 0.9628482972136223,
          "Error": 0.03715170278637771
        },
        "(0.25, 0.26]": {
          "Éxito": 0.9529042386185244,
          "Error": 0.04709576138147567
        },
        "(0.26, 0.27]": {
          "Éxito": 0.9681528662420382,
          "Error": 0.03184713375796178
        },
        "(0.27, 0.28]": {
          "Éxito": 0.9599332220367279,
          "Error": 0.04006677796327212
        },
        "(0.28, 0.29]": {
          "Éxito": 0.9664,
          "Error": 0.0336
        },
        "(0.29, 0.3]": {
          "Éxito": 0.9665551839464883,
          "Error": 0.033444816053511704
        }
      }
    }
  }
}