{
  "experiment": {
    "name": "cnn_bilstm_attn_esc_4",
    "timestamp": "2025-06-21T05:57:53.227174",
    "repeat_index": 1,
    "fold_index": 4
  },
  "effects": {
    "num_taps": {
      "is_categorical": true,
      "bins": null,
      "values": {
        "2": {
          "Éxito": 0.9865744507729862,
          "Error": 0.013425549227013833
        }
      }
    },
    "snr_db": {
      "is_categorical": false,
      "bins": 10,
      "values": {
        "(11.997, 12.401]": {
          "Éxito": 0.9871794871794872,
          "Error": 0.01282051282051282
        },
        "(12.401, 12.8]": {
          "Éxito": 0.9762845849802372,
          "Error": 0.023715415019762844
        },
        "(12.8, 13.2]": {
          "Éxito": 0.9752066115702479,
          "Error": 0.024793388429752067
        },
        "(13.2, 13.6]": {
          "Éxito": 0.991869918699187,
          "Error": 0.008130081300813009
        },
        "(13.6, 13.999]": {
          "Éxito": 0.9802371541501976,
          "Error": 0.019762845849802372
        },
        "(13.999, 14.399]": {
          "Éxito": 0.9916666666666667,
          "Error": 0.008333333333333333
        },
        "(14.399, 14.799]": {
          "Éxito": 0.9959839357429718,
          "Error": 0.004016064257028112
        },
        "(14.799, 15.198]": {
          "Éxito": 0.9839357429718876,
          "Error": 0.01606425702811245
        },
        "(15.198, 15.598]": {
          "Éxito": 0.9876543209876543,
          "Error": 0.012345679012345678
        },
        "(15.598, 15.998]": {
          "Éxito": 0.9959839357429718,
          "Error": 0.004016064257028112
        }
      }
    },
    "phase_offset": {
      "is_categorical": false,
      "bins": 10,
      "values": {
        "(-0.0443, 4.5]": {
          "Éxito": 0.9849624060150376,
          "Error": 0.015037593984962405
        },
        "(4.5, 8.998]": {
          "Éxito": 0.9873949579831933,
          "Error": 0.012605042016806723
        },
        "(8.998, 13.497]": {
          "Éxito": 0.995850622406639,
          "Error": 0.004149377593360996
        },
        "(13.497, 17.996]": {
          "Éxito": 0.9924528301886792,
          "Error": 0.007547169811320755
        },
        "(17.996, 22.495]": {
          "Éxito": 0.9913419913419913,
          "Error": 0.008658008658008658
        },
        "(22.495, 26.994]": {
          "Éxito": 0.979253112033195,
          "Error": 0.02074688796680498
        },
        "(26.994, 31.493]": {
          "Éxito": 0.9726027397260274,
          "Error": 0.0273972602739726
        },
        "(31.493, 35.992]": {
          "Éxito": 0.9880952380952381,
          "Error": 0.011904761904761904
        },
        "(35.992, 40.491]": {
          "Éxito": 0.9850746268656716,
          "Error": 0.014925373134328358
        },
        "(40.491, 44.989]": {
          "Éxito": 0.9873417721518988,
          "Error": 0.012658227848101266
        }
      }
    },
    "roll_off": {
      "is_categorical": false,
      "bins": 10,
      "values": {
        "(0.2, 0.21]": {
          "Éxito": 0.9881889763779528,
          "Error": 0.011811023622047244
        },
        "(0.21, 0.22]": {
          "Éxito": 0.96875,
          "Error": 0.03125
        },
        "(0.22, 0.23]": {
          "Éxito": 0.9831223628691983,
          "Error": 0.016877637130801686
        },
        "(0.23, 0.24]": {
          "Éxito": 0.9877049180327869,
          "Error": 0.012295081967213115
        },
        "(0.24, 0.25]": {
          "Éxito": 0.9877551020408163,
          "Error": 0.012244897959183673
        },
        "(0.25, 0.26]": {
          "Éxito": 0.9845559845559846,
          "Error": 0.015444015444015444
        },
        "(0.26, 0.27]": {
          "Éxito": 0.9962264150943396,
          "Error": 0.0037735849056603774
        },
        "(0.27, 0.28]": {
          "Éxito": 0.9908675799086758,
          "Error": 0.0091324200913242
        },
        "(0.28, 0.29]": {
          "Éxito": 0.984375,
          "Error": 0.015625
        },
        "(0.29, 0.3]": {
          "Éxito": 0.9955156950672646,
          "Error": 0.004484304932735426
        }
      }
    }
  }
}