{
  "experiment": {
    "name": "ARQ_1__ESC_10",
    "timestamp": "2025-06-22T16:29:09.769756",
    "repeat_index": 1
  },
  "effects": {
    "num_taps": {
      "is_categorical": true,
      "bins": null,
      "values": {
        "2": {
          "Éxito": 0.974609375,
          "Error": 0.025390625
        }
      }
    },
    "snr_db": {
      "is_categorical": false,
      "bins": 10,
      "values": {
        "(7.997, 8.401]": {
          "Éxito": 0.9673405909797823,
          "Error": 0.03265940902021773
        },
        "(8.401, 8.801]": {
          "Éxito": 0.961335676625659,
          "Error": 0.03866432337434095
        },
        "(8.801, 9.201]": {
          "Éxito": 0.9710610932475884,
          "Error": 0.028938906752411574
        },
        "(9.201, 9.6]": {
          "Éxito": 0.976,
          "Error": 0.024
        },
        "(9.6, 10.0]": {
          "Éxito": 0.9761146496815286,
          "Error": 0.02388535031847134
        },
        "(10.0, 10.4]": {
          "Éxito": 0.9609507640067911,
          "Error": 0.03904923599320883
        },
        "(10.4, 10.8]": {
          "Éxito": 0.9775641025641025,
          "Error": 0.022435897435897436
        },
        "(10.8, 11.2]": {
          "Éxito": 0.9811023622047244,
          "Error": 0.01889763779527559
        },
        "(11.2, 11.6]": {
          "Éxito": 0.9853420195439739,
          "Error": 0.014657980456026058
        },
        "(11.6, 11.999]": {
          "Éxito": 0.9882352941176471,
          "Error": 0.011764705882352941
        }
      }
    },
    "phase_offset": {
      "is_categorical": false,
      "bins": 10,
      "values": {
        "(89.957, 94.5]": {
          "Éxito": 0.977491961414791,
          "Error": 0.022508038585209004
        },
        "(94.5, 98.998]": {
          "Éxito": 0.9778481012658228,
          "Error": 0.022151898734177215
        },
        "(98.998, 103.496]": {
          "Éxito": 0.9759615384615384,
          "Error": 0.02403846153846154
        },
        "(103.496, 107.994]": {
          "Éxito": 0.9709677419354839,
          "Error": 0.02903225806451613
        },
        "(107.994, 112.492]": {
          "Éxito": 0.9737704918032787,
          "Error": 0.02622950819672131
        },
        "(112.492, 116.99]": {
          "Éxito": 0.9698492462311558,
          "Error": 0.03015075376884422
        },
        "(116.99, 121.488]": {
          "Éxito": 0.9748031496062992,
          "Error": 0.025196850393700787
        },
        "(121.488, 125.986]": {
          "Éxito": 0.9811023622047244,
          "Error": 0.01889763779527559
        },
        "(125.986, 130.483]": {
          "Éxito": 0.9833055091819699,
          "Error": 0.01669449081803005
        },
        "(130.483, 134.981]": {
          "Éxito": 0.9596491228070175,
          "Error": 0.04035087719298246
        }
      }
    },
    "roll_off": {
      "is_categorical": false,
      "bins": 10,
      "values": {
        "(0.2, 0.21]": {
          "Éxito": 0.964824120603015,
          "Error": 0.035175879396984924
        },
        "(0.21, 0.22]": {
          "Éxito": 0.9669291338582677,
          "Error": 0.03307086614173228
        },
        "(0.22, 0.23]": {
          "Éxito": 0.9656357388316151,
          "Error": 0.03436426116838488
        },
        "(0.23, 0.24]": {
          "Éxito": 0.9741379310344828,
          "Error": 0.02586206896551724
        },
        "(0.24, 0.25]": {
          "Éxito": 0.9699842022116903,
          "Error": 0.030015797788309637
        },
        "(0.25, 0.26]": {
          "Éxito": 0.9718934911242604,
          "Error": 0.028106508875739646
        },
        "(0.26, 0.27]": {
          "Éxito": 0.9830220713073005,
          "Error": 0.01697792869269949
        },
        "(0.27, 0.28]": {
          "Éxito": 0.983633387888707,
          "Error": 0.016366612111292964
        },
        "(0.28, 0.29]": {
          "Éxito": 0.9808,
          "Error": 0.0192
        },
        "(0.29, 0.3]": {
          "Éxito": 0.9853896103896104,
          "Error": 0.01461038961038961
        }
      }
    }
  }
}