{
  "experiment": {
    "name": "cnn_bilstm_attn_esc_6",
    "timestamp": "2025-06-23T17:02:00.092461",
    "repeat_index": 3,
    "fold_index": 2
  },
  "effects": {
    "num_taps": {
      "is_categorical": true,
      "bins": null,
      "values": {
        "1": {
          "Éxito": 0.9804719283970708,
          "Error": 0.01952807160292921
        }
      }
    },
    "snr_db": {
      "is_categorical": false,
      "bins": 10,
      "values": {
        "(7.999, 8.402]": {
          "Éxito": 0.9777777777777777,
          "Error": 0.022222222222222223
        },
        "(8.402, 8.802]": {
          "Éxito": 0.9656488549618321,
          "Error": 0.03435114503816794
        },
        "(8.802, 9.201]": {
          "Éxito": 0.9822222222222222,
          "Error": 0.017777777777777778
        },
        "(9.201, 9.601]": {
          "Éxito": 0.9702602230483272,
          "Error": 0.02973977695167286
        },
        "(9.601, 10.0]": {
          "Éxito": 0.9670781893004116,
          "Error": 0.03292181069958848
        },
        "(10.0, 10.399]": {
          "Éxito": 1.0,
          "Error": 0.0
        },
        "(10.399, 10.799]": {
          "Éxito": 0.9911894273127754,
          "Error": 0.00881057268722467
        },
        "(10.799, 11.198]": {
          "Éxito": 0.9699570815450643,
          "Error": 0.030042918454935622
        },
        "(11.198, 11.598]": {
          "Éxito": 0.981549815498155,
          "Error": 0.01845018450184502
        },
        "(11.598, 11.997]": {
          "Éxito": 1.0,
          "Error": 0.0
        }
      }
    },
    "phase_offset": {
      "is_categorical": false,
      "bins": 10,
      "values": {
        "(-0.0417, 4.502]": {
          "Éxito": 0.97265625,
          "Error": 0.02734375
        },
        "(4.502, 9.001]": {
          "Éxito": 0.9694323144104804,
          "Error": 0.03056768558951965
        },
        "(9.001, 13.499]": {
          "Éxito": 0.9885496183206107,
          "Error": 0.011450381679389313
        },
        "(13.499, 17.998]": {
          "Éxito": 0.9790794979079498,
          "Error": 0.02092050209205021
        },
        "(17.998, 22.497]": {
          "Éxito": 0.9725490196078431,
          "Error": 0.027450980392156862
        },
        "(22.497, 26.995]": {
          "Éxito": 0.991304347826087,
          "Error": 0.008695652173913044
        },
        "(26.995, 31.494]": {
          "Éxito": 0.9839357429718876,
          "Error": 0.01606425702811245
        },
        "(31.494, 35.993]": {
          "Éxito": 0.9873949579831933,
          "Error": 0.012605042016806723
        },
        "(35.993, 40.491]": {
          "Éxito": 0.9838709677419355,
          "Error": 0.016129032258064516
        },
        "(40.491, 44.99]": {
          "Éxito": 0.9761904761904762,
          "Error": 0.023809523809523808
        }
      }
    },
    "roll_off": {
      "is_categorical": false,
      "bins": 10,
      "values": {
        "(0.2, 0.21]": {
          "Éxito": 0.9609929078014184,
          "Error": 0.03900709219858156
        },
        "(0.21, 0.22]": {
          "Éxito": 0.9625,
          "Error": 0.0375
        },
        "(0.22, 0.23]": {
          "Éxito": 0.9835390946502057,
          "Error": 0.01646090534979424
        },
        "(0.23, 0.24]": {
          "Éxito": 0.9874476987447699,
          "Error": 0.012552301255230125
        },
        "(0.24, 0.25]": {
          "Éxito": 0.9795081967213115,
          "Error": 0.020491803278688523
        },
        "(0.25, 0.26]": {
          "Éxito": 0.9806949806949807,
          "Error": 0.019305019305019305
        },
        "(0.26, 0.27]": {
          "Éxito": 0.9878048780487805,
          "Error": 0.012195121951219513
        },
        "(0.27, 0.28]": {
          "Éxito": 0.9821428571428571,
          "Error": 0.017857142857142856
        },
        "(0.28, 0.29]": {
          "Éxito": 0.99609375,
          "Error": 0.00390625
        },
        "(0.29, 0.3]": {
          "Éxito": 0.9866666666666667,
          "Error": 0.013333333333333334
        }
      }
    }
  }
}