{
  "experiment": {
    "name": "ARQ_3__ESC_11",
    "timestamp": "2025-06-19T23:17:04.669827",
    "repeat_index": 6
  },
  "effects": {
    "num_taps": {
      "is_categorical": true,
      "bins": null,
      "values": {
        "2": {
          "Éxito": 0.9654947916666666,
          "Error": 0.034505208333333336
        }
      }
    },
    "snr_db": {
      "is_categorical": false,
      "bins": 10,
      "values": {
        "(7.996, 8.4]": {
          "Éxito": 0.9587955625990491,
          "Error": 0.04120443740095087
        },
        "(8.4, 8.8]": {
          "Éxito": 0.944078947368421,
          "Error": 0.05592105263157895
        },
        "(8.8, 9.2]": {
          "Éxito": 0.9641185647425897,
          "Error": 0.0358814352574103
        },
        "(9.2, 9.6]": {
          "Éxito": 0.964110929853181,
          "Error": 0.03588907014681892
        },
        "(9.6, 10.0]": {
          "Éxito": 0.9573378839590444,
          "Error": 0.042662116040955635
        },
        "(10.0, 10.4]": {
          "Éxito": 0.9695945945945946,
          "Error": 0.030405405405405407
        },
        "(10.4, 10.8]": {
          "Éxito": 0.966996699669967,
          "Error": 0.033003300330033
        },
        "(10.8, 11.2]": {
          "Éxito": 0.9708404802744426,
          "Error": 0.029159519725557463
        },
        "(11.2, 11.6]": {
          "Éxito": 0.9813953488372092,
          "Error": 0.018604651162790697
        },
        "(11.6, 12.0]": {
          "Éxito": 0.9765258215962441,
          "Error": 0.023474178403755867
        }
      }
    },
    "phase_offset": {
      "is_categorical": false,
      "bins": 10,
      "values": {
        "(134.963, 139.507]": {
          "Éxito": 0.9662379421221865,
          "Error": 0.03376205787781351
        },
        "(139.507, 144.006]": {
          "Éxito": 0.9587301587301588,
          "Error": 0.04126984126984127
        },
        "(144.006, 148.505]": {
          "Éxito": 0.9664536741214057,
          "Error": 0.03354632587859425
        },
        "(148.505, 153.004]": {
          "Éxito": 0.9621087314662273,
          "Error": 0.03789126853377265
        },
        "(153.004, 157.503]": {
          "Éxito": 0.9668769716088328,
          "Error": 0.033123028391167195
        },
        "(157.503, 162.002]": {
          "Éxito": 0.9670510708401977,
          "Error": 0.032948929159802305
        },
        "(162.002, 166.501]": {
          "Éxito": 0.9772727272727273,
          "Error": 0.022727272727272728
        },
        "(166.501, 171.0]": {
          "Éxito": 0.9488054607508533,
          "Error": 0.051194539249146756
        },
        "(171.0, 175.498]": {
          "Éxito": 0.9671592775041051,
          "Error": 0.03284072249589491
        },
        "(175.498, 179.997]": {
          "Éxito": 0.9736408566721582,
          "Error": 0.026359143327841845
        }
      }
    },
    "roll_off": {
      "is_categorical": false,
      "bins": 10,
      "values": {
        "(0.2, 0.21]": {
          "Éxito": 0.9568965517241379,
          "Error": 0.04310344827586207
        },
        "(0.21, 0.22]": {
          "Éxito": 0.9494097807757167,
          "Error": 0.050590219224283306
        },
        "(0.22, 0.23]": {
          "Éxito": 0.96875,
          "Error": 0.03125
        },
        "(0.23, 0.24]": {
          "Éxito": 0.9625,
          "Error": 0.0375
        },
        "(0.24, 0.25]": {
          "Éxito": 0.9771986970684039,
          "Error": 0.02280130293159609
        },
        "(0.25, 0.26]": {
          "Éxito": 0.9664,
          "Error": 0.0336
        },
        "(0.26, 0.27]": {
          "Éxito": 0.9662162162162162,
          "Error": 0.033783783783783786
        },
        "(0.27, 0.28]": {
          "Éxito": 0.9696969696969697,
          "Error": 0.030303030303030304
        },
        "(0.28, 0.29]": {
          "Éxito": 0.9734375,
          "Error": 0.0265625
        },
        "(0.29, 0.3]": {
          "Éxito": 0.9632,
          "Error": 0.0368
        }
      }
    }
  }
}