{
  "experiment": {
    "name": "cnn_bilstm_attn_esc_11",
    "timestamp": "2025-06-22T13:21:30.482273",
    "repeat_index": 3,
    "fold_index": 2
  },
  "effects": {
    "num_taps": {
      "is_categorical": true,
      "bins": null,
      "values": {
        "2": {
          "Éxito": 0.9434499593165175,
          "Error": 0.05655004068348251
        }
      }
    },
    "snr_db": {
      "is_categorical": false,
      "bins": 10,
      "values": {
        "(7.997, 8.401]": {
          "Éxito": 0.9361702127659575,
          "Error": 0.06382978723404255
        },
        "(8.401, 8.801]": {
          "Éxito": 0.9230769230769231,
          "Error": 0.07692307692307693
        },
        "(8.801, 9.201]": {
          "Éxito": 0.926923076923077,
          "Error": 0.07307692307692308
        },
        "(9.201, 9.6]": {
          "Éxito": 0.9137931034482759,
          "Error": 0.08620689655172414
        },
        "(9.6, 10.0]": {
          "Éxito": 0.9375,
          "Error": 0.0625
        },
        "(10.0, 10.4]": {
          "Éxito": 0.927038626609442,
          "Error": 0.07296137339055794
        },
        "(10.4, 10.8]": {
          "Éxito": 0.9642857142857143,
          "Error": 0.03571428571428571
        },
        "(10.8, 11.199]": {
          "Éxito": 0.9652173913043478,
          "Error": 0.034782608695652174
        },
        "(11.199, 11.599]": {
          "Éxito": 0.9787234042553191,
          "Error": 0.02127659574468085
        },
        "(11.599, 11.999]": {
          "Éxito": 0.9620253164556962,
          "Error": 0.0379746835443038
        }
      }
    },
    "phase_offset": {
      "is_categorical": false,
      "bins": 10,
      "values": {
        "(134.965, 139.509]": {
          "Éxito": 0.9233716475095786,
          "Error": 0.07662835249042145
        },
        "(139.509, 144.008]": {
          "Éxito": 0.9505703422053232,
          "Error": 0.049429657794676805
        },
        "(144.008, 148.507]": {
          "Éxito": 0.9451476793248945,
          "Error": 0.05485232067510549
        },
        "(148.507, 153.006]": {
          "Éxito": 0.9462809917355371,
          "Error": 0.05371900826446281
        },
        "(153.006, 157.504]": {
          "Éxito": 0.9282700421940928,
          "Error": 0.07172995780590717
        },
        "(157.504, 162.003]": {
          "Éxito": 0.9276595744680851,
          "Error": 0.07234042553191489
        },
        "(162.003, 166.502]": {
          "Éxito": 0.9588014981273408,
          "Error": 0.04119850187265917
        },
        "(166.502, 171.001]": {
          "Éxito": 0.947136563876652,
          "Error": 0.05286343612334802
        },
        "(171.001, 175.5]": {
          "Éxito": 0.943089430894309,
          "Error": 0.056910569105691054
        },
        "(175.5, 179.999]": {
          "Éxito": 0.9629629629629629,
          "Error": 0.037037037037037035
        }
      }
    },
    "roll_off": {
      "is_categorical": false,
      "bins": 10,
      "values": {
        "(0.2, 0.21]": {
          "Éxito": 0.9128630705394191,
          "Error": 0.08713692946058091
        },
        "(0.21, 0.22]": {
          "Éxito": 0.9246861924686193,
          "Error": 0.07531380753138076
        },
        "(0.22, 0.23]": {
          "Éxito": 0.959349593495935,
          "Error": 0.04065040650406504
        },
        "(0.23, 0.24]": {
          "Éxito": 0.9186991869918699,
          "Error": 0.08130081300813008
        },
        "(0.24, 0.25]": {
          "Éxito": 0.944,
          "Error": 0.056
        },
        "(0.25, 0.26]": {
          "Éxito": 0.9580152671755725,
          "Error": 0.04198473282442748
        },
        "(0.26, 0.27]": {
          "Éxito": 0.9645669291338582,
          "Error": 0.03543307086614173
        },
        "(0.27, 0.28]": {
          "Éxito": 0.963963963963964,
          "Error": 0.036036036036036036
        },
        "(0.28, 0.29]": {
          "Éxito": 0.9473684210526315,
          "Error": 0.05263157894736842
        },
        "(0.29, 0.3]": {
          "Éxito": 0.9402390438247012,
          "Error": 0.05976095617529881
        }
      }
    }
  }
}