{
  "experiment": {
    "name": "red_carlos_ESC_3",
    "timestamp": "2025-06-18T07:31:49.672157",
    "repeat_index": 3,
    "fold_index": 4
  },
  "evaluation": {
    "loss": 0.2539547085762024,
    "accuracy": 0.9540276527404785
  },
  "classification_report": {
    "bpsk": {
      "precision": 1.0,
      "recall": 1.0,
      "f1-score": 1.0,
      "support": 409.0
    },
    "qpsk": {
      "precision": 1.0,
      "recall": 1.0,
      "f1-score": 1.0,
      "support": 410.0
    },
    "16qam": {
      "precision": 0.973621103117506,
      "recall": 0.9902439024390244,
      "f1-score": 0.9818621523579202,
      "support": 410.0
    },
    "32qam cross": {
      "precision": 0.8771084337349397,
      "recall": 0.8878048780487805,
      "f1-score": 0.8824242424242426,
      "support": 410.0
    },
    "64qam": {
      "precision": 0.9850746268656716,
      "recall": 0.9682151589242054,
      "f1-score": 0.9765721331689272,
      "support": 409.0
    },
    "128qam cross": {
      "precision": 0.8888888888888888,
      "recall": 0.8780487804878049,
      "f1-score": 0.8834355828220859,
      "support": 410.0
    },
    "accuracy": 0.9540276647681042,
    "macro avg": {
      "precision": 0.9541155087678345,
      "recall": 0.9540521199833024,
      "f1-score": 0.954049018462196,
      "support": 2458.0
    },
    "weighted avg": {
      "precision": 0.9540842461114755,
      "recall": 0.9540276647681042,
      "f1-score": 0.9540211608152293,
      "support": 2458.0
    }
  }
}