{
  "experiment": {
    "name": "cnn_bilstm_attn_esc_8",
    "timestamp": "2025-06-22T18:43:56.863083",
    "repeat_index": 3,
    "fold_index": 0
  },
  "evaluation": {
    "loss": 0.890768826007843,
    "accuracy": 0.786004900932312
  },
  "classification_report": {
    "bpsk": {
      "precision": 1.0,
      "recall": 1.0,
      "f1-score": 1.0,
      "support": 409.0
    },
    "qpsk": {
      "precision": 0.9975669099756691,
      "recall": 1.0,
      "f1-score": 0.9987819732034104,
      "support": 410.0
    },
    "16qam": {
      "precision": 0.7086092715231788,
      "recall": 0.7829268292682927,
      "f1-score": 0.7439165701042874,
      "support": 410.0
    },
    "32qam cross": {
      "precision": 0.6586021505376344,
      "recall": 0.5975609756097561,
      "f1-score": 0.6265984654731458,
      "support": 410.0
    },
    "64qam": {
      "precision": 0.7417582417582418,
      "recall": 0.6601466992665037,
      "f1-score": 0.6985769728331177,
      "support": 409.0
    },
    "128qam cross": {
      "precision": 0.6169265033407573,
      "recall": 0.675609756097561,
      "f1-score": 0.6449359720605355,
      "support": 410.0
    },
    "accuracy": 0.7860048820179008,
    "macro avg": {
      "precision": 0.7872438461892468,
      "recall": 0.7860407100403523,
      "f1-score": 0.7854683256124161,
      "support": 2458.0
    },
    "weighted avg": {
      "precision": 0.7871757947045521,
      "recall": 0.7860048820179008,
      "f1-score": 0.785416397084504,
      "support": 2458.0
    }
  }
}