{
  "experiment": {
    "name": "ARQ_1__ESC_11",
    "timestamp": "2025-06-22T15:06:00.478414",
    "repeat_index": 4
  },
  "evaluation": {
    "loss": 0.0850464478135109,
    "accuracy": 0.9817708134651184
  },
  "classification_report": {
    "bpsk": {
      "precision": 1.0,
      "recall": 1.0,
      "f1-score": 1.0,
      "support": 1024.0
    },
    "qpsk": {
      "precision": 1.0,
      "recall": 1.0,
      "f1-score": 1.0,
      "support": 1024.0
    },
    "16qam": {
      "precision": 0.9931707317073171,
      "recall": 0.994140625,
      "f1-score": 0.9936554416788677,
      "support": 1024.0
    },
    "32qam cross": {
      "precision": 0.9451923076923077,
      "recall": 0.9599609375,
      "f1-score": 0.9525193798449613,
      "support": 1024.0
    },
    "64qam": {
      "precision": 0.9931707317073171,
      "recall": 0.994140625,
      "f1-score": 0.9936554416788677,
      "support": 1024.0
    },
    "128qam cross": {
      "precision": 0.9592445328031809,
      "recall": 0.9423828125,
      "f1-score": 0.9507389162561576,
      "support": 1024.0
    },
    "accuracy": 0.9817708333333334,
    "macro avg": {
      "precision": 0.9817963839850204,
      "recall": 0.9817708333333334,
      "f1-score": 0.981761529909809,
      "support": 6144.0
    },
    "weighted avg": {
      "precision": 0.9817963839850204,
      "recall": 0.9817708333333334,
      "f1-score": 0.981761529909809,
      "support": 6144.0
    }
  }
}