{
  "experiment": {
    "name": "cnn_bilstm_attn_esc_7",
    "timestamp": "2025-06-22T20:01:36.435133",
    "repeat_index": 3,
    "fold_index": 2
  },
  "evaluation": {
    "loss": 0.37617436051368713,
    "accuracy": 0.8677786588668823
  },
  "classification_report": {
    "bpsk": {
      "precision": 1.0,
      "recall": 1.0,
      "f1-score": 1.0,
      "support": 409.0
    },
    "qpsk": {
      "precision": 0.9975609756097561,
      "recall": 0.9975609756097561,
      "f1-score": 0.9975609756097561,
      "support": 410.0
    },
    "16qam": {
      "precision": 0.9201995012468828,
      "recall": 0.9,
      "f1-score": 0.9099876695437731,
      "support": 410.0
    },
    "32qam cross": {
      "precision": 0.7173333333333334,
      "recall": 0.6560975609756098,
      "f1-score": 0.6853503184713375,
      "support": 410.0
    },
    "64qam": {
      "precision": 0.8961352657004831,
      "recall": 0.9070904645476773,
      "f1-score": 0.9015795868772782,
      "support": 409.0
    },
    "128qam cross": {
      "precision": 0.6815144766146993,
      "recall": 0.7463414634146341,
      "f1-score": 0.7124563445867288,
      "support": 410.0
    },
    "accuracy": 0.8677786818551668,
    "macro avg": {
      "precision": 0.8687905920841925,
      "recall": 0.8678484107579462,
      "f1-score": 0.8678224825148121,
      "support": 2458.0
    },
    "weighted avg": {
      "precision": 0.8687260867621696,
      "recall": 0.8677786818551668,
      "f1-score": 0.8677549745319614,
      "support": 2458.0
    }
  }
}