{
  "experiment": {
    "name": "cnn_bilstm_attn_esc_7",
    "timestamp": "2025-06-22T20:01:39.631931",
    "repeat_index": 3,
    "fold_index": 2
  },
  "effects": {
    "num_taps": {
      "is_categorical": true,
      "bins": null,
      "values": {
        "4": {
          "Éxito": 0.8677786818551668,
          "Error": 0.1322213181448332
        }
      }
    },
    "snr_db": {
      "is_categorical": false,
      "bins": 10,
      "values": {
        "(7.996, 8.4]": {
          "Éxito": 0.8735177865612648,
          "Error": 0.12648221343873517
        },
        "(8.4, 8.8]": {
          "Éxito": 0.8774703557312253,
          "Error": 0.1225296442687747
        },
        "(8.8, 9.2]": {
          "Éxito": 0.8571428571428571,
          "Error": 0.14285714285714285
        },
        "(9.2, 9.599]": {
          "Éxito": 0.8434782608695652,
          "Error": 0.1565217391304348
        },
        "(9.599, 9.999]": {
          "Éxito": 0.8734177215189873,
          "Error": 0.12658227848101267
        },
        "(9.999, 10.399]": {
          "Éxito": 0.8408163265306122,
          "Error": 0.15918367346938775
        },
        "(10.399, 10.799]": {
          "Éxito": 0.8909774436090225,
          "Error": 0.10902255639097744
        },
        "(10.799, 11.199]": {
          "Éxito": 0.873015873015873,
          "Error": 0.12698412698412698
        },
        "(11.199, 11.598]": {
          "Éxito": 0.8771186440677966,
          "Error": 0.1228813559322034
        },
        "(11.598, 11.998]": {
          "Éxito": 0.8675213675213675,
          "Error": 0.13247863247863248
        }
      }
    },
    "phase_offset": {
      "is_categorical": false,
      "bins": 10,
      "values": {
        "(-0.0376, 4.505]": {
          "Éxito": 0.8370044052863436,
          "Error": 0.16299559471365638
        },
        "(4.505, 9.003]": {
          "Éxito": 0.8611111111111112,
          "Error": 0.1388888888888889
        },
        "(9.003, 13.501]": {
          "Éxito": 0.873015873015873,
          "Error": 0.12698412698412698
        },
        "(13.501, 17.999]": {
          "Éxito": 0.8775510204081632,
          "Error": 0.12244897959183673
        },
        "(17.999, 22.497]": {
          "Éxito": 0.8928571428571429,
          "Error": 0.10714285714285714
        },
        "(22.497, 26.995]": {
          "Éxito": 0.859375,
          "Error": 0.140625
        },
        "(26.995, 31.492]": {
          "Éxito": 0.8656126482213439,
          "Error": 0.13438735177865613
        },
        "(31.492, 35.99]": {
          "Éxito": 0.8565400843881856,
          "Error": 0.14345991561181434
        },
        "(35.99, 40.488]": {
          "Éxito": 0.8663967611336032,
          "Error": 0.13360323886639677
        },
        "(40.488, 44.986]": {
          "Éxito": 0.8867924528301887,
          "Error": 0.11320754716981132
        }
      }
    },
    "roll_off": {
      "is_categorical": false,
      "bins": 10,
      "values": {
        "(0.2, 0.21]": {
          "Éxito": 0.8687258687258688,
          "Error": 0.13127413127413126
        },
        "(0.21, 0.22]": {
          "Éxito": 0.8851063829787233,
          "Error": 0.1148936170212766
        },
        "(0.22, 0.23]": {
          "Éxito": 0.8636363636363636,
          "Error": 0.13636363636363635
        },
        "(0.23, 0.24]": {
          "Éxito": 0.8663967611336032,
          "Error": 0.13360323886639677
        },
        "(0.24, 0.25]": {
          "Éxito": 0.8858267716535433,
          "Error": 0.1141732283464567
        },
        "(0.25, 0.26]": {
          "Éxito": 0.875,
          "Error": 0.125
        },
        "(0.26, 0.27]": {
          "Éxito": 0.868421052631579,
          "Error": 0.13157894736842105
        },
        "(0.27, 0.28]": {
          "Éxito": 0.8739837398373984,
          "Error": 0.12601626016260162
        },
        "(0.28, 0.29]": {
          "Éxito": 0.8396946564885496,
          "Error": 0.16030534351145037
        },
        "(0.29, 0.3]": {
          "Éxito": 0.8523206751054853,
          "Error": 0.14767932489451477
        }
      }
    }
  }
}