{
  "experiment": {
    "name": "cnn_bilstm_attn_esc_1",
    "timestamp": "2025-06-17T01:06:13.715963",
    "repeat_index": 0,
    "fold_index": 4
  },
  "effects": {
    "num_taps": {
      "is_categorical": true,
      "bins": null,
      "values": {
        "2": {
          "Éxito": 0.7965825874694874,
          "Error": 0.20341741253051263
        }
      }
    },
    "snr_db": {
      "is_categorical": false,
      "bins": 10,
      "values": {
        "(-0.00277, 0.401]": {
          "Éxito": 0.7348484848484849,
          "Error": 0.26515151515151514
        },
        "(0.401, 0.801]": {
          "Éxito": 0.8089430894308943,
          "Error": 0.1910569105691057
        },
        "(0.801, 1.2]": {
          "Éxito": 0.7975708502024291,
          "Error": 0.20242914979757085
        },
        "(1.2, 1.6]": {
          "Éxito": 0.7698412698412699,
          "Error": 0.23015873015873015
        },
        "(1.6, 2.0]": {
          "Éxito": 0.7773109243697479,
          "Error": 0.22268907563025211
        },
        "(2.0, 2.399]": {
          "Éxito": 0.8300395256916996,
          "Error": 0.16996047430830039
        },
        "(2.399, 2.799]": {
          "Éxito": 0.7918367346938775,
          "Error": 0.20816326530612245
        },
        "(2.799, 3.198]": {
          "Éxito": 0.8049792531120332,
          "Error": 0.1950207468879668
        },
        "(3.198, 3.598]": {
          "Éxito": 0.8266666666666667,
          "Error": 0.17333333333333334
        },
        "(3.598, 3.998]": {
          "Éxito": 0.8299595141700404,
          "Error": 0.1700404858299595
        }
      }
    },
    "phase_offset": {
      "is_categorical": false,
      "bins": 10,
      "values": {
        "(-0.0389, 4.505]": {
          "Éxito": 0.7918367346938775,
          "Error": 0.20816326530612245
        },
        "(4.505, 9.004]": {
          "Éxito": 0.7402597402597403,
          "Error": 0.2597402597402597
        },
        "(9.004, 13.503]": {
          "Éxito": 0.8007518796992481,
          "Error": 0.19924812030075187
        },
        "(13.503, 18.001]": {
          "Éxito": 0.7764227642276422,
          "Error": 0.22357723577235772
        },
        "(18.001, 22.5]": {
          "Éxito": 0.7613636363636364,
          "Error": 0.23863636363636365
        },
        "(22.5, 26.999]": {
          "Éxito": 0.8112449799196787,
          "Error": 0.18875502008032127
        },
        "(26.999, 31.498]": {
          "Éxito": 0.8341232227488151,
          "Error": 0.16587677725118483
        },
        "(31.498, 35.997]": {
          "Éxito": 0.8080357142857143,
          "Error": 0.19196428571428573
        },
        "(35.997, 40.496]": {
          "Éxito": 0.8487084870848709,
          "Error": 0.15129151291512916
        },
        "(40.496, 44.995]": {
          "Éxito": 0.7928286852589641,
          "Error": 0.20717131474103587
        }
      }
    },
    "roll_off": {
      "is_categorical": false,
      "bins": 10,
      "values": {
        "(0.2, 0.21]": {
          "Éxito": 0.7782426778242678,
          "Error": 0.2217573221757322
        },
        "(0.21, 0.22]": {
          "Éxito": 0.7677902621722846,
          "Error": 0.23220973782771537
        },
        "(0.22, 0.23]": {
          "Éxito": 0.7298387096774194,
          "Error": 0.2701612903225806
        },
        "(0.23, 0.24]": {
          "Éxito": 0.851063829787234,
          "Error": 0.14893617021276595
        },
        "(0.24, 0.25]": {
          "Éxito": 0.8194444444444444,
          "Error": 0.18055555555555555
        },
        "(0.25, 0.26]": {
          "Éxito": 0.82,
          "Error": 0.18
        },
        "(0.26, 0.27]": {
          "Éxito": 0.7796610169491526,
          "Error": 0.22033898305084745
        },
        "(0.27, 0.28]": {
          "Éxito": 0.8072289156626506,
          "Error": 0.1927710843373494
        },
        "(0.28, 0.29]": {
          "Éxito": 0.828125,
          "Error": 0.171875
        },
        "(0.29, 0.3]": {
          "Éxito": 0.7900763358778626,
          "Error": 0.2099236641221374
        }
      }
    }
  }
}