{
  "experiment": {
    "name": "red_carlos_ESC_2",
    "timestamp": "2025-06-25T04:23:16.312370",
    "repeat_index": 2,
    "fold_index": 3
  },
  "effects": {
    "num_taps": {
      "is_categorical": true,
      "bins": null,
      "values": {
        "2": {
          "Éxito": 0.886899918633035,
          "Error": 0.11310008136696502
        }
      }
    },
    "snr_db": {
      "is_categorical": false,
      "bins": 10,
      "values": {
        "(4.001, 4.404]": {
          "Éxito": 0.8455284552845529,
          "Error": 0.15447154471544716
        },
        "(4.404, 4.804]": {
          "Éxito": 0.9034749034749034,
          "Error": 0.09652509652509653
        },
        "(4.804, 5.203]": {
          "Éxito": 0.8438818565400844,
          "Error": 0.15611814345991562
        },
        "(5.203, 5.603]": {
          "Éxito": 0.8782608695652174,
          "Error": 0.12173913043478261
        },
        "(5.603, 6.002]": {
          "Éxito": 0.8774703557312253,
          "Error": 0.1225296442687747
        },
        "(6.002, 6.402]": {
          "Éxito": 0.8735177865612648,
          "Error": 0.12648221343873517
        },
        "(6.402, 6.801]": {
          "Éxito": 0.8911290322580645,
          "Error": 0.10887096774193548
        },
        "(6.801, 7.201]": {
          "Éxito": 0.9288537549407114,
          "Error": 0.07114624505928854
        },
        "(7.201, 7.6]": {
          "Éxito": 0.926923076923077,
          "Error": 0.07307692307692308
        },
        "(7.6, 8.0]": {
          "Éxito": 0.8949771689497716,
          "Error": 0.1050228310502283
        }
      }
    },
    "phase_offset": {
      "is_categorical": false,
      "bins": 10,
      "values": {
        "(-0.0433, 4.498]": {
          "Éxito": 0.865546218487395,
          "Error": 0.13445378151260504
        },
        "(4.498, 8.994]": {
          "Éxito": 0.922077922077922,
          "Error": 0.07792207792207792
        },
        "(8.994, 13.489]": {
          "Éxito": 0.90625,
          "Error": 0.09375
        },
        "(13.489, 17.985]": {
          "Éxito": 0.8701298701298701,
          "Error": 0.12987012987012986
        },
        "(17.985, 22.481]": {
          "Éxito": 0.8991935483870968,
          "Error": 0.10080645161290322
        },
        "(22.481, 26.977]": {
          "Éxito": 0.8804780876494024,
          "Error": 0.11952191235059761
        },
        "(26.977, 31.473]": {
          "Éxito": 0.9008264462809917,
          "Error": 0.09917355371900827
        },
        "(31.473, 35.969]": {
          "Éxito": 0.8880866425992779,
          "Error": 0.11191335740072202
        },
        "(35.969, 40.465]": {
          "Éxito": 0.8514056224899599,
          "Error": 0.14859437751004015
        },
        "(40.465, 44.961]": {
          "Éxito": 0.8851063829787233,
          "Error": 0.1148936170212766
        }
      }
    },
    "roll_off": {
      "is_categorical": false,
      "bins": 10,
      "values": {
        "(0.2, 0.21]": {
          "Éxito": 0.8669724770642202,
          "Error": 0.13302752293577982
        },
        "(0.21, 0.22]": {
          "Éxito": 0.8664259927797834,
          "Error": 0.13357400722021662
        },
        "(0.22, 0.23]": {
          "Éxito": 0.865546218487395,
          "Error": 0.13445378151260504
        },
        "(0.23, 0.24]": {
          "Éxito": 0.872093023255814,
          "Error": 0.12790697674418605
        },
        "(0.24, 0.25]": {
          "Éxito": 0.8884462151394422,
          "Error": 0.11155378486055777
        },
        "(0.25, 0.26]": {
          "Éxito": 0.9195402298850575,
          "Error": 0.08045977011494253
        },
        "(0.26, 0.27]": {
          "Éxito": 0.8888888888888888,
          "Error": 0.1111111111111111
        },
        "(0.27, 0.28]": {
          "Éxito": 0.8995983935742972,
          "Error": 0.10040160642570281
        },
        "(0.28, 0.29]": {
          "Éxito": 0.9007936507936508,
          "Error": 0.0992063492063492
        },
        "(0.29, 0.3]": {
          "Éxito": 0.8995633187772926,
          "Error": 0.10043668122270742
        }
      }
    }
  }
}