{
  "experiment": {
    "name": "cnn_bilstm_attn_esc_3",
    "timestamp": "2025-06-19T14:06:38.357551",
    "repeat_index": 3,
    "fold_index": 3
  },
  "evaluation": {
    "loss": 0.08519959449768066,
    "accuracy": 0.9690805673599243
  },
  "classification_report": {
    "bpsk": {
      "precision": 1.0,
      "recall": 1.0,
      "f1-score": 1.0,
      "support": 409.0
    },
    "qpsk": {
      "precision": 1.0,
      "recall": 1.0,
      "f1-score": 1.0,
      "support": 410.0
    },
    "16qam": {
      "precision": 0.9854721549636803,
      "recall": 0.9926829268292683,
      "f1-score": 0.9890643985419199,
      "support": 410.0
    },
    "32qam cross": {
      "precision": 0.9136690647482014,
      "recall": 0.9292682926829269,
      "f1-score": 0.9214026602176542,
      "support": 410.0
    },
    "64qam": {
      "precision": 0.9925742574257426,
      "recall": 0.980440097799511,
      "f1-score": 0.986469864698647,
      "support": 409.0
    },
    "128qam cross": {
      "precision": 0.9234567901234568,
      "recall": 0.9121951219512195,
      "f1-score": 0.9177914110429448,
      "support": 410.0
    },
    "accuracy": 0.9690805532953621,
    "macro avg": {
      "precision": 0.9691953778768468,
      "recall": 0.9690977398771543,
      "f1-score": 0.9691213890835275,
      "support": 2458.0
    },
    "weighted avg": {
      "precision": 0.969173334141423,
      "recall": 0.9690805532953621,
      "f1-score": 0.9691017686252155,
      "support": 2458.0
    }
  }
}