{
  "experiment": {
    "name": "cnn_bilstm_attn_esc_3",
    "timestamp": "2025-06-19T14:06:39.497893",
    "repeat_index": 3,
    "fold_index": 3
  },
  "effects": {
    "num_taps": {
      "is_categorical": true,
      "bins": null,
      "values": {
        "2": {
          "Éxito": 0.9690805532953621,
          "Error": 0.030919446704637917
        }
      }
    },
    "snr_db": {
      "is_categorical": false,
      "bins": 10,
      "values": {
        "(7.999, 8.403]": {
          "Éxito": 0.9525547445255474,
          "Error": 0.04744525547445255
        },
        "(8.403, 8.802]": {
          "Éxito": 0.9595141700404858,
          "Error": 0.04048582995951417
        },
        "(8.802, 9.202]": {
          "Éxito": 0.9760956175298805,
          "Error": 0.02390438247011952
        },
        "(9.202, 9.602]": {
          "Éxito": 0.9630996309963099,
          "Error": 0.03690036900369004
        },
        "(9.602, 10.001]": {
          "Éxito": 0.9508928571428571,
          "Error": 0.049107142857142856
        },
        "(10.001, 10.401]": {
          "Éxito": 0.9656652360515021,
          "Error": 0.034334763948497854
        },
        "(10.401, 10.801]": {
          "Éxito": 0.9781659388646288,
          "Error": 0.021834061135371178
        },
        "(10.801, 11.2]": {
          "Éxito": 0.9783549783549783,
          "Error": 0.021645021645021644
        },
        "(11.2, 11.6]": {
          "Éxito": 0.9882352941176471,
          "Error": 0.011764705882352941
        },
        "(11.6, 12.0]": {
          "Éxito": 0.9794238683127572,
          "Error": 0.0205761316872428
        }
      }
    },
    "phase_offset": {
      "is_categorical": false,
      "bins": 10,
      "values": {
        "(-0.0322, 4.511]": {
          "Éxito": 0.9537037037037037,
          "Error": 0.046296296296296294
        },
        "(4.511, 9.009]": {
          "Éxito": 0.9618320610687023,
          "Error": 0.03816793893129771
        },
        "(9.009, 13.507]": {
          "Éxito": 0.9545454545454546,
          "Error": 0.045454545454545456
        },
        "(13.507, 18.005]": {
          "Éxito": 0.9739776951672863,
          "Error": 0.026022304832713755
        },
        "(18.005, 22.503]": {
          "Éxito": 0.9799196787148594,
          "Error": 0.020080321285140562
        },
        "(22.503, 27.001]": {
          "Éxito": 0.9543726235741445,
          "Error": 0.045627376425855515
        },
        "(27.001, 31.5]": {
          "Éxito": 0.9699570815450643,
          "Error": 0.030042918454935622
        },
        "(31.5, 35.998]": {
          "Éxito": 0.979253112033195,
          "Error": 0.02074688796680498
        },
        "(35.998, 40.496]": {
          "Éxito": 0.9717741935483871,
          "Error": 0.028225806451612902
        },
        "(40.496, 44.994]": {
          "Éxito": 0.9914893617021276,
          "Error": 0.00851063829787234
        }
      }
    },
    "roll_off": {
      "is_categorical": false,
      "bins": 10,
      "values": {
        "(0.2, 0.21]": {
          "Éxito": 0.9618320610687023,
          "Error": 0.03816793893129771
        },
        "(0.21, 0.22]": {
          "Éxito": 0.9626865671641791,
          "Error": 0.03731343283582089
        },
        "(0.22, 0.23]": {
          "Éxito": 0.9874476987447699,
          "Error": 0.012552301255230125
        },
        "(0.23, 0.24]": {
          "Éxito": 0.954337899543379,
          "Error": 0.045662100456621
        },
        "(0.24, 0.25]": {
          "Éxito": 0.96,
          "Error": 0.04
        },
        "(0.25, 0.26]": {
          "Éxito": 0.9535864978902954,
          "Error": 0.046413502109704644
        },
        "(0.26, 0.27]": {
          "Éxito": 0.972972972972973,
          "Error": 0.02702702702702703
        },
        "(0.27, 0.28]": {
          "Éxito": 0.9807692307692307,
          "Error": 0.019230769230769232
        },
        "(0.28, 0.29]": {
          "Éxito": 0.9724409448818898,
          "Error": 0.027559055118110236
        },
        "(0.29, 0.3]": {
          "Éxito": 0.9829787234042553,
          "Error": 0.01702127659574468
        }
      }
    }
  }
}