{
  "experiment": {
    "name": "cnn_bilstm_attn_esc_4",
    "timestamp": "2025-06-21T07:37:53.971367",
    "repeat_index": 2,
    "fold_index": 2
  },
  "effects": {
    "num_taps": {
      "is_categorical": true,
      "bins": null,
      "values": {
        "2": {
          "Éxito": 0.9882017900732303,
          "Error": 0.011798209926769731
        }
      }
    },
    "snr_db": {
      "is_categorical": false,
      "bins": 10,
      "values": {
        "(11.997, 12.401]": {
          "Éxito": 0.9779735682819384,
          "Error": 0.022026431718061675
        },
        "(12.401, 12.801]": {
          "Éxito": 0.9888059701492538,
          "Error": 0.011194029850746268
        },
        "(12.801, 13.2]": {
          "Éxito": 0.9913793103448276,
          "Error": 0.008620689655172414
        },
        "(13.2, 13.6]": {
          "Éxito": 0.9961977186311787,
          "Error": 0.0038022813688212928
        },
        "(13.6, 14.0]": {
          "Éxito": 0.9922480620155039,
          "Error": 0.007751937984496124
        },
        "(14.0, 14.4]": {
          "Éxito": 0.9773584905660377,
          "Error": 0.022641509433962263
        },
        "(14.4, 14.799]": {
          "Éxito": 1.0,
          "Error": 0.0
        },
        "(14.799, 15.199]": {
          "Éxito": 0.995575221238938,
          "Error": 0.004424778761061947
        },
        "(15.199, 15.599]": {
          "Éxito": 0.98,
          "Error": 0.02
        },
        "(15.599, 15.999]": {
          "Éxito": 0.982532751091703,
          "Error": 0.017467248908296942
        }
      }
    },
    "phase_offset": {
      "is_categorical": false,
      "bins": 10,
      "values": {
        "(-0.0446, 4.5]": {
          "Éxito": 0.972318339100346,
          "Error": 0.02768166089965398
        },
        "(4.5, 8.999]": {
          "Éxito": 0.987603305785124,
          "Error": 0.012396694214876033
        },
        "(8.999, 13.499]": {
          "Éxito": 0.9918367346938776,
          "Error": 0.00816326530612245
        },
        "(13.499, 17.998]": {
          "Éxito": 0.9818181818181818,
          "Error": 0.01818181818181818
        },
        "(17.998, 22.497]": {
          "Éxito": 0.989010989010989,
          "Error": 0.01098901098901099
        },
        "(22.497, 26.997]": {
          "Éxito": 1.0,
          "Error": 0.0
        },
        "(26.997, 31.496]": {
          "Éxito": 0.9923664122137404,
          "Error": 0.007633587786259542
        },
        "(31.496, 35.996]": {
          "Éxito": 1.0,
          "Error": 0.0
        },
        "(35.996, 40.495]": {
          "Éxito": 0.9753086419753086,
          "Error": 0.024691358024691357
        },
        "(40.495, 44.995]": {
          "Éxito": 0.9955156950672646,
          "Error": 0.004484304932735426
        }
      }
    },
    "roll_off": {
      "is_categorical": false,
      "bins": 10,
      "values": {
        "(0.2, 0.21]": {
          "Éxito": 0.9818840579710145,
          "Error": 0.018115942028985508
        },
        "(0.21, 0.22]": {
          "Éxito": 0.9923371647509579,
          "Error": 0.007662835249042145
        },
        "(0.22, 0.23]": {
          "Éxito": 0.9824561403508771,
          "Error": 0.017543859649122806
        },
        "(0.23, 0.24]": {
          "Éxito": 0.9831223628691983,
          "Error": 0.016877637130801686
        },
        "(0.24, 0.25]": {
          "Éxito": 0.99609375,
          "Error": 0.00390625
        },
        "(0.25, 0.26]": {
          "Éxito": 0.9960629921259843,
          "Error": 0.003937007874015748
        },
        "(0.26, 0.27]": {
          "Éxito": 0.9799196787148594,
          "Error": 0.020080321285140562
        },
        "(0.27, 0.28]": {
          "Éxito": 0.9883268482490273,
          "Error": 0.011673151750972763
        },
        "(0.28, 0.29]": {
          "Éxito": 0.9954128440366973,
          "Error": 0.0045871559633027525
        },
        "(0.29, 0.3]": {
          "Éxito": 0.9864864864864865,
          "Error": 0.013513513513513514
        }
      }
    }
  }
}