{
  "experiment": {
    "name": "red_carlos_ESC_7",
    "timestamp": "2025-06-18T14:45:32.571784",
    "repeat_index": 0,
    "fold_index": 1
  },
  "effects": {
    "num_taps": {
      "is_categorical": true,
      "bins": null,
      "values": {
        "4": {
          "Éxito": 0.870626525630594,
          "Error": 0.12937347436940602
        }
      }
    },
    "snr_db": {
      "is_categorical": false,
      "bins": 10,
      "values": {
        "(7.996, 8.4]": {
          "Éxito": 0.8671875,
          "Error": 0.1328125
        },
        "(8.4, 8.8]": {
          "Éxito": 0.8704453441295547,
          "Error": 0.12955465587044535
        },
        "(8.8, 9.2]": {
          "Éxito": 0.8325358851674641,
          "Error": 0.1674641148325359
        },
        "(9.2, 9.6]": {
          "Éxito": 0.86,
          "Error": 0.14
        },
        "(9.6, 10.0]": {
          "Éxito": 0.8333333333333334,
          "Error": 0.16666666666666666
        },
        "(10.0, 10.4]": {
          "Éxito": 0.856,
          "Error": 0.144
        },
        "(10.4, 10.8]": {
          "Éxito": 0.8893280632411067,
          "Error": 0.11067193675889328
        },
        "(10.8, 11.2]": {
          "Éxito": 0.9047619047619048,
          "Error": 0.09523809523809523
        },
        "(11.2, 11.6]": {
          "Éxito": 0.8854961832061069,
          "Error": 0.11450381679389313
        },
        "(11.6, 12.0]": {
          "Éxito": 0.8956521739130435,
          "Error": 0.10434782608695652
        }
      }
    },
    "phase_offset": {
      "is_categorical": false,
      "bins": 10,
      "values": {
        "(-0.0423, 4.502]": {
          "Éxito": 0.8693877551020408,
          "Error": 0.1306122448979592
        },
        "(4.502, 9.002]": {
          "Éxito": 0.8692307692307693,
          "Error": 0.13076923076923078
        },
        "(9.002, 13.502]": {
          "Éxito": 0.8770491803278688,
          "Error": 0.12295081967213115
        },
        "(13.502, 18.002]": {
          "Éxito": 0.8473282442748091,
          "Error": 0.15267175572519084
        },
        "(18.002, 22.501]": {
          "Éxito": 0.8577235772357723,
          "Error": 0.14227642276422764
        },
        "(22.501, 27.001]": {
          "Éxito": 0.8615384615384616,
          "Error": 0.13846153846153847
        },
        "(27.001, 31.501]": {
          "Éxito": 0.8596491228070176,
          "Error": 0.14035087719298245
        },
        "(31.501, 36.001]": {
          "Éxito": 0.9051724137931034,
          "Error": 0.09482758620689655
        },
        "(36.001, 40.5]": {
          "Éxito": 0.8987341772151899,
          "Error": 0.10126582278481013
        },
        "(40.5, 45.0]": {
          "Éxito": 0.8647540983606558,
          "Error": 0.13524590163934427
        }
      }
    },
    "roll_off": {
      "is_categorical": false,
      "bins": 10,
      "values": {
        "(0.2, 0.21]": {
          "Éxito": 0.8923076923076924,
          "Error": 0.1076923076923077
        },
        "(0.21, 0.22]": {
          "Éxito": 0.8487394957983193,
          "Error": 0.15126050420168066
        },
        "(0.22, 0.23]": {
          "Éxito": 0.8808510638297873,
          "Error": 0.11914893617021277
        },
        "(0.23, 0.24]": {
          "Éxito": 0.898876404494382,
          "Error": 0.10112359550561797
        },
        "(0.24, 0.25]": {
          "Éxito": 0.8365019011406845,
          "Error": 0.1634980988593156
        },
        "(0.25, 0.26]": {
          "Éxito": 0.8137651821862348,
          "Error": 0.1862348178137652
        },
        "(0.26, 0.27]": {
          "Éxito": 0.870722433460076,
          "Error": 0.12927756653992395
        },
        "(0.27, 0.28]": {
          "Éxito": 0.8831168831168831,
          "Error": 0.11688311688311688
        },
        "(0.28, 0.29]": {
          "Éxito": 0.9392523364485982,
          "Error": 0.06074766355140187
        },
        "(0.29, 0.3]": {
          "Éxito": 0.85,
          "Error": 0.15
        }
      }
    }
  }
}