{
  "experiment": {
    "name": "red_carlos_ESC_8",
    "timestamp": "2025-06-18T16:45:14.782242",
    "repeat_index": 0,
    "fold_index": 1
  },
  "effects": {
    "num_taps": {
      "is_categorical": true,
      "bins": null,
      "values": {
        "6": {
          "Éxito": 0.6362896663954435,
          "Error": 0.36371033360455657
        }
      }
    },
    "snr_db": {
      "is_categorical": false,
      "bins": 10,
      "values": {
        "(7.996, 8.4]": {
          "Éxito": 0.6255144032921811,
          "Error": 0.37448559670781895
        },
        "(8.4, 8.8]": {
          "Éxito": 0.611764705882353,
          "Error": 0.38823529411764707
        },
        "(8.8, 9.2]": {
          "Éxito": 0.6184738955823293,
          "Error": 0.3815261044176707
        },
        "(9.2, 9.6]": {
          "Éxito": 0.650375939849624,
          "Error": 0.34962406015037595
        },
        "(9.6, 10.0]": {
          "Éxito": 0.6591928251121076,
          "Error": 0.34080717488789236
        },
        "(10.0, 10.4]": {
          "Éxito": 0.6547085201793722,
          "Error": 0.3452914798206278
        },
        "(10.4, 10.8]": {
          "Éxito": 0.624,
          "Error": 0.376
        },
        "(10.8, 11.2]": {
          "Éxito": 0.6491935483870968,
          "Error": 0.35080645161290325
        },
        "(11.2, 11.6]": {
          "Éxito": 0.6095617529880478,
          "Error": 0.3904382470119522
        },
        "(11.6, 12.0]": {
          "Éxito": 0.664,
          "Error": 0.336
        }
      }
    },
    "phase_offset": {
      "is_categorical": false,
      "bins": 10,
      "values": {
        "(-0.0087, 4.529]": {
          "Éxito": 0.5882352941176471,
          "Error": 0.4117647058823529
        },
        "(4.529, 9.022]": {
          "Éxito": 0.6398305084745762,
          "Error": 0.3601694915254237
        },
        "(9.022, 13.515]": {
          "Éxito": 0.6184738955823293,
          "Error": 0.3815261044176707
        },
        "(13.515, 18.008]": {
          "Éxito": 0.6604477611940298,
          "Error": 0.33955223880597013
        },
        "(18.008, 22.501]": {
          "Éxito": 0.7098039215686275,
          "Error": 0.2901960784313726
        },
        "(22.501, 26.994]": {
          "Éxito": 0.5934579439252337,
          "Error": 0.40654205607476634
        },
        "(26.994, 31.488]": {
          "Éxito": 0.61328125,
          "Error": 0.38671875
        },
        "(31.488, 35.981]": {
          "Éxito": 0.6192307692307693,
          "Error": 0.38076923076923075
        },
        "(35.981, 40.474]": {
          "Éxito": 0.6460905349794238,
          "Error": 0.35390946502057613
        },
        "(40.474, 44.967]": {
          "Éxito": 0.66015625,
          "Error": 0.33984375
        }
      }
    },
    "roll_off": {
      "is_categorical": false,
      "bins": 10,
      "values": {
        "(0.2, 0.21]": {
          "Éxito": 0.6245210727969349,
          "Error": 0.37547892720306514
        },
        "(0.21, 0.22]": {
          "Éxito": 0.6857142857142857,
          "Error": 0.3142857142857143
        },
        "(0.22, 0.23]": {
          "Éxito": 0.5810276679841897,
          "Error": 0.4189723320158103
        },
        "(0.23, 0.24]": {
          "Éxito": 0.636,
          "Error": 0.364
        },
        "(0.24, 0.25]": {
          "Éxito": 0.631578947368421,
          "Error": 0.3684210526315789
        },
        "(0.25, 0.26]": {
          "Éxito": 0.6504065040650406,
          "Error": 0.34959349593495936
        },
        "(0.26, 0.27]": {
          "Éxito": 0.6070038910505836,
          "Error": 0.39299610894941633
        },
        "(0.27, 0.28]": {
          "Éxito": 0.7053571428571429,
          "Error": 0.29464285714285715
        },
        "(0.28, 0.29]": {
          "Éxito": 0.6413502109704642,
          "Error": 0.35864978902953587
        },
        "(0.29, 0.3]": {
          "Éxito": 0.6092436974789915,
          "Error": 0.3907563025210084
        }
      }
    }
  }
}