{
  "experiment": {
    "name": "cnn_bilstm_attn_esc_10",
    "timestamp": "2025-06-19T00:07:24.553262",
    "repeat_index": 2,
    "fold_index": 2
  },
  "effects": {
    "num_taps": {
      "is_categorical": true,
      "bins": null,
      "values": {
        "2": {
          "Éxito": 0.9637917005695688,
          "Error": 0.036208299430431246
        }
      }
    },
    "snr_db": {
      "is_categorical": false,
      "bins": 10,
      "values": {
        "(8.001, 8.405]": {
          "Éxito": 0.9744680851063829,
          "Error": 0.02553191489361702
        },
        "(8.405, 8.804]": {
          "Éxito": 0.9512195121951219,
          "Error": 0.04878048780487805
        },
        "(8.804, 9.204]": {
          "Éxito": 0.9536679536679536,
          "Error": 0.04633204633204633
        },
        "(9.204, 9.603]": {
          "Éxito": 0.9490909090909091,
          "Error": 0.05090909090909091
        },
        "(9.603, 10.002]": {
          "Éxito": 0.9568627450980393,
          "Error": 0.043137254901960784
        },
        "(10.002, 10.402]": {
          "Éxito": 0.9723502304147466,
          "Error": 0.027649769585253458
        },
        "(10.402, 10.801]": {
          "Éxito": 0.9794238683127572,
          "Error": 0.0205761316872428
        },
        "(10.801, 11.201]": {
          "Éxito": 0.9635627530364372,
          "Error": 0.03643724696356275
        },
        "(11.201, 11.6]": {
          "Éxito": 0.9666666666666667,
          "Error": 0.03333333333333333
        },
        "(11.6, 12.0]": {
          "Éxito": 0.9722222222222222,
          "Error": 0.027777777777777776
        }
      }
    },
    "phase_offset": {
      "is_categorical": false,
      "bins": 10,
      "values": {
        "(89.966, 94.505]": {
          "Éxito": 0.948,
          "Error": 0.052
        },
        "(94.505, 98.999]": {
          "Éxito": 0.9823008849557522,
          "Error": 0.017699115044247787
        },
        "(98.999, 103.494]": {
          "Éxito": 0.9642857142857143,
          "Error": 0.03571428571428571
        },
        "(103.494, 107.988]": {
          "Éxito": 0.9745762711864406,
          "Error": 0.025423728813559324
        },
        "(107.988, 112.483]": {
          "Éxito": 0.9659090909090909,
          "Error": 0.03409090909090909
        },
        "(112.483, 116.977]": {
          "Éxito": 0.967479674796748,
          "Error": 0.032520325203252036
        },
        "(116.977, 121.472]": {
          "Éxito": 0.9696969696969697,
          "Error": 0.030303030303030304
        },
        "(121.472, 125.966]": {
          "Éxito": 0.9509433962264151,
          "Error": 0.04905660377358491
        },
        "(125.966, 130.46]": {
          "Éxito": 0.9650655021834061,
          "Error": 0.034934497816593885
        },
        "(130.46, 134.955]": {
          "Éxito": 0.9536679536679536,
          "Error": 0.04633204633204633
        }
      }
    },
    "roll_off": {
      "is_categorical": false,
      "bins": 10,
      "values": {
        "(0.2, 0.21]": {
          "Éxito": 0.960352422907489,
          "Error": 0.039647577092511016
        },
        "(0.21, 0.22]": {
          "Éxito": 0.9448818897637795,
          "Error": 0.05511811023622047
        },
        "(0.22, 0.23]": {
          "Éxito": 0.9629629629629629,
          "Error": 0.037037037037037035
        },
        "(0.23, 0.24]": {
          "Éxito": 0.9618320610687023,
          "Error": 0.03816793893129771
        },
        "(0.24, 0.25]": {
          "Éxito": 0.9678714859437751,
          "Error": 0.0321285140562249
        },
        "(0.25, 0.26]": {
          "Éxito": 0.97165991902834,
          "Error": 0.02834008097165992
        },
        "(0.26, 0.27]": {
          "Éxito": 0.9508196721311475,
          "Error": 0.04918032786885246
        },
        "(0.27, 0.28]": {
          "Éxito": 0.9806201550387597,
          "Error": 0.01937984496124031
        },
        "(0.28, 0.29]": {
          "Éxito": 0.9655172413793104,
          "Error": 0.034482758620689655
        },
        "(0.29, 0.3]": {
          "Éxito": 0.9710743801652892,
          "Error": 0.028925619834710745
        }
      }
    }
  }
}