{
  "experiment": {
    "name": "cnn_bilstm_attn_esc_9",
    "timestamp": "2025-06-20T13:43:32.481208",
    "repeat_index": 3,
    "fold_index": 4
  },
  "effects": {
    "num_taps": {
      "is_categorical": true,
      "bins": null,
      "values": {
        "2": {
          "Éxito": 0.967860048820179,
          "Error": 0.03213995117982099
        }
      }
    },
    "snr_db": {
      "is_categorical": false,
      "bins": 10,
      "values": {
        "(7.997, 8.401]": {
          "Éxito": 0.9561752988047809,
          "Error": 0.043824701195219126
        },
        "(8.401, 8.8]": {
          "Éxito": 0.9638009049773756,
          "Error": 0.03619909502262444
        },
        "(8.8, 9.2]": {
          "Éxito": 0.9576271186440678,
          "Error": 0.0423728813559322
        },
        "(9.2, 9.6]": {
          "Éxito": 0.9728682170542635,
          "Error": 0.027131782945736434
        },
        "(9.6, 9.999]": {
          "Éxito": 0.9681274900398407,
          "Error": 0.03187250996015936
        },
        "(9.999, 10.399]": {
          "Éxito": 0.9757085020242915,
          "Error": 0.024291497975708502
        },
        "(10.399, 10.798]": {
          "Éxito": 0.960352422907489,
          "Error": 0.039647577092511016
        },
        "(10.798, 11.198]": {
          "Éxito": 0.973384030418251,
          "Error": 0.026615969581749048
        },
        "(11.198, 11.598]": {
          "Éxito": 0.9752066115702479,
          "Error": 0.024793388429752067
        },
        "(11.598, 11.997]": {
          "Éxito": 0.9732824427480916,
          "Error": 0.026717557251908396
        }
      }
    },
    "phase_offset": {
      "is_categorical": false,
      "bins": 10,
      "values": {
        "(44.965, 49.507]": {
          "Éxito": 0.9683794466403162,
          "Error": 0.03162055335968379
        },
        "(49.507, 54.004]": {
          "Éxito": 0.9573643410852714,
          "Error": 0.04263565891472868
        },
        "(54.004, 58.501]": {
          "Éxito": 0.95,
          "Error": 0.05
        },
        "(58.501, 62.998]": {
          "Éxito": 0.9647577092511013,
          "Error": 0.03524229074889868
        },
        "(62.998, 67.495]": {
          "Éxito": 0.9746835443037974,
          "Error": 0.02531645569620253
        },
        "(67.495, 71.992]": {
          "Éxito": 0.9841897233201581,
          "Error": 0.015810276679841896
        },
        "(71.992, 76.488]": {
          "Éxito": 0.9789029535864979,
          "Error": 0.02109704641350211
        },
        "(76.488, 80.985]": {
          "Éxito": 0.9523809523809523,
          "Error": 0.047619047619047616
        },
        "(80.985, 85.482]": {
          "Éxito": 0.9921259842519685,
          "Error": 0.007874015748031496
        },
        "(85.482, 89.979]": {
          "Éxito": 0.9552238805970149,
          "Error": 0.04477611940298507
        }
      }
    },
    "roll_off": {
      "is_categorical": false,
      "bins": 10,
      "values": {
        "(0.2, 0.21]": {
          "Éxito": 0.9344262295081968,
          "Error": 0.06557377049180328
        },
        "(0.21, 0.22]": {
          "Éxito": 0.9818181818181818,
          "Error": 0.01818181818181818
        },
        "(0.22, 0.23]": {
          "Éxito": 0.9588477366255144,
          "Error": 0.0411522633744856
        },
        "(0.23, 0.24]": {
          "Éxito": 0.9606299212598425,
          "Error": 0.03937007874015748
        },
        "(0.24, 0.25]": {
          "Éxito": 0.9869565217391304,
          "Error": 0.013043478260869565
        },
        "(0.25, 0.26]": {
          "Éxito": 0.9628099173553719,
          "Error": 0.0371900826446281
        },
        "(0.26, 0.27]": {
          "Éxito": 0.9840637450199203,
          "Error": 0.01593625498007968
        },
        "(0.27, 0.28]": {
          "Éxito": 0.9849056603773585,
          "Error": 0.01509433962264151
        },
        "(0.28, 0.29]": {
          "Éxito": 0.9655172413793104,
          "Error": 0.034482758620689655
        },
        "(0.29, 0.3]": {
          "Éxito": 0.954954954954955,
          "Error": 0.04504504504504504
        }
      }
    }
  }
}