{
  "experiment": {
    "name": "res_tcn_se_esc_3",
    "timestamp": "2025-06-21T04:29:11.775308",
    "repeat_index": 2,
    "fold_index": 0
  },
  "effects": {
    "num_taps": {
      "is_categorical": true,
      "bins": null,
      "values": {
        "2": {
          "Éxito": 0.9389747762408462,
          "Error": 0.061025223759153785
        }
      }
    },
    "snr_db": {
      "is_categorical": false,
      "bins": 10,
      "values": {
        "(7.998, 8.401]": {
          "Éxito": 0.90234375,
          "Error": 0.09765625
        },
        "(8.401, 8.8]": {
          "Éxito": 0.927536231884058,
          "Error": 0.07246376811594203
        },
        "(8.8, 9.2]": {
          "Éxito": 0.9176470588235294,
          "Error": 0.08235294117647059
        },
        "(9.2, 9.599]": {
          "Éxito": 0.9307359307359307,
          "Error": 0.06926406926406926
        },
        "(9.599, 9.998]": {
          "Éxito": 0.937984496124031,
          "Error": 0.06201550387596899
        },
        "(9.998, 10.397]": {
          "Éxito": 0.9786324786324786,
          "Error": 0.021367521367521368
        },
        "(10.397, 10.797]": {
          "Éxito": 0.946058091286307,
          "Error": 0.05394190871369295
        },
        "(10.797, 11.196]": {
          "Éxito": 0.9619771863117871,
          "Error": 0.03802281368821293
        },
        "(11.196, 11.595]": {
          "Éxito": 0.9556650246305419,
          "Error": 0.04433497536945813
        },
        "(11.595, 11.994]": {
          "Éxito": 0.9377593360995851,
          "Error": 0.06224066390041494
        }
      }
    },
    "phase_offset": {
      "is_categorical": false,
      "bins": 10,
      "values": {
        "(-0.0349, 4.507]": {
          "Éxito": 0.9604743083003953,
          "Error": 0.039525691699604744
        },
        "(4.507, 9.004]": {
          "Éxito": 0.9540229885057471,
          "Error": 0.04597701149425287
        },
        "(9.004, 13.501]": {
          "Éxito": 0.9367088607594937,
          "Error": 0.06329113924050633
        },
        "(13.501, 17.998]": {
          "Éxito": 0.9561752988047809,
          "Error": 0.043824701195219126
        },
        "(17.998, 22.495]": {
          "Éxito": 0.9125,
          "Error": 0.0875
        },
        "(22.495, 26.992]": {
          "Éxito": 0.9288702928870293,
          "Error": 0.07112970711297072
        },
        "(26.992, 31.49]": {
          "Éxito": 0.9157088122605364,
          "Error": 0.0842911877394636
        },
        "(31.49, 35.987]": {
          "Éxito": 0.9552845528455285,
          "Error": 0.044715447154471545
        },
        "(35.987, 40.484]": {
          "Éxito": 0.9103139013452914,
          "Error": 0.08968609865470852
        },
        "(40.484, 44.981]": {
          "Éxito": 0.9554655870445344,
          "Error": 0.044534412955465584
        }
      }
    },
    "roll_off": {
      "is_categorical": false,
      "bins": 10,
      "values": {
        "(0.2, 0.21]": {
          "Éxito": 0.9407114624505929,
          "Error": 0.05928853754940711
        },
        "(0.21, 0.22]": {
          "Éxito": 0.91015625,
          "Error": 0.08984375
        },
        "(0.22, 0.23]": {
          "Éxito": 0.9227642276422764,
          "Error": 0.07723577235772358
        },
        "(0.23, 0.24]": {
          "Éxito": 0.9541666666666667,
          "Error": 0.04583333333333333
        },
        "(0.24, 0.25]": {
          "Éxito": 0.9644444444444444,
          "Error": 0.035555555555555556
        },
        "(0.25, 0.26]": {
          "Éxito": 0.9490196078431372,
          "Error": 0.050980392156862744
        },
        "(0.26, 0.27]": {
          "Éxito": 0.9690265486725663,
          "Error": 0.030973451327433628
        },
        "(0.27, 0.28]": {
          "Éxito": 0.907563025210084,
          "Error": 0.09243697478991597
        },
        "(0.28, 0.29]": {
          "Éxito": 0.92578125,
          "Error": 0.07421875
        },
        "(0.29, 0.3]": {
          "Éxito": 0.9505703422053232,
          "Error": 0.049429657794676805
        }
      }
    }
  }
}