{
  "experiment": {
    "name": "cnn_bilstm_attn_esc_2",
    "timestamp": "2025-06-17T04:59:24.287642",
    "repeat_index": 0,
    "fold_index": 4
  },
  "evaluation": {
    "loss": 0.34679409861564636,
    "accuracy": 0.8828315734863281
  },
  "classification_report": {
    "bpsk": {
      "precision": 1.0,
      "recall": 1.0,
      "f1-score": 1.0,
      "support": 410.0
    },
    "qpsk": {
      "precision": 1.0,
      "recall": 1.0,
      "f1-score": 1.0,
      "support": 410.0
    },
    "16qam": {
      "precision": 0.9301204819277108,
      "recall": 0.9414634146341463,
      "f1-score": 0.9357575757575758,
      "support": 410.0
    },
    "32qam cross": {
      "precision": 0.7739130434782608,
      "recall": 0.651219512195122,
      "f1-score": 0.7072847682119204,
      "support": 410.0
    },
    "64qam": {
      "precision": 0.9226932668329177,
      "recall": 0.9046454767726161,
      "f1-score": 0.9135802469135802,
      "support": 409.0
    },
    "128qam cross": {
      "precision": 0.6855345911949685,
      "recall": 0.7995110024449877,
      "f1-score": 0.7381489841986455,
      "support": 409.0
    },
    "accuracy": 0.8828315703824248,
    "macro avg": {
      "precision": 0.8853768972389763,
      "recall": 0.8828065676744788,
      "f1-score": 0.882461929180287,
      "support": 2458.0
    },
    "weighted avg": {
      "precision": 0.8854430184498998,
      "recall": 0.8828315703824248,
      "f1-score": 0.8825079806966613,
      "support": 2458.0
    }
  }
}