{
  "experiment": {
    "name": "cnn_bilstm_attn_esc_6",
    "timestamp": "2025-06-23T17:30:34.165695",
    "repeat_index": 3,
    "fold_index": 3
  },
  "effects": {
    "num_taps": {
      "is_categorical": true,
      "bins": null,
      "values": {
        "1": {
          "Éxito": 0.9882017900732303,
          "Error": 0.011798209926769731
        }
      }
    },
    "snr_db": {
      "is_categorical": false,
      "bins": 10,
      "values": {
        "(7.999, 8.402]": {
          "Éxito": 0.9777777777777777,
          "Error": 0.022222222222222223
        },
        "(8.402, 8.802]": {
          "Éxito": 0.9809160305343512,
          "Error": 0.019083969465648856
        },
        "(8.802, 9.201]": {
          "Éxito": 0.9777777777777777,
          "Error": 0.022222222222222223
        },
        "(9.201, 9.601]": {
          "Éxito": 0.9851301115241635,
          "Error": 0.01486988847583643
        },
        "(9.601, 10.0]": {
          "Éxito": 0.9876543209876543,
          "Error": 0.012345679012345678
        },
        "(10.0, 10.399]": {
          "Éxito": 0.9961832061068703,
          "Error": 0.003816793893129771
        },
        "(10.399, 10.799]": {
          "Éxito": 0.9955947136563876,
          "Error": 0.004405286343612335
        },
        "(10.799, 11.198]": {
          "Éxito": 0.9914163090128756,
          "Error": 0.008583690987124463
        },
        "(11.198, 11.598]": {
          "Éxito": 0.992619926199262,
          "Error": 0.007380073800738007
        },
        "(11.598, 11.997]": {
          "Éxito": 0.995850622406639,
          "Error": 0.004149377593360996
        }
      }
    },
    "phase_offset": {
      "is_categorical": false,
      "bins": 10,
      "values": {
        "(-0.0417, 4.502]": {
          "Éxito": 0.9921875,
          "Error": 0.0078125
        },
        "(4.502, 9.001]": {
          "Éxito": 0.9694323144104804,
          "Error": 0.03056768558951965
        },
        "(9.001, 13.499]": {
          "Éxito": 0.9885496183206107,
          "Error": 0.011450381679389313
        },
        "(13.499, 17.998]": {
          "Éxito": 0.9874476987447699,
          "Error": 0.012552301255230125
        },
        "(17.998, 22.497]": {
          "Éxito": 0.984313725490196,
          "Error": 0.01568627450980392
        },
        "(22.497, 26.995]": {
          "Éxito": 0.9956521739130435,
          "Error": 0.004347826086956522
        },
        "(26.995, 31.494]": {
          "Éxito": 0.9919678714859438,
          "Error": 0.008032128514056224
        },
        "(31.494, 35.993]": {
          "Éxito": 0.9873949579831933,
          "Error": 0.012605042016806723
        },
        "(35.993, 40.491]": {
          "Éxito": 0.9959677419354839,
          "Error": 0.004032258064516129
        },
        "(40.491, 44.99]": {
          "Éxito": 0.9880952380952381,
          "Error": 0.011904761904761904
        }
      }
    },
    "roll_off": {
      "is_categorical": false,
      "bins": 10,
      "values": {
        "(0.2, 0.21]": {
          "Éxito": 0.9787234042553191,
          "Error": 0.02127659574468085
        },
        "(0.21, 0.22]": {
          "Éxito": 0.975,
          "Error": 0.025
        },
        "(0.22, 0.23]": {
          "Éxito": 0.9917695473251029,
          "Error": 0.00823045267489712
        },
        "(0.23, 0.24]": {
          "Éxito": 0.9916317991631799,
          "Error": 0.008368200836820083
        },
        "(0.24, 0.25]": {
          "Éxito": 0.9877049180327869,
          "Error": 0.012295081967213115
        },
        "(0.25, 0.26]": {
          "Éxito": 0.9884169884169884,
          "Error": 0.011583011583011582
        },
        "(0.26, 0.27]": {
          "Éxito": 0.9959349593495935,
          "Error": 0.0040650406504065045
        },
        "(0.27, 0.28]": {
          "Éxito": 0.9910714285714286,
          "Error": 0.008928571428571428
        },
        "(0.28, 0.29]": {
          "Éxito": 0.9921875,
          "Error": 0.0078125
        },
        "(0.29, 0.3]": {
          "Éxito": 0.9911111111111112,
          "Error": 0.008888888888888889
        }
      }
    }
  }
}