{
  "experiment": {
    "name": "red_carlos_ESC_5",
    "timestamp": "2025-06-18T11:14:03.806241",
    "repeat_index": 1,
    "fold_index": 3
  },
  "effects": {
    "num_taps": {
      "is_categorical": true,
      "bins": null,
      "values": {
        "2": {
          "Éxito": 0.9947111472742066,
          "Error": 0.0052888527257933275
        }
      }
    },
    "snr_db": {
      "is_categorical": false,
      "bins": 10,
      "values": {
        "(15.996, 16.399]": {
          "Éxito": 0.995850622406639,
          "Error": 0.004149377593360996
        },
        "(16.399, 16.798]": {
          "Éxito": 0.9958847736625515,
          "Error": 0.00411522633744856
        },
        "(16.798, 17.197]": {
          "Éxito": 0.9961538461538462,
          "Error": 0.0038461538461538464
        },
        "(17.197, 17.596]": {
          "Éxito": 0.9957446808510638,
          "Error": 0.00425531914893617
        },
        "(17.596, 17.994]": {
          "Éxito": 1.0,
          "Error": 0.0
        },
        "(17.994, 18.393]": {
          "Éxito": 0.9885496183206107,
          "Error": 0.011450381679389313
        },
        "(18.393, 18.792]": {
          "Éxito": 0.9923664122137404,
          "Error": 0.007633587786259542
        },
        "(18.792, 19.191]": {
          "Éxito": 1.0,
          "Error": 0.0
        },
        "(19.191, 19.59]": {
          "Éxito": 0.9909502262443439,
          "Error": 0.00904977375565611
        },
        "(19.59, 19.988]": {
          "Éxito": 0.9914163090128756,
          "Error": 0.008583690987124463
        }
      }
    },
    "phase_offset": {
      "is_categorical": false,
      "bins": 10,
      "values": {
        "(-0.0288, 4.514]": {
          "Éxito": 0.9886792452830189,
          "Error": 0.011320754716981131
        },
        "(4.514, 9.011]": {
          "Éxito": 1.0,
          "Error": 0.0
        },
        "(9.011, 13.508]": {
          "Éxito": 1.0,
          "Error": 0.0
        },
        "(13.508, 18.006]": {
          "Éxito": 0.9962264150943396,
          "Error": 0.0037735849056603774
        },
        "(18.006, 22.503]": {
          "Éxito": 0.9957264957264957,
          "Error": 0.004273504273504274
        },
        "(22.503, 27.0]": {
          "Éxito": 0.991701244813278,
          "Error": 0.008298755186721992
        },
        "(27.0, 31.498]": {
          "Éxito": 0.9907407407407407,
          "Error": 0.009259259259259259
        },
        "(31.498, 35.995]": {
          "Éxito": 0.996078431372549,
          "Error": 0.00392156862745098
        },
        "(35.995, 40.492]": {
          "Éxito": 0.9960159362549801,
          "Error": 0.00398406374501992
        },
        "(40.492, 44.989]": {
          "Éxito": 0.9918367346938776,
          "Error": 0.00816326530612245
        }
      }
    },
    "roll_off": {
      "is_categorical": false,
      "bins": 10,
      "values": {
        "(0.2, 0.21]": {
          "Éxito": 0.9920318725099602,
          "Error": 0.00796812749003984
        },
        "(0.21, 0.22]": {
          "Éxito": 1.0,
          "Error": 0.0
        },
        "(0.22, 0.23]": {
          "Éxito": 0.9958333333333333,
          "Error": 0.004166666666666667
        },
        "(0.23, 0.24]": {
          "Éxito": 1.0,
          "Error": 0.0
        },
        "(0.24, 0.25]": {
          "Éxito": 0.9924242424242424,
          "Error": 0.007575757575757576
        },
        "(0.25, 0.26]": {
          "Éxito": 0.9960159362549801,
          "Error": 0.00398406374501992
        },
        "(0.26, 0.27]": {
          "Éxito": 0.9957264957264957,
          "Error": 0.004273504273504274
        },
        "(0.27, 0.28]": {
          "Éxito": 0.99581589958159,
          "Error": 0.0041841004184100415
        },
        "(0.28, 0.29]": {
          "Éxito": 0.9912663755458515,
          "Error": 0.008733624454148471
        },
        "(0.29, 0.3]": {
          "Éxito": 0.9873949579831933,
          "Error": 0.012605042016806723
        }
      }
    }
  }
}