{
  "experiment": {
    "name": "ARQ_3__ESC_4",
    "timestamp": "2025-06-19T12:12:33.953374",
    "repeat_index": 8
  },
  "evaluation": {
    "loss": 0.11005718261003494,
    "accuracy": 0.9752604365348816
  },
  "classification_report": {
    "bpsk": {
      "precision": 1.0,
      "recall": 0.9990234375,
      "f1-score": 0.9995114802149487,
      "support": 1024.0
    },
    "qpsk": {
      "precision": 0.9990243902439024,
      "recall": 1.0,
      "f1-score": 0.9995119570522206,
      "support": 1024.0
    },
    "16qam": {
      "precision": 0.9854368932038835,
      "recall": 0.9912109375,
      "f1-score": 0.9883154819863681,
      "support": 1024.0
    },
    "32qam cross": {
      "precision": 0.9685349065880039,
      "recall": 0.9619140625,
      "f1-score": 0.9652131308182264,
      "support": 1024.0
    },
    "64qam": {
      "precision": 0.9575289575289575,
      "recall": 0.96875,
      "f1-score": 0.9631067961165048,
      "support": 1024.0
    },
    "128qam cross": {
      "precision": 0.9407699901283317,
      "recall": 0.9306640625,
      "f1-score": 0.9356897398134512,
      "support": 1024.0
    },
    "accuracy": 0.9752604166666666,
    "macro avg": {
      "precision": 0.9752158562821798,
      "recall": 0.9752604166666666,
      "f1-score": 0.9752247643336199,
      "support": 6144.0
    },
    "weighted avg": {
      "precision": 0.9752158562821798,
      "recall": 0.9752604166666666,
      "f1-score": 0.9752247643336199,
      "support": 6144.0
    }
  }
}