{
  "experiment": {
    "name": "ARQ_3__ESC_4",
    "timestamp": "2025-06-19T12:12:34.487443",
    "repeat_index": 8
  },
  "effects": {
    "num_taps": {
      "is_categorical": true,
      "bins": null,
      "values": {
        "2": {
          "Éxito": 0.9752604166666666,
          "Error": 0.024739583333333332
        }
      }
    },
    "snr_db": {
      "is_categorical": false,
      "bins": 10,
      "values": {
        "(11.996, 12.4]": {
          "Éxito": 0.946031746031746,
          "Error": 0.05396825396825397
        },
        "(12.4, 12.8]": {
          "Éxito": 0.9761904761904762,
          "Error": 0.023809523809523808
        },
        "(12.8, 13.2]": {
          "Éxito": 0.9701230228471002,
          "Error": 0.029876977152899824
        },
        "(13.2, 13.6]": {
          "Éxito": 0.9680511182108626,
          "Error": 0.03194888178913738
        },
        "(13.6, 14.0]": {
          "Éxito": 0.9773462783171522,
          "Error": 0.022653721682847898
        },
        "(14.0, 14.4]": {
          "Éxito": 0.978688524590164,
          "Error": 0.021311475409836064
        },
        "(14.4, 14.8]": {
          "Éxito": 0.9807073954983923,
          "Error": 0.01929260450160772
        },
        "(14.8, 15.2]": {
          "Éxito": 0.9866666666666667,
          "Error": 0.013333333333333334
        },
        "(15.2, 15.599]": {
          "Éxito": 0.9822580645161291,
          "Error": 0.017741935483870968
        },
        "(15.599, 15.999]": {
          "Éxito": 0.9870759289176091,
          "Error": 0.012924071082390954
        }
      }
    },
    "phase_offset": {
      "is_categorical": false,
      "bins": 10,
      "values": {
        "(-0.0418, 4.501]": {
          "Éxito": 0.9643435980551054,
          "Error": 0.03565640194489465
        },
        "(4.501, 9.0]": {
          "Éxito": 0.9873015873015873,
          "Error": 0.012698412698412698
        },
        "(9.0, 13.498]": {
          "Éxito": 0.9668874172185431,
          "Error": 0.033112582781456956
        },
        "(13.498, 17.996]": {
          "Éxito": 0.9852216748768473,
          "Error": 0.014778325123152709
        },
        "(17.996, 22.495]": {
          "Éxito": 0.9746621621621622,
          "Error": 0.02533783783783784
        },
        "(22.495, 26.993]": {
          "Éxito": 0.967741935483871,
          "Error": 0.03225806451612903
        },
        "(26.993, 31.491]": {
          "Éxito": 0.9677938808373591,
          "Error": 0.0322061191626409
        },
        "(31.491, 35.99]": {
          "Éxito": 0.9780564263322884,
          "Error": 0.0219435736677116
        },
        "(35.99, 40.488]": {
          "Éxito": 0.979381443298969,
          "Error": 0.020618556701030927
        },
        "(40.488, 44.986]": {
          "Éxito": 0.9803625377643505,
          "Error": 0.019637462235649546
        }
      }
    },
    "roll_off": {
      "is_categorical": false,
      "bins": 10,
      "values": {
        "(0.2, 0.21]": {
          "Éxito": 0.9605055292259084,
          "Error": 0.03949447077409163
        },
        "(0.21, 0.22]": {
          "Éxito": 0.9697428139183056,
          "Error": 0.030257186081694403
        },
        "(0.22, 0.23]": {
          "Éxito": 0.984,
          "Error": 0.016
        },
        "(0.23, 0.24]": {
          "Éxito": 0.9828767123287672,
          "Error": 0.017123287671232876
        },
        "(0.24, 0.25]": {
          "Éxito": 0.9733333333333334,
          "Error": 0.02666666666666667
        },
        "(0.25, 0.26]": {
          "Éxito": 0.9726247987117552,
          "Error": 0.027375201288244767
        },
        "(0.26, 0.27]": {
          "Éxito": 0.9749163879598662,
          "Error": 0.02508361204013378
        },
        "(0.27, 0.28]": {
          "Éxito": 0.9801652892561984,
          "Error": 0.019834710743801654
        },
        "(0.28, 0.29]": {
          "Éxito": 0.9764705882352941,
          "Error": 0.023529411764705882
        },
        "(0.29, 0.3]": {
          "Éxito": 0.9790996784565916,
          "Error": 0.02090032154340836
        }
      }
    }
  }
}