{
  "experiment": {
    "name": "ARQ_2__ESC_8",
    "timestamp": "2025-06-19T20:14:35.668332",
    "repeat_index": 0
  },
  "effects": {
    "num_taps": {
      "is_categorical": true,
      "bins": null,
      "values": {
        "6": {
          "Éxito": 0.8701171875,
          "Error": 0.1298828125
        }
      }
    },
    "snr_db": {
      "is_categorical": false,
      "bins": 10,
      "values": {
        "(7.997, 8.4]": {
          "Éxito": 0.8425324675324676,
          "Error": 0.15746753246753248
        },
        "(8.4, 8.8]": {
          "Éxito": 0.8654485049833887,
          "Error": 0.1345514950166113
        },
        "(8.8, 9.2]": {
          "Éxito": 0.8405103668261563,
          "Error": 0.1594896331738437
        },
        "(9.2, 9.6]": {
          "Éxito": 0.8698517298187809,
          "Error": 0.1301482701812191
        },
        "(9.6, 9.999]": {
          "Éxito": 0.8782467532467533,
          "Error": 0.12175324675324675
        },
        "(9.999, 10.399]": {
          "Éxito": 0.8649921507064364,
          "Error": 0.13500784929356358
        },
        "(10.399, 10.799]": {
          "Éxito": 0.8683001531393568,
          "Error": 0.13169984686064318
        },
        "(10.799, 11.199]": {
          "Éxito": 0.9076376554174067,
          "Error": 0.09236234458259325
        },
        "(11.199, 11.598]": {
          "Éxito": 0.8875,
          "Error": 0.1125
        },
        "(11.598, 11.998]": {
          "Éxito": 0.8799313893653516,
          "Error": 0.12006861063464837
        }
      }
    },
    "phase_offset": {
      "is_categorical": false,
      "bins": 10,
      "values": {
        "(-0.0382, 4.506]": {
          "Éxito": 0.8811881188118812,
          "Error": 0.1188118811881188
        },
        "(4.506, 9.005]": {
          "Éxito": 0.8842975206611571,
          "Error": 0.11570247933884298
        },
        "(9.005, 13.503]": {
          "Éxito": 0.8947368421052632,
          "Error": 0.10526315789473684
        },
        "(13.503, 18.002]": {
          "Éxito": 0.8717948717948718,
          "Error": 0.1282051282051282
        },
        "(18.002, 22.501]": {
          "Éxito": 0.8756388415672913,
          "Error": 0.12436115843270869
        },
        "(22.501, 27.0]": {
          "Éxito": 0.856071964017991,
          "Error": 0.14392803598200898
        },
        "(27.0, 31.499]": {
          "Éxito": 0.8666666666666667,
          "Error": 0.13333333333333333
        },
        "(31.499, 35.998]": {
          "Éxito": 0.8566666666666667,
          "Error": 0.14333333333333334
        },
        "(35.998, 40.497]": {
          "Éxito": 0.8491171749598716,
          "Error": 0.1508828250401284
        },
        "(40.497, 44.996]": {
          "Éxito": 0.8661157024793389,
          "Error": 0.13388429752066117
        }
      }
    },
    "roll_off": {
      "is_categorical": false,
      "bins": 10,
      "values": {
        "(0.2, 0.21]": {
          "Éxito": 0.8503521126760564,
          "Error": 0.14964788732394366
        },
        "(0.21, 0.22]": {
          "Éxito": 0.8762376237623762,
          "Error": 0.12376237623762376
        },
        "(0.22, 0.23]": {
          "Éxito": 0.8856209150326797,
          "Error": 0.11437908496732026
        },
        "(0.23, 0.24]": {
          "Éxito": 0.867430441898527,
          "Error": 0.132569558101473
        },
        "(0.24, 0.25]": {
          "Éxito": 0.8752052545155994,
          "Error": 0.12479474548440066
        },
        "(0.25, 0.26]": {
          "Éxito": 0.8716012084592145,
          "Error": 0.1283987915407855
        },
        "(0.26, 0.27]": {
          "Éxito": 0.8611544461778471,
          "Error": 0.13884555382215288
        },
        "(0.27, 0.28]": {
          "Éxito": 0.8830313014827018,
          "Error": 0.11696869851729819
        },
        "(0.28, 0.29]": {
          "Éxito": 0.8690671031096563,
          "Error": 0.1309328968903437
        },
        "(0.29, 0.3]": {
          "Éxito": 0.8606158833063209,
          "Error": 0.1393841166936791
        }
      }
    }
  }
}