{
  "experiment": {
    "name": "cnn_bilstm_attn_esc_3",
    "timestamp": "2025-06-19T13:36:01.962638",
    "repeat_index": 3,
    "fold_index": 2
  },
  "effects": {
    "num_taps": {
      "is_categorical": true,
      "bins": null,
      "values": {
        "2": {
          "Éxito": 0.9719283970707893,
          "Error": 0.02807160292921074
        }
      }
    },
    "snr_db": {
      "is_categorical": false,
      "bins": 10,
      "values": {
        "(7.999, 8.403]": {
          "Éxito": 0.9671532846715328,
          "Error": 0.032846715328467155
        },
        "(8.403, 8.802]": {
          "Éxito": 0.9473684210526315,
          "Error": 0.05263157894736842
        },
        "(8.802, 9.202]": {
          "Éxito": 0.9442231075697212,
          "Error": 0.055776892430278883
        },
        "(9.202, 9.602]": {
          "Éxito": 0.977859778597786,
          "Error": 0.02214022140221402
        },
        "(9.602, 10.001]": {
          "Éxito": 0.9598214285714286,
          "Error": 0.04017857142857143
        },
        "(10.001, 10.401]": {
          "Éxito": 0.9785407725321889,
          "Error": 0.02145922746781116
        },
        "(10.401, 10.801]": {
          "Éxito": 0.9694323144104804,
          "Error": 0.03056768558951965
        },
        "(10.801, 11.2]": {
          "Éxito": 0.9913419913419913,
          "Error": 0.008658008658008658
        },
        "(11.2, 11.6]": {
          "Éxito": 0.9882352941176471,
          "Error": 0.011764705882352941
        },
        "(11.6, 12.0]": {
          "Éxito": 0.9958847736625515,
          "Error": 0.00411522633744856
        }
      }
    },
    "phase_offset": {
      "is_categorical": false,
      "bins": 10,
      "values": {
        "(-0.0322, 4.511]": {
          "Éxito": 0.9768518518518519,
          "Error": 0.023148148148148147
        },
        "(4.511, 9.009]": {
          "Éxito": 0.9732824427480916,
          "Error": 0.026717557251908396
        },
        "(9.009, 13.507]": {
          "Éxito": 0.9710743801652892,
          "Error": 0.028925619834710745
        },
        "(13.507, 18.005]": {
          "Éxito": 0.9702602230483272,
          "Error": 0.02973977695167286
        },
        "(18.005, 22.503]": {
          "Éxito": 0.9678714859437751,
          "Error": 0.0321285140562249
        },
        "(22.503, 27.001]": {
          "Éxito": 0.9809885931558935,
          "Error": 0.019011406844106463
        },
        "(27.001, 31.5]": {
          "Éxito": 0.9656652360515021,
          "Error": 0.034334763948497854
        },
        "(31.5, 35.998]": {
          "Éxito": 0.966804979253112,
          "Error": 0.03319502074688797
        },
        "(35.998, 40.496]": {
          "Éxito": 0.9596774193548387,
          "Error": 0.04032258064516129
        },
        "(40.496, 44.994]": {
          "Éxito": 0.9872340425531915,
          "Error": 0.01276595744680851
        }
      }
    },
    "roll_off": {
      "is_categorical": false,
      "bins": 10,
      "values": {
        "(0.2, 0.21]": {
          "Éxito": 0.9618320610687023,
          "Error": 0.03816793893129771
        },
        "(0.21, 0.22]": {
          "Éxito": 0.9626865671641791,
          "Error": 0.03731343283582089
        },
        "(0.22, 0.23]": {
          "Éxito": 0.9748953974895398,
          "Error": 0.02510460251046025
        },
        "(0.23, 0.24]": {
          "Éxito": 0.9726027397260274,
          "Error": 0.0273972602739726
        },
        "(0.24, 0.25]": {
          "Éxito": 0.96,
          "Error": 0.04
        },
        "(0.25, 0.26]": {
          "Éxito": 0.9746835443037974,
          "Error": 0.02531645569620253
        },
        "(0.26, 0.27]": {
          "Éxito": 0.9806949806949807,
          "Error": 0.019305019305019305
        },
        "(0.27, 0.28]": {
          "Éxito": 0.9807692307692307,
          "Error": 0.019230769230769232
        },
        "(0.28, 0.29]": {
          "Éxito": 0.9724409448818898,
          "Error": 0.027559055118110236
        },
        "(0.29, 0.3]": {
          "Éxito": 0.9787234042553191,
          "Error": 0.02127659574468085
        }
      }
    }
  }
}