{
  "experiment": {
    "name": "res_tcn_se_esc_6",
    "timestamp": "2025-06-21T08:21:08.915750",
    "repeat_index": 2,
    "fold_index": 0
  },
  "effects": {
    "num_taps": {
      "is_categorical": true,
      "bins": null,
      "values": {
        "1": {
          "Éxito": 0.9495524816924329,
          "Error": 0.05044751830756713
        }
      }
    },
    "snr_db": {
      "is_categorical": false,
      "bins": 10,
      "values": {
        "(7.996, 8.4]": {
          "Éxito": 0.9110169491525424,
          "Error": 0.08898305084745763
        },
        "(8.4, 8.8]": {
          "Éxito": 0.9233870967741935,
          "Error": 0.07661290322580645
        },
        "(8.8, 9.199]": {
          "Éxito": 0.9543568464730291,
          "Error": 0.04564315352697095
        },
        "(9.199, 9.599]": {
          "Éxito": 0.948,
          "Error": 0.052
        },
        "(9.599, 9.999]": {
          "Éxito": 0.9467680608365019,
          "Error": 0.053231939163498096
        },
        "(9.999, 10.399]": {
          "Éxito": 0.9573643410852714,
          "Error": 0.04263565891472868
        },
        "(10.399, 10.798]": {
          "Éxito": 0.9495412844036697,
          "Error": 0.05045871559633028
        },
        "(10.798, 11.198]": {
          "Éxito": 0.9565217391304348,
          "Error": 0.043478260869565216
        },
        "(11.198, 11.598]": {
          "Éxito": 0.9683794466403162,
          "Error": 0.03162055335968379
        },
        "(11.598, 11.997]": {
          "Éxito": 0.9770114942528736,
          "Error": 0.022988505747126436
        }
      }
    },
    "phase_offset": {
      "is_categorical": false,
      "bins": 10,
      "values": {
        "(-0.0341, 4.506]": {
          "Éxito": 0.9361702127659575,
          "Error": 0.06382978723404255
        },
        "(4.506, 9.001]": {
          "Éxito": 0.9377431906614786,
          "Error": 0.0622568093385214
        },
        "(9.001, 13.496]": {
          "Éxito": 0.9619771863117871,
          "Error": 0.03802281368821293
        },
        "(13.496, 17.99]": {
          "Éxito": 0.9442231075697212,
          "Error": 0.055776892430278883
        },
        "(17.99, 22.485]": {
          "Éxito": 0.947565543071161,
          "Error": 0.052434456928838954
        },
        "(22.485, 26.98]": {
          "Éxito": 0.95260663507109,
          "Error": 0.04739336492890995
        },
        "(26.98, 31.475]": {
          "Éxito": 0.9616858237547893,
          "Error": 0.038314176245210725
        },
        "(31.475, 35.97]": {
          "Éxito": 0.9634703196347032,
          "Error": 0.0365296803652968
        },
        "(35.97, 40.465]": {
          "Éxito": 0.9510204081632653,
          "Error": 0.04897959183673469
        },
        "(40.465, 44.96]": {
          "Éxito": 0.9397590361445783,
          "Error": 0.060240963855421686
        }
      }
    },
    "roll_off": {
      "is_categorical": false,
      "bins": 10,
      "values": {
        "(0.2, 0.21]": {
          "Éxito": 0.9322033898305084,
          "Error": 0.06779661016949153
        },
        "(0.21, 0.22]": {
          "Éxito": 0.950207468879668,
          "Error": 0.04979253112033195
        },
        "(0.22, 0.23]": {
          "Éxito": 0.9461883408071748,
          "Error": 0.053811659192825115
        },
        "(0.23, 0.24]": {
          "Éxito": 0.9375,
          "Error": 0.0625
        },
        "(0.24, 0.25]": {
          "Éxito": 0.9672131147540983,
          "Error": 0.03278688524590164
        },
        "(0.25, 0.26]": {
          "Éxito": 0.9615384615384616,
          "Error": 0.038461538461538464
        },
        "(0.26, 0.27]": {
          "Éxito": 0.9122137404580153,
          "Error": 0.08778625954198473
        },
        "(0.27, 0.28]": {
          "Éxito": 0.9581589958158996,
          "Error": 0.04184100418410042
        },
        "(0.28, 0.29]": {
          "Éxito": 0.9739776951672863,
          "Error": 0.026022304832713755
        },
        "(0.29, 0.3]": {
          "Éxito": 0.9529914529914529,
          "Error": 0.04700854700854701
        }
      }
    }
  }
}