{
  "experiment": {
    "name": "ARQ_2__ESC_6",
    "timestamp": "2025-06-19T17:18:53.830148",
    "repeat_index": 3
  },
  "effects": {
    "num_taps": {
      "is_categorical": true,
      "bins": null,
      "values": {
        "1": {
          "Éxito": 0.9889322916666666,
          "Error": 0.011067708333333334
        }
      }
    },
    "snr_db": {
      "is_categorical": false,
      "bins": 10,
      "values": {
        "(7.996, 8.4]": {
          "Éxito": 0.9781931464174455,
          "Error": 0.021806853582554516
        },
        "(8.4, 8.8]": {
          "Éxito": 0.9746434231378764,
          "Error": 0.025356576862123614
        },
        "(8.8, 9.2]": {
          "Éxito": 0.9882747068676717,
          "Error": 0.011725293132328308
        },
        "(9.2, 9.6]": {
          "Éxito": 0.9804878048780488,
          "Error": 0.01951219512195122
        },
        "(9.6, 10.0]": {
          "Éxito": 0.989778534923339,
          "Error": 0.010221465076660987
        },
        "(10.0, 10.4]": {
          "Éxito": 0.994991652754591,
          "Error": 0.005008347245409015
        },
        "(10.4, 10.8]": {
          "Éxito": 0.9916666666666667,
          "Error": 0.008333333333333333
        },
        "(10.8, 11.2]": {
          "Éxito": 0.9968051118210862,
          "Error": 0.003194888178913738
        },
        "(11.2, 11.6]": {
          "Éxito": 0.9983974358974359,
          "Error": 0.0016025641025641025
        },
        "(11.6, 12.0]": {
          "Éxito": 0.9967897271268058,
          "Error": 0.0032102728731942215
        }
      }
    },
    "phase_offset": {
      "is_categorical": false,
      "bins": 10,
      "values": {
        "(-0.0425, 4.502]": {
          "Éxito": 0.9793977812995246,
          "Error": 0.020602218700475437
        },
        "(4.502, 9.002]": {
          "Éxito": 0.991869918699187,
          "Error": 0.008130081300813009
        },
        "(9.002, 13.501]": {
          "Éxito": 0.9907120743034056,
          "Error": 0.009287925696594427
        },
        "(13.501, 18.001]": {
          "Éxito": 0.9914089347079038,
          "Error": 0.00859106529209622
        },
        "(18.001, 22.501]": {
          "Éxito": 0.986863711001642,
          "Error": 0.013136288998357963
        },
        "(22.501, 27.0]": {
          "Éxito": 0.9934959349593496,
          "Error": 0.0065040650406504065
        },
        "(27.0, 31.5]": {
          "Éxito": 0.9938837920489296,
          "Error": 0.0061162079510703364
        },
        "(31.5, 35.999]": {
          "Éxito": 0.9900497512437811,
          "Error": 0.009950248756218905
        },
        "(35.999, 40.499]": {
          "Éxito": 0.9882352941176471,
          "Error": 0.011764705882352941
        },
        "(40.499, 44.999]": {
          "Éxito": 0.9831649831649831,
          "Error": 0.016835016835016835
        }
      }
    },
    "roll_off": {
      "is_categorical": false,
      "bins": 10,
      "values": {
        "(0.2, 0.21]": {
          "Éxito": 0.9821138211382113,
          "Error": 0.01788617886178862
        },
        "(0.21, 0.22]": {
          "Éxito": 0.9916943521594684,
          "Error": 0.008305647840531562
        },
        "(0.22, 0.23]": {
          "Éxito": 0.9920382165605095,
          "Error": 0.007961783439490446
        },
        "(0.23, 0.24]": {
          "Éxito": 0.9881129271916791,
          "Error": 0.01188707280832095
        },
        "(0.24, 0.25]": {
          "Éxito": 0.9884678747940692,
          "Error": 0.011532125205930808
        },
        "(0.25, 0.26]": {
          "Éxito": 0.9903225806451613,
          "Error": 0.00967741935483871
        },
        "(0.26, 0.27]": {
          "Éxito": 0.99,
          "Error": 0.01
        },
        "(0.27, 0.28]": {
          "Éxito": 0.989492119089317,
          "Error": 0.010507880910683012
        },
        "(0.28, 0.29]": {
          "Éxito": 0.9853420195439739,
          "Error": 0.014657980456026058
        },
        "(0.29, 0.3]": {
          "Éxito": 0.99185667752443,
          "Error": 0.008143322475570033
        }
      }
    }
  }
}