{
  "experiment": {
    "name": "cnn_bilstm_attn_esc_1",
    "timestamp": "2025-06-19T04:12:34.238712",
    "repeat_index": 2,
    "fold_index": 4
  },
  "evaluation": {
    "loss": 0.4546576738357544,
    "accuracy": 0.7892595529556274
  },
  "classification_report": {
    "bpsk": {
      "precision": 1.0,
      "recall": 1.0,
      "f1-score": 1.0,
      "support": 409.0
    },
    "qpsk": {
      "precision": 1.0,
      "recall": 0.9951219512195122,
      "f1-score": 0.9975550122249389,
      "support": 410.0
    },
    "16qam": {
      "precision": 0.797752808988764,
      "recall": 0.6926829268292682,
      "f1-score": 0.7415143603133159,
      "support": 410.0
    },
    "32qam cross": {
      "precision": 0.7410358565737052,
      "recall": 0.4547677261613692,
      "f1-score": 0.5636363636363636,
      "support": 409.0
    },
    "64qam": {
      "precision": 0.664,
      "recall": 0.8097560975609757,
      "f1-score": 0.7296703296703297,
      "support": 410.0
    },
    "128qam cross": {
      "precision": 0.601123595505618,
      "recall": 0.7829268292682927,
      "f1-score": 0.6800847457627118,
      "support": 410.0
    },
    "accuracy": 0.789259560618389,
    "macro avg": {
      "precision": 0.8006520435113478,
      "recall": 0.7892092551732364,
      "f1-score": 0.7854101352679433,
      "support": 2458.0
    },
    "weighted avg": {
      "precision": 0.8005951957613271,
      "recall": 0.789259560618389,
      "f1-score": 0.7854130579314501,
      "support": 2458.0
    }
  }
}