{
  "experiment": {
    "name": "ARQ_2__ESC_1",
    "timestamp": "2025-06-19T09:05:57.597610",
    "repeat_index": 8
  },
  "effects": {
    "num_taps": {
      "is_categorical": true,
      "bins": null,
      "values": {
        "2": {
          "Éxito": 0.6004231770833334,
          "Error": 0.3995768229166667
        }
      }
    },
    "snr_db": {
      "is_categorical": false,
      "bins": 10,
      "values": {
        "(-0.00268, 0.401]": {
          "Éxito": 0.5830618892508144,
          "Error": 0.4169381107491857
        },
        "(0.401, 0.801]": {
          "Éxito": 0.576036866359447,
          "Error": 0.423963133640553
        },
        "(0.801, 1.201]": {
          "Éxito": 0.5548961424332344,
          "Error": 0.44510385756676557
        },
        "(1.201, 1.6]": {
          "Éxito": 0.6089108910891089,
          "Error": 0.3910891089108911
        },
        "(1.6, 2.0]": {
          "Éxito": 0.6064516129032258,
          "Error": 0.3935483870967742
        },
        "(2.0, 2.4]": {
          "Éxito": 0.5848142164781907,
          "Error": 0.41518578352180935
        },
        "(2.4, 2.799]": {
          "Éxito": 0.6179966044142614,
          "Error": 0.38200339558573854
        },
        "(2.799, 3.199]": {
          "Éxito": 0.6187175043327556,
          "Error": 0.38128249566724437
        },
        "(3.199, 3.599]": {
          "Éxito": 0.6196013289036545,
          "Error": 0.3803986710963455
        },
        "(3.599, 3.999]": {
          "Éxito": 0.643581081081081,
          "Error": 0.3564189189189189
        }
      }
    },
    "phase_offset": {
      "is_categorical": false,
      "bins": 10,
      "values": {
        "(-0.0368, 4.506]": {
          "Éxito": 0.6117455138662317,
          "Error": 0.38825448613376834
        },
        "(4.506, 9.004]": {
          "Éxito": 0.6194267515923567,
          "Error": 0.38057324840764334
        },
        "(9.004, 13.502]": {
          "Éxito": 0.5846905537459284,
          "Error": 0.4153094462540717
        },
        "(13.502, 17.999]": {
          "Éxito": 0.5983739837398374,
          "Error": 0.4016260162601626
        },
        "(17.999, 22.497]": {
          "Éxito": 0.6013513513513513,
          "Error": 0.39864864864864863
        },
        "(22.497, 26.995]": {
          "Éxito": 0.6079365079365079,
          "Error": 0.39206349206349206
        },
        "(26.995, 31.493]": {
          "Éxito": 0.5874799357945425,
          "Error": 0.41252006420545745
        },
        "(31.493, 35.991]": {
          "Éxito": 0.5993322203672788,
          "Error": 0.4006677796327212
        },
        "(35.991, 40.488]": {
          "Éxito": 0.5702199661590525,
          "Error": 0.42978003384094754
        },
        "(40.488, 44.986]": {
          "Éxito": 0.621283255086072,
          "Error": 0.37871674491392804
        }
      }
    },
    "roll_off": {
      "is_categorical": false,
      "bins": 10,
      "values": {
        "(0.2, 0.21]": {
          "Éxito": 0.5921696574225123,
          "Error": 0.4078303425774878
        },
        "(0.21, 0.22]": {
          "Éxito": 0.609984399375975,
          "Error": 0.39001560062402496
        },
        "(0.22, 0.23]": {
          "Éxito": 0.6111111111111112,
          "Error": 0.3888888888888889
        },
        "(0.23, 0.24]": {
          "Éxito": 0.6034755134281201,
          "Error": 0.39652448657187994
        },
        "(0.24, 0.25]": {
          "Éxito": 0.5718901453957996,
          "Error": 0.4281098546042003
        },
        "(0.25, 0.26]": {
          "Éxito": 0.5766666666666667,
          "Error": 0.42333333333333334
        },
        "(0.26, 0.27]": {
          "Éxito": 0.6079077429983526,
          "Error": 0.39209225700164746
        },
        "(0.27, 0.28]": {
          "Éxito": 0.6188197767145136,
          "Error": 0.38118022328548645
        },
        "(0.28, 0.29]": {
          "Éxito": 0.603448275862069,
          "Error": 0.39655172413793105
        },
        "(0.29, 0.3]": {
          "Éxito": 0.6077441077441077,
          "Error": 0.39225589225589225
        }
      }
    }
  }
}