{
  "experiment": {
    "name": "cnn_bilstm_attn_esc_5",
    "timestamp": "2025-06-18T22:02:26.610553",
    "repeat_index": 1,
    "fold_index": 0
  },
  "effects": {
    "num_taps": {
      "is_categorical": true,
      "bins": null,
      "values": {
        "2": {
          "Éxito": 0.9959316517493898,
          "Error": 0.0040683482506102524
        }
      }
    },
    "snr_db": {
      "is_categorical": false,
      "bins": 10,
      "values": {
        "(15.996, 16.399]": {
          "Éxito": 0.991701244813278,
          "Error": 0.008298755186721992
        },
        "(16.399, 16.798]": {
          "Éxito": 1.0,
          "Error": 0.0
        },
        "(16.798, 17.197]": {
          "Éxito": 0.9961538461538462,
          "Error": 0.0038461538461538464
        },
        "(17.197, 17.596]": {
          "Éxito": 1.0,
          "Error": 0.0
        },
        "(17.596, 17.994]": {
          "Éxito": 0.9959514170040485,
          "Error": 0.004048582995951417
        },
        "(17.994, 18.393]": {
          "Éxito": 0.9885496183206107,
          "Error": 0.011450381679389313
        },
        "(18.393, 18.792]": {
          "Éxito": 0.9923664122137404,
          "Error": 0.007633587786259542
        },
        "(18.792, 19.191]": {
          "Éxito": 1.0,
          "Error": 0.0
        },
        "(19.191, 19.59]": {
          "Éxito": 0.995475113122172,
          "Error": 0.004524886877828055
        },
        "(19.59, 19.988]": {
          "Éxito": 1.0,
          "Error": 0.0
        }
      }
    },
    "phase_offset": {
      "is_categorical": false,
      "bins": 10,
      "values": {
        "(-0.0288, 4.514]": {
          "Éxito": 0.9886792452830189,
          "Error": 0.011320754716981131
        },
        "(4.514, 9.011]": {
          "Éxito": 0.995850622406639,
          "Error": 0.004149377593360996
        },
        "(9.011, 13.508]": {
          "Éxito": 1.0,
          "Error": 0.0
        },
        "(13.508, 18.006]": {
          "Éxito": 1.0,
          "Error": 0.0
        },
        "(18.006, 22.503]": {
          "Éxito": 1.0,
          "Error": 0.0
        },
        "(22.503, 27.0]": {
          "Éxito": 0.991701244813278,
          "Error": 0.008298755186721992
        },
        "(27.0, 31.498]": {
          "Éxito": 0.9907407407407407,
          "Error": 0.009259259259259259
        },
        "(31.498, 35.995]": {
          "Éxito": 1.0,
          "Error": 0.0
        },
        "(35.995, 40.492]": {
          "Éxito": 1.0,
          "Error": 0.0
        },
        "(40.492, 44.989]": {
          "Éxito": 0.9918367346938776,
          "Error": 0.00816326530612245
        }
      }
    },
    "roll_off": {
      "is_categorical": false,
      "bins": 10,
      "values": {
        "(0.2, 0.21]": {
          "Éxito": 0.9960159362549801,
          "Error": 0.00398406374501992
        },
        "(0.21, 0.22]": {
          "Éxito": 1.0,
          "Error": 0.0
        },
        "(0.22, 0.23]": {
          "Éxito": 1.0,
          "Error": 0.0
        },
        "(0.23, 0.24]": {
          "Éxito": 0.9921875,
          "Error": 0.0078125
        },
        "(0.24, 0.25]": {
          "Éxito": 0.9886363636363636,
          "Error": 0.011363636363636364
        },
        "(0.25, 0.26]": {
          "Éxito": 0.9920318725099602,
          "Error": 0.00796812749003984
        },
        "(0.26, 0.27]": {
          "Éxito": 1.0,
          "Error": 0.0
        },
        "(0.27, 0.28]": {
          "Éxito": 1.0,
          "Error": 0.0
        },
        "(0.28, 0.29]": {
          "Éxito": 0.9956331877729258,
          "Error": 0.004366812227074236
        },
        "(0.29, 0.3]": {
          "Éxito": 0.9957983193277311,
          "Error": 0.004201680672268907
        }
      }
    }
  }
}