{
  "experiment": {
    "name": "res_tcn_se_esc_9",
    "timestamp": "2025-06-22T00:57:38.006307",
    "repeat_index": 3,
    "fold_index": 0
  },
  "evaluation": {
    "loss": 0.18936781585216522,
    "accuracy": 0.9503661394119263
  },
  "classification_report": {
    "bpsk": {
      "precision": 1.0,
      "recall": 1.0,
      "f1-score": 1.0,
      "support": 409.0
    },
    "qpsk": {
      "precision": 1.0,
      "recall": 1.0,
      "f1-score": 1.0,
      "support": 410.0
    },
    "16qam": {
      "precision": 0.995049504950495,
      "recall": 0.9804878048780488,
      "f1-score": 0.9877149877149877,
      "support": 410.0
    },
    "32qam cross": {
      "precision": 0.9059139784946236,
      "recall": 0.8219512195121951,
      "f1-score": 0.8618925831202046,
      "support": 410.0
    },
    "64qam": {
      "precision": 0.9758454106280193,
      "recall": 0.9877750611246944,
      "f1-score": 0.9817739975698664,
      "support": 409.0
    },
    "128qam cross": {
      "precision": 0.8329621380846325,
      "recall": 0.9121951219512195,
      "f1-score": 0.8707799767171129,
      "support": 410.0
    },
    "accuracy": 0.950366151342555,
    "macro avg": {
      "precision": 0.9516285053596284,
      "recall": 0.9504015345776929,
      "f1-score": 0.9503602575203619,
      "support": 2458.0
    },
    "weighted avg": {
      "precision": 0.9515989738706502,
      "recall": 0.950366151342555,
      "f1-score": 0.9503272821409765,
      "support": 2458.0
    }
  }
}