{
  "experiment": {
    "name": "ARQ_2__ESC_4",
    "timestamp": "2025-06-19T14:06:47.156153",
    "repeat_index": 7
  },
  "effects": {
    "num_taps": {
      "is_categorical": true,
      "bins": null,
      "values": {
        "2": {
          "Éxito": 0.98779296875,
          "Error": 0.01220703125
        }
      }
    },
    "snr_db": {
      "is_categorical": false,
      "bins": 10,
      "values": {
        "(11.996, 12.4]": {
          "Éxito": 0.973015873015873,
          "Error": 0.026984126984126985
        },
        "(12.4, 12.8]": {
          "Éxito": 0.9888888888888889,
          "Error": 0.011111111111111112
        },
        "(12.8, 13.2]": {
          "Éxito": 0.9789103690685413,
          "Error": 0.0210896309314587
        },
        "(13.2, 13.6]": {
          "Éxito": 0.987220447284345,
          "Error": 0.012779552715654952
        },
        "(13.6, 14.0]": {
          "Éxito": 0.9919093851132686,
          "Error": 0.008090614886731391
        },
        "(14.0, 14.4]": {
          "Éxito": 0.9967213114754099,
          "Error": 0.003278688524590164
        },
        "(14.4, 14.8]": {
          "Éxito": 0.9887459807073955,
          "Error": 0.011254019292604502
        },
        "(14.8, 15.2]": {
          "Éxito": 0.9933333333333333,
          "Error": 0.006666666666666667
        },
        "(15.2, 15.599]": {
          "Éxito": 0.9887096774193549,
          "Error": 0.01129032258064516
        },
        "(15.599, 15.999]": {
          "Éxito": 0.9903069466882067,
          "Error": 0.009693053311793215
        }
      }
    },
    "phase_offset": {
      "is_categorical": false,
      "bins": 10,
      "values": {
        "(-0.0418, 4.501]": {
          "Éxito": 0.9870340356564019,
          "Error": 0.012965964343598054
        },
        "(4.501, 9.0]": {
          "Éxito": 0.9920634920634921,
          "Error": 0.007936507936507936
        },
        "(9.0, 13.498]": {
          "Éxito": 0.9834437086092715,
          "Error": 0.016556291390728478
        },
        "(13.498, 17.996]": {
          "Éxito": 0.993431855500821,
          "Error": 0.006568144499178982
        },
        "(17.996, 22.495]": {
          "Éxito": 0.9881756756756757,
          "Error": 0.011824324324324325
        },
        "(22.495, 26.993]": {
          "Éxito": 0.9864176570458404,
          "Error": 0.013582342954159592
        },
        "(26.993, 31.491]": {
          "Éxito": 0.9855072463768116,
          "Error": 0.014492753623188406
        },
        "(31.491, 35.99]": {
          "Éxito": 0.9843260188087775,
          "Error": 0.01567398119122257
        },
        "(35.99, 40.488]": {
          "Éxito": 0.9828178694158075,
          "Error": 0.01718213058419244
        },
        "(40.488, 44.986]": {
          "Éxito": 0.9939577039274925,
          "Error": 0.006042296072507553
        }
      }
    },
    "roll_off": {
      "is_categorical": false,
      "bins": 10,
      "values": {
        "(0.2, 0.21]": {
          "Éxito": 0.9873617693522907,
          "Error": 0.01263823064770932
        },
        "(0.21, 0.22]": {
          "Éxito": 0.989409984871407,
          "Error": 0.01059001512859304
        },
        "(0.22, 0.23]": {
          "Éxito": 0.992,
          "Error": 0.008
        },
        "(0.23, 0.24]": {
          "Éxito": 0.9828767123287672,
          "Error": 0.017123287671232876
        },
        "(0.24, 0.25]": {
          "Éxito": 0.995,
          "Error": 0.005
        },
        "(0.25, 0.26]": {
          "Éxito": 0.9838969404186796,
          "Error": 0.01610305958132045
        },
        "(0.26, 0.27]": {
          "Éxito": 0.9866220735785953,
          "Error": 0.013377926421404682
        },
        "(0.27, 0.28]": {
          "Éxito": 0.9851239669421488,
          "Error": 0.01487603305785124
        },
        "(0.28, 0.29]": {
          "Éxito": 0.9915966386554622,
          "Error": 0.008403361344537815
        },
        "(0.29, 0.3]": {
          "Éxito": 0.9839228295819936,
          "Error": 0.01607717041800643
        }
      }
    }
  }
}