{
  "experiment": {
    "name": "ARQ_2__ESC_2",
    "timestamp": "2025-06-19T09:43:13.291431",
    "repeat_index": 2
  },
  "effects": {
    "num_taps": {
      "is_categorical": true,
      "bins": null,
      "values": {
        "2": {
          "Éxito": 0.9088541666666666,
          "Error": 0.09114583333333333
        }
      }
    },
    "snr_db": {
      "is_categorical": false,
      "bins": 10,
      "values": {
        "(3.998, 4.402]": {
          "Éxito": 0.8860759493670886,
          "Error": 0.11392405063291139
        },
        "(4.402, 4.801]": {
          "Éxito": 0.8785942492012779,
          "Error": 0.12140575079872204
        },
        "(4.801, 5.201]": {
          "Éxito": 0.8858075040783034,
          "Error": 0.11419249592169657
        },
        "(5.201, 5.601]": {
          "Éxito": 0.8982511923688394,
          "Error": 0.10174880763116058
        },
        "(5.601, 6.001]": {
          "Éxito": 0.9229534510433387,
          "Error": 0.07704654895666131
        },
        "(6.001, 6.4]": {
          "Éxito": 0.9060955518945635,
          "Error": 0.09390444810543658
        },
        "(6.4, 6.8]": {
          "Éxito": 0.9259896729776248,
          "Error": 0.07401032702237521
        },
        "(6.8, 7.2]": {
          "Éxito": 0.9225806451612903,
          "Error": 0.07741935483870968
        },
        "(7.2, 7.6]": {
          "Éxito": 0.9383116883116883,
          "Error": 0.06168831168831169
        },
        "(7.6, 7.999]": {
          "Éxito": 0.9262981574539364,
          "Error": 0.07370184254606366
        }
      }
    },
    "phase_offset": {
      "is_categorical": false,
      "bins": 10,
      "values": {
        "(-0.0413, 4.503]": {
          "Éxito": 0.9332247557003257,
          "Error": 0.06677524429967427
        },
        "(4.503, 9.003]": {
          "Éxito": 0.9043062200956937,
          "Error": 0.09569377990430622
        },
        "(9.003, 13.502]": {
          "Éxito": 0.9066213921901528,
          "Error": 0.0933786078098472
        },
        "(13.502, 18.002]": {
          "Éxito": 0.9192245557350566,
          "Error": 0.08077544426494346
        },
        "(18.002, 22.501]": {
          "Éxito": 0.8918032786885246,
          "Error": 0.10819672131147541
        },
        "(22.501, 27.001]": {
          "Éxito": 0.9189627228525121,
          "Error": 0.08103727714748785
        },
        "(27.001, 31.5]": {
          "Éxito": 0.9122807017543859,
          "Error": 0.08771929824561403
        },
        "(31.5, 36.0]": {
          "Éxito": 0.9101307189542484,
          "Error": 0.08986928104575163
        },
        "(36.0, 40.499]": {
          "Éxito": 0.8869426751592356,
          "Error": 0.11305732484076433
        },
        "(40.499, 44.999]": {
          "Éxito": 0.9051580698835274,
          "Error": 0.09484193011647254
        }
      }
    },
    "roll_off": {
      "is_categorical": false,
      "bins": 10,
      "values": {
        "(0.2, 0.21]": {
          "Éxito": 0.8957983193277311,
          "Error": 0.10420168067226891
        },
        "(0.21, 0.22]": {
          "Éxito": 0.8912685337726524,
          "Error": 0.10873146622734761
        },
        "(0.22, 0.23]": {
          "Éxito": 0.8966131907308378,
          "Error": 0.10338680926916222
        },
        "(0.23, 0.24]": {
          "Éxito": 0.9102167182662538,
          "Error": 0.08978328173374613
        },
        "(0.24, 0.25]": {
          "Éxito": 0.9216589861751152,
          "Error": 0.07834101382488479
        },
        "(0.25, 0.26]": {
          "Éxito": 0.9228441754916793,
          "Error": 0.07715582450832073
        },
        "(0.26, 0.27]": {
          "Éxito": 0.9104234527687296,
          "Error": 0.08957654723127036
        },
        "(0.27, 0.28]": {
          "Éxito": 0.9177631578947368,
          "Error": 0.08223684210526316
        },
        "(0.28, 0.29]": {
          "Éxito": 0.9119086460032626,
          "Error": 0.08809135399673736
        },
        "(0.29, 0.3]": {
          "Éxito": 0.9064625850340136,
          "Error": 0.0935374149659864
        }
      }
    }
  }
}