{
  "experiment": {
    "name": "cnn_bilstm_attn_esc_1",
    "timestamp": "2025-06-18T20:08:50.211335",
    "repeat_index": 2,
    "fold_index": 0
  },
  "evaluation": {
    "loss": 0.4680919349193573,
    "accuracy": 0.7888527512550354
  },
  "classification_report": {
    "bpsk": {
      "precision": 1.0,
      "recall": 1.0,
      "f1-score": 1.0,
      "support": 409.0
    },
    "qpsk": {
      "precision": 1.0,
      "recall": 0.9951219512195122,
      "f1-score": 0.9975550122249389,
      "support": 410.0
    },
    "16qam": {
      "precision": 0.7789473684210526,
      "recall": 0.7219512195121951,
      "f1-score": 0.7493670886075949,
      "support": 410.0
    },
    "32qam cross": {
      "precision": 0.6802507836990596,
      "recall": 0.530562347188264,
      "f1-score": 0.5961538461538461,
      "support": 409.0
    },
    "64qam": {
      "precision": 0.671578947368421,
      "recall": 0.7780487804878049,
      "f1-score": 0.7209039548022599,
      "support": 410.0
    },
    "128qam cross": {
      "precision": 0.6209850107066381,
      "recall": 0.7073170731707317,
      "f1-score": 0.661345496009122,
      "support": 410.0
    },
    "accuracy": 0.7888527257933279,
    "macro avg": {
      "precision": 0.7919603516991952,
      "recall": 0.7888335619297512,
      "f1-score": 0.7875542329662936,
      "support": 2458.0
    },
    "weighted avg": {
      "precision": 0.791921161267828,
      "recall": 0.7888527257933279,
      "f1-score": 0.7875456709727129,
      "support": 2458.0
    }
  }
}