{
  "experiment": {
    "name": "cnn_bilstm_attn_esc_1",
    "timestamp": "2025-06-18T20:08:51.144816",
    "repeat_index": 2,
    "fold_index": 0
  },
  "effects": {
    "num_taps": {
      "is_categorical": true,
      "bins": null,
      "values": {
        "2": {
          "Éxito": 0.7888527257933279,
          "Error": 0.2111472742066721
        }
      }
    },
    "snr_db": {
      "is_categorical": false,
      "bins": 10,
      "values": {
        "(-0.00095, 0.403]": {
          "Éxito": 0.7782805429864253,
          "Error": 0.22171945701357465
        },
        "(0.403, 0.802]": {
          "Éxito": 0.7631578947368421,
          "Error": 0.23684210526315788
        },
        "(0.802, 1.202]": {
          "Éxito": 0.7348484848484849,
          "Error": 0.26515151515151514
        },
        "(1.202, 1.601]": {
          "Éxito": 0.7713178294573644,
          "Error": 0.22868217054263565
        },
        "(1.601, 2.001]": {
          "Éxito": 0.7833333333333333,
          "Error": 0.21666666666666667
        },
        "(2.001, 2.4]": {
          "Éxito": 0.8072289156626506,
          "Error": 0.1927710843373494
        },
        "(2.4, 2.8]": {
          "Éxito": 0.7836734693877551,
          "Error": 0.2163265306122449
        },
        "(2.8, 3.199]": {
          "Éxito": 0.8210116731517509,
          "Error": 0.17898832684824903
        },
        "(3.199, 3.599]": {
          "Éxito": 0.7719298245614035,
          "Error": 0.22807017543859648
        },
        "(3.599, 3.999]": {
          "Éxito": 0.8656716417910447,
          "Error": 0.13432835820895522
        }
      }
    },
    "phase_offset": {
      "is_categorical": false,
      "bins": 10,
      "values": {
        "(-0.0211, 4.521]": {
          "Éxito": 0.7773584905660378,
          "Error": 0.22264150943396227
        },
        "(4.521, 9.017]": {
          "Éxito": 0.8264462809917356,
          "Error": 0.17355371900826447
        },
        "(9.017, 13.514]": {
          "Éxito": 0.8016528925619835,
          "Error": 0.19834710743801653
        },
        "(13.514, 18.011]": {
          "Éxito": 0.7834645669291339,
          "Error": 0.21653543307086615
        },
        "(18.011, 22.508]": {
          "Éxito": 0.7824267782426778,
          "Error": 0.2175732217573222
        },
        "(22.508, 27.004]": {
          "Éxito": 0.7936507936507936,
          "Error": 0.20634920634920634
        },
        "(27.004, 31.501]": {
          "Éxito": 0.766798418972332,
          "Error": 0.233201581027668
        },
        "(31.501, 35.998]": {
          "Éxito": 0.7673469387755102,
          "Error": 0.23265306122448978
        },
        "(35.998, 40.495]": {
          "Éxito": 0.78125,
          "Error": 0.21875
        },
        "(40.495, 44.992]": {
          "Éxito": 0.8099173553719008,
          "Error": 0.19008264462809918
        }
      }
    },
    "roll_off": {
      "is_categorical": false,
      "bins": 10,
      "values": {
        "(0.2, 0.21]": {
          "Éxito": 0.7734375,
          "Error": 0.2265625
        },
        "(0.21, 0.22]": {
          "Éxito": 0.7432950191570882,
          "Error": 0.2567049808429119
        },
        "(0.22, 0.23]": {
          "Éxito": 0.803921568627451,
          "Error": 0.19607843137254902
        },
        "(0.23, 0.24]": {
          "Éxito": 0.8181818181818182,
          "Error": 0.18181818181818182
        },
        "(0.24, 0.25]": {
          "Éxito": 0.8138528138528138,
          "Error": 0.18614718614718614
        },
        "(0.25, 0.26]": {
          "Éxito": 0.7892561983471075,
          "Error": 0.21074380165289255
        },
        "(0.26, 0.27]": {
          "Éxito": 0.8,
          "Error": 0.2
        },
        "(0.27, 0.28]": {
          "Éxito": 0.8151260504201681,
          "Error": 0.18487394957983194
        },
        "(0.28, 0.29]": {
          "Éxito": 0.7847533632286996,
          "Error": 0.21524663677130046
        },
        "(0.29, 0.3]": {
          "Éxito": 0.7547169811320755,
          "Error": 0.24528301886792453
        }
      }
    }
  }
}