{
  "experiment": {
    "name": "cnn_bilstm_attn_esc_1",
    "timestamp": "2025-06-17T01:26:52.426038",
    "repeat_index": 1,
    "fold_index": 0
  },
  "effects": {
    "num_taps": {
      "is_categorical": true,
      "bins": null,
      "values": {
        "2": {
          "Éxito": 0.8026851098454028,
          "Error": 0.19731489015459724
        }
      }
    },
    "snr_db": {
      "is_categorical": false,
      "bins": 10,
      "values": {
        "(-0.00334, 0.401]": {
          "Éxito": 0.7787234042553192,
          "Error": 0.22127659574468084
        },
        "(0.401, 0.8]": {
          "Éxito": 0.8125,
          "Error": 0.1875
        },
        "(0.8, 1.2]": {
          "Éxito": 0.8038461538461539,
          "Error": 0.19615384615384615
        },
        "(1.2, 1.6]": {
          "Éxito": 0.8153846153846154,
          "Error": 0.18461538461538463
        },
        "(1.6, 2.0]": {
          "Éxito": 0.7725321888412017,
          "Error": 0.22746781115879827
        },
        "(2.0, 2.4]": {
          "Éxito": 0.7923875432525952,
          "Error": 0.20761245674740483
        },
        "(2.4, 2.8]": {
          "Éxito": 0.7641921397379913,
          "Error": 0.23580786026200873
        },
        "(2.8, 3.2]": {
          "Éxito": 0.7939914163090128,
          "Error": 0.20600858369098712
        },
        "(3.2, 3.6]": {
          "Éxito": 0.8140495867768595,
          "Error": 0.1859504132231405
        },
        "(3.6, 4.0]": {
          "Éxito": 0.8776371308016878,
          "Error": 0.12236286919831224
        }
      }
    },
    "phase_offset": {
      "is_categorical": false,
      "bins": 10,
      "values": {
        "(-0.0197, 4.522]": {
          "Éxito": 0.7966101694915254,
          "Error": 0.2033898305084746
        },
        "(4.522, 9.019]": {
          "Éxito": 0.8178438661710037,
          "Error": 0.1821561338289963
        },
        "(9.019, 13.516]": {
          "Éxito": 0.8032786885245902,
          "Error": 0.19672131147540983
        },
        "(13.516, 18.013]": {
          "Éxito": 0.8289473684210527,
          "Error": 0.17105263157894737
        },
        "(18.013, 22.51]": {
          "Éxito": 0.8076923076923077,
          "Error": 0.19230769230769232
        },
        "(22.51, 27.007]": {
          "Éxito": 0.7890625,
          "Error": 0.2109375
        },
        "(27.007, 31.504]": {
          "Éxito": 0.792156862745098,
          "Error": 0.20784313725490197
        },
        "(31.504, 36.001]": {
          "Éxito": 0.801762114537445,
          "Error": 0.19823788546255505
        },
        "(36.001, 40.498]": {
          "Éxito": 0.7857142857142857,
          "Error": 0.21428571428571427
        },
        "(40.498, 44.995]": {
          "Éxito": 0.8044280442804428,
          "Error": 0.19557195571955718
        }
      }
    },
    "roll_off": {
      "is_categorical": false,
      "bins": 10,
      "values": {
        "(0.2, 0.21]": {
          "Éxito": 0.7913385826771654,
          "Error": 0.20866141732283464
        },
        "(0.21, 0.22]": {
          "Éxito": 0.7651821862348178,
          "Error": 0.23481781376518218
        },
        "(0.22, 0.23]": {
          "Éxito": 0.7948717948717948,
          "Error": 0.20512820512820512
        },
        "(0.23, 0.24]": {
          "Éxito": 0.8143459915611815,
          "Error": 0.18565400843881857
        },
        "(0.24, 0.25]": {
          "Éxito": 0.8185483870967742,
          "Error": 0.1814516129032258
        },
        "(0.25, 0.26]": {
          "Éxito": 0.8346774193548387,
          "Error": 0.16532258064516128
        },
        "(0.26, 0.27]": {
          "Éxito": 0.8468085106382979,
          "Error": 0.15319148936170213
        },
        "(0.27, 0.28]": {
          "Éxito": 0.7817460317460317,
          "Error": 0.21825396825396826
        },
        "(0.28, 0.29]": {
          "Éxito": 0.7791164658634538,
          "Error": 0.22088353413654618
        },
        "(0.29, 0.3]": {
          "Éxito": 0.8031496062992126,
          "Error": 0.1968503937007874
        }
      }
    }
  }
}