{
  "experiment": {
    "name": "ARQ_3__ESC_2",
    "timestamp": "2025-06-19T08:29:47.301617",
    "repeat_index": 6
  },
  "effects": {
    "num_taps": {
      "is_categorical": true,
      "bins": null,
      "values": {
        "2": {
          "Éxito": 0.89892578125,
          "Error": 0.10107421875
        }
      }
    },
    "snr_db": {
      "is_categorical": false,
      "bins": 10,
      "values": {
        "(3.998, 4.402]": {
          "Éxito": 0.8496835443037974,
          "Error": 0.15031645569620253
        },
        "(4.402, 4.801]": {
          "Éxito": 0.8801916932907349,
          "Error": 0.11980830670926518
        },
        "(4.801, 5.201]": {
          "Éxito": 0.9135399673735726,
          "Error": 0.0864600326264274
        },
        "(5.201, 5.601]": {
          "Éxito": 0.8855325914149443,
          "Error": 0.11446740858505565
        },
        "(5.601, 6.001]": {
          "Éxito": 0.898876404494382,
          "Error": 0.10112359550561797
        },
        "(6.001, 6.4]": {
          "Éxito": 0.8896210873146623,
          "Error": 0.11037891268533773
        },
        "(6.4, 6.8]": {
          "Éxito": 0.9208261617900172,
          "Error": 0.07917383820998279
        },
        "(6.8, 7.2]": {
          "Éxito": 0.9145161290322581,
          "Error": 0.08548387096774193
        },
        "(7.2, 7.6]": {
          "Éxito": 0.9155844155844156,
          "Error": 0.08441558441558442
        },
        "(7.6, 7.999]": {
          "Éxito": 0.9246231155778895,
          "Error": 0.07537688442211055
        }
      }
    },
    "phase_offset": {
      "is_categorical": false,
      "bins": 10,
      "values": {
        "(-0.0413, 4.503]": {
          "Éxito": 0.9218241042345277,
          "Error": 0.0781758957654723
        },
        "(4.503, 9.003]": {
          "Éxito": 0.89792663476874,
          "Error": 0.10207336523125997
        },
        "(9.003, 13.502]": {
          "Éxito": 0.8896434634974533,
          "Error": 0.11035653650254669
        },
        "(13.502, 18.002]": {
          "Éxito": 0.8949919224555735,
          "Error": 0.1050080775444265
        },
        "(18.002, 22.501]": {
          "Éxito": 0.8934426229508197,
          "Error": 0.10655737704918032
        },
        "(22.501, 27.001]": {
          "Éxito": 0.9027552674230146,
          "Error": 0.09724473257698542
        },
        "(27.001, 31.5]": {
          "Éxito": 0.9106858054226475,
          "Error": 0.08931419457735247
        },
        "(31.5, 36.0]": {
          "Éxito": 0.8921568627450981,
          "Error": 0.10784313725490197
        },
        "(36.0, 40.499]": {
          "Éxito": 0.8885350318471338,
          "Error": 0.11146496815286625
        },
        "(40.499, 44.999]": {
          "Éxito": 0.8968386023294509,
          "Error": 0.10316139767054909
        }
      }
    },
    "roll_off": {
      "is_categorical": false,
      "bins": 10,
      "values": {
        "(0.2, 0.21]": {
          "Éxito": 0.8705882352941177,
          "Error": 0.12941176470588237
        },
        "(0.21, 0.22]": {
          "Éxito": 0.8813838550247117,
          "Error": 0.1186161449752883
        },
        "(0.22, 0.23]": {
          "Éxito": 0.9055258467023173,
          "Error": 0.0944741532976827
        },
        "(0.23, 0.24]": {
          "Éxito": 0.8869969040247678,
          "Error": 0.1130030959752322
        },
        "(0.24, 0.25]": {
          "Éxito": 0.9139784946236559,
          "Error": 0.08602150537634409
        },
        "(0.25, 0.26]": {
          "Éxito": 0.8910741301059002,
          "Error": 0.10892586989409984
        },
        "(0.26, 0.27]": {
          "Éxito": 0.9055374592833876,
          "Error": 0.09446254071661238
        },
        "(0.27, 0.28]": {
          "Éxito": 0.9177631578947368,
          "Error": 0.08223684210526316
        },
        "(0.28, 0.29]": {
          "Éxito": 0.9168026101141925,
          "Error": 0.08319738988580751
        },
        "(0.29, 0.3]": {
          "Éxito": 0.8996598639455783,
          "Error": 0.10034013605442177
        }
      }
    }
  }
}