{
  "experiment": {
    "name": "ARQ_3__ESC_5",
    "timestamp": "2025-06-19T12:50:21.880768",
    "repeat_index": 1
  },
  "evaluation": {
    "loss": 0.026531102135777473,
    "accuracy": 0.99169921875
  },
  "classification_report": {
    "bpsk": {
      "precision": 1.0,
      "recall": 0.9990234375,
      "f1-score": 0.9995114802149487,
      "support": 1024.0
    },
    "qpsk": {
      "precision": 0.9990243902439024,
      "recall": 1.0,
      "f1-score": 0.9995119570522206,
      "support": 1024.0
    },
    "16qam": {
      "precision": 0.996078431372549,
      "recall": 0.9921875,
      "f1-score": 0.9941291585127201,
      "support": 1024.0
    },
    "32qam cross": {
      "precision": 0.9931237721021611,
      "recall": 0.9873046875,
      "f1-score": 0.990205680705191,
      "support": 1024.0
    },
    "64qam": {
      "precision": 0.9930966469428008,
      "recall": 0.9833984375,
      "f1-score": 0.9882237487733072,
      "support": 1024.0
    },
    "128qam cross": {
      "precision": 0.9693486590038314,
      "recall": 0.98828125,
      "f1-score": 0.9787234042553191,
      "support": 1024.0
    },
    "accuracy": 0.99169921875,
    "macro avg": {
      "precision": 0.9917786499442074,
      "recall": 0.99169921875,
      "f1-score": 0.9917175715856179,
      "support": 6144.0
    },
    "weighted avg": {
      "precision": 0.9917786499442074,
      "recall": 0.99169921875,
      "f1-score": 0.9917175715856179,
      "support": 6144.0
    }
  }
}