{
  "experiment": {
    "name": "ARQ_1__ESC_8",
    "timestamp": "2025-06-22T11:42:25.167889",
    "repeat_index": 7
  },
  "effects": {
    "num_taps": {
      "is_categorical": true,
      "bins": null,
      "values": {
        "6": {
          "Éxito": 0.85107421875,
          "Error": 0.14892578125
        }
      }
    },
    "snr_db": {
      "is_categorical": false,
      "bins": 10,
      "values": {
        "(7.997, 8.4]": {
          "Éxito": 0.836038961038961,
          "Error": 0.16396103896103897
        },
        "(8.4, 8.8]": {
          "Éxito": 0.8305647840531561,
          "Error": 0.16943521594684385
        },
        "(8.8, 9.2]": {
          "Éxito": 0.8405103668261563,
          "Error": 0.1594896331738437
        },
        "(9.2, 9.6]": {
          "Éxito": 0.8484349258649094,
          "Error": 0.1515650741350906
        },
        "(9.6, 9.999]": {
          "Éxito": 0.8652597402597403,
          "Error": 0.13474025974025974
        },
        "(9.999, 10.399]": {
          "Éxito": 0.8524332810047096,
          "Error": 0.14756671899529042
        },
        "(10.399, 10.799]": {
          "Éxito": 0.8591117917304747,
          "Error": 0.14088820826952528
        },
        "(10.799, 11.199]": {
          "Éxito": 0.8579040852575488,
          "Error": 0.14209591474245115
        },
        "(11.199, 11.598]": {
          "Éxito": 0.8640625,
          "Error": 0.1359375
        },
        "(11.598, 11.998]": {
          "Éxito": 0.855917667238422,
          "Error": 0.14408233276157806
        }
      }
    },
    "phase_offset": {
      "is_categorical": false,
      "bins": 10,
      "values": {
        "(-0.0382, 4.506]": {
          "Éxito": 0.8547854785478548,
          "Error": 0.14521452145214522
        },
        "(4.506, 9.005]": {
          "Éxito": 0.8495867768595041,
          "Error": 0.15041322314049588
        },
        "(9.005, 13.503]": {
          "Éxito": 0.861244019138756,
          "Error": 0.13875598086124402
        },
        "(13.503, 18.002]": {
          "Éxito": 0.8605769230769231,
          "Error": 0.13942307692307693
        },
        "(18.002, 22.501]": {
          "Éxito": 0.8500851788756388,
          "Error": 0.14991482112436116
        },
        "(22.501, 27.0]": {
          "Éxito": 0.8530734632683659,
          "Error": 0.1469265367316342
        },
        "(27.0, 31.499]": {
          "Éxito": 0.8616666666666667,
          "Error": 0.13833333333333334
        },
        "(31.499, 35.998]": {
          "Éxito": 0.8516666666666667,
          "Error": 0.14833333333333334
        },
        "(35.998, 40.497]": {
          "Éxito": 0.8346709470304976,
          "Error": 0.1653290529695024
        },
        "(40.497, 44.996]": {
          "Éxito": 0.8330578512396695,
          "Error": 0.1669421487603306
        }
      }
    },
    "roll_off": {
      "is_categorical": false,
      "bins": 10,
      "values": {
        "(0.2, 0.21]": {
          "Éxito": 0.8116197183098591,
          "Error": 0.18838028169014084
        },
        "(0.21, 0.22]": {
          "Éxito": 0.8333333333333334,
          "Error": 0.16666666666666666
        },
        "(0.22, 0.23]": {
          "Éxito": 0.8545751633986928,
          "Error": 0.1454248366013072
        },
        "(0.23, 0.24]": {
          "Éxito": 0.8887070376432079,
          "Error": 0.11129296235679215
        },
        "(0.24, 0.25]": {
          "Éxito": 0.8423645320197044,
          "Error": 0.15763546798029557
        },
        "(0.25, 0.26]": {
          "Éxito": 0.8580060422960725,
          "Error": 0.1419939577039275
        },
        "(0.26, 0.27]": {
          "Éxito": 0.8627145085803433,
          "Error": 0.1372854914196568
        },
        "(0.27, 0.28]": {
          "Éxito": 0.8682042833607908,
          "Error": 0.13179571663920922
        },
        "(0.28, 0.29]": {
          "Éxito": 0.8346972176759411,
          "Error": 0.16530278232405893
        },
        "(0.29, 0.3]": {
          "Éxito": 0.8525121555915721,
          "Error": 0.14748784440842788
        }
      }
    }
  }
}