{
  "experiment": {
    "name": "res_tcn_se_esc_10",
    "timestamp": "2025-06-22T00:43:17.590945",
    "repeat_index": 3,
    "fold_index": 0
  },
  "effects": {
    "num_taps": {
      "is_categorical": true,
      "bins": null,
      "values": {
        "2": {
          "Éxito": 0.9056143205858421,
          "Error": 0.09438567941415785
        }
      }
    },
    "snr_db": {
      "is_categorical": false,
      "bins": 10,
      "values": {
        "(7.997, 8.4]": {
          "Éxito": 0.8923076923076924,
          "Error": 0.1076923076923077
        },
        "(8.4, 8.8]": {
          "Éxito": 0.8928571428571429,
          "Error": 0.10714285714285714
        },
        "(8.8, 9.2]": {
          "Éxito": 0.8455882352941176,
          "Error": 0.15441176470588236
        },
        "(9.2, 9.599]": {
          "Éxito": 0.9205020920502092,
          "Error": 0.0794979079497908
        },
        "(9.599, 9.999]": {
          "Éxito": 0.9341085271317829,
          "Error": 0.06589147286821706
        },
        "(9.999, 10.398]": {
          "Éxito": 0.90625,
          "Error": 0.09375
        },
        "(10.398, 10.798]": {
          "Éxito": 0.8677685950413223,
          "Error": 0.1322314049586777
        },
        "(10.798, 11.198]": {
          "Éxito": 0.9361702127659575,
          "Error": 0.06382978723404255
        },
        "(11.198, 11.597]": {
          "Éxito": 0.9170305676855895,
          "Error": 0.08296943231441048
        },
        "(11.597, 11.997]": {
          "Éxito": 0.9506172839506173,
          "Error": 0.04938271604938271
        }
      }
    },
    "phase_offset": {
      "is_categorical": false,
      "bins": 10,
      "values": {
        "(89.957, 94.5]": {
          "Éxito": 0.8901515151515151,
          "Error": 0.10984848484848485
        },
        "(94.5, 98.998]": {
          "Éxito": 0.9121338912133892,
          "Error": 0.08786610878661087
        },
        "(98.998, 103.496]": {
          "Éxito": 0.9037656903765691,
          "Error": 0.09623430962343096
        },
        "(103.496, 107.994]": {
          "Éxito": 0.905511811023622,
          "Error": 0.09448818897637795
        },
        "(107.994, 112.492]": {
          "Éxito": 0.9140625,
          "Error": 0.0859375
        },
        "(112.492, 116.99]": {
          "Éxito": 0.9183673469387755,
          "Error": 0.08163265306122448
        },
        "(116.99, 121.488]": {
          "Éxito": 0.907563025210084,
          "Error": 0.09243697478991597
        },
        "(121.488, 125.986]": {
          "Éxito": 0.8851063829787233,
          "Error": 0.1148936170212766
        },
        "(125.986, 130.484]": {
          "Éxito": 0.9074074074074074,
          "Error": 0.09259259259259259
        },
        "(130.484, 134.982]": {
          "Éxito": 0.9117647058823529,
          "Error": 0.08823529411764706
        }
      }
    },
    "roll_off": {
      "is_categorical": false,
      "bins": 10,
      "values": {
        "(0.2, 0.21]": {
          "Éxito": 0.9420849420849421,
          "Error": 0.05791505791505792
        },
        "(0.21, 0.22]": {
          "Éxito": 0.8515625,
          "Error": 0.1484375
        },
        "(0.22, 0.23]": {
          "Éxito": 0.8904109589041096,
          "Error": 0.1095890410958904
        },
        "(0.23, 0.24]": {
          "Éxito": 0.8987854251012146,
          "Error": 0.10121457489878542
        },
        "(0.24, 0.25]": {
          "Éxito": 0.9209302325581395,
          "Error": 0.07906976744186046
        },
        "(0.25, 0.26]": {
          "Éxito": 0.9105691056910569,
          "Error": 0.08943089430894309
        },
        "(0.26, 0.27]": {
          "Éxito": 0.9008620689655172,
          "Error": 0.09913793103448276
        },
        "(0.27, 0.28]": {
          "Éxito": 0.900398406374502,
          "Error": 0.099601593625498
        },
        "(0.28, 0.29]": {
          "Éxito": 0.9413793103448276,
          "Error": 0.05862068965517241
        },
        "(0.29, 0.3]": {
          "Éxito": 0.8930041152263375,
          "Error": 0.10699588477366255
        }
      }
    }
  }
}