{
  "experiment": {
    "name": "cnn_bilstm_attn_esc_5",
    "timestamp": "2025-06-19T00:46:33.367187",
    "repeat_index": 1,
    "fold_index": 2
  },
  "evaluation": {
    "loss": 0.022582799196243286,
    "accuracy": 0.9930838346481323
  },
  "classification_report": {
    "bpsk": {
      "precision": 1.0,
      "recall": 1.0,
      "f1-score": 1.0,
      "support": 410.0
    },
    "qpsk": {
      "precision": 1.0,
      "recall": 1.0,
      "f1-score": 1.0,
      "support": 410.0
    },
    "16qam": {
      "precision": 1.0,
      "recall": 0.9878048780487805,
      "f1-score": 0.9938650306748467,
      "support": 410.0
    },
    "32qam cross": {
      "precision": 0.9783132530120482,
      "recall": 0.9902439024390244,
      "f1-score": 0.9842424242424243,
      "support": 410.0
    },
    "64qam": {
      "precision": 0.9903147699757869,
      "recall": 1.0,
      "f1-score": 0.9951338199513382,
      "support": 409.0
    },
    "128qam cross": {
      "precision": 0.9901234567901235,
      "recall": 0.980440097799511,
      "f1-score": 0.9852579852579852,
      "support": 409.0
    },
    "accuracy": 0.9930838079739626,
    "macro avg": {
      "precision": 0.9931252466296598,
      "recall": 0.9930814797145527,
      "f1-score": 0.9930832100210991,
      "support": 2458.0
    },
    "weighted avg": {
      "precision": 0.9931276112620819,
      "recall": 0.9930838079739626,
      "f1-score": 0.9930855593355145,
      "support": 2458.0
    }
  }
}