{
  "experiment": {
    "name": "cnn_bilstm_attn_esc_8",
    "timestamp": "2025-06-22T21:25:29.477603",
    "repeat_index": 2,
    "fold_index": 4
  },
  "effects": {
    "num_taps": {
      "is_categorical": true,
      "bins": null,
      "values": {
        "6": {
          "Éxito": 0.8234336859235151,
          "Error": 0.17656631407648496
        }
      }
    },
    "snr_db": {
      "is_categorical": false,
      "bins": 10,
      "values": {
        "(7.999, 8.403]": {
          "Éxito": 0.8307086614173228,
          "Error": 0.16929133858267717
        },
        "(8.403, 8.802]": {
          "Éxito": 0.8359375,
          "Error": 0.1640625
        },
        "(8.802, 9.202]": {
          "Éxito": 0.7990867579908676,
          "Error": 0.2009132420091324
        },
        "(9.202, 9.602]": {
          "Éxito": 0.8275862068965517,
          "Error": 0.1724137931034483
        },
        "(9.602, 10.001]": {
          "Éxito": 0.7837837837837838,
          "Error": 0.21621621621621623
        },
        "(10.001, 10.401]": {
          "Éxito": 0.8220338983050848,
          "Error": 0.17796610169491525
        },
        "(10.401, 10.801]": {
          "Éxito": 0.8251121076233184,
          "Error": 0.17488789237668162
        },
        "(10.801, 11.2]": {
          "Éxito": 0.8218623481781376,
          "Error": 0.17813765182186234
        },
        "(11.2, 11.6]": {
          "Éxito": 0.8661710037174721,
          "Error": 0.13382899628252787
        },
        "(11.6, 11.999]": {
          "Éxito": 0.8162393162393162,
          "Error": 0.18376068376068377
        }
      }
    },
    "phase_offset": {
      "is_categorical": false,
      "bins": 10,
      "values": {
        "(-0.0359, 4.508]": {
          "Éxito": 0.8273092369477911,
          "Error": 0.17269076305220885
        },
        "(4.508, 9.007]": {
          "Éxito": 0.7445887445887446,
          "Error": 0.2554112554112554
        },
        "(9.007, 13.506]": {
          "Éxito": 0.8333333333333334,
          "Error": 0.16666666666666666
        },
        "(13.506, 18.005]": {
          "Éxito": 0.8340080971659919,
          "Error": 0.1659919028340081
        },
        "(18.005, 22.504]": {
          "Éxito": 0.8565217391304348,
          "Error": 0.14347826086956522
        },
        "(22.504, 27.003]": {
          "Éxito": 0.8325991189427313,
          "Error": 0.16740088105726872
        },
        "(27.003, 31.502]": {
          "Éxito": 0.8445229681978799,
          "Error": 0.15547703180212014
        },
        "(31.502, 36.001]": {
          "Éxito": 0.8189300411522634,
          "Error": 0.18106995884773663
        },
        "(36.001, 40.5]": {
          "Éxito": 0.8007968127490039,
          "Error": 0.199203187250996
        },
        "(40.5, 44.999]": {
          "Éxito": 0.8367346938775511,
          "Error": 0.16326530612244897
        }
      }
    },
    "roll_off": {
      "is_categorical": false,
      "bins": 10,
      "values": {
        "(0.2, 0.21]": {
          "Éxito": 0.8423236514522822,
          "Error": 0.15767634854771784
        },
        "(0.21, 0.22]": {
          "Éxito": 0.8313725490196079,
          "Error": 0.16862745098039217
        },
        "(0.22, 0.23]": {
          "Éxito": 0.8247863247863247,
          "Error": 0.1752136752136752
        },
        "(0.23, 0.24]": {
          "Éxito": 0.82,
          "Error": 0.18
        },
        "(0.24, 0.25]": {
          "Éxito": 0.8185483870967742,
          "Error": 0.1814516129032258
        },
        "(0.25, 0.26]": {
          "Éxito": 0.8110599078341014,
          "Error": 0.1889400921658986
        },
        "(0.26, 0.27]": {
          "Éxito": 0.8656716417910447,
          "Error": 0.13432835820895522
        },
        "(0.27, 0.28]": {
          "Éxito": 0.788235294117647,
          "Error": 0.21176470588235294
        },
        "(0.28, 0.29]": {
          "Éxito": 0.8326693227091634,
          "Error": 0.16733067729083664
        },
        "(0.29, 0.3]": {
          "Éxito": 0.7949790794979079,
          "Error": 0.20502092050209206
        }
      }
    }
  }
}