{
  "experiment": {
    "name": "res_tcn_se_esc_9",
    "timestamp": "2025-06-21T23:51:25.039878",
    "repeat_index": 2,
    "fold_index": 1
  },
  "effects": {
    "num_taps": {
      "is_categorical": true,
      "bins": null,
      "values": {
        "2": {
          "Éxito": 0.951586655817738,
          "Error": 0.048413344182262
        }
      }
    },
    "snr_db": {
      "is_categorical": false,
      "bins": 10,
      "values": {
        "(7.997, 8.401]": {
          "Éxito": 0.9319148936170213,
          "Error": 0.06808510638297872
        },
        "(8.401, 8.801]": {
          "Éxito": 0.9353448275862069,
          "Error": 0.06465517241379311
        },
        "(8.801, 9.201]": {
          "Éxito": 0.9549180327868853,
          "Error": 0.045081967213114756
        },
        "(9.201, 9.6]": {
          "Éxito": 0.9446808510638298,
          "Error": 0.05531914893617021
        },
        "(9.6, 10.0]": {
          "Éxito": 0.9662921348314607,
          "Error": 0.033707865168539325
        },
        "(10.0, 10.4]": {
          "Éxito": 0.9192825112107623,
          "Error": 0.08071748878923767
        },
        "(10.4, 10.8]": {
          "Éxito": 0.9576923076923077,
          "Error": 0.04230769230769231
        },
        "(10.8, 11.2]": {
          "Éxito": 0.96484375,
          "Error": 0.03515625
        },
        "(11.2, 11.6]": {
          "Éxito": 0.968503937007874,
          "Error": 0.031496062992125984
        },
        "(11.6, 12.0]": {
          "Éxito": 0.9642857142857143,
          "Error": 0.03571428571428571
        }
      }
    },
    "phase_offset": {
      "is_categorical": false,
      "bins": 10,
      "values": {
        "(44.956, 49.5]": {
          "Éxito": 0.9696969696969697,
          "Error": 0.030303030303030304
        },
        "(49.5, 53.999]": {
          "Éxito": 0.9433198380566802,
          "Error": 0.05668016194331984
        },
        "(53.999, 58.498]": {
          "Éxito": 0.9549180327868853,
          "Error": 0.045081967213114756
        },
        "(58.498, 62.998]": {
          "Éxito": 0.9631147540983607,
          "Error": 0.036885245901639344
        },
        "(62.998, 67.497]": {
          "Éxito": 0.9429824561403509,
          "Error": 0.05701754385964912
        },
        "(67.497, 71.996]": {
          "Éxito": 0.944,
          "Error": 0.056
        },
        "(71.996, 76.495]": {
          "Éxito": 0.9502262443438914,
          "Error": 0.049773755656108594
        },
        "(76.495, 80.995]": {
          "Éxito": 0.9538461538461539,
          "Error": 0.046153846153846156
        },
        "(80.995, 85.494]": {
          "Éxito": 0.9397590361445783,
          "Error": 0.060240963855421686
        },
        "(85.494, 89.993]": {
          "Éxito": 0.952191235059761,
          "Error": 0.04780876494023904
        }
      }
    },
    "roll_off": {
      "is_categorical": false,
      "bins": 10,
      "values": {
        "(0.2, 0.21]": {
          "Éxito": 0.9440298507462687,
          "Error": 0.055970149253731345
        },
        "(0.21, 0.22]": {
          "Éxito": 0.9665271966527197,
          "Error": 0.03347280334728033
        },
        "(0.22, 0.23]": {
          "Éxito": 0.9324894514767933,
          "Error": 0.06751054852320675
        },
        "(0.23, 0.24]": {
          "Éxito": 0.9352226720647774,
          "Error": 0.06477732793522267
        },
        "(0.24, 0.25]": {
          "Éxito": 0.943089430894309,
          "Error": 0.056910569105691054
        },
        "(0.25, 0.26]": {
          "Éxito": 0.9665271966527197,
          "Error": 0.03347280334728033
        },
        "(0.26, 0.27]": {
          "Éxito": 0.9535864978902954,
          "Error": 0.046413502109704644
        },
        "(0.27, 0.28]": {
          "Éxito": 0.9523809523809523,
          "Error": 0.047619047619047616
        },
        "(0.28, 0.29]": {
          "Éxito": 0.9553571428571429,
          "Error": 0.044642857142857144
        },
        "(0.29, 0.3]": {
          "Éxito": 0.966542750929368,
          "Error": 0.03345724907063197
        }
      }
    }
  }
}