{
  "experiment": {
    "name": "res_tcn_se_esc_3",
    "timestamp": "2025-06-21T05:28:13.501851",
    "repeat_index": 3,
    "fold_index": 4
  },
  "evaluation": {
    "loss": 0.2211451530456543,
    "accuracy": 0.9397884607315063
  },
  "classification_report": {
    "bpsk": {
      "precision": 1.0,
      "recall": 1.0,
      "f1-score": 1.0,
      "support": 410.0
    },
    "qpsk": {
      "precision": 1.0,
      "recall": 1.0,
      "f1-score": 1.0,
      "support": 409.0
    },
    "16qam": {
      "precision": 0.9708029197080292,
      "recall": 0.973170731707317,
      "f1-score": 0.9719853836784409,
      "support": 410.0
    },
    "32qam cross": {
      "precision": 0.8368794326241135,
      "recall": 0.8655256723716381,
      "f1-score": 0.8509615384615385,
      "support": 409.0
    },
    "64qam": {
      "precision": 0.9707317073170731,
      "recall": 0.9707317073170731,
      "f1-score": 0.9707317073170731,
      "support": 410.0
    },
    "128qam cross": {
      "precision": 0.8607594936708861,
      "recall": 0.8292682926829268,
      "f1-score": 0.8447204968944099,
      "support": 410.0
    },
    "accuracy": 0.9397884458909682,
    "macro avg": {
      "precision": 0.9398622588866837,
      "recall": 0.9397827340131593,
      "f1-score": 0.9397331877252437,
      "support": 2458.0
    },
    "weighted avg": {
      "precision": 0.9398796897594052,
      "recall": 0.9397884458909682,
      "f1-score": 0.9397447844856135,
      "support": 2458.0
    }
  }
}