{
  "experiment": {
    "name": "res_tcn_se_esc_6",
    "timestamp": "2025-06-21T08:56:18.513502",
    "repeat_index": 3,
    "fold_index": 0
  },
  "effects": {
    "num_taps": {
      "is_categorical": true,
      "bins": null,
      "values": {
        "1": {
          "Éxito": 0.951993490642799,
          "Error": 0.04800650935720097
        }
      }
    },
    "snr_db": {
      "is_categorical": false,
      "bins": 10,
      "values": {
        "(7.999, 8.402]": {
          "Éxito": 0.9288888888888889,
          "Error": 0.07111111111111111
        },
        "(8.402, 8.802]": {
          "Éxito": 0.9351145038167938,
          "Error": 0.0648854961832061
        },
        "(8.802, 9.201]": {
          "Éxito": 0.9466666666666667,
          "Error": 0.05333333333333334
        },
        "(9.201, 9.601]": {
          "Éxito": 0.9591078066914498,
          "Error": 0.040892193308550186
        },
        "(9.601, 10.0]": {
          "Éxito": 0.9465020576131687,
          "Error": 0.053497942386831275
        },
        "(10.0, 10.399]": {
          "Éxito": 0.9580152671755725,
          "Error": 0.04198473282442748
        },
        "(10.399, 10.799]": {
          "Éxito": 0.9559471365638766,
          "Error": 0.04405286343612335
        },
        "(10.799, 11.198]": {
          "Éxito": 0.9613733905579399,
          "Error": 0.03862660944206009
        },
        "(11.198, 11.598]": {
          "Éxito": 0.948339483394834,
          "Error": 0.05166051660516605
        },
        "(11.598, 11.997]": {
          "Éxito": 0.979253112033195,
          "Error": 0.02074688796680498
        }
      }
    },
    "phase_offset": {
      "is_categorical": false,
      "bins": 10,
      "values": {
        "(-0.0417, 4.502]": {
          "Éxito": 0.96484375,
          "Error": 0.03515625
        },
        "(4.502, 9.001]": {
          "Éxito": 0.9432314410480349,
          "Error": 0.056768558951965066
        },
        "(9.001, 13.499]": {
          "Éxito": 0.9618320610687023,
          "Error": 0.03816793893129771
        },
        "(13.499, 17.998]": {
          "Éxito": 0.9539748953974896,
          "Error": 0.04602510460251046
        },
        "(17.998, 22.497]": {
          "Éxito": 0.9333333333333333,
          "Error": 0.06666666666666667
        },
        "(22.497, 26.995]": {
          "Éxito": 0.9478260869565217,
          "Error": 0.05217391304347826
        },
        "(26.995, 31.494]": {
          "Éxito": 0.9518072289156626,
          "Error": 0.04819277108433735
        },
        "(31.494, 35.993]": {
          "Éxito": 0.9747899159663865,
          "Error": 0.025210084033613446
        },
        "(35.993, 40.491]": {
          "Éxito": 0.9435483870967742,
          "Error": 0.056451612903225805
        },
        "(40.491, 44.99]": {
          "Éxito": 0.9444444444444444,
          "Error": 0.05555555555555555
        }
      }
    },
    "roll_off": {
      "is_categorical": false,
      "bins": 10,
      "values": {
        "(0.2, 0.21]": {
          "Éxito": 0.9113475177304965,
          "Error": 0.08865248226950355
        },
        "(0.21, 0.22]": {
          "Éxito": 0.9416666666666667,
          "Error": 0.058333333333333334
        },
        "(0.22, 0.23]": {
          "Éxito": 0.9629629629629629,
          "Error": 0.037037037037037035
        },
        "(0.23, 0.24]": {
          "Éxito": 0.9665271966527197,
          "Error": 0.03347280334728033
        },
        "(0.24, 0.25]": {
          "Éxito": 0.9385245901639344,
          "Error": 0.06147540983606557
        },
        "(0.25, 0.26]": {
          "Éxito": 0.9498069498069498,
          "Error": 0.05019305019305019
        },
        "(0.26, 0.27]": {
          "Éxito": 0.967479674796748,
          "Error": 0.032520325203252036
        },
        "(0.27, 0.28]": {
          "Éxito": 0.9508928571428571,
          "Error": 0.049107142857142856
        },
        "(0.28, 0.29]": {
          "Éxito": 0.9609375,
          "Error": 0.0390625
        },
        "(0.29, 0.3]": {
          "Éxito": 0.9777777777777777,
          "Error": 0.022222222222222223
        }
      }
    }
  }
}