{
  "experiment": {
    "name": "res_tcn_se_esc_3",
    "timestamp": "2025-06-21T04:41:51.495825",
    "repeat_index": 2,
    "fold_index": 2
  },
  "evaluation": {
    "loss": 0.1608690470457077,
    "accuracy": 0.9438567757606506
  },
  "classification_report": {
    "bpsk": {
      "precision": 1.0,
      "recall": 1.0,
      "f1-score": 1.0,
      "support": 410.0
    },
    "qpsk": {
      "precision": 1.0,
      "recall": 1.0,
      "f1-score": 1.0,
      "support": 410.0
    },
    "16qam": {
      "precision": 0.96875,
      "recall": 0.9853300733496333,
      "f1-score": 0.976969696969697,
      "support": 409.0
    },
    "32qam cross": {
      "precision": 0.8321995464852607,
      "recall": 0.8951219512195122,
      "f1-score": 0.8625146886016452,
      "support": 410.0
    },
    "64qam": {
      "precision": 0.9754299754299754,
      "recall": 0.9706601466992665,
      "f1-score": 0.9730392156862745,
      "support": 409.0
    },
    "128qam cross": {
      "precision": 0.8903743315508021,
      "recall": 0.8121951219512196,
      "f1-score": 0.8494897959183675,
      "support": 410.0
    },
    "accuracy": 0.9438567941415785,
    "macro avg": {
      "precision": 0.944458975577673,
      "recall": 0.9438845488699386,
      "f1-score": 0.9436688995293308,
      "support": 2458.0
    },
    "weighted avg": {
      "precision": 0.9444364930616949,
      "recall": 0.9438567941415785,
      "f1-score": 0.9436434027377939,
      "support": 2458.0
    }
  }
}