{
  "experiment": {
    "name": "ARQ_2__ESC_9",
    "timestamp": "2025-06-19T22:00:34.948667",
    "repeat_index": 1
  },
  "effects": {
    "num_taps": {
      "is_categorical": true,
      "bins": null,
      "values": {
        "2": {
          "Éxito": 0.9762369791666666,
          "Error": 0.023763020833333332
        }
      }
    },
    "snr_db": {
      "is_categorical": false,
      "bins": 10,
      "values": {
        "(7.997, 8.401]": {
          "Éxito": 0.9631410256410257,
          "Error": 0.03685897435897436
        },
        "(8.401, 8.801]": {
          "Éxito": 0.9593908629441624,
          "Error": 0.04060913705583756
        },
        "(8.801, 9.2]": {
          "Éxito": 0.9666666666666667,
          "Error": 0.03333333333333333
        },
        "(9.2, 9.6]": {
          "Éxito": 0.9706336939721792,
          "Error": 0.02936630602782071
        },
        "(9.6, 10.0]": {
          "Éxito": 0.9740680713128039,
          "Error": 0.02593192868719611
        },
        "(10.0, 10.4]": {
          "Éxito": 0.9775862068965517,
          "Error": 0.022413793103448276
        },
        "(10.4, 10.8]": {
          "Éxito": 0.9877300613496932,
          "Error": 0.012269938650306749
        },
        "(10.8, 11.2]": {
          "Éxito": 0.9826771653543307,
          "Error": 0.01732283464566929
        },
        "(11.2, 11.599]": {
          "Éxito": 0.99185667752443,
          "Error": 0.008143322475570033
        },
        "(11.599, 11.999]": {
          "Éxito": 0.988013698630137,
          "Error": 0.011986301369863013
        }
      }
    },
    "phase_offset": {
      "is_categorical": false,
      "bins": 10,
      "values": {
        "(44.968, 49.511]": {
          "Éxito": 0.9870759289176091,
          "Error": 0.012924071082390954
        },
        "(49.511, 54.009]": {
          "Éxito": 0.967128027681661,
          "Error": 0.0328719723183391
        },
        "(54.009, 58.507]": {
          "Éxito": 0.9804241435562806,
          "Error": 0.01957585644371941
        },
        "(58.507, 63.005]": {
          "Éxito": 0.9749163879598662,
          "Error": 0.02508361204013378
        },
        "(63.005, 67.503]": {
          "Éxito": 0.9708265802269044,
          "Error": 0.029173419773095625
        },
        "(67.503, 72.001]": {
          "Éxito": 0.9764890282131662,
          "Error": 0.023510971786833857
        },
        "(72.001, 76.499]": {
          "Éxito": 0.984251968503937,
          "Error": 0.015748031496062992
        },
        "(76.499, 80.997]": {
          "Éxito": 0.9793977812995246,
          "Error": 0.020602218700475437
        },
        "(80.997, 85.495]": {
          "Éxito": 0.9673202614379085,
          "Error": 0.032679738562091505
        },
        "(85.495, 89.993]": {
          "Éxito": 0.9734660033167496,
          "Error": 0.026533996683250415
        }
      }
    },
    "roll_off": {
      "is_categorical": false,
      "bins": 10,
      "values": {
        "(0.2, 0.21]": {
          "Éxito": 0.9763406940063092,
          "Error": 0.02365930599369085
        },
        "(0.21, 0.22]": {
          "Éxito": 0.9808306709265175,
          "Error": 0.019169329073482427
        },
        "(0.22, 0.23]": {
          "Éxito": 0.9779874213836478,
          "Error": 0.0220125786163522
        },
        "(0.23, 0.24]": {
          "Éxito": 0.9651162790697675,
          "Error": 0.03488372093023256
        },
        "(0.24, 0.25]": {
          "Éxito": 0.9842381786339754,
          "Error": 0.01576182136602452
        },
        "(0.25, 0.26]": {
          "Éxito": 0.9689655172413794,
          "Error": 0.03103448275862069
        },
        "(0.26, 0.27]": {
          "Éxito": 0.9735202492211839,
          "Error": 0.0264797507788162
        },
        "(0.27, 0.28]": {
          "Éxito": 0.9778129952456418,
          "Error": 0.022187004754358162
        },
        "(0.28, 0.29]": {
          "Éxito": 0.975767366720517,
          "Error": 0.024232633279483037
        },
        "(0.29, 0.3]": {
          "Éxito": 0.9817578772802653,
          "Error": 0.01824212271973466
        }
      }
    }
  }
}