{
  "experiment": {
    "name": "red_carlos_ESC_5",
    "timestamp": "2025-06-18T10:59:41.051949",
    "repeat_index": 1,
    "fold_index": 1
  },
  "effects": {
    "num_taps": {
      "is_categorical": true,
      "bins": null,
      "values": {
        "2": {
          "Éxito": 0.9914564686737185,
          "Error": 0.00854353132628153
        }
      }
    },
    "snr_db": {
      "is_categorical": false,
      "bins": 10,
      "values": {
        "(15.996, 16.399]": {
          "Éxito": 0.991701244813278,
          "Error": 0.008298755186721992
        },
        "(16.399, 16.798]": {
          "Éxito": 0.9876543209876543,
          "Error": 0.012345679012345678
        },
        "(16.798, 17.197]": {
          "Éxito": 0.9884615384615385,
          "Error": 0.011538461538461539
        },
        "(17.197, 17.596]": {
          "Éxito": 0.9914893617021276,
          "Error": 0.00851063829787234
        },
        "(17.596, 17.994]": {
          "Éxito": 1.0,
          "Error": 0.0
        },
        "(17.994, 18.393]": {
          "Éxito": 0.9885496183206107,
          "Error": 0.011450381679389313
        },
        "(18.393, 18.792]": {
          "Éxito": 0.9923664122137404,
          "Error": 0.007633587786259542
        },
        "(18.792, 19.191]": {
          "Éxito": 0.9881889763779528,
          "Error": 0.011811023622047244
        },
        "(19.191, 19.59]": {
          "Éxito": 0.9909502262443439,
          "Error": 0.00904977375565611
        },
        "(19.59, 19.988]": {
          "Éxito": 0.9957081545064378,
          "Error": 0.004291845493562232
        }
      }
    },
    "phase_offset": {
      "is_categorical": false,
      "bins": 10,
      "values": {
        "(-0.0288, 4.514]": {
          "Éxito": 0.9924528301886792,
          "Error": 0.007547169811320755
        },
        "(4.514, 9.011]": {
          "Éxito": 1.0,
          "Error": 0.0
        },
        "(9.011, 13.508]": {
          "Éxito": 0.9959183673469387,
          "Error": 0.004081632653061225
        },
        "(13.508, 18.006]": {
          "Éxito": 0.9886792452830189,
          "Error": 0.011320754716981131
        },
        "(18.006, 22.503]": {
          "Éxito": 0.9914529914529915,
          "Error": 0.008547008547008548
        },
        "(22.503, 27.0]": {
          "Éxito": 0.9875518672199171,
          "Error": 0.012448132780082987
        },
        "(27.0, 31.498]": {
          "Éxito": 0.9861111111111112,
          "Error": 0.013888888888888888
        },
        "(31.498, 35.995]": {
          "Éxito": 0.9882352941176471,
          "Error": 0.011764705882352941
        },
        "(35.995, 40.492]": {
          "Éxito": 0.9960159362549801,
          "Error": 0.00398406374501992
        },
        "(40.492, 44.989]": {
          "Éxito": 0.9877551020408163,
          "Error": 0.012244897959183673
        }
      }
    },
    "roll_off": {
      "is_categorical": false,
      "bins": 10,
      "values": {
        "(0.2, 0.21]": {
          "Éxito": 0.9880478087649402,
          "Error": 0.01195219123505976
        },
        "(0.21, 0.22]": {
          "Éxito": 0.99609375,
          "Error": 0.00390625
        },
        "(0.22, 0.23]": {
          "Éxito": 0.9916666666666667,
          "Error": 0.008333333333333333
        },
        "(0.23, 0.24]": {
          "Éxito": 0.98046875,
          "Error": 0.01953125
        },
        "(0.24, 0.25]": {
          "Éxito": 0.9924242424242424,
          "Error": 0.007575757575757576
        },
        "(0.25, 0.26]": {
          "Éxito": 1.0,
          "Error": 0.0
        },
        "(0.26, 0.27]": {
          "Éxito": 1.0,
          "Error": 0.0
        },
        "(0.27, 0.28]": {
          "Éxito": 0.99581589958159,
          "Error": 0.0041841004184100415
        },
        "(0.28, 0.29]": {
          "Éxito": 0.9868995633187773,
          "Error": 0.013100436681222707
        },
        "(0.29, 0.3]": {
          "Éxito": 0.9831932773109243,
          "Error": 0.01680672268907563
        }
      }
    }
  }
}