{
  "experiment": {
    "name": "res_tcn_se_esc_5",
    "timestamp": "2025-06-21T07:50:24.485599",
    "repeat_index": 3,
    "fold_index": 1
  },
  "evaluation": {
    "loss": 0.08176586776971817,
    "accuracy": 0.9751830697059631
  },
  "classification_report": {
    "bpsk": {
      "precision": 1.0,
      "recall": 1.0,
      "f1-score": 1.0,
      "support": 410.0
    },
    "qpsk": {
      "precision": 1.0,
      "recall": 1.0,
      "f1-score": 1.0,
      "support": 410.0
    },
    "16qam": {
      "precision": 0.9901960784313726,
      "recall": 0.9853658536585366,
      "f1-score": 0.9877750611246944,
      "support": 410.0
    },
    "32qam cross": {
      "precision": 0.9734939759036144,
      "recall": 0.9877750611246944,
      "f1-score": 0.9805825242718446,
      "support": 409.0
    },
    "64qam": {
      "precision": 0.964735516372796,
      "recall": 0.9364303178484108,
      "f1-score": 0.9503722084367247,
      "support": 409.0
    },
    "128qam cross": {
      "precision": 0.9234449760765551,
      "recall": 0.9414634146341463,
      "f1-score": 0.9323671497584541,
      "support": 410.0
    },
    "accuracy": 0.9751830756712775,
    "macro avg": {
      "precision": 0.9753117577973898,
      "recall": 0.9751724412109647,
      "f1-score": 0.975182823931953,
      "support": 2458.0
    },
    "weighted avg": {
      "precision": 0.9753168001176982,
      "recall": 0.9751830756712775,
      "f1-score": 0.9751907209682245,
      "support": 2458.0
    }
  }
}