{
  "experiment": {
    "name": "ARQ_2__ESC_4",
    "timestamp": "2025-06-19T14:21:54.798782",
    "repeat_index": 8
  },
  "effects": {
    "num_taps": {
      "is_categorical": true,
      "bins": null,
      "values": {
        "2": {
          "Éxito": 0.9910481770833334,
          "Error": 0.008951822916666666
        }
      }
    },
    "snr_db": {
      "is_categorical": false,
      "bins": 10,
      "values": {
        "(11.996, 12.4]": {
          "Éxito": 0.9841269841269841,
          "Error": 0.015873015873015872
        },
        "(12.4, 12.8]": {
          "Éxito": 0.9873015873015873,
          "Error": 0.012698412698412698
        },
        "(12.8, 13.2]": {
          "Éxito": 0.9929701230228472,
          "Error": 0.007029876977152899
        },
        "(13.2, 13.6]": {
          "Éxito": 0.9920127795527156,
          "Error": 0.007987220447284345
        },
        "(13.6, 14.0]": {
          "Éxito": 0.988673139158576,
          "Error": 0.011326860841423949
        },
        "(14.0, 14.4]": {
          "Éxito": 0.9950819672131147,
          "Error": 0.004918032786885246
        },
        "(14.4, 14.8]": {
          "Éxito": 0.9871382636655949,
          "Error": 0.012861736334405145
        },
        "(14.8, 15.2]": {
          "Éxito": 0.995,
          "Error": 0.005
        },
        "(15.2, 15.599]": {
          "Éxito": 0.9919354838709677,
          "Error": 0.008064516129032258
        },
        "(15.599, 15.999]": {
          "Éxito": 0.9967689822294022,
          "Error": 0.0032310177705977385
        }
      }
    },
    "phase_offset": {
      "is_categorical": false,
      "bins": 10,
      "values": {
        "(-0.0418, 4.501]": {
          "Éxito": 0.9854132901134521,
          "Error": 0.014586709886547812
        },
        "(4.501, 9.0]": {
          "Éxito": 0.9968253968253968,
          "Error": 0.0031746031746031746
        },
        "(9.0, 13.498]": {
          "Éxito": 0.9850993377483444,
          "Error": 0.014900662251655629
        },
        "(13.498, 17.996]": {
          "Éxito": 0.9901477832512315,
          "Error": 0.009852216748768473
        },
        "(17.996, 22.495]": {
          "Éxito": 0.9898648648648649,
          "Error": 0.010135135135135136
        },
        "(22.495, 26.993]": {
          "Éxito": 0.9932088285229203,
          "Error": 0.006791171477079796
        },
        "(26.993, 31.491]": {
          "Éxito": 0.9935587761674718,
          "Error": 0.00644122383252818
        },
        "(31.491, 35.99]": {
          "Éxito": 0.9952978056426333,
          "Error": 0.004702194357366771
        },
        "(35.99, 40.488]": {
          "Éxito": 0.9862542955326461,
          "Error": 0.013745704467353952
        },
        "(40.488, 44.986]": {
          "Éxito": 0.9939577039274925,
          "Error": 0.006042296072507553
        }
      }
    },
    "roll_off": {
      "is_categorical": false,
      "bins": 10,
      "values": {
        "(0.2, 0.21]": {
          "Éxito": 0.9936808846761453,
          "Error": 0.00631911532385466
        },
        "(0.21, 0.22]": {
          "Éxito": 0.989409984871407,
          "Error": 0.01059001512859304
        },
        "(0.22, 0.23]": {
          "Éxito": 0.9904,
          "Error": 0.0096
        },
        "(0.23, 0.24]": {
          "Éxito": 0.9863013698630136,
          "Error": 0.0136986301369863
        },
        "(0.24, 0.25]": {
          "Éxito": 0.995,
          "Error": 0.005
        },
        "(0.25, 0.26]": {
          "Éxito": 0.9887278582930756,
          "Error": 0.011272141706924315
        },
        "(0.26, 0.27]": {
          "Éxito": 0.9933110367892977,
          "Error": 0.006688963210702341
        },
        "(0.27, 0.28]": {
          "Éxito": 0.9867768595041322,
          "Error": 0.013223140495867768
        },
        "(0.28, 0.29]": {
          "Éxito": 0.9966386554621849,
          "Error": 0.0033613445378151263
        },
        "(0.29, 0.3]": {
          "Éxito": 0.9903536977491961,
          "Error": 0.00964630225080386
        }
      }
    }
  }
}