{
  "experiment": {
    "name": "res_tcn_se_esc_10",
    "timestamp": "2025-06-21T23:52:08.509149",
    "repeat_index": 0,
    "fold_index": 1
  },
  "effects": {
    "num_taps": {
      "is_categorical": true,
      "bins": null,
      "values": {
        "2": {
          "Éxito": 0.9389747762408462,
          "Error": 0.061025223759153785
        }
      }
    },
    "snr_db": {
      "is_categorical": false,
      "bins": 10,
      "values": {
        "(7.997, 8.401]": {
          "Éxito": 0.9183673469387755,
          "Error": 0.08163265306122448
        },
        "(8.401, 8.801]": {
          "Éxito": 0.9312977099236641,
          "Error": 0.06870229007633588
        },
        "(8.801, 9.201]": {
          "Éxito": 0.9385245901639344,
          "Error": 0.06147540983606557
        },
        "(9.201, 9.6]": {
          "Éxito": 0.9375,
          "Error": 0.0625
        },
        "(9.6, 10.0]": {
          "Éxito": 0.9252336448598131,
          "Error": 0.07476635514018691
        },
        "(10.0, 10.4]": {
          "Éxito": 0.9398496240601504,
          "Error": 0.06015037593984962
        },
        "(10.4, 10.8]": {
          "Éxito": 0.930327868852459,
          "Error": 0.06967213114754098
        },
        "(10.8, 11.2]": {
          "Éxito": 0.9622641509433962,
          "Error": 0.03773584905660377
        },
        "(11.2, 11.6]": {
          "Éxito": 0.9519650655021834,
          "Error": 0.048034934497816595
        },
        "(11.6, 12.0]": {
          "Éxito": 0.9518072289156626,
          "Error": 0.04819277108433735
        }
      }
    },
    "phase_offset": {
      "is_categorical": false,
      "bins": 10,
      "values": {
        "(89.957, 94.496]": {
          "Éxito": 0.9581589958158996,
          "Error": 0.04184100418410042
        },
        "(94.496, 98.991]": {
          "Éxito": 0.9681274900398407,
          "Error": 0.03187250996015936
        },
        "(98.991, 103.485]": {
          "Éxito": 0.9163346613545816,
          "Error": 0.08366533864541832
        },
        "(103.485, 107.979]": {
          "Éxito": 0.9707112970711297,
          "Error": 0.029288702928870293
        },
        "(107.979, 112.474]": {
          "Éxito": 0.926923076923077,
          "Error": 0.07307692307692308
        },
        "(112.474, 116.968]": {
          "Éxito": 0.9437229437229437,
          "Error": 0.05627705627705628
        },
        "(116.968, 121.463]": {
          "Éxito": 0.9291338582677166,
          "Error": 0.07086614173228346
        },
        "(121.463, 125.957]": {
          "Éxito": 0.926829268292683,
          "Error": 0.07317073170731707
        },
        "(125.957, 130.452]": {
          "Éxito": 0.9308943089430894,
          "Error": 0.06910569105691057
        },
        "(130.452, 134.946]": {
          "Éxito": 0.921161825726141,
          "Error": 0.07883817427385892
        }
      }
    },
    "roll_off": {
      "is_categorical": false,
      "bins": 10,
      "values": {
        "(0.2, 0.21]": {
          "Éxito": 0.9163346613545816,
          "Error": 0.08366533864541832
        },
        "(0.21, 0.22]": {
          "Éxito": 0.8910505836575876,
          "Error": 0.10894941634241245
        },
        "(0.22, 0.23]": {
          "Éxito": 0.9363295880149812,
          "Error": 0.06367041198501873
        },
        "(0.23, 0.24]": {
          "Éxito": 0.9452054794520548,
          "Error": 0.0547945205479452
        },
        "(0.24, 0.25]": {
          "Éxito": 0.9571984435797666,
          "Error": 0.042801556420233464
        },
        "(0.25, 0.26]": {
          "Éxito": 0.9369369369369369,
          "Error": 0.06306306306306306
        },
        "(0.26, 0.27]": {
          "Éxito": 0.9505703422053232,
          "Error": 0.049429657794676805
        },
        "(0.27, 0.28]": {
          "Éxito": 0.9497907949790795,
          "Error": 0.0502092050209205
        },
        "(0.28, 0.29]": {
          "Éxito": 0.9535864978902954,
          "Error": 0.046413502109704644
        },
        "(0.29, 0.3]": {
          "Éxito": 0.9552845528455285,
          "Error": 0.044715447154471545
        }
      }
    }
  }
}