{
  "experiment": {
    "name": "ARQ_3__ESC_7",
    "timestamp": "2025-06-19T17:21:21.945619",
    "repeat_index": 8
  },
  "evaluation": {
    "loss": 0.2597295343875885,
    "accuracy": 0.8880208134651184
  },
  "classification_report": {
    "bpsk": {
      "precision": 1.0,
      "recall": 1.0,
      "f1-score": 1.0,
      "support": 1024.0
    },
    "qpsk": {
      "precision": 1.0,
      "recall": 1.0,
      "f1-score": 1.0,
      "support": 1024.0
    },
    "16qam": {
      "precision": 0.9122287968441815,
      "recall": 0.9033203125,
      "f1-score": 0.9077526987242395,
      "support": 1024.0
    },
    "32qam cross": {
      "precision": 0.7345132743362832,
      "recall": 0.810546875,
      "f1-score": 0.7706592386258124,
      "support": 1024.0
    },
    "64qam": {
      "precision": 0.9095378564405113,
      "recall": 0.9033203125,
      "f1-score": 0.9064184223419892,
      "support": 1024.0
    },
    "128qam cross": {
      "precision": 0.7786096256684492,
      "recall": 0.7109375,
      "f1-score": 0.7432363450740174,
      "support": 1024.0
    },
    "accuracy": 0.8880208333333334,
    "macro avg": {
      "precision": 0.8891482588815709,
      "recall": 0.8880208333333334,
      "f1-score": 0.8880111174610098,
      "support": 6144.0
    },
    "weighted avg": {
      "precision": 0.8891482588815709,
      "recall": 0.8880208333333334,
      "f1-score": 0.8880111174610098,
      "support": 6144.0
    }
  }
}