{
  "experiment": {
    "name": "cnn_bilstm_attn_esc_4",
    "timestamp": "2025-06-21T10:33:57.716958",
    "repeat_index": 3,
    "fold_index": 4
  },
  "effects": {
    "num_taps": {
      "is_categorical": true,
      "bins": null,
      "values": {
        "2": {
          "Éxito": 0.9784377542717657,
          "Error": 0.021562245728234338
        }
      }
    },
    "snr_db": {
      "is_categorical": false,
      "bins": 10,
      "values": {
        "(11.998, 12.402]": {
          "Éxito": 0.978021978021978,
          "Error": 0.02197802197802198
        },
        "(12.402, 12.802]": {
          "Éxito": 0.9753086419753086,
          "Error": 0.024691358024691357
        },
        "(12.802, 13.201]": {
          "Éxito": 0.9669421487603306,
          "Error": 0.03305785123966942
        },
        "(13.201, 13.601]": {
          "Éxito": 0.983402489626556,
          "Error": 0.016597510373443983
        },
        "(13.601, 14.001]": {
          "Éxito": 0.992,
          "Error": 0.008
        },
        "(14.001, 14.4]": {
          "Éxito": 0.9710743801652892,
          "Error": 0.028925619834710745
        },
        "(14.4, 14.8]": {
          "Éxito": 0.9794238683127572,
          "Error": 0.0205761316872428
        },
        "(14.8, 15.2]": {
          "Éxito": 0.9870689655172413,
          "Error": 0.01293103448275862
        },
        "(15.2, 15.599]": {
          "Éxito": 0.9655172413793104,
          "Error": 0.034482758620689655
        },
        "(15.599, 15.999]": {
          "Éxito": 0.9846153846153847,
          "Error": 0.015384615384615385
        }
      }
    },
    "phase_offset": {
      "is_categorical": false,
      "bins": 10,
      "values": {
        "(-0.0448, 4.499]": {
          "Éxito": 0.9918032786885246,
          "Error": 0.00819672131147541
        },
        "(4.499, 8.997]": {
          "Éxito": 0.9826086956521739,
          "Error": 0.017391304347826087
        },
        "(8.997, 13.495]": {
          "Éxito": 0.984313725490196,
          "Error": 0.01568627450980392
        },
        "(13.495, 17.994]": {
          "Éxito": 0.975103734439834,
          "Error": 0.024896265560165973
        },
        "(17.994, 22.492]": {
          "Éxito": 0.9644444444444444,
          "Error": 0.035555555555555556
        },
        "(22.492, 26.991]": {
          "Éxito": 0.9731800766283525,
          "Error": 0.02681992337164751
        },
        "(26.991, 31.489]": {
          "Éxito": 0.9764705882352941,
          "Error": 0.023529411764705882
        },
        "(31.489, 35.987]": {
          "Éxito": 0.9922480620155039,
          "Error": 0.007751937984496124
        },
        "(35.987, 40.486]": {
          "Éxito": 0.9798387096774194,
          "Error": 0.020161290322580645
        },
        "(40.486, 44.984]": {
          "Éxito": 0.9626556016597511,
          "Error": 0.03734439834024896
        }
      }
    },
    "roll_off": {
      "is_categorical": false,
      "bins": 10,
      "values": {
        "(0.2, 0.21]": {
          "Éxito": 0.9877551020408163,
          "Error": 0.012244897959183673
        },
        "(0.21, 0.22]": {
          "Éxito": 0.9647577092511013,
          "Error": 0.03524229074889868
        },
        "(0.22, 0.23]": {
          "Éxito": 0.9757785467128027,
          "Error": 0.02422145328719723
        },
        "(0.23, 0.24]": {
          "Éxito": 0.9789029535864979,
          "Error": 0.02109704641350211
        },
        "(0.24, 0.25]": {
          "Éxito": 0.984,
          "Error": 0.016
        },
        "(0.25, 0.26]": {
          "Éxito": 0.9819494584837545,
          "Error": 0.018050541516245487
        },
        "(0.26, 0.27]": {
          "Éxito": 0.9839357429718876,
          "Error": 0.01606425702811245
        },
        "(0.27, 0.28]": {
          "Éxito": 0.978448275862069,
          "Error": 0.021551724137931036
        },
        "(0.28, 0.29]": {
          "Éxito": 0.9768518518518519,
          "Error": 0.023148148148148147
        },
        "(0.29, 0.3]": {
          "Éxito": 0.9703389830508474,
          "Error": 0.029661016949152543
        }
      }
    }
  }
}