{
  "experiment": {
    "name": "cnn_bilstm_attn_esc_2",
    "timestamp": "2025-06-19T08:27:02.683223",
    "repeat_index": 3,
    "fold_index": 3
  },
  "effects": {
    "num_taps": {
      "is_categorical": true,
      "bins": null,
      "values": {
        "2": {
          "Éxito": 0.8751017087062652,
          "Error": 0.12489829129373474
        }
      }
    },
    "snr_db": {
      "is_categorical": false,
      "bins": 10,
      "values": {
        "(3.996, 4.4]": {
          "Éxito": 0.8452380952380952,
          "Error": 0.15476190476190477
        },
        "(4.4, 4.8]": {
          "Éxito": 0.8846153846153846,
          "Error": 0.11538461538461539
        },
        "(4.8, 5.2]": {
          "Éxito": 0.8694029850746269,
          "Error": 0.13059701492537312
        },
        "(5.2, 5.6]": {
          "Éxito": 0.8695652173913043,
          "Error": 0.13043478260869565
        },
        "(5.6, 6.0]": {
          "Éxito": 0.9105691056910569,
          "Error": 0.08943089430894309
        },
        "(6.0, 6.4]": {
          "Éxito": 0.8622222222222222,
          "Error": 0.13777777777777778
        },
        "(6.4, 6.8]": {
          "Éxito": 0.8699186991869918,
          "Error": 0.13008130081300814
        },
        "(6.8, 7.2]": {
          "Éxito": 0.8995633187772926,
          "Error": 0.10043668122270742
        },
        "(7.2, 7.6]": {
          "Éxito": 0.856,
          "Error": 0.144
        },
        "(7.6, 7.999]": {
          "Éxito": 0.8849206349206349,
          "Error": 0.11507936507936507
        }
      }
    },
    "phase_offset": {
      "is_categorical": false,
      "bins": 10,
      "values": {
        "(-0.0429, 4.499]": {
          "Éxito": 0.8678414096916299,
          "Error": 0.13215859030837004
        },
        "(4.499, 8.996]": {
          "Éxito": 0.8796680497925311,
          "Error": 0.12033195020746888
        },
        "(8.996, 13.493]": {
          "Éxito": 0.8571428571428571,
          "Error": 0.14285714285714285
        },
        "(13.493, 17.99]": {
          "Éxito": 0.8875502008032129,
          "Error": 0.11244979919678715
        },
        "(17.99, 22.486]": {
          "Éxito": 0.8996138996138996,
          "Error": 0.10038610038610038
        },
        "(22.486, 26.983]": {
          "Éxito": 0.8577235772357723,
          "Error": 0.14227642276422764
        },
        "(26.983, 31.48]": {
          "Éxito": 0.9068825910931174,
          "Error": 0.0931174089068826
        },
        "(31.48, 35.977]": {
          "Éxito": 0.8505747126436781,
          "Error": 0.14942528735632185
        },
        "(35.977, 40.474]": {
          "Éxito": 0.8677685950413223,
          "Error": 0.1322314049586777
        },
        "(40.474, 44.971]": {
          "Éxito": 0.875,
          "Error": 0.125
        }
      }
    },
    "roll_off": {
      "is_categorical": false,
      "bins": 10,
      "values": {
        "(0.2, 0.21]": {
          "Éxito": 0.8508064516129032,
          "Error": 0.14919354838709678
        },
        "(0.21, 0.22]": {
          "Éxito": 0.8928571428571429,
          "Error": 0.10714285714285714
        },
        "(0.22, 0.23]": {
          "Éxito": 0.8806584362139918,
          "Error": 0.11934156378600823
        },
        "(0.23, 0.24]": {
          "Éxito": 0.8656126482213439,
          "Error": 0.13438735177865613
        },
        "(0.24, 0.25]": {
          "Éxito": 0.8906882591093117,
          "Error": 0.10931174089068826
        },
        "(0.25, 0.26]": {
          "Éxito": 0.8616600790513834,
          "Error": 0.1383399209486166
        },
        "(0.26, 0.27]": {
          "Éxito": 0.9033613445378151,
          "Error": 0.09663865546218488
        },
        "(0.27, 0.28]": {
          "Éxito": 0.867704280155642,
          "Error": 0.13229571984435798
        },
        "(0.28, 0.29]": {
          "Éxito": 0.8938775510204081,
          "Error": 0.10612244897959183
        },
        "(0.29, 0.3]": {
          "Éxito": 0.8423423423423423,
          "Error": 0.15765765765765766
        }
      }
    }
  }
}