{
  "experiment": {
    "name": "red_carlos_ESC_10",
    "timestamp": "2025-06-21T06:49:36.597297",
    "repeat_index": 3,
    "fold_index": 1
  },
  "effects": {
    "num_taps": {
      "is_categorical": true,
      "bins": null,
      "values": {
        "2": {
          "Éxito": 0.9161920260374288,
          "Error": 0.0838079739625712
        }
      }
    },
    "snr_db": {
      "is_categorical": false,
      "bins": 10,
      "values": {
        "(7.997, 8.401]": {
          "Éxito": 0.9140625,
          "Error": 0.0859375
        },
        "(8.401, 8.801]": {
          "Éxito": 0.8634361233480177,
          "Error": 0.13656387665198239
        },
        "(8.801, 9.2]": {
          "Éxito": 0.8713692946058091,
          "Error": 0.12863070539419086
        },
        "(9.2, 9.6]": {
          "Éxito": 0.902127659574468,
          "Error": 0.09787234042553192
        },
        "(9.6, 10.0]": {
          "Éxito": 0.94,
          "Error": 0.06
        },
        "(10.0, 10.399]": {
          "Éxito": 0.9292452830188679,
          "Error": 0.07075471698113207
        },
        "(10.399, 10.799]": {
          "Éxito": 0.9260700389105059,
          "Error": 0.07392996108949416
        },
        "(10.799, 11.199]": {
          "Éxito": 0.9140625,
          "Error": 0.0859375
        },
        "(11.199, 11.599]": {
          "Éxito": 0.9473684210526315,
          "Error": 0.05263157894736842
        },
        "(11.599, 11.998]": {
          "Éxito": 0.9458483754512635,
          "Error": 0.05415162454873646
        }
      }
    },
    "phase_offset": {
      "is_categorical": false,
      "bins": 10,
      "values": {
        "(89.966, 94.509]": {
          "Éxito": 0.9162995594713657,
          "Error": 0.08370044052863436
        },
        "(94.509, 99.008]": {
          "Éxito": 0.9444444444444444,
          "Error": 0.05555555555555555
        },
        "(99.008, 103.507]": {
          "Éxito": 0.9133574007220217,
          "Error": 0.08664259927797834
        },
        "(103.507, 108.006]": {
          "Éxito": 0.9399141630901288,
          "Error": 0.060085836909871244
        },
        "(108.006, 112.504]": {
          "Éxito": 0.9192307692307692,
          "Error": 0.08076923076923077
        },
        "(112.504, 117.003]": {
          "Éxito": 0.9221311475409836,
          "Error": 0.0778688524590164
        },
        "(117.003, 121.502]": {
          "Éxito": 0.8888888888888888,
          "Error": 0.1111111111111111
        },
        "(121.502, 126.001]": {
          "Éxito": 0.8937007874015748,
          "Error": 0.1062992125984252
        },
        "(126.001, 130.499]": {
          "Éxito": 0.9344262295081968,
          "Error": 0.06557377049180328
        },
        "(130.499, 134.998]": {
          "Éxito": 0.8924302788844621,
          "Error": 0.10756972111553785
        }
      }
    },
    "roll_off": {
      "is_categorical": false,
      "bins": 10,
      "values": {
        "(0.2, 0.21]": {
          "Éxito": 0.896414342629482,
          "Error": 0.10358565737051793
        },
        "(0.21, 0.22]": {
          "Éxito": 0.8875,
          "Error": 0.1125
        },
        "(0.22, 0.23]": {
          "Éxito": 0.9419642857142857,
          "Error": 0.05803571428571429
        },
        "(0.23, 0.24]": {
          "Éxito": 0.9153846153846154,
          "Error": 0.08461538461538462
        },
        "(0.24, 0.25]": {
          "Éxito": 0.9008264462809917,
          "Error": 0.09917355371900827
        },
        "(0.25, 0.26]": {
          "Éxito": 0.9302325581395349,
          "Error": 0.06976744186046512
        },
        "(0.26, 0.27]": {
          "Éxito": 0.9090909090909091,
          "Error": 0.09090909090909091
        },
        "(0.27, 0.28]": {
          "Éxito": 0.9327731092436975,
          "Error": 0.06722689075630252
        },
        "(0.28, 0.29]": {
          "Éxito": 0.9130434782608695,
          "Error": 0.08695652173913043
        },
        "(0.29, 0.3]": {
          "Éxito": 0.9340659340659341,
          "Error": 0.06593406593406594
        }
      }
    }
  }
}