{
  "experiment": {
    "name": "red_carlos_ESC_11",
    "timestamp": "2025-06-21T08:11:31.478525",
    "repeat_index": 1,
    "fold_index": 4
  },
  "effects": {
    "num_taps": {
      "is_categorical": true,
      "bins": null,
      "values": {
        "2": {
          "Éxito": 0.95240032546786,
          "Error": 0.04759967453213995
        }
      }
    },
    "snr_db": {
      "is_categorical": false,
      "bins": 10,
      "values": {
        "(7.996, 8.4]": {
          "Éxito": 0.9377431906614786,
          "Error": 0.0622568093385214
        },
        "(8.4, 8.8]": {
          "Éxito": 0.9409448818897638,
          "Error": 0.05905511811023622
        },
        "(8.8, 9.2]": {
          "Éxito": 0.9377289377289377,
          "Error": 0.06227106227106227
        },
        "(9.2, 9.6]": {
          "Éxito": 0.961352657004831,
          "Error": 0.03864734299516908
        },
        "(9.6, 9.999]": {
          "Éxito": 0.9206349206349206,
          "Error": 0.07936507936507936
        },
        "(9.999, 10.399]": {
          "Éxito": 0.9708333333333333,
          "Error": 0.029166666666666667
        },
        "(10.399, 10.799]": {
          "Éxito": 0.9620253164556962,
          "Error": 0.0379746835443038
        },
        "(10.799, 11.199]": {
          "Éxito": 0.983739837398374,
          "Error": 0.016260162601626018
        },
        "(11.199, 11.599]": {
          "Éxito": 0.9634146341463414,
          "Error": 0.036585365853658534
        },
        "(11.599, 11.999]": {
          "Éxito": 0.9512195121951219,
          "Error": 0.04878048780487805
        }
      }
    },
    "phase_offset": {
      "is_categorical": false,
      "bins": 10,
      "values": {
        "(134.971, 139.513]": {
          "Éxito": 0.9561752988047809,
          "Error": 0.043824701195219126
        },
        "(139.513, 144.01]": {
          "Éxito": 0.9516129032258065,
          "Error": 0.04838709677419355
        },
        "(144.01, 148.507]": {
          "Éxito": 0.928,
          "Error": 0.072
        },
        "(148.507, 153.003]": {
          "Éxito": 0.9651162790697675,
          "Error": 0.03488372093023256
        },
        "(153.003, 157.5]": {
          "Éxito": 0.9354838709677419,
          "Error": 0.06451612903225806
        },
        "(157.5, 161.997]": {
          "Éxito": 0.9629629629629629,
          "Error": 0.037037037037037035
        },
        "(161.997, 166.494]": {
          "Éxito": 0.943089430894309,
          "Error": 0.056910569105691054
        },
        "(166.494, 170.991]": {
          "Éxito": 0.9539170506912442,
          "Error": 0.04608294930875576
        },
        "(170.991, 175.487]": {
          "Éxito": 0.9558232931726908,
          "Error": 0.04417670682730924
        },
        "(175.487, 179.984]": {
          "Éxito": 0.9717741935483871,
          "Error": 0.028225806451612902
        }
      }
    },
    "roll_off": {
      "is_categorical": false,
      "bins": 10,
      "values": {
        "(0.2, 0.21]": {
          "Éxito": 0.9429824561403509,
          "Error": 0.05701754385964912
        },
        "(0.21, 0.22]": {
          "Éxito": 0.9446640316205533,
          "Error": 0.05533596837944664
        },
        "(0.22, 0.23]": {
          "Éxito": 0.9584905660377359,
          "Error": 0.04150943396226415
        },
        "(0.23, 0.24]": {
          "Éxito": 0.9767441860465116,
          "Error": 0.023255813953488372
        },
        "(0.24, 0.25]": {
          "Éxito": 0.9176954732510288,
          "Error": 0.0823045267489712
        },
        "(0.25, 0.26]": {
          "Éxito": 0.9539170506912442,
          "Error": 0.04608294930875576
        },
        "(0.26, 0.27]": {
          "Éxito": 0.9694656488549618,
          "Error": 0.030534351145038167
        },
        "(0.27, 0.28]": {
          "Éxito": 0.9613899613899614,
          "Error": 0.03861003861003861
        },
        "(0.28, 0.29]": {
          "Éxito": 0.956,
          "Error": 0.044
        },
        "(0.29, 0.3]": {
          "Éxito": 0.9372197309417041,
          "Error": 0.06278026905829596
        }
      }
    }
  }
}