{
  "experiment": {
    "name": "cnn_bilstm_attn_esc_5",
    "timestamp": "2025-06-21T12:33:13.086302",
    "repeat_index": 1,
    "fold_index": 4
  },
  "effects": {
    "num_taps": {
      "is_categorical": true,
      "bins": null,
      "values": {
        "2": {
          "Éxito": 0.9898291293734743,
          "Error": 0.01017087062652563
        }
      }
    },
    "snr_db": {
      "is_categorical": false,
      "bins": 10,
      "values": {
        "(15.997, 16.401]": {
          "Éxito": 0.9881422924901185,
          "Error": 0.011857707509881422
        },
        "(16.401, 16.8]": {
          "Éxito": 0.99609375,
          "Error": 0.00390625
        },
        "(16.8, 17.2]": {
          "Éxito": 0.9783549783549783,
          "Error": 0.021645021645021644
        },
        "(17.2, 17.599]": {
          "Éxito": 0.9879518072289156,
          "Error": 0.012048192771084338
        },
        "(17.599, 17.999]": {
          "Éxito": 0.9959016393442623,
          "Error": 0.004098360655737705
        },
        "(17.999, 18.398]": {
          "Éxito": 0.9872881355932204,
          "Error": 0.012711864406779662
        },
        "(18.398, 18.798]": {
          "Éxito": 0.9878542510121457,
          "Error": 0.012145748987854251
        },
        "(18.798, 19.197]": {
          "Éxito": 0.9922480620155039,
          "Error": 0.007751937984496124
        },
        "(19.197, 19.597]": {
          "Éxito": 0.9959839357429718,
          "Error": 0.004016064257028112
        },
        "(19.597, 19.996]": {
          "Éxito": 0.9872340425531915,
          "Error": 0.01276595744680851
        }
      }
    },
    "phase_offset": {
      "is_categorical": false,
      "bins": 10,
      "values": {
        "(-0.0377, 4.506]": {
          "Éxito": 0.9850187265917603,
          "Error": 0.0149812734082397
        },
        "(4.506, 9.005]": {
          "Éxito": 1.0,
          "Error": 0.0
        },
        "(9.005, 13.504]": {
          "Éxito": 0.984375,
          "Error": 0.015625
        },
        "(13.504, 18.002]": {
          "Éxito": 1.0,
          "Error": 0.0
        },
        "(18.002, 22.501]": {
          "Éxito": 0.9870689655172413,
          "Error": 0.01293103448275862
        },
        "(22.501, 27.0]": {
          "Éxito": 0.9785407725321889,
          "Error": 0.02145922746781116
        },
        "(27.0, 31.499]": {
          "Éxito": 0.992,
          "Error": 0.008
        },
        "(31.499, 35.998]": {
          "Éxito": 0.9920634920634921,
          "Error": 0.007936507936507936
        },
        "(35.998, 40.496]": {
          "Éxito": 0.9957446808510638,
          "Error": 0.00425531914893617
        },
        "(40.496, 44.995]": {
          "Éxito": 0.9844357976653697,
          "Error": 0.01556420233463035
        }
      }
    },
    "roll_off": {
      "is_categorical": false,
      "bins": 10,
      "values": {
        "(0.2, 0.21]": {
          "Éxito": 0.983402489626556,
          "Error": 0.016597510373443983
        },
        "(0.21, 0.22]": {
          "Éxito": 0.984,
          "Error": 0.016
        },
        "(0.22, 0.23]": {
          "Éxito": 0.9871244635193133,
          "Error": 0.012875536480686695
        },
        "(0.23, 0.24]": {
          "Éxito": 0.9957805907172996,
          "Error": 0.004219409282700422
        },
        "(0.24, 0.25]": {
          "Éxito": 0.9920634920634921,
          "Error": 0.007936507936507936
        },
        "(0.25, 0.26]": {
          "Éxito": 0.987012987012987,
          "Error": 0.012987012987012988
        },
        "(0.26, 0.27]": {
          "Éxito": 0.9962264150943396,
          "Error": 0.0037735849056603774
        },
        "(0.27, 0.28]": {
          "Éxito": 0.9929328621908127,
          "Error": 0.007067137809187279
        },
        "(0.28, 0.29]": {
          "Éxito": 0.9866071428571429,
          "Error": 0.013392857142857142
        },
        "(0.29, 0.3]": {
          "Éxito": 0.9917355371900827,
          "Error": 0.008264462809917356
        }
      }
    }
  }
}