{
  "experiment": {
    "name": "ARQ_3__ESC_6",
    "timestamp": "2025-06-19T15:38:37.528164",
    "repeat_index": 6
  },
  "evaluation": {
    "loss": 0.06354860216379166,
    "accuracy": 0.9842122197151184
  },
  "classification_report": {
    "bpsk": {
      "precision": 1.0,
      "recall": 1.0,
      "f1-score": 1.0,
      "support": 1024.0
    },
    "qpsk": {
      "precision": 1.0,
      "recall": 1.0,
      "f1-score": 1.0,
      "support": 1024.0
    },
    "16qam": {
      "precision": 1.0,
      "recall": 0.9990234375,
      "f1-score": 0.9995114802149487,
      "support": 1024.0
    },
    "32qam cross": {
      "precision": 0.9437559580552908,
      "recall": 0.966796875,
      "f1-score": 0.9551374819102749,
      "support": 1024.0
    },
    "64qam": {
      "precision": 0.9970760233918129,
      "recall": 0.9990234375,
      "f1-score": 0.9980487804878049,
      "support": 1024.0
    },
    "128qam cross": {
      "precision": 0.9649298597194389,
      "recall": 0.9404296875,
      "f1-score": 0.9525222551928784,
      "support": 1024.0
    },
    "accuracy": 0.9842122395833334,
    "macro avg": {
      "precision": 0.9842936401944238,
      "recall": 0.9842122395833334,
      "f1-score": 0.9842033329676512,
      "support": 6144.0
    },
    "weighted avg": {
      "precision": 0.9842936401944238,
      "recall": 0.9842122395833334,
      "f1-score": 0.9842033329676512,
      "support": 6144.0
    }
  }
}