{
  "experiment": {
    "name": "red_carlos_ESC_3",
    "timestamp": "2025-06-18T06:46:17.296437",
    "repeat_index": 2,
    "fold_index": 2
  },
  "effects": {
    "num_taps": {
      "is_categorical": true,
      "bins": null,
      "values": {
        "2": {
          "Éxito": 0.9300244100895037,
          "Error": 0.06997558991049634
        }
      }
    },
    "snr_db": {
      "is_categorical": false,
      "bins": 10,
      "values": {
        "(7.998, 8.401]": {
          "Éxito": 0.90234375,
          "Error": 0.09765625
        },
        "(8.401, 8.8]": {
          "Éxito": 0.9166666666666666,
          "Error": 0.08333333333333333
        },
        "(8.8, 9.2]": {
          "Éxito": 0.8980392156862745,
          "Error": 0.10196078431372549
        },
        "(9.2, 9.599]": {
          "Éxito": 0.9437229437229437,
          "Error": 0.05627705627705628
        },
        "(9.599, 9.998]": {
          "Éxito": 0.9418604651162791,
          "Error": 0.05813953488372093
        },
        "(9.998, 10.397]": {
          "Éxito": 0.9358974358974359,
          "Error": 0.0641025641025641
        },
        "(10.397, 10.797]": {
          "Éxito": 0.9294605809128631,
          "Error": 0.07053941908713693
        },
        "(10.797, 11.196]": {
          "Éxito": 0.935361216730038,
          "Error": 0.06463878326996197
        },
        "(11.196, 11.595]": {
          "Éxito": 0.9458128078817734,
          "Error": 0.054187192118226604
        },
        "(11.595, 11.994]": {
          "Éxito": 0.9585062240663901,
          "Error": 0.04149377593360996
        }
      }
    },
    "phase_offset": {
      "is_categorical": false,
      "bins": 10,
      "values": {
        "(-0.0349, 4.507]": {
          "Éxito": 0.9367588932806324,
          "Error": 0.06324110671936758
        },
        "(4.507, 9.004]": {
          "Éxito": 0.9425287356321839,
          "Error": 0.05747126436781609
        },
        "(9.004, 13.501]": {
          "Éxito": 0.9240506329113924,
          "Error": 0.0759493670886076
        },
        "(13.501, 17.998]": {
          "Éxito": 0.9243027888446215,
          "Error": 0.07569721115537849
        },
        "(17.998, 22.495]": {
          "Éxito": 0.9125,
          "Error": 0.0875
        },
        "(22.495, 26.992]": {
          "Éxito": 0.9037656903765691,
          "Error": 0.09623430962343096
        },
        "(26.992, 31.49]": {
          "Éxito": 0.9272030651340997,
          "Error": 0.07279693486590039
        },
        "(31.49, 35.987]": {
          "Éxito": 0.9308943089430894,
          "Error": 0.06910569105691057
        },
        "(35.987, 40.484]": {
          "Éxito": 0.968609865470852,
          "Error": 0.03139013452914798
        },
        "(40.484, 44.981]": {
          "Éxito": 0.9311740890688259,
          "Error": 0.06882591093117409
        }
      }
    },
    "roll_off": {
      "is_categorical": false,
      "bins": 10,
      "values": {
        "(0.2, 0.21]": {
          "Éxito": 0.9288537549407114,
          "Error": 0.07114624505928854
        },
        "(0.21, 0.22]": {
          "Éxito": 0.8828125,
          "Error": 0.1171875
        },
        "(0.22, 0.23]": {
          "Éxito": 0.9227642276422764,
          "Error": 0.07723577235772358
        },
        "(0.23, 0.24]": {
          "Éxito": 0.9541666666666667,
          "Error": 0.04583333333333333
        },
        "(0.24, 0.25]": {
          "Éxito": 0.9511111111111111,
          "Error": 0.04888888888888889
        },
        "(0.25, 0.26]": {
          "Éxito": 0.9411764705882353,
          "Error": 0.058823529411764705
        },
        "(0.26, 0.27]": {
          "Éxito": 0.9380530973451328,
          "Error": 0.061946902654867256
        },
        "(0.27, 0.28]": {
          "Éxito": 0.9327731092436975,
          "Error": 0.06722689075630252
        },
        "(0.28, 0.29]": {
          "Éxito": 0.91796875,
          "Error": 0.08203125
        },
        "(0.29, 0.3]": {
          "Éxito": 0.935361216730038,
          "Error": 0.06463878326996197
        }
      }
    }
  }
}