{
  "experiment": {
    "name": "red_carlos_ESC_6",
    "timestamp": "2025-06-18T13:11:01.754673",
    "repeat_index": 1,
    "fold_index": 0
  },
  "effects": {
    "num_taps": {
      "is_categorical": true,
      "bins": null,
      "values": {
        "1": {
          "Éxito": 0.9751830756712775,
          "Error": 0.02481692432872254
        }
      }
    },
    "snr_db": {
      "is_categorical": false,
      "bins": 10,
      "values": {
        "(7.996, 8.4]": {
          "Éxito": 0.9621212121212122,
          "Error": 0.03787878787878788
        },
        "(8.4, 8.8]": {
          "Éxito": 0.9549180327868853,
          "Error": 0.045081967213114756
        },
        "(8.8, 9.2]": {
          "Éxito": 0.9673469387755103,
          "Error": 0.0326530612244898
        },
        "(9.2, 9.6]": {
          "Éxito": 0.9877551020408163,
          "Error": 0.012244897959183673
        },
        "(9.6, 10.0]": {
          "Éxito": 0.9661654135338346,
          "Error": 0.03383458646616541
        },
        "(10.0, 10.4]": {
          "Éxito": 0.9826086956521739,
          "Error": 0.017391304347826087
        },
        "(10.4, 10.8]": {
          "Éxito": 0.9861111111111112,
          "Error": 0.013888888888888888
        },
        "(10.8, 11.2]": {
          "Éxito": 0.9791666666666666,
          "Error": 0.020833333333333332
        },
        "(11.2, 11.6]": {
          "Éxito": 0.9880952380952381,
          "Error": 0.011904761904761904
        },
        "(11.6, 12.0]": {
          "Éxito": 0.98046875,
          "Error": 0.01953125
        }
      }
    },
    "phase_offset": {
      "is_categorical": false,
      "bins": 10,
      "values": {
        "(0.00881, 4.548]": {
          "Éxito": 0.9693486590038314,
          "Error": 0.03065134099616858
        },
        "(4.548, 9.042]": {
          "Éxito": 0.9755102040816327,
          "Error": 0.024489795918367346
        },
        "(9.042, 13.536]": {
          "Éxito": 0.9725490196078431,
          "Error": 0.027450980392156862
        },
        "(13.536, 18.031]": {
          "Éxito": 0.9746835443037974,
          "Error": 0.02531645569620253
        },
        "(18.031, 22.525]": {
          "Éxito": 0.9961240310077519,
          "Error": 0.003875968992248062
        },
        "(22.525, 27.019]": {
          "Éxito": 0.9785407725321889,
          "Error": 0.02145922746781116
        },
        "(27.019, 31.513]": {
          "Éxito": 0.9832635983263598,
          "Error": 0.016736401673640166
        },
        "(31.513, 36.008]": {
          "Éxito": 0.9628099173553719,
          "Error": 0.0371900826446281
        },
        "(36.008, 40.502]": {
          "Éxito": 0.9658119658119658,
          "Error": 0.03418803418803419
        },
        "(40.502, 44.996]": {
          "Éxito": 0.9724409448818898,
          "Error": 0.027559055118110236
        }
      }
    },
    "roll_off": {
      "is_categorical": false,
      "bins": 10,
      "values": {
        "(0.2, 0.21]": {
          "Éxito": 0.953125,
          "Error": 0.046875
        },
        "(0.21, 0.22]": {
          "Éxito": 0.9873417721518988,
          "Error": 0.012658227848101266
        },
        "(0.22, 0.23]": {
          "Éxito": 0.975,
          "Error": 0.025
        },
        "(0.23, 0.24]": {
          "Éxito": 0.98,
          "Error": 0.02
        },
        "(0.24, 0.25]": {
          "Éxito": 0.9701492537313433,
          "Error": 0.029850746268656716
        },
        "(0.25, 0.26]": {
          "Éxito": 0.9855595667870036,
          "Error": 0.01444043321299639
        },
        "(0.26, 0.27]": {
          "Éxito": 0.9783549783549783,
          "Error": 0.021645021645021644
        },
        "(0.27, 0.28]": {
          "Éxito": 0.9644444444444444,
          "Error": 0.035555555555555556
        },
        "(0.28, 0.29]": {
          "Éxito": 0.9739130434782609,
          "Error": 0.02608695652173913
        },
        "(0.29, 0.3]": {
          "Éxito": 0.9836065573770492,
          "Error": 0.01639344262295082
        }
      }
    }
  }
}