{
  "experiment": {
    "name": "ARQ_2__ESC_1",
    "timestamp": "2025-06-25T17:59:29.805265",
    "repeat_index": 4
  },
  "effects": {
    "num_taps": {
      "is_categorical": true,
      "bins": null,
      "values": {
        "2": {
          "Éxito": 0.5994466145833334,
          "Error": 0.4005533854166667
        }
      }
    },
    "snr_db": {
      "is_categorical": false,
      "bins": 10,
      "values": {
        "(-0.00268, 0.401]": {
          "Éxito": 0.5879478827361564,
          "Error": 0.41205211726384366
        },
        "(0.401, 0.801]": {
          "Éxito": 0.5806451612903226,
          "Error": 0.41935483870967744
        },
        "(0.801, 1.201]": {
          "Éxito": 0.5356083086053413,
          "Error": 0.46439169139465875
        },
        "(1.201, 1.6]": {
          "Éxito": 0.5891089108910891,
          "Error": 0.41089108910891087
        },
        "(1.6, 2.0]": {
          "Éxito": 0.6161290322580645,
          "Error": 0.38387096774193546
        },
        "(2.0, 2.4]": {
          "Éxito": 0.6025848142164781,
          "Error": 0.3974151857835218
        },
        "(2.4, 2.799]": {
          "Éxito": 0.6281833616298812,
          "Error": 0.37181663837011886
        },
        "(2.799, 3.199]": {
          "Éxito": 0.6377816291161178,
          "Error": 0.36221837088388215
        },
        "(3.199, 3.599]": {
          "Éxito": 0.6079734219269103,
          "Error": 0.3920265780730897
        },
        "(3.599, 3.999]": {
          "Éxito": 0.6199324324324325,
          "Error": 0.38006756756756754
        }
      }
    },
    "phase_offset": {
      "is_categorical": false,
      "bins": 10,
      "values": {
        "(-0.0368, 4.506]": {
          "Éxito": 0.5905383360522023,
          "Error": 0.4094616639477977
        },
        "(4.506, 9.004]": {
          "Éxito": 0.606687898089172,
          "Error": 0.39331210191082805
        },
        "(9.004, 13.502]": {
          "Éxito": 0.5830618892508144,
          "Error": 0.4169381107491857
        },
        "(13.502, 17.999]": {
          "Éxito": 0.6048780487804878,
          "Error": 0.3951219512195122
        },
        "(17.999, 22.497]": {
          "Éxito": 0.6283783783783784,
          "Error": 0.3716216216216216
        },
        "(22.497, 26.995]": {
          "Éxito": 0.5984126984126984,
          "Error": 0.4015873015873016
        },
        "(26.995, 31.493]": {
          "Éxito": 0.5682182985553772,
          "Error": 0.4317817014446228
        },
        "(31.493, 35.991]": {
          "Éxito": 0.6260434056761269,
          "Error": 0.3739565943238731
        },
        "(35.991, 40.488]": {
          "Éxito": 0.5803722504230119,
          "Error": 0.4196277495769882
        },
        "(40.488, 44.986]": {
          "Éxito": 0.6087636932707355,
          "Error": 0.39123630672926446
        }
      }
    },
    "roll_off": {
      "is_categorical": false,
      "bins": 10,
      "values": {
        "(0.2, 0.21]": {
          "Éxito": 0.5889070146818923,
          "Error": 0.4110929853181077
        },
        "(0.21, 0.22]": {
          "Éxito": 0.5975039001560063,
          "Error": 0.40249609984399376
        },
        "(0.22, 0.23]": {
          "Éxito": 0.5857142857142857,
          "Error": 0.4142857142857143
        },
        "(0.23, 0.24]": {
          "Éxito": 0.6287519747235387,
          "Error": 0.3712480252764613
        },
        "(0.24, 0.25]": {
          "Éxito": 0.5880452342487884,
          "Error": 0.41195476575121165
        },
        "(0.25, 0.26]": {
          "Éxito": 0.585,
          "Error": 0.415
        },
        "(0.26, 0.27]": {
          "Éxito": 0.6062602965403624,
          "Error": 0.39373970345963755
        },
        "(0.27, 0.28]": {
          "Éxito": 0.6236044657097288,
          "Error": 0.3763955342902711
        },
        "(0.28, 0.29]": {
          "Éxito": 0.6120689655172413,
          "Error": 0.3879310344827586
        },
        "(0.29, 0.3]": {
          "Éxito": 0.5774410774410774,
          "Error": 0.4225589225589226
        }
      }
    }
  }
}