{
  "experiment": {
    "name": "ARQ_3__ESC_9",
    "timestamp": "2025-06-19T19:27:23.627616",
    "repeat_index": 2
  },
  "evaluation": {
    "loss": 0.16682536900043488,
    "accuracy": 0.9625651240348816
  },
  "classification_report": {
    "bpsk": {
      "precision": 1.0,
      "recall": 1.0,
      "f1-score": 1.0,
      "support": 1024.0
    },
    "qpsk": {
      "precision": 0.9990243902439024,
      "recall": 1.0,
      "f1-score": 0.9995119570522206,
      "support": 1024.0
    },
    "16qam": {
      "precision": 0.9912621359223301,
      "recall": 0.9970703125,
      "f1-score": 0.994157740993184,
      "support": 1024.0
    },
    "32qam cross": {
      "precision": 0.8942774005819593,
      "recall": 0.900390625,
      "f1-score": 0.897323600973236,
      "support": 1024.0
    },
    "64qam": {
      "precision": 0.9921722113502935,
      "recall": 0.990234375,
      "f1-score": 0.9912023460410557,
      "support": 1024.0
    },
    "128qam cross": {
      "precision": 0.8982213438735178,
      "recall": 0.8876953125,
      "f1-score": 0.8929273084479371,
      "support": 1024.0
    },
    "accuracy": 0.9625651041666666,
    "macro avg": {
      "precision": 0.9624929136620005,
      "recall": 0.9625651041666666,
      "f1-score": 0.9625204922512722,
      "support": 6144.0
    },
    "weighted avg": {
      "precision": 0.9624929136620005,
      "recall": 0.9625651041666666,
      "f1-score": 0.9625204922512722,
      "support": 6144.0
    }
  }
}