{
  "experiment": {
    "name": "cnn_bilstm_attn_esc_11",
    "timestamp": "2025-06-22T14:22:41.220660",
    "repeat_index": 3,
    "fold_index": 3
  },
  "evaluation": {
    "loss": 0.13844917714595795,
    "accuracy": 0.9658258557319641
  },
  "classification_report": {
    "bpsk": {
      "precision": 1.0,
      "recall": 0.9975550122249389,
      "f1-score": 0.9987760097919217,
      "support": 409.0
    },
    "qpsk": {
      "precision": 1.0,
      "recall": 1.0,
      "f1-score": 1.0,
      "support": 410.0
    },
    "16qam": {
      "precision": 0.9974937343358395,
      "recall": 0.9707317073170731,
      "f1-score": 0.9839307787391842,
      "support": 410.0
    },
    "32qam cross": {
      "precision": 0.9375,
      "recall": 0.9146341463414634,
      "f1-score": 0.9259259259259259,
      "support": 410.0
    },
    "64qam": {
      "precision": 0.9618138424821002,
      "recall": 0.9853300733496333,
      "f1-score": 0.9734299516908212,
      "support": 409.0
    },
    "128qam cross": {
      "precision": 0.9004739336492891,
      "recall": 0.926829268292683,
      "f1-score": 0.9134615384615384,
      "support": 410.0
    },
    "accuracy": 0.9658258746948739,
    "macro avg": {
      "precision": 0.9662135850778716,
      "recall": 0.9658467012542986,
      "f1-score": 0.965920700768232,
      "support": 2458.0
    },
    "weighted avg": {
      "precision": 0.9662016295561764,
      "recall": 0.9658258746948739,
      "f1-score": 0.9659042790595476,
      "support": 2458.0
    }
  }
}