{
  "experiment": {
    "name": "ARQ_2__ESC_7",
    "timestamp": "2025-06-19T18:35:45.208699",
    "repeat_index": 0
  },
  "effects": {
    "num_taps": {
      "is_categorical": true,
      "bins": null,
      "values": {
        "4": {
          "Éxito": 0.90771484375,
          "Error": 0.09228515625
        }
      }
    },
    "snr_db": {
      "is_categorical": false,
      "bins": 10,
      "values": {
        "(7.996, 8.4]": {
          "Éxito": 0.8980891719745223,
          "Error": 0.10191082802547771
        },
        "(8.4, 8.8]": {
          "Éxito": 0.8864406779661017,
          "Error": 0.1135593220338983
        },
        "(8.8, 9.2]": {
          "Éxito": 0.8921095008051529,
          "Error": 0.10789049919484701
        },
        "(9.2, 9.6]": {
          "Éxito": 0.9035532994923858,
          "Error": 0.09644670050761421
        },
        "(9.6, 10.0]": {
          "Éxito": 0.9144215530903328,
          "Error": 0.08557844690966719
        },
        "(10.0, 10.4]": {
          "Éxito": 0.9154929577464789,
          "Error": 0.08450704225352113
        },
        "(10.4, 10.8]": {
          "Éxito": 0.9228295819935691,
          "Error": 0.07717041800643087
        },
        "(10.8, 11.2]": {
          "Éxito": 0.9232081911262798,
          "Error": 0.07679180887372014
        },
        "(11.2, 11.6]": {
          "Éxito": 0.9136807817589576,
          "Error": 0.08631921824104234
        },
        "(11.6, 12.0]": {
          "Éxito": 0.9067524115755627,
          "Error": 0.0932475884244373
        }
      }
    },
    "phase_offset": {
      "is_categorical": false,
      "bins": 10,
      "values": {
        "(-0.0414, 4.503]": {
          "Éxito": 0.8869701726844584,
          "Error": 0.1130298273155416
        },
        "(4.503, 9.003]": {
          "Éxito": 0.9140350877192982,
          "Error": 0.08596491228070176
        },
        "(9.003, 13.502]": {
          "Éxito": 0.9054726368159204,
          "Error": 0.0945273631840796
        },
        "(13.502, 18.002]": {
          "Éxito": 0.903125,
          "Error": 0.096875
        },
        "(18.002, 22.501]": {
          "Éxito": 0.913477537437604,
          "Error": 0.08652246256239601
        },
        "(22.501, 27.001]": {
          "Éxito": 0.9151712887438825,
          "Error": 0.08482871125611746
        },
        "(27.001, 31.5]": {
          "Éxito": 0.9128205128205128,
          "Error": 0.08717948717948718
        },
        "(31.5, 36.0]": {
          "Éxito": 0.9053627760252366,
          "Error": 0.0946372239747634
        },
        "(36.0, 40.499]": {
          "Éxito": 0.9190031152647975,
          "Error": 0.08099688473520249
        },
        "(40.499, 44.999]": {
          "Éxito": 0.9030694668820679,
          "Error": 0.09693053311793215
        }
      }
    },
    "roll_off": {
      "is_categorical": false,
      "bins": 10,
      "values": {
        "(0.2, 0.21]": {
          "Éxito": 0.8955223880597015,
          "Error": 0.1044776119402985
        },
        "(0.21, 0.22]": {
          "Éxito": 0.9187898089171974,
          "Error": 0.08121019108280254
        },
        "(0.22, 0.23]": {
          "Éxito": 0.8949919224555735,
          "Error": 0.1050080775444265
        },
        "(0.23, 0.24]": {
          "Éxito": 0.9223300970873787,
          "Error": 0.07766990291262135
        },
        "(0.24, 0.25]": {
          "Éxito": 0.8938640132669984,
          "Error": 0.10613598673300166
        },
        "(0.25, 0.26]": {
          "Éxito": 0.9260504201680673,
          "Error": 0.07394957983193277
        },
        "(0.26, 0.27]": {
          "Éxito": 0.8956661316211878,
          "Error": 0.1043338683788122
        },
        "(0.27, 0.28]": {
          "Éxito": 0.9132569558101473,
          "Error": 0.0867430441898527
        },
        "(0.28, 0.29]": {
          "Éxito": 0.9035369774919614,
          "Error": 0.09646302250803858
        },
        "(0.29, 0.3]": {
          "Éxito": 0.9131832797427653,
          "Error": 0.08681672025723473
        }
      }
    }
  }
}