{
  "experiment": {
    "name": "red_carlos_ESC_11",
    "timestamp": "2025-06-21T08:44:17.389075",
    "repeat_index": 3,
    "fold_index": 0
  },
  "effects": {
    "num_taps": {
      "is_categorical": true,
      "bins": null,
      "values": {
        "2": {
          "Éxito": 0.9536208299430431,
          "Error": 0.046379170056956874
        }
      }
    },
    "snr_db": {
      "is_categorical": false,
      "bins": 10,
      "values": {
        "(7.997, 8.401]": {
          "Éxito": 0.9361702127659575,
          "Error": 0.06382978723404255
        },
        "(8.401, 8.801]": {
          "Éxito": 0.926923076923077,
          "Error": 0.07307692307692308
        },
        "(8.801, 9.201]": {
          "Éxito": 0.9576923076923077,
          "Error": 0.04230769230769231
        },
        "(9.201, 9.6]": {
          "Éxito": 0.9525862068965517,
          "Error": 0.04741379310344827
        },
        "(9.6, 10.0]": {
          "Éxito": 0.93359375,
          "Error": 0.06640625
        },
        "(10.0, 10.4]": {
          "Éxito": 0.9613733905579399,
          "Error": 0.03862660944206009
        },
        "(10.4, 10.8]": {
          "Éxito": 0.9678571428571429,
          "Error": 0.03214285714285714
        },
        "(10.8, 11.199]": {
          "Éxito": 0.9652173913043478,
          "Error": 0.034782608695652174
        },
        "(11.199, 11.599]": {
          "Éxito": 0.9574468085106383,
          "Error": 0.0425531914893617
        },
        "(11.599, 11.999]": {
          "Éxito": 0.9789029535864979,
          "Error": 0.02109704641350211
        }
      }
    },
    "phase_offset": {
      "is_categorical": false,
      "bins": 10,
      "values": {
        "(134.965, 139.509]": {
          "Éxito": 0.9501915708812261,
          "Error": 0.04980842911877394
        },
        "(139.509, 144.008]": {
          "Éxito": 0.935361216730038,
          "Error": 0.06463878326996197
        },
        "(144.008, 148.507]": {
          "Éxito": 0.9789029535864979,
          "Error": 0.02109704641350211
        },
        "(148.507, 153.006]": {
          "Éxito": 0.9545454545454546,
          "Error": 0.045454545454545456
        },
        "(153.006, 157.504]": {
          "Éxito": 0.9451476793248945,
          "Error": 0.05485232067510549
        },
        "(157.504, 162.003]": {
          "Éxito": 0.9404255319148936,
          "Error": 0.059574468085106386
        },
        "(162.003, 166.502]": {
          "Éxito": 0.9662921348314607,
          "Error": 0.033707865168539325
        },
        "(166.502, 171.001]": {
          "Éxito": 0.9427312775330396,
          "Error": 0.05726872246696035
        },
        "(171.001, 175.5]": {
          "Éxito": 0.943089430894309,
          "Error": 0.056910569105691054
        },
        "(175.5, 179.999]": {
          "Éxito": 0.9794238683127572,
          "Error": 0.0205761316872428
        }
      }
    },
    "roll_off": {
      "is_categorical": false,
      "bins": 10,
      "values": {
        "(0.2, 0.21]": {
          "Éxito": 0.9543568464730291,
          "Error": 0.04564315352697095
        },
        "(0.21, 0.22]": {
          "Éxito": 0.9414225941422594,
          "Error": 0.058577405857740586
        },
        "(0.22, 0.23]": {
          "Éxito": 0.9390243902439024,
          "Error": 0.06097560975609756
        },
        "(0.23, 0.24]": {
          "Éxito": 0.9552845528455285,
          "Error": 0.044715447154471545
        },
        "(0.24, 0.25]": {
          "Éxito": 0.94,
          "Error": 0.06
        },
        "(0.25, 0.26]": {
          "Éxito": 0.9656488549618321,
          "Error": 0.03435114503816794
        },
        "(0.26, 0.27]": {
          "Éxito": 0.952755905511811,
          "Error": 0.047244094488188976
        },
        "(0.27, 0.28]": {
          "Éxito": 0.9594594594594594,
          "Error": 0.04054054054054054
        },
        "(0.28, 0.29]": {
          "Éxito": 0.9595141700404858,
          "Error": 0.04048582995951417
        },
        "(0.29, 0.3]": {
          "Éxito": 0.9681274900398407,
          "Error": 0.03187250996015936
        }
      }
    }
  }
}