{
  "experiment": {
    "name": "red_carlos_ESC_9",
    "timestamp": "2025-06-21T04:21:02.783352",
    "repeat_index": 2,
    "fold_index": 4
  },
  "effects": {
    "num_taps": {
      "is_categorical": true,
      "bins": null,
      "values": {
        "2": {
          "Éxito": 0.9320585842148088,
          "Error": 0.06794141578519121
        }
      }
    },
    "snr_db": {
      "is_categorical": false,
      "bins": 10,
      "values": {
        "(7.996, 8.4]": {
          "Éxito": 0.896,
          "Error": 0.104
        },
        "(8.4, 8.8]": {
          "Éxito": 0.8740157480314961,
          "Error": 0.12598425196850394
        },
        "(8.8, 9.2]": {
          "Éxito": 0.92,
          "Error": 0.08
        },
        "(9.2, 9.6]": {
          "Éxito": 0.9414414414414415,
          "Error": 0.05855855855855856
        },
        "(9.6, 10.0]": {
          "Éxito": 0.9450980392156862,
          "Error": 0.054901960784313725
        },
        "(10.0, 10.4]": {
          "Éxito": 0.9427480916030534,
          "Error": 0.05725190839694656
        },
        "(10.4, 10.8]": {
          "Éxito": 0.9578059071729957,
          "Error": 0.04219409282700422
        },
        "(10.8, 11.2]": {
          "Éxito": 0.9312977099236641,
          "Error": 0.06870229007633588
        },
        "(11.2, 11.6]": {
          "Éxito": 0.9612068965517241,
          "Error": 0.03879310344827586
        },
        "(11.6, 12.0]": {
          "Éxito": 0.9572649572649573,
          "Error": 0.042735042735042736
        }
      }
    },
    "phase_offset": {
      "is_categorical": false,
      "bins": 10,
      "values": {
        "(44.964, 49.506]": {
          "Éxito": 0.9308943089430894,
          "Error": 0.06910569105691057
        },
        "(49.506, 54.003]": {
          "Éxito": 0.9354838709677419,
          "Error": 0.06451612903225806
        },
        "(54.003, 58.5]": {
          "Éxito": 0.935064935064935,
          "Error": 0.06493506493506493
        },
        "(58.5, 62.997]": {
          "Éxito": 0.9497907949790795,
          "Error": 0.0502092050209205
        },
        "(62.997, 67.494]": {
          "Éxito": 0.9227467811158798,
          "Error": 0.07725321888412018
        },
        "(67.494, 71.991]": {
          "Éxito": 0.9450980392156862,
          "Error": 0.054901960784313725
        },
        "(71.991, 76.488]": {
          "Éxito": 0.9233576642335767,
          "Error": 0.07664233576642336
        },
        "(76.488, 80.985]": {
          "Éxito": 0.907258064516129,
          "Error": 0.09274193548387097
        },
        "(80.985, 85.482]": {
          "Éxito": 0.9112903225806451,
          "Error": 0.08870967741935484
        },
        "(85.482, 89.979]": {
          "Éxito": 0.961864406779661,
          "Error": 0.038135593220338986
        }
      }
    },
    "roll_off": {
      "is_categorical": false,
      "bins": 10,
      "values": {
        "(0.2, 0.21]": {
          "Éxito": 0.9017857142857143,
          "Error": 0.09821428571428571
        },
        "(0.21, 0.22]": {
          "Éxito": 0.948,
          "Error": 0.052
        },
        "(0.22, 0.23]": {
          "Éxito": 0.9426229508196722,
          "Error": 0.05737704918032787
        },
        "(0.23, 0.24]": {
          "Éxito": 0.9348659003831418,
          "Error": 0.06513409961685823
        },
        "(0.24, 0.25]": {
          "Éxito": 0.930327868852459,
          "Error": 0.06967213114754098
        },
        "(0.25, 0.26]": {
          "Éxito": 0.9308943089430894,
          "Error": 0.06910569105691057
        },
        "(0.26, 0.27]": {
          "Éxito": 0.9349593495934959,
          "Error": 0.06504065040650407
        },
        "(0.27, 0.28]": {
          "Éxito": 0.9243027888446215,
          "Error": 0.07569721115537849
        },
        "(0.28, 0.29]": {
          "Éxito": 0.9205020920502092,
          "Error": 0.0794979079497908
        },
        "(0.29, 0.3]": {
          "Éxito": 0.9486166007905138,
          "Error": 0.05138339920948617
        }
      }
    }
  }
}