{
  "experiment": {
    "name": "ARQ_2__ESC_3",
    "timestamp": "2025-06-19T11:48:44.495560",
    "repeat_index": 5
  },
  "effects": {
    "num_taps": {
      "is_categorical": true,
      "bins": null,
      "values": {
        "2": {
          "Éxito": 0.9720052083333334,
          "Error": 0.027994791666666668
        }
      }
    },
    "snr_db": {
      "is_categorical": false,
      "bins": 10,
      "values": {
        "(7.996, 8.4]": {
          "Éxito": 0.952054794520548,
          "Error": 0.04794520547945205
        },
        "(8.4, 8.8]": {
          "Éxito": 0.9544740973312402,
          "Error": 0.04552590266875981
        },
        "(8.8, 9.2]": {
          "Éxito": 0.9629629629629629,
          "Error": 0.037037037037037035
        },
        "(9.2, 9.6]": {
          "Éxito": 0.9641185647425897,
          "Error": 0.0358814352574103
        },
        "(9.6, 10.0]": {
          "Éxito": 0.9738461538461538,
          "Error": 0.026153846153846153
        },
        "(10.0, 10.4]": {
          "Éxito": 0.9835796387520526,
          "Error": 0.016420361247947456
        },
        "(10.4, 10.8]": {
          "Éxito": 0.9849246231155779,
          "Error": 0.01507537688442211
        },
        "(10.8, 11.2]": {
          "Éxito": 0.9843478260869565,
          "Error": 0.01565217391304348
        },
        "(11.2, 11.6]": {
          "Éxito": 0.984251968503937,
          "Error": 0.015748031496062992
        },
        "(11.6, 12.0]": {
          "Éxito": 0.9764705882352941,
          "Error": 0.023529411764705882
        }
      }
    },
    "phase_offset": {
      "is_categorical": false,
      "bins": 10,
      "values": {
        "(-0.0388, 4.505]": {
          "Éxito": 0.9668989547038328,
          "Error": 0.033101045296167246
        },
        "(4.505, 9.004]": {
          "Éxito": 0.9716535433070866,
          "Error": 0.028346456692913385
        },
        "(9.004, 13.503]": {
          "Éxito": 0.9662921348314607,
          "Error": 0.033707865168539325
        },
        "(13.503, 18.002]": {
          "Éxito": 0.9750778816199377,
          "Error": 0.024922118380062305
        },
        "(18.002, 22.501]": {
          "Éxito": 0.9827882960413081,
          "Error": 0.01721170395869191
        },
        "(22.501, 27.0]": {
          "Éxito": 0.9613445378151261,
          "Error": 0.03865546218487395
        },
        "(27.0, 31.499]": {
          "Éxito": 0.9753694581280788,
          "Error": 0.024630541871921183
        },
        "(31.499, 35.998]": {
          "Éxito": 0.9739837398373984,
          "Error": 0.026016260162601626
        },
        "(35.998, 40.497]": {
          "Éxito": 0.9720496894409938,
          "Error": 0.027950310559006212
        },
        "(40.497, 44.996]": {
          "Éxito": 0.9744408945686901,
          "Error": 0.025559105431309903
        }
      }
    },
    "roll_off": {
      "is_categorical": false,
      "bins": 10,
      "values": {
        "(0.2, 0.21]": {
          "Éxito": 0.9663865546218487,
          "Error": 0.03361344537815126
        },
        "(0.21, 0.22]": {
          "Éxito": 0.969335604770017,
          "Error": 0.030664395229982964
        },
        "(0.22, 0.23]": {
          "Éxito": 0.9659442724458205,
          "Error": 0.034055727554179564
        },
        "(0.23, 0.24]": {
          "Éxito": 0.9777015437392796,
          "Error": 0.022298456260720412
        },
        "(0.24, 0.25]": {
          "Éxito": 0.9752321981424149,
          "Error": 0.02476780185758514
        },
        "(0.25, 0.26]": {
          "Éxito": 0.9764521193092621,
          "Error": 0.023547880690737835
        },
        "(0.26, 0.27]": {
          "Éxito": 0.964968152866242,
          "Error": 0.03503184713375796
        },
        "(0.27, 0.28]": {
          "Éxito": 0.9833055091819699,
          "Error": 0.01669449081803005
        },
        "(0.28, 0.29]": {
          "Éxito": 0.9712,
          "Error": 0.0288
        },
        "(0.29, 0.3]": {
          "Éxito": 0.9698996655518395,
          "Error": 0.030100334448160536
        }
      }
    }
  }
}