{
  "experiment": {
    "name": "cnn_bilstm_attn_esc_4",
    "timestamp": "2025-06-21T08:06:46.152675",
    "repeat_index": 2,
    "fold_index": 3
  },
  "effects": {
    "num_taps": {
      "is_categorical": true,
      "bins": null,
      "values": {
        "2": {
          "Éxito": 0.9902359641985354,
          "Error": 0.009764035801464606
        }
      }
    },
    "snr_db": {
      "is_categorical": false,
      "bins": 10,
      "values": {
        "(11.997, 12.401]": {
          "Éxito": 0.9785407725321889,
          "Error": 0.02145922746781116
        },
        "(12.401, 12.8]": {
          "Éxito": 0.9892857142857143,
          "Error": 0.010714285714285714
        },
        "(12.8, 13.2]": {
          "Éxito": 0.9826086956521739,
          "Error": 0.017391304347826087
        },
        "(13.2, 13.6]": {
          "Éxito": 0.9879518072289156,
          "Error": 0.012048192771084338
        },
        "(13.6, 13.999]": {
          "Éxito": 0.996,
          "Error": 0.004
        },
        "(13.999, 14.399]": {
          "Éxito": 0.9953051643192489,
          "Error": 0.004694835680751174
        },
        "(14.399, 14.799]": {
          "Éxito": 0.9925373134328358,
          "Error": 0.007462686567164179
        },
        "(14.799, 15.198]": {
          "Éxito": 0.9918367346938776,
          "Error": 0.00816326530612245
        },
        "(15.198, 15.598]": {
          "Éxito": 0.9866666666666667,
          "Error": 0.013333333333333334
        },
        "(15.598, 15.998]": {
          "Éxito": 1.0,
          "Error": 0.0
        }
      }
    },
    "phase_offset": {
      "is_categorical": false,
      "bins": 10,
      "values": {
        "(-0.0405, 4.498]": {
          "Éxito": 0.9874476987447699,
          "Error": 0.012552301255230125
        },
        "(4.498, 8.992]": {
          "Éxito": 0.9836734693877551,
          "Error": 0.0163265306122449
        },
        "(8.992, 13.486]": {
          "Éxito": 0.987603305785124,
          "Error": 0.012396694214876033
        },
        "(13.486, 17.98]": {
          "Éxito": 0.9846153846153847,
          "Error": 0.015384615384615385
        },
        "(17.98, 22.474]": {
          "Éxito": 0.990990990990991,
          "Error": 0.009009009009009009
        },
        "(22.474, 26.968]": {
          "Éxito": 0.9957627118644068,
          "Error": 0.00423728813559322
        },
        "(26.968, 31.462]": {
          "Éxito": 0.9961240310077519,
          "Error": 0.003875968992248062
        },
        "(31.462, 35.956]": {
          "Éxito": 0.9878048780487805,
          "Error": 0.012195121951219513
        },
        "(35.956, 40.45]": {
          "Éxito": 0.9959677419354839,
          "Error": 0.004032258064516129
        },
        "(40.45, 44.944]": {
          "Éxito": 0.9923664122137404,
          "Error": 0.007633587786259542
        }
      }
    },
    "roll_off": {
      "is_categorical": false,
      "bins": 10,
      "values": {
        "(0.2, 0.21]": {
          "Éxito": 0.9880478087649402,
          "Error": 0.01195219123505976
        },
        "(0.21, 0.22]": {
          "Éxito": 0.9836734693877551,
          "Error": 0.0163265306122449
        },
        "(0.22, 0.23]": {
          "Éxito": 0.9838056680161943,
          "Error": 0.016194331983805668
        },
        "(0.23, 0.24]": {
          "Éxito": 0.984,
          "Error": 0.016
        },
        "(0.24, 0.25]": {
          "Éxito": 0.9921259842519685,
          "Error": 0.007874015748031496
        },
        "(0.25, 0.26]": {
          "Éxito": 1.0,
          "Error": 0.0
        },
        "(0.26, 0.27]": {
          "Éxito": 1.0,
          "Error": 0.0
        },
        "(0.27, 0.28]": {
          "Éxito": 0.9958847736625515,
          "Error": 0.00411522633744856
        },
        "(0.28, 0.29]": {
          "Éxito": 0.9879032258064516,
          "Error": 0.012096774193548387
        },
        "(0.29, 0.3]": {
          "Éxito": 0.987012987012987,
          "Error": 0.012987012987012988
        }
      }
    }
  }
}