{
  "experiment": {
    "name": "red_carlos_ESC_1",
    "timestamp": "2025-06-18T02:28:00.342974",
    "repeat_index": 1,
    "fold_index": 4
  },
  "effects": {
    "num_taps": {
      "is_categorical": true,
      "bins": null,
      "values": {
        "2": {
          "Éxito": 0.6013018714401953,
          "Error": 0.39869812855980474
        }
      }
    },
    "snr_db": {
      "is_categorical": false,
      "bins": 10,
      "values": {
        "(-0.00334, 0.401]": {
          "Éxito": 0.5787234042553191,
          "Error": 0.42127659574468085
        },
        "(0.401, 0.8]": {
          "Éxito": 0.5958333333333333,
          "Error": 0.4041666666666667
        },
        "(0.8, 1.2]": {
          "Éxito": 0.6423076923076924,
          "Error": 0.3576923076923077
        },
        "(1.2, 1.6]": {
          "Éxito": 0.6153846153846154,
          "Error": 0.38461538461538464
        },
        "(1.6, 2.0]": {
          "Éxito": 0.6180257510729614,
          "Error": 0.38197424892703863
        },
        "(2.0, 2.4]": {
          "Éxito": 0.5743944636678201,
          "Error": 0.42560553633217996
        },
        "(2.4, 2.8]": {
          "Éxito": 0.5720524017467249,
          "Error": 0.4279475982532751
        },
        "(2.8, 3.2]": {
          "Éxito": 0.630901287553648,
          "Error": 0.36909871244635195
        },
        "(3.2, 3.6]": {
          "Éxito": 0.5537190082644629,
          "Error": 0.4462809917355372
        },
        "(3.6, 4.0]": {
          "Éxito": 0.6329113924050633,
          "Error": 0.3670886075949367
        }
      }
    },
    "phase_offset": {
      "is_categorical": false,
      "bins": 10,
      "values": {
        "(-0.0197, 4.522]": {
          "Éxito": 0.5932203389830508,
          "Error": 0.4067796610169492
        },
        "(4.522, 9.019]": {
          "Éxito": 0.6096654275092936,
          "Error": 0.3903345724907063
        },
        "(9.019, 13.516]": {
          "Éxito": 0.6475409836065574,
          "Error": 0.3524590163934426
        },
        "(13.516, 18.013]": {
          "Éxito": 0.6447368421052632,
          "Error": 0.35526315789473684
        },
        "(18.013, 22.51]": {
          "Éxito": 0.5811965811965812,
          "Error": 0.4188034188034188
        },
        "(22.51, 27.007]": {
          "Éxito": 0.5859375,
          "Error": 0.4140625
        },
        "(27.007, 31.504]": {
          "Éxito": 0.5686274509803921,
          "Error": 0.43137254901960786
        },
        "(31.504, 36.001]": {
          "Éxito": 0.6035242290748899,
          "Error": 0.3964757709251101
        },
        "(36.001, 40.498]": {
          "Éxito": 0.5714285714285714,
          "Error": 0.42857142857142855
        },
        "(40.498, 44.995]": {
          "Éxito": 0.6088560885608856,
          "Error": 0.39114391143911437
        }
      }
    },
    "roll_off": {
      "is_categorical": false,
      "bins": 10,
      "values": {
        "(0.2, 0.21]": {
          "Éxito": 0.6062992125984252,
          "Error": 0.3937007874015748
        },
        "(0.21, 0.22]": {
          "Éxito": 0.5748987854251012,
          "Error": 0.4251012145748988
        },
        "(0.22, 0.23]": {
          "Éxito": 0.594017094017094,
          "Error": 0.405982905982906
        },
        "(0.23, 0.24]": {
          "Éxito": 0.6286919831223629,
          "Error": 0.37130801687763715
        },
        "(0.24, 0.25]": {
          "Éxito": 0.6008064516129032,
          "Error": 0.39919354838709675
        },
        "(0.25, 0.26]": {
          "Éxito": 0.5645161290322581,
          "Error": 0.43548387096774194
        },
        "(0.26, 0.27]": {
          "Éxito": 0.6170212765957447,
          "Error": 0.3829787234042553
        },
        "(0.27, 0.28]": {
          "Éxito": 0.6071428571428571,
          "Error": 0.39285714285714285
        },
        "(0.28, 0.29]": {
          "Éxito": 0.6224899598393574,
          "Error": 0.37751004016064255
        },
        "(0.29, 0.3]": {
          "Éxito": 0.5984251968503937,
          "Error": 0.4015748031496063
        }
      }
    }
  }
}