{
  "experiment": {
    "name": "res_tcn_se_esc_4",
    "timestamp": "2025-06-16T08:43:47.915005",
    "repeat_index": 0,
    "fold_index": 3
  },
  "effects": {
    "num_taps": {
      "is_categorical": true,
      "bins": null,
      "values": {
        "2": {
          "Éxito": 0.9426362896663955,
          "Error": 0.05736371033360456
        }
      }
    },
    "snr_db": {
      "is_categorical": false,
      "bins": 10,
      "values": {
        "(11.997, 12.4]": {
          "Éxito": 0.9209486166007905,
          "Error": 0.07905138339920949
        },
        "(12.4, 12.8]": {
          "Éxito": 0.9282868525896414,
          "Error": 0.07171314741035857
        },
        "(12.8, 13.199]": {
          "Éxito": 0.9576271186440678,
          "Error": 0.0423728813559322
        },
        "(13.199, 13.598]": {
          "Éxito": 0.9588477366255144,
          "Error": 0.0411522633744856
        },
        "(13.598, 13.998]": {
          "Éxito": 0.9576271186440678,
          "Error": 0.0423728813559322
        },
        "(13.998, 14.397]": {
          "Éxito": 0.9464285714285714,
          "Error": 0.05357142857142857
        },
        "(14.397, 14.796]": {
          "Éxito": 0.9324894514767933,
          "Error": 0.06751054852320675
        },
        "(14.796, 15.196]": {
          "Éxito": 0.9498069498069498,
          "Error": 0.05019305019305019
        },
        "(15.196, 15.595]": {
          "Éxito": 0.952,
          "Error": 0.048
        },
        "(15.595, 15.994]": {
          "Éxito": 0.9256505576208178,
          "Error": 0.07434944237918216
        }
      }
    },
    "phase_offset": {
      "is_categorical": false,
      "bins": 10,
      "values": {
        "(-0.0449, 4.499]": {
          "Éxito": 0.9649805447470817,
          "Error": 0.03501945525291829
        },
        "(4.499, 8.999]": {
          "Éxito": 0.950207468879668,
          "Error": 0.04979253112033195
        },
        "(8.999, 13.498]": {
          "Éxito": 0.9282511210762332,
          "Error": 0.07174887892376682
        },
        "(13.498, 17.997]": {
          "Éxito": 0.9354838709677419,
          "Error": 0.06451612903225806
        },
        "(17.997, 22.496]": {
          "Éxito": 0.9385964912280702,
          "Error": 0.06140350877192982
        },
        "(22.496, 26.995]": {
          "Éxito": 0.9574468085106383,
          "Error": 0.0425531914893617
        },
        "(26.995, 31.495]": {
          "Éxito": 0.9523809523809523,
          "Error": 0.047619047619047616
        },
        "(31.495, 35.994]": {
          "Éxito": 0.9285714285714286,
          "Error": 0.07142857142857142
        },
        "(35.994, 40.493]": {
          "Éxito": 0.929368029739777,
          "Error": 0.07063197026022305
        },
        "(40.493, 44.992]": {
          "Éxito": 0.9414225941422594,
          "Error": 0.058577405857740586
        }
      }
    },
    "roll_off": {
      "is_categorical": false,
      "bins": 10,
      "values": {
        "(0.2, 0.21]": {
          "Éxito": 0.9285714285714286,
          "Error": 0.07142857142857142
        },
        "(0.21, 0.22]": {
          "Éxito": 0.9116279069767442,
          "Error": 0.08837209302325581
        },
        "(0.22, 0.23]": {
          "Éxito": 0.9274193548387096,
          "Error": 0.07258064516129033
        },
        "(0.23, 0.24]": {
          "Éxito": 0.9461538461538461,
          "Error": 0.05384615384615385
        },
        "(0.24, 0.25]": {
          "Éxito": 0.9652173913043478,
          "Error": 0.034782608695652174
        },
        "(0.25, 0.26]": {
          "Éxito": 0.943089430894309,
          "Error": 0.056910569105691054
        },
        "(0.26, 0.27]": {
          "Éxito": 0.9529411764705882,
          "Error": 0.047058823529411764
        },
        "(0.27, 0.28]": {
          "Éxito": 0.9276595744680851,
          "Error": 0.07234042553191489
        },
        "(0.28, 0.29]": {
          "Éxito": 0.9590163934426229,
          "Error": 0.040983606557377046
        },
        "(0.29, 0.3]": {
          "Éxito": 0.9613899613899614,
          "Error": 0.03861003861003861
        }
      }
    }
  }
}