{
  "experiment": {
    "name": "res_tcn_se_esc_10",
    "timestamp": "2025-06-22T01:58:15.243935",
    "repeat_index": 1,
    "fold_index": 4
  },
  "effects": {
    "num_taps": {
      "is_categorical": true,
      "bins": null,
      "values": {
        "2": {
          "Éxito": 0.9170056956875509,
          "Error": 0.08299430431244914
        }
      }
    },
    "snr_db": {
      "is_categorical": false,
      "bins": 10,
      "values": {
        "(7.998, 8.401]": {
          "Éxito": 0.9087136929460581,
          "Error": 0.0912863070539419
        },
        "(8.401, 8.801]": {
          "Éxito": 0.890625,
          "Error": 0.109375
        },
        "(8.801, 9.201]": {
          "Éxito": 0.8956521739130435,
          "Error": 0.10434782608695652
        },
        "(9.201, 9.601]": {
          "Éxito": 0.894927536231884,
          "Error": 0.10507246376811594
        },
        "(9.601, 10.001]": {
          "Éxito": 0.9205607476635514,
          "Error": 0.0794392523364486
        },
        "(10.001, 10.401]": {
          "Éxito": 0.9566929133858267,
          "Error": 0.04330708661417323
        },
        "(10.401, 10.8]": {
          "Éxito": 0.8876811594202898,
          "Error": 0.11231884057971014
        },
        "(10.8, 11.2]": {
          "Éxito": 0.91324200913242,
          "Error": 0.0867579908675799
        },
        "(11.2, 11.6]": {
          "Éxito": 0.9433962264150944,
          "Error": 0.05660377358490566
        },
        "(11.6, 12.0]": {
          "Éxito": 0.9647577092511013,
          "Error": 0.03524229074889868
        }
      }
    },
    "phase_offset": {
      "is_categorical": false,
      "bins": 10,
      "values": {
        "(89.977, 94.52]": {
          "Éxito": 0.9325396825396826,
          "Error": 0.06746031746031746
        },
        "(94.52, 99.018]": {
          "Éxito": 0.8791666666666667,
          "Error": 0.12083333333333333
        },
        "(99.018, 103.515]": {
          "Éxito": 0.9224806201550387,
          "Error": 0.07751937984496124
        },
        "(103.515, 108.013]": {
          "Éxito": 0.9294117647058824,
          "Error": 0.07058823529411765
        },
        "(108.013, 112.511]": {
          "Éxito": 0.915057915057915,
          "Error": 0.08494208494208494
        },
        "(112.511, 117.009]": {
          "Éxito": 0.925764192139738,
          "Error": 0.07423580786026202
        },
        "(117.009, 121.506]": {
          "Éxito": 0.9180327868852459,
          "Error": 0.08196721311475409
        },
        "(121.506, 126.004]": {
          "Éxito": 0.9148936170212766,
          "Error": 0.0851063829787234
        },
        "(126.004, 130.502]": {
          "Éxito": 0.924901185770751,
          "Error": 0.07509881422924901
        },
        "(130.502, 135.0]": {
          "Éxito": 0.9055793991416309,
          "Error": 0.0944206008583691
        }
      }
    },
    "roll_off": {
      "is_categorical": false,
      "bins": 10,
      "values": {
        "(0.2, 0.21]": {
          "Éxito": 0.9238095238095239,
          "Error": 0.0761904761904762
        },
        "(0.21, 0.22]": {
          "Éxito": 0.8790322580645161,
          "Error": 0.12096774193548387
        },
        "(0.22, 0.23]": {
          "Éxito": 0.8847736625514403,
          "Error": 0.11522633744855967
        },
        "(0.23, 0.24]": {
          "Éxito": 0.888030888030888,
          "Error": 0.11196911196911197
        },
        "(0.24, 0.25]": {
          "Éxito": 0.9365671641791045,
          "Error": 0.06343283582089553
        },
        "(0.25, 0.26]": {
          "Éxito": 0.9113924050632911,
          "Error": 0.08860759493670886
        },
        "(0.26, 0.27]": {
          "Éxito": 0.9465648854961832,
          "Error": 0.05343511450381679
        },
        "(0.27, 0.28]": {
          "Éxito": 0.9541666666666667,
          "Error": 0.04583333333333333
        },
        "(0.28, 0.29]": {
          "Éxito": 0.9333333333333333,
          "Error": 0.06666666666666667
        },
        "(0.29, 0.3]": {
          "Éxito": 0.9095022624434389,
          "Error": 0.09049773755656108
        }
      }
    }
  }
}