{
  "experiment": {
    "name": "res_tcn_se_esc_7",
    "timestamp": "2025-06-16T12:38:55.781038",
    "repeat_index": 1,
    "fold_index": 1
  },
  "effects": {
    "num_taps": {
      "is_categorical": true,
      "bins": null,
      "values": {
        "4": {
          "Éxito": 0.8645240032546786,
          "Error": 0.1354759967453214
        }
      }
    },
    "snr_db": {
      "is_categorical": false,
      "bins": 10,
      "values": {
        "(7.997, 8.401]": {
          "Éxito": 0.8927038626609443,
          "Error": 0.1072961373390558
        },
        "(8.401, 8.801]": {
          "Éxito": 0.8615384615384616,
          "Error": 0.13846153846153847
        },
        "(8.801, 9.201]": {
          "Éxito": 0.875,
          "Error": 0.125
        },
        "(9.201, 9.601]": {
          "Éxito": 0.8307692307692308,
          "Error": 0.16923076923076924
        },
        "(9.601, 10.0]": {
          "Éxito": 0.8490566037735849,
          "Error": 0.1509433962264151
        },
        "(10.0, 10.4]": {
          "Éxito": 0.891566265060241,
          "Error": 0.10843373493975904
        },
        "(10.4, 10.8]": {
          "Éxito": 0.8369098712446352,
          "Error": 0.1630901287553648
        },
        "(10.8, 11.2]": {
          "Éxito": 0.8791666666666667,
          "Error": 0.12083333333333333
        },
        "(11.2, 11.6]": {
          "Éxito": 0.8701298701298701,
          "Error": 0.12987012987012986
        },
        "(11.6, 12.0]": {
          "Éxito": 0.8614718614718615,
          "Error": 0.13852813852813853
        }
      }
    },
    "phase_offset": {
      "is_categorical": false,
      "bins": 10,
      "values": {
        "(-0.0431, 4.5]": {
          "Éxito": 0.8690476190476191,
          "Error": 0.13095238095238096
        },
        "(4.5, 8.999]": {
          "Éxito": 0.8686131386861314,
          "Error": 0.13138686131386862
        },
        "(8.999, 13.497]": {
          "Éxito": 0.8714859437751004,
          "Error": 0.1285140562248996
        },
        "(13.497, 17.996]": {
          "Éxito": 0.8728813559322034,
          "Error": 0.1271186440677966
        },
        "(17.996, 22.494]": {
          "Éxito": 0.8830188679245283,
          "Error": 0.1169811320754717
        },
        "(22.494, 26.992]": {
          "Éxito": 0.872093023255814,
          "Error": 0.12790697674418605
        },
        "(26.992, 31.491]": {
          "Éxito": 0.8642533936651584,
          "Error": 0.13574660633484162
        },
        "(31.491, 35.989]": {
          "Éxito": 0.8057851239669421,
          "Error": 0.19421487603305784
        },
        "(35.989, 40.488]": {
          "Éxito": 0.8761904761904762,
          "Error": 0.12380952380952381
        },
        "(40.488, 44.986]": {
          "Éxito": 0.8605577689243028,
          "Error": 0.1394422310756972
        }
      }
    },
    "roll_off": {
      "is_categorical": false,
      "bins": 10,
      "values": {
        "(0.2, 0.21]": {
          "Éxito": 0.8235294117647058,
          "Error": 0.17647058823529413
        },
        "(0.21, 0.22]": {
          "Éxito": 0.8473895582329317,
          "Error": 0.15261044176706828
        },
        "(0.22, 0.23]": {
          "Éxito": 0.8764940239043825,
          "Error": 0.12350597609561753
        },
        "(0.23, 0.24]": {
          "Éxito": 0.9120879120879121,
          "Error": 0.08791208791208792
        },
        "(0.24, 0.25]": {
          "Éxito": 0.8605577689243028,
          "Error": 0.1394422310756972
        },
        "(0.25, 0.26]": {
          "Éxito": 0.8931623931623932,
          "Error": 0.10683760683760683
        },
        "(0.26, 0.27]": {
          "Éxito": 0.8649789029535865,
          "Error": 0.1350210970464135
        },
        "(0.27, 0.28]": {
          "Éxito": 0.86,
          "Error": 0.14
        },
        "(0.28, 0.29]": {
          "Éxito": 0.8481012658227848,
          "Error": 0.1518987341772152
        },
        "(0.29, 0.3]": {
          "Éxito": 0.8509803921568627,
          "Error": 0.14901960784313725
        }
      }
    }
  }
}