{
  "experiment": {
    "name": "ARQ_1__ESC_6",
    "timestamp": "2025-06-23T07:42:54.159687",
    "repeat_index": 9
  },
  "effects": {
    "num_taps": {
      "is_categorical": true,
      "bins": null,
      "values": {
        "1": {
          "Éxito": 0.9879557291666666,
          "Error": 0.012044270833333334
        }
      }
    },
    "snr_db": {
      "is_categorical": false,
      "bins": 10,
      "values": {
        "(7.996, 8.4]": {
          "Éxito": 0.9641744548286605,
          "Error": 0.03582554517133956
        },
        "(8.4, 8.8]": {
          "Éxito": 0.9857369255150554,
          "Error": 0.014263074484944533
        },
        "(8.8, 9.2]": {
          "Éxito": 0.9865996649916248,
          "Error": 0.01340033500837521
        },
        "(9.2, 9.6]": {
          "Éxito": 0.9821138211382113,
          "Error": 0.01788617886178862
        },
        "(9.6, 10.0]": {
          "Éxito": 0.9880749574105622,
          "Error": 0.01192504258943782
        },
        "(10.0, 10.4]": {
          "Éxito": 0.989983305509182,
          "Error": 0.01001669449081803
        },
        "(10.4, 10.8]": {
          "Éxito": 0.9966666666666667,
          "Error": 0.0033333333333333335
        },
        "(10.8, 11.2]": {
          "Éxito": 0.9920127795527156,
          "Error": 0.007987220447284345
        },
        "(11.2, 11.6]": {
          "Éxito": 0.9983974358974359,
          "Error": 0.0016025641025641025
        },
        "(11.6, 12.0]": {
          "Éxito": 0.9967897271268058,
          "Error": 0.0032102728731942215
        }
      }
    },
    "phase_offset": {
      "is_categorical": false,
      "bins": 10,
      "values": {
        "(-0.0425, 4.502]": {
          "Éxito": 0.9762282091917591,
          "Error": 0.02377179080824089
        },
        "(4.502, 9.002]": {
          "Éxito": 0.9869918699186991,
          "Error": 0.013008130081300813
        },
        "(9.002, 13.501]": {
          "Éxito": 0.9876160990712074,
          "Error": 0.01238390092879257
        },
        "(13.501, 18.001]": {
          "Éxito": 0.9862542955326461,
          "Error": 0.013745704467353952
        },
        "(18.001, 22.501]": {
          "Éxito": 0.9967159277504105,
          "Error": 0.003284072249589491
        },
        "(22.501, 27.0]": {
          "Éxito": 0.9886178861788618,
          "Error": 0.011382113821138212
        },
        "(27.0, 31.5]": {
          "Éxito": 0.9954128440366973,
          "Error": 0.0045871559633027525
        },
        "(31.5, 35.999]": {
          "Éxito": 0.9900497512437811,
          "Error": 0.009950248756218905
        },
        "(35.999, 40.499]": {
          "Éxito": 0.984873949579832,
          "Error": 0.015126050420168067
        },
        "(40.499, 44.999]": {
          "Éxito": 0.9865319865319865,
          "Error": 0.013468013468013467
        }
      }
    },
    "roll_off": {
      "is_categorical": false,
      "bins": 10,
      "values": {
        "(0.2, 0.21]": {
          "Éxito": 0.983739837398374,
          "Error": 0.016260162601626018
        },
        "(0.21, 0.22]": {
          "Éxito": 0.9900332225913622,
          "Error": 0.009966777408637873
        },
        "(0.22, 0.23]": {
          "Éxito": 0.9840764331210191,
          "Error": 0.01592356687898089
        },
        "(0.23, 0.24]": {
          "Éxito": 0.9836552748885586,
          "Error": 0.01634472511144131
        },
        "(0.24, 0.25]": {
          "Éxito": 0.9884678747940692,
          "Error": 0.011532125205930808
        },
        "(0.25, 0.26]": {
          "Éxito": 0.9870967741935484,
          "Error": 0.012903225806451613
        },
        "(0.26, 0.27]": {
          "Éxito": 0.9916666666666667,
          "Error": 0.008333333333333333
        },
        "(0.27, 0.28]": {
          "Éxito": 0.9824868651488616,
          "Error": 0.017513134851138354
        },
        "(0.28, 0.29]": {
          "Éxito": 0.990228013029316,
          "Error": 0.009771986970684038
        },
        "(0.29, 0.3]": {
          "Éxito": 0.998371335504886,
          "Error": 0.0016286644951140066
        }
      }
    }
  }
}