{
  "experiment": {
    "name": "ARQ_1__ESC_7",
    "timestamp": "2025-06-22T03:43:24.826070",
    "repeat_index": 6
  },
  "effects": {
    "num_taps": {
      "is_categorical": true,
      "bins": null,
      "values": {
        "4": {
          "Éxito": 0.9090169270833334,
          "Error": 0.09098307291666667
        }
      }
    },
    "snr_db": {
      "is_categorical": false,
      "bins": 10,
      "values": {
        "(7.996, 8.4]": {
          "Éxito": 0.8949044585987261,
          "Error": 0.10509554140127389
        },
        "(8.4, 8.8]": {
          "Éxito": 0.8830508474576271,
          "Error": 0.11694915254237288
        },
        "(8.8, 9.2]": {
          "Éxito": 0.8824476650563607,
          "Error": 0.11755233494363929
        },
        "(9.2, 9.6]": {
          "Éxito": 0.9170896785109983,
          "Error": 0.0829103214890017
        },
        "(9.6, 10.0]": {
          "Éxito": 0.9255150554675119,
          "Error": 0.07448494453248812
        },
        "(10.0, 10.4]": {
          "Éxito": 0.9327073552425665,
          "Error": 0.06729264475743349
        },
        "(10.4, 10.8]": {
          "Éxito": 0.9196141479099679,
          "Error": 0.08038585209003216
        },
        "(10.8, 11.2]": {
          "Éxito": 0.9197952218430034,
          "Error": 0.08020477815699659
        },
        "(11.2, 11.6]": {
          "Éxito": 0.9071661237785016,
          "Error": 0.09283387622149837
        },
        "(11.6, 12.0]": {
          "Éxito": 0.9067524115755627,
          "Error": 0.0932475884244373
        }
      }
    },
    "phase_offset": {
      "is_categorical": false,
      "bins": 10,
      "values": {
        "(-0.0414, 4.503]": {
          "Éxito": 0.8963893249607535,
          "Error": 0.10361067503924647
        },
        "(4.503, 9.003]": {
          "Éxito": 0.9140350877192982,
          "Error": 0.08596491228070176
        },
        "(9.003, 13.502]": {
          "Éxito": 0.9154228855721394,
          "Error": 0.0845771144278607
        },
        "(13.502, 18.002]": {
          "Éxito": 0.90625,
          "Error": 0.09375
        },
        "(18.002, 22.501]": {
          "Éxito": 0.9101497504159733,
          "Error": 0.08985024958402663
        },
        "(22.501, 27.001]": {
          "Éxito": 0.9265905383360522,
          "Error": 0.0734094616639478
        },
        "(27.001, 31.5]": {
          "Éxito": 0.9094017094017094,
          "Error": 0.0905982905982906
        },
        "(31.5, 36.0]": {
          "Éxito": 0.9022082018927445,
          "Error": 0.09779179810725552
        },
        "(36.0, 40.499]": {
          "Éxito": 0.9127725856697819,
          "Error": 0.08722741433021806
        },
        "(40.499, 44.999]": {
          "Éxito": 0.8982229402261712,
          "Error": 0.10177705977382875
        }
      }
    },
    "roll_off": {
      "is_categorical": false,
      "bins": 10,
      "values": {
        "(0.2, 0.21]": {
          "Éxito": 0.900497512437811,
          "Error": 0.09950248756218906
        },
        "(0.21, 0.22]": {
          "Éxito": 0.910828025477707,
          "Error": 0.08917197452229299
        },
        "(0.22, 0.23]": {
          "Éxito": 0.901453957996769,
          "Error": 0.09854604200323101
        },
        "(0.23, 0.24]": {
          "Éxito": 0.8996763754045307,
          "Error": 0.10032362459546926
        },
        "(0.24, 0.25]": {
          "Éxito": 0.9170812603648425,
          "Error": 0.08291873963515754
        },
        "(0.25, 0.26]": {
          "Éxito": 0.9428571428571428,
          "Error": 0.05714285714285714
        },
        "(0.26, 0.27]": {
          "Éxito": 0.9052969502407705,
          "Error": 0.09470304975922954
        },
        "(0.27, 0.28]": {
          "Éxito": 0.9050736497545008,
          "Error": 0.09492635024549918
        },
        "(0.28, 0.29]": {
          "Éxito": 0.8906752411575563,
          "Error": 0.10932475884244373
        },
        "(0.29, 0.3]": {
          "Éxito": 0.9180064308681672,
          "Error": 0.0819935691318328
        }
      }
    }
  }
}