{
  "experiment": {
    "name": "red_carlos_ESC_4",
    "timestamp": "2025-06-18T08:05:46.995929",
    "repeat_index": 0,
    "fold_index": 3
  },
  "evaluation": {
    "loss": 0.14271017909049988,
    "accuracy": 0.9723352193832397
  },
  "classification_report": {
    "bpsk": {
      "precision": 1.0,
      "recall": 1.0,
      "f1-score": 1.0,
      "support": 410.0
    },
    "qpsk": {
      "precision": 1.0,
      "recall": 1.0,
      "f1-score": 1.0,
      "support": 410.0
    },
    "16qam": {
      "precision": 0.9926829268292683,
      "recall": 0.9926829268292683,
      "f1-score": 0.9926829268292683,
      "support": 410.0
    },
    "32qam cross": {
      "precision": 0.9252336448598131,
      "recall": 0.9658536585365853,
      "f1-score": 0.9451073985680191,
      "support": 410.0
    },
    "64qam": {
      "precision": 0.9801980198019802,
      "recall": 0.9682151589242054,
      "f1-score": 0.974169741697417,
      "support": 409.0
    },
    "128qam cross": {
      "precision": 0.9368686868686869,
      "recall": 0.9070904645476773,
      "f1-score": 0.9217391304347825,
      "support": 409.0
    },
    "accuracy": 0.9723352318958502,
    "macro avg": {
      "precision": 0.9724972130599582,
      "recall": 0.9723070348062893,
      "f1-score": 0.9722831995882478,
      "support": 2458.0
    },
    "weighted avg": {
      "precision": 0.9725085750288147,
      "recall": 0.9723352318958502,
      "f1-score": 0.9723029951647507,
      "support": 2458.0
    }
  }
}