{
  "experiment": {
    "name": "red_carlos_ESC_4",
    "timestamp": "2025-06-18T08:05:47.456012",
    "repeat_index": 0,
    "fold_index": 3
  },
  "effects": {
    "num_taps": {
      "is_categorical": true,
      "bins": null,
      "values": {
        "2": {
          "Éxito": 0.9723352318958502,
          "Error": 0.027664768104149716
        }
      }
    },
    "snr_db": {
      "is_categorical": false,
      "bins": 10,
      "values": {
        "(11.998, 12.401]": {
          "Éxito": 0.9623430962343096,
          "Error": 0.03765690376569038
        },
        "(12.401, 12.8]": {
          "Éxito": 0.9785407725321889,
          "Error": 0.02145922746781116
        },
        "(12.8, 13.199]": {
          "Éxito": 0.948339483394834,
          "Error": 0.05166051660516605
        },
        "(13.199, 13.599]": {
          "Éxito": 0.9714285714285714,
          "Error": 0.02857142857142857
        },
        "(13.599, 13.998]": {
          "Éxito": 0.9782608695652174,
          "Error": 0.021739130434782608
        },
        "(13.998, 14.397]": {
          "Éxito": 0.9730941704035875,
          "Error": 0.026905829596412557
        },
        "(14.397, 14.797]": {
          "Éxito": 0.9806201550387597,
          "Error": 0.01937984496124031
        },
        "(14.797, 15.196]": {
          "Éxito": 0.9812734082397003,
          "Error": 0.018726591760299626
        },
        "(15.196, 15.595]": {
          "Éxito": 0.973568281938326,
          "Error": 0.02643171806167401
        },
        "(15.595, 15.994]": {
          "Éxito": 0.9773584905660377,
          "Error": 0.022641509433962263
        }
      }
    },
    "phase_offset": {
      "is_categorical": false,
      "bins": 10,
      "values": {
        "(-0.0416, 4.497]": {
          "Éxito": 0.9787234042553191,
          "Error": 0.02127659574468085
        },
        "(4.497, 8.991]": {
          "Éxito": 0.9693486590038314,
          "Error": 0.03065134099616858
        },
        "(8.991, 13.485]": {
          "Éxito": 0.9656652360515021,
          "Error": 0.034334763948497854
        },
        "(13.485, 17.979]": {
          "Éxito": 0.9739130434782609,
          "Error": 0.02608695652173913
        },
        "(17.979, 22.473]": {
          "Éxito": 0.9598393574297188,
          "Error": 0.040160642570281124
        },
        "(22.473, 26.967]": {
          "Éxito": 0.9795918367346939,
          "Error": 0.02040816326530612
        },
        "(26.967, 31.46]": {
          "Éxito": 0.9618320610687023,
          "Error": 0.03816793893129771
        },
        "(31.46, 35.954]": {
          "Éxito": 0.9704641350210971,
          "Error": 0.029535864978902954
        },
        "(35.954, 40.448]": {
          "Éxito": 0.984,
          "Error": 0.016
        },
        "(40.448, 44.942]": {
          "Éxito": 0.98046875,
          "Error": 0.01953125
        }
      }
    },
    "roll_off": {
      "is_categorical": false,
      "bins": 10,
      "values": {
        "(0.2, 0.21]": {
          "Éxito": 0.9793388429752066,
          "Error": 0.02066115702479339
        },
        "(0.21, 0.22]": {
          "Éxito": 0.96484375,
          "Error": 0.03515625
        },
        "(0.22, 0.23]": {
          "Éxito": 0.9669421487603306,
          "Error": 0.03305785123966942
        },
        "(0.23, 0.24]": {
          "Éxito": 0.9823788546255506,
          "Error": 0.01762114537444934
        },
        "(0.24, 0.25]": {
          "Éxito": 0.9754098360655737,
          "Error": 0.02459016393442623
        },
        "(0.25, 0.26]": {
          "Éxito": 0.9681274900398407,
          "Error": 0.03187250996015936
        },
        "(0.26, 0.27]": {
          "Éxito": 0.9689922480620154,
          "Error": 0.031007751937984496
        },
        "(0.27, 0.28]": {
          "Éxito": 0.9771689497716894,
          "Error": 0.0228310502283105
        },
        "(0.28, 0.29]": {
          "Éxito": 0.9649805447470817,
          "Error": 0.03501945525291829
        },
        "(0.29, 0.3]": {
          "Éxito": 0.9770992366412213,
          "Error": 0.022900763358778626
        }
      }
    }
  }
}