{
  "experiment": {
    "name": "res_tcn_se_esc_10",
    "timestamp": "2025-06-22T00:22:39.012789",
    "repeat_index": 0,
    "fold_index": 3
  },
  "effects": {
    "num_taps": {
      "is_categorical": true,
      "bins": null,
      "values": {
        "2": {
          "Éxito": 0.9259560618388935,
          "Error": 0.07404393816110659
        }
      }
    },
    "snr_db": {
      "is_categorical": false,
      "bins": 10,
      "values": {
        "(7.997, 8.401]": {
          "Éxito": 0.8938775510204081,
          "Error": 0.10612244897959183
        },
        "(8.401, 8.801]": {
          "Éxito": 0.9007633587786259,
          "Error": 0.09923664122137404
        },
        "(8.801, 9.201]": {
          "Éxito": 0.8811475409836066,
          "Error": 0.11885245901639344
        },
        "(9.201, 9.6]": {
          "Éxito": 0.9416666666666667,
          "Error": 0.058333333333333334
        },
        "(9.6, 10.0]": {
          "Éxito": 0.9299065420560748,
          "Error": 0.07009345794392523
        },
        "(10.0, 10.4]": {
          "Éxito": 0.9398496240601504,
          "Error": 0.06015037593984962
        },
        "(10.4, 10.8]": {
          "Éxito": 0.9221311475409836,
          "Error": 0.0778688524590164
        },
        "(10.8, 11.2]": {
          "Éxito": 0.9547169811320755,
          "Error": 0.045283018867924525
        },
        "(11.2, 11.6]": {
          "Éxito": 0.9388646288209607,
          "Error": 0.0611353711790393
        },
        "(11.6, 12.0]": {
          "Éxito": 0.9558232931726908,
          "Error": 0.04417670682730924
        }
      }
    },
    "phase_offset": {
      "is_categorical": false,
      "bins": 10,
      "values": {
        "(89.957, 94.496]": {
          "Éxito": 0.9246861924686193,
          "Error": 0.07531380753138076
        },
        "(94.496, 98.991]": {
          "Éxito": 0.9482071713147411,
          "Error": 0.05179282868525897
        },
        "(98.991, 103.485]": {
          "Éxito": 0.9243027888446215,
          "Error": 0.07569721115537849
        },
        "(103.485, 107.979]": {
          "Éxito": 0.9497907949790795,
          "Error": 0.0502092050209205
        },
        "(107.979, 112.474]": {
          "Éxito": 0.9307692307692308,
          "Error": 0.06923076923076923
        },
        "(112.474, 116.968]": {
          "Éxito": 0.9177489177489178,
          "Error": 0.08225108225108226
        },
        "(116.968, 121.463]": {
          "Éxito": 0.9251968503937008,
          "Error": 0.07480314960629922
        },
        "(121.463, 125.957]": {
          "Éxito": 0.9227642276422764,
          "Error": 0.07723577235772358
        },
        "(125.957, 130.452]": {
          "Éxito": 0.9105691056910569,
          "Error": 0.08943089430894309
        },
        "(130.452, 134.946]": {
          "Éxito": 0.9045643153526971,
          "Error": 0.0954356846473029
        }
      }
    },
    "roll_off": {
      "is_categorical": false,
      "bins": 10,
      "values": {
        "(0.2, 0.21]": {
          "Éxito": 0.8924302788844621,
          "Error": 0.10756972111553785
        },
        "(0.21, 0.22]": {
          "Éxito": 0.8715953307392996,
          "Error": 0.12840466926070038
        },
        "(0.22, 0.23]": {
          "Éxito": 0.9063670411985019,
          "Error": 0.09363295880149813
        },
        "(0.23, 0.24]": {
          "Éxito": 0.9452054794520548,
          "Error": 0.0547945205479452
        },
        "(0.24, 0.25]": {
          "Éxito": 0.9455252918287937,
          "Error": 0.054474708171206226
        },
        "(0.25, 0.26]": {
          "Éxito": 0.9414414414414415,
          "Error": 0.05855855855855856
        },
        "(0.26, 0.27]": {
          "Éxito": 0.9315589353612167,
          "Error": 0.06844106463878327
        },
        "(0.27, 0.28]": {
          "Éxito": 0.9456066945606695,
          "Error": 0.05439330543933055
        },
        "(0.28, 0.29]": {
          "Éxito": 0.9620253164556962,
          "Error": 0.0379746835443038
        },
        "(0.29, 0.3]": {
          "Éxito": 0.926829268292683,
          "Error": 0.07317073170731707
        }
      }
    }
  }
}