{
  "experiment": {
    "name": "red_carlos_ESC_2",
    "timestamp": "2025-06-18T04:05:50.638196",
    "repeat_index": 1,
    "fold_index": 0
  },
  "evaluation": {
    "loss": 0.3534861207008362,
    "accuracy": 0.8710333704948425
  },
  "classification_report": {
    "bpsk": {
      "precision": 1.0,
      "recall": 0.9975609756097561,
      "f1-score": 0.9987789987789988,
      "support": 410.0
    },
    "qpsk": {
      "precision": 1.0,
      "recall": 1.0,
      "f1-score": 1.0,
      "support": 410.0
    },
    "16qam": {
      "precision": 0.865909090909091,
      "recall": 0.9292682926829269,
      "f1-score": 0.8964705882352941,
      "support": 410.0
    },
    "32qam cross": {
      "precision": 0.6858846918489065,
      "recall": 0.8414634146341463,
      "f1-score": 0.755750273822563,
      "support": 410.0
    },
    "64qam": {
      "precision": 0.9078947368421053,
      "recall": 0.843520782396088,
      "f1-score": 0.8745247148288974,
      "support": 409.0
    },
    "128qam cross": {
      "precision": 0.7943037974683544,
      "recall": 0.6136919315403423,
      "f1-score": 0.6924137931034483,
      "support": 409.0
    },
    "accuracy": 0.871033360455655,
    "macro avg": {
      "precision": 0.8756653861780763,
      "recall": 0.8709175661438765,
      "f1-score": 0.8696563947948669,
      "support": 2458.0
    },
    "weighted avg": {
      "precision": 0.8756853748835464,
      "recall": 0.871033360455655,
      "f1-score": 0.86972652265559,
      "support": 2458.0
    }
  }
}