{
  "experiment": {
    "name": "res_tcn_se_esc_8",
    "timestamp": "2025-06-16T13:17:28.742582",
    "repeat_index": 0,
    "fold_index": 2
  },
  "effects": {
    "num_taps": {
      "is_categorical": true,
      "bins": null,
      "values": {
        "6": {
          "Éxito": 0.7961757526444264,
          "Error": 0.20382424735557364
        }
      }
    },
    "snr_db": {
      "is_categorical": false,
      "bins": 10,
      "values": {
        "(7.997, 8.401]": {
          "Éxito": 0.7583333333333333,
          "Error": 0.24166666666666667
        },
        "(8.401, 8.801]": {
          "Éxito": 0.807843137254902,
          "Error": 0.19215686274509805
        },
        "(8.801, 9.201]": {
          "Éxito": 0.8044444444444444,
          "Error": 0.19555555555555557
        },
        "(9.201, 9.601]": {
          "Éxito": 0.7857142857142857,
          "Error": 0.21428571428571427
        },
        "(9.601, 10.0]": {
          "Éxito": 0.8,
          "Error": 0.2
        },
        "(10.0, 10.4]": {
          "Éxito": 0.8158995815899581,
          "Error": 0.18410041841004185
        },
        "(10.4, 10.8]": {
          "Éxito": 0.7672413793103449,
          "Error": 0.23275862068965517
        },
        "(10.8, 11.2]": {
          "Éxito": 0.8145161290322581,
          "Error": 0.18548387096774194
        },
        "(11.2, 11.6]": {
          "Éxito": 0.7977099236641222,
          "Error": 0.20229007633587787
        },
        "(11.6, 12.0]": {
          "Éxito": 0.80859375,
          "Error": 0.19140625
        }
      }
    },
    "phase_offset": {
      "is_categorical": false,
      "bins": 10,
      "values": {
        "(0.0485, 4.582]": {
          "Éxito": 0.8106995884773662,
          "Error": 0.18930041152263374
        },
        "(4.582, 9.07]": {
          "Éxito": 0.8237704918032787,
          "Error": 0.1762295081967213
        },
        "(9.07, 13.559]": {
          "Éxito": 0.7905982905982906,
          "Error": 0.2094017094017094
        },
        "(13.559, 18.047]": {
          "Éxito": 0.7892561983471075,
          "Error": 0.21074380165289255
        },
        "(18.047, 22.536]": {
          "Éxito": 0.79296875,
          "Error": 0.20703125
        },
        "(22.536, 27.024]": {
          "Éxito": 0.78125,
          "Error": 0.21875
        },
        "(27.024, 31.513]": {
          "Éxito": 0.7598425196850394,
          "Error": 0.24015748031496062
        },
        "(31.513, 36.001]": {
          "Éxito": 0.7765151515151515,
          "Error": 0.22348484848484848
        },
        "(36.001, 40.489]": {
          "Éxito": 0.8339622641509434,
          "Error": 0.1660377358490566
        },
        "(40.489, 44.978]": {
          "Éxito": 0.8017241379310345,
          "Error": 0.19827586206896552
        }
      }
    },
    "roll_off": {
      "is_categorical": false,
      "bins": 10,
      "values": {
        "(0.2, 0.21]": {
          "Éxito": 0.7591836734693878,
          "Error": 0.24081632653061225
        },
        "(0.21, 0.22]": {
          "Éxito": 0.8016194331983806,
          "Error": 0.19838056680161945
        },
        "(0.22, 0.23]": {
          "Éxito": 0.8146718146718147,
          "Error": 0.18532818532818532
        },
        "(0.23, 0.24]": {
          "Éxito": 0.8023715415019763,
          "Error": 0.1976284584980237
        },
        "(0.24, 0.25]": {
          "Éxito": 0.7913043478260869,
          "Error": 0.20869565217391303
        },
        "(0.25, 0.26]": {
          "Éxito": 0.78125,
          "Error": 0.21875
        },
        "(0.26, 0.27]": {
          "Éxito": 0.8245614035087719,
          "Error": 0.17543859649122806
        },
        "(0.27, 0.28]": {
          "Éxito": 0.8376068376068376,
          "Error": 0.1623931623931624
        },
        "(0.28, 0.29]": {
          "Éxito": 0.8153846153846154,
          "Error": 0.18461538461538463
        },
        "(0.29, 0.3]": {
          "Éxito": 0.7357723577235772,
          "Error": 0.26422764227642276
        }
      }
    }
  }
}