{
  "experiment": {
    "name": "ARQ_1__ESC_7",
    "timestamp": "2025-06-21T22:27:55.758235",
    "repeat_index": 0
  },
  "effects": {
    "num_taps": {
      "is_categorical": true,
      "bins": null,
      "values": {
        "4": {
          "Éxito": 0.9005533854166666,
          "Error": 0.09944661458333333
        }
      }
    },
    "snr_db": {
      "is_categorical": false,
      "bins": 10,
      "values": {
        "(7.996, 8.4]": {
          "Éxito": 0.8789808917197452,
          "Error": 0.12101910828025478
        },
        "(8.4, 8.8]": {
          "Éxito": 0.8949152542372881,
          "Error": 0.10508474576271186
        },
        "(8.8, 9.2]": {
          "Éxito": 0.8792270531400966,
          "Error": 0.12077294685990338
        },
        "(9.2, 9.6]": {
          "Éxito": 0.9035532994923858,
          "Error": 0.09644670050761421
        },
        "(9.6, 10.0]": {
          "Éxito": 0.9144215530903328,
          "Error": 0.08557844690966719
        },
        "(10.0, 10.4]": {
          "Éxito": 0.9076682316118936,
          "Error": 0.09233176838810642
        },
        "(10.4, 10.8]": {
          "Éxito": 0.8987138263665595,
          "Error": 0.10128617363344052
        },
        "(10.8, 11.2]": {
          "Éxito": 0.9163822525597269,
          "Error": 0.08361774744027303
        },
        "(11.2, 11.6]": {
          "Éxito": 0.9006514657980456,
          "Error": 0.0993485342019544
        },
        "(11.6, 12.0]": {
          "Éxito": 0.9115755627009646,
          "Error": 0.08842443729903537
        }
      }
    },
    "phase_offset": {
      "is_categorical": false,
      "bins": 10,
      "values": {
        "(-0.0414, 4.503]": {
          "Éxito": 0.9089481946624803,
          "Error": 0.09105180533751962
        },
        "(4.503, 9.003]": {
          "Éxito": 0.887719298245614,
          "Error": 0.11228070175438597
        },
        "(9.003, 13.502]": {
          "Éxito": 0.9054726368159204,
          "Error": 0.0945273631840796
        },
        "(13.502, 18.002]": {
          "Éxito": 0.896875,
          "Error": 0.103125
        },
        "(18.002, 22.501]": {
          "Éxito": 0.9101497504159733,
          "Error": 0.08985024958402663
        },
        "(22.501, 27.001]": {
          "Éxito": 0.9004893964110929,
          "Error": 0.09951060358890701
        },
        "(27.001, 31.5]": {
          "Éxito": 0.9008547008547009,
          "Error": 0.09914529914529914
        },
        "(31.5, 36.0]": {
          "Éxito": 0.8958990536277602,
          "Error": 0.10410094637223975
        },
        "(36.0, 40.499]": {
          "Éxito": 0.9034267912772586,
          "Error": 0.09657320872274143
        },
        "(40.499, 44.999]": {
          "Éxito": 0.8949919224555735,
          "Error": 0.1050080775444265
        }
      }
    },
    "roll_off": {
      "is_categorical": false,
      "bins": 10,
      "values": {
        "(0.2, 0.21]": {
          "Éxito": 0.9021558872305141,
          "Error": 0.0978441127694859
        },
        "(0.21, 0.22]": {
          "Éxito": 0.9076433121019108,
          "Error": 0.09235668789808917
        },
        "(0.22, 0.23]": {
          "Éxito": 0.8933764135702746,
          "Error": 0.10662358642972536
        },
        "(0.23, 0.24]": {
          "Éxito": 0.9093851132686084,
          "Error": 0.09061488673139159
        },
        "(0.24, 0.25]": {
          "Éxito": 0.8922056384742952,
          "Error": 0.1077943615257048
        },
        "(0.25, 0.26]": {
          "Éxito": 0.9126050420168067,
          "Error": 0.08739495798319327
        },
        "(0.26, 0.27]": {
          "Éxito": 0.8908507223113965,
          "Error": 0.10914927768860354
        },
        "(0.27, 0.28]": {
          "Éxito": 0.9083469721767594,
          "Error": 0.09165302782324058
        },
        "(0.28, 0.29]": {
          "Éxito": 0.8842443729903537,
          "Error": 0.1157556270096463
        },
        "(0.29, 0.3]": {
          "Éxito": 0.905144694533762,
          "Error": 0.09485530546623794
        }
      }
    }
  }
}