{
  "experiment": {
    "name": "ARQ_1__ESC_10",
    "timestamp": "2025-06-22T15:51:38.802443",
    "repeat_index": 0
  },
  "evaluation": {
    "loss": 0.096686951816082,
    "accuracy": 0.9736328125
  },
  "classification_report": {
    "bpsk": {
      "precision": 1.0,
      "recall": 0.9990234375,
      "f1-score": 0.9995114802149487,
      "support": 1024.0
    },
    "qpsk": {
      "precision": 0.9990234375,
      "recall": 0.9990234375,
      "f1-score": 0.9990234375,
      "support": 1024.0
    },
    "16qam": {
      "precision": 0.9912280701754386,
      "recall": 0.9931640625,
      "f1-score": 0.9921951219512195,
      "support": 1024.0
    },
    "32qam cross": {
      "precision": 0.9248554913294798,
      "recall": 0.9375,
      "f1-score": 0.9311348205625607,
      "support": 1024.0
    },
    "64qam": {
      "precision": 0.9902248289345064,
      "recall": 0.9892578125,
      "f1-score": 0.9897410845139228,
      "support": 1024.0
    },
    "128qam cross": {
      "precision": 0.9366336633663367,
      "recall": 0.923828125,
      "f1-score": 0.9301868239921337,
      "support": 1024.0
    },
    "accuracy": 0.9736328125,
    "macro avg": {
      "precision": 0.9736609152176268,
      "recall": 0.9736328125,
      "f1-score": 0.9736321281224644,
      "support": 6144.0
    },
    "weighted avg": {
      "precision": 0.9736609152176268,
      "recall": 0.9736328125,
      "f1-score": 0.9736321281224644,
      "support": 6144.0
    }
  }
}