{
  "experiment": {
    "name": "ARQ_1__ESC_10",
    "timestamp": "2025-06-22T15:51:40.765003",
    "repeat_index": 0
  },
  "effects": {
    "num_taps": {
      "is_categorical": true,
      "bins": null,
      "values": {
        "2": {
          "Éxito": 0.9736328125,
          "Error": 0.0263671875
        }
      }
    },
    "snr_db": {
      "is_categorical": false,
      "bins": 10,
      "values": {
        "(7.997, 8.401]": {
          "Éxito": 0.9657853810264385,
          "Error": 0.03421461897356143
        },
        "(8.401, 8.801]": {
          "Éxito": 0.9718804920913884,
          "Error": 0.028119507908611598
        },
        "(8.801, 9.201]": {
          "Éxito": 0.9726688102893891,
          "Error": 0.027331189710610933
        },
        "(9.201, 9.6]": {
          "Éxito": 0.9616,
          "Error": 0.0384
        },
        "(9.6, 10.0]": {
          "Éxito": 0.9808917197452229,
          "Error": 0.01910828025477707
        },
        "(10.0, 10.4]": {
          "Éxito": 0.969439728353141,
          "Error": 0.030560271646859084
        },
        "(10.4, 10.8]": {
          "Éxito": 0.9727564102564102,
          "Error": 0.027243589743589744
        },
        "(10.8, 11.2]": {
          "Éxito": 0.9795275590551181,
          "Error": 0.02047244094488189
        },
        "(11.2, 11.6]": {
          "Éxito": 0.9771986970684039,
          "Error": 0.02280130293159609
        },
        "(11.6, 11.999]": {
          "Éxito": 0.984873949579832,
          "Error": 0.015126050420168067
        }
      }
    },
    "phase_offset": {
      "is_categorical": false,
      "bins": 10,
      "values": {
        "(89.957, 94.5]": {
          "Éxito": 0.9790996784565916,
          "Error": 0.02090032154340836
        },
        "(94.5, 98.998]": {
          "Éxito": 0.9778481012658228,
          "Error": 0.022151898734177215
        },
        "(98.998, 103.496]": {
          "Éxito": 0.9791666666666666,
          "Error": 0.020833333333333332
        },
        "(103.496, 107.994]": {
          "Éxito": 0.9612903225806452,
          "Error": 0.03870967741935484
        },
        "(107.994, 112.492]": {
          "Éxito": 0.9737704918032787,
          "Error": 0.02622950819672131
        },
        "(112.492, 116.99]": {
          "Éxito": 0.9798994974874372,
          "Error": 0.020100502512562814
        },
        "(116.99, 121.488]": {
          "Éxito": 0.9700787401574803,
          "Error": 0.029921259842519685
        },
        "(121.488, 125.986]": {
          "Éxito": 0.9763779527559056,
          "Error": 0.023622047244094488
        },
        "(125.986, 130.483]": {
          "Éxito": 0.9782971619365609,
          "Error": 0.021702838063439065
        },
        "(130.483, 134.981]": {
          "Éxito": 0.9596491228070175,
          "Error": 0.04035087719298246
        }
      }
    },
    "roll_off": {
      "is_categorical": false,
      "bins": 10,
      "values": {
        "(0.2, 0.21]": {
          "Éxito": 0.9597989949748744,
          "Error": 0.04020100502512563
        },
        "(0.21, 0.22]": {
          "Éxito": 0.9700787401574803,
          "Error": 0.029921259842519685
        },
        "(0.22, 0.23]": {
          "Éxito": 0.9707903780068728,
          "Error": 0.029209621993127148
        },
        "(0.23, 0.24]": {
          "Éxito": 0.9793103448275862,
          "Error": 0.020689655172413793
        },
        "(0.24, 0.25]": {
          "Éxito": 0.9684044233807267,
          "Error": 0.0315955766192733
        },
        "(0.25, 0.26]": {
          "Éxito": 0.9763313609467456,
          "Error": 0.023668639053254437
        },
        "(0.26, 0.27]": {
          "Éxito": 0.9830220713073005,
          "Error": 0.01697792869269949
        },
        "(0.27, 0.28]": {
          "Éxito": 0.9770867430441899,
          "Error": 0.022913256955810146
        },
        "(0.28, 0.29]": {
          "Éxito": 0.9728,
          "Error": 0.0272
        },
        "(0.29, 0.3]": {
          "Éxito": 0.9788961038961039,
          "Error": 0.021103896103896104
        }
      }
    }
  }
}