{
  "experiment": {
    "name": "res_tcn_se_esc_10",
    "timestamp": "2025-06-21T23:56:38.451438",
    "repeat_index": 2,
    "fold_index": 2
  },
  "effects": {
    "num_taps": {
      "is_categorical": true,
      "bins": null,
      "values": {
        "2": {
          "Éxito": 0.9467046379170057,
          "Error": 0.053295362082994305
        }
      }
    },
    "snr_db": {
      "is_categorical": false,
      "bins": 10,
      "values": {
        "(8.001, 8.405]": {
          "Éxito": 0.9404255319148936,
          "Error": 0.059574468085106386
        },
        "(8.405, 8.804]": {
          "Éxito": 0.9414634146341463,
          "Error": 0.05853658536585366
        },
        "(8.804, 9.204]": {
          "Éxito": 0.9343629343629344,
          "Error": 0.06563706563706563
        },
        "(9.204, 9.603]": {
          "Éxito": 0.9418181818181818,
          "Error": 0.05818181818181818
        },
        "(9.603, 10.002]": {
          "Éxito": 0.9333333333333333,
          "Error": 0.06666666666666667
        },
        "(10.002, 10.402]": {
          "Éxito": 0.9539170506912442,
          "Error": 0.04608294930875576
        },
        "(10.402, 10.801]": {
          "Éxito": 0.9506172839506173,
          "Error": 0.04938271604938271
        },
        "(10.801, 11.201]": {
          "Éxito": 0.9595141700404858,
          "Error": 0.04048582995951417
        },
        "(11.201, 11.6]": {
          "Éxito": 0.9666666666666667,
          "Error": 0.03333333333333333
        },
        "(11.6, 12.0]": {
          "Éxito": 0.9444444444444444,
          "Error": 0.05555555555555555
        }
      }
    },
    "phase_offset": {
      "is_categorical": false,
      "bins": 10,
      "values": {
        "(89.966, 94.505]": {
          "Éxito": 0.944,
          "Error": 0.056
        },
        "(94.505, 98.999]": {
          "Éxito": 0.9513274336283186,
          "Error": 0.048672566371681415
        },
        "(98.999, 103.494]": {
          "Éxito": 0.9603174603174603,
          "Error": 0.03968253968253968
        },
        "(103.494, 107.988]": {
          "Éxito": 0.9449152542372882,
          "Error": 0.05508474576271186
        },
        "(107.988, 112.483]": {
          "Éxito": 0.9318181818181818,
          "Error": 0.06818181818181818
        },
        "(112.483, 116.977]": {
          "Éxito": 0.9512195121951219,
          "Error": 0.04878048780487805
        },
        "(116.977, 121.472]": {
          "Éxito": 0.9523809523809523,
          "Error": 0.047619047619047616
        },
        "(121.472, 125.966]": {
          "Éxito": 0.9509433962264151,
          "Error": 0.04905660377358491
        },
        "(125.966, 130.46]": {
          "Éxito": 0.9519650655021834,
          "Error": 0.048034934497816595
        },
        "(130.46, 134.955]": {
          "Éxito": 0.9305019305019305,
          "Error": 0.0694980694980695
        }
      }
    },
    "roll_off": {
      "is_categorical": false,
      "bins": 10,
      "values": {
        "(0.2, 0.21]": {
          "Éxito": 0.9383259911894273,
          "Error": 0.06167400881057269
        },
        "(0.21, 0.22]": {
          "Éxito": 0.9173228346456693,
          "Error": 0.08267716535433071
        },
        "(0.22, 0.23]": {
          "Éxito": 0.9465020576131687,
          "Error": 0.053497942386831275
        },
        "(0.23, 0.24]": {
          "Éxito": 0.9427480916030534,
          "Error": 0.05725190839694656
        },
        "(0.24, 0.25]": {
          "Éxito": 0.9437751004016064,
          "Error": 0.05622489959839357
        },
        "(0.25, 0.26]": {
          "Éxito": 0.9433198380566802,
          "Error": 0.05668016194331984
        },
        "(0.26, 0.27]": {
          "Éxito": 0.9426229508196722,
          "Error": 0.05737704918032787
        },
        "(0.27, 0.28]": {
          "Éxito": 0.9844961240310077,
          "Error": 0.015503875968992248
        },
        "(0.28, 0.29]": {
          "Éxito": 0.9439655172413793,
          "Error": 0.05603448275862069
        },
        "(0.29, 0.3]": {
          "Éxito": 0.9628099173553719,
          "Error": 0.0371900826446281
        }
      }
    }
  }
}