{
  "experiment": {
    "name": "ARQ_1__ESC_11",
    "timestamp": "2025-06-22T12:40:52.191305",
    "repeat_index": 2
  },
  "effects": {
    "num_taps": {
      "is_categorical": true,
      "bins": null,
      "values": {
        "2": {
          "Éxito": 0.9754231770833334,
          "Error": 0.024576822916666668
        }
      }
    },
    "snr_db": {
      "is_categorical": false,
      "bins": 10,
      "values": {
        "(7.996, 8.4]": {
          "Éxito": 0.9619651347068146,
          "Error": 0.03803486529318542
        },
        "(8.4, 8.8]": {
          "Éxito": 0.9539473684210527,
          "Error": 0.046052631578947366
        },
        "(8.8, 9.2]": {
          "Éxito": 0.9765990639625585,
          "Error": 0.0234009360374415
        },
        "(9.2, 9.6]": {
          "Éxito": 0.9706362153344209,
          "Error": 0.02936378466557912
        },
        "(9.6, 10.0]": {
          "Éxito": 0.9692832764505119,
          "Error": 0.030716723549488054
        },
        "(10.0, 10.4]": {
          "Éxito": 0.9898648648648649,
          "Error": 0.010135135135135136
        },
        "(10.4, 10.8]": {
          "Éxito": 0.9818481848184818,
          "Error": 0.018151815181518153
        },
        "(10.8, 11.2]": {
          "Éxito": 0.9794168096054888,
          "Error": 0.02058319039451115
        },
        "(11.2, 11.6]": {
          "Éxito": 0.9829457364341085,
          "Error": 0.017054263565891473
        },
        "(11.6, 12.0]": {
          "Éxito": 0.9874804381846636,
          "Error": 0.012519561815336464
        }
      }
    },
    "phase_offset": {
      "is_categorical": false,
      "bins": 10,
      "values": {
        "(134.963, 139.507]": {
          "Éxito": 0.9710610932475884,
          "Error": 0.028938906752411574
        },
        "(139.507, 144.006]": {
          "Éxito": 0.9714285714285714,
          "Error": 0.02857142857142857
        },
        "(144.006, 148.505]": {
          "Éxito": 0.9904153354632588,
          "Error": 0.009584664536741214
        },
        "(148.505, 153.004]": {
          "Éxito": 0.9719934102141681,
          "Error": 0.02800658978583196
        },
        "(153.004, 157.503]": {
          "Éxito": 0.9652996845425867,
          "Error": 0.03470031545741325
        },
        "(157.503, 162.002]": {
          "Éxito": 0.9736408566721582,
          "Error": 0.026359143327841845
        },
        "(162.002, 166.501]": {
          "Éxito": 0.9886363636363636,
          "Error": 0.011363636363636364
        },
        "(166.501, 171.0]": {
          "Éxito": 0.9692832764505119,
          "Error": 0.030716723549488054
        },
        "(171.0, 175.498]": {
          "Éxito": 0.9753694581280788,
          "Error": 0.024630541871921183
        },
        "(175.498, 179.997]": {
          "Éxito": 0.9769357495881383,
          "Error": 0.023064250411861616
        }
      }
    },
    "roll_off": {
      "is_categorical": false,
      "bins": 10,
      "values": {
        "(0.2, 0.21]": {
          "Éxito": 0.9603448275862069,
          "Error": 0.039655172413793106
        },
        "(0.21, 0.22]": {
          "Éxito": 0.9662731871838112,
          "Error": 0.03372681281618887
        },
        "(0.22, 0.23]": {
          "Éxito": 0.9703947368421053,
          "Error": 0.029605263157894735
        },
        "(0.23, 0.24]": {
          "Éxito": 0.978125,
          "Error": 0.021875
        },
        "(0.24, 0.25]": {
          "Éxito": 0.9723127035830619,
          "Error": 0.02768729641693811
        },
        "(0.25, 0.26]": {
          "Éxito": 0.9808,
          "Error": 0.0192
        },
        "(0.26, 0.27]": {
          "Éxito": 0.9712837837837838,
          "Error": 0.028716216216216218
        },
        "(0.27, 0.28]": {
          "Éxito": 0.9840510366826156,
          "Error": 0.01594896331738437
        },
        "(0.28, 0.29]": {
          "Éxito": 0.990625,
          "Error": 0.009375
        },
        "(0.29, 0.3]": {
          "Éxito": 0.9776,
          "Error": 0.0224
        }
      }
    }
  }
}