{
  "experiment": {
    "name": "red_carlos_ESC_6",
    "timestamp": "2025-06-18T14:06:44.917662",
    "repeat_index": 2,
    "fold_index": 4
  },
  "effects": {
    "num_taps": {
      "is_categorical": true,
      "bins": null,
      "values": {
        "1": {
          "Éxito": 0.96826688364524,
          "Error": 0.03173311635475997
        }
      }
    },
    "snr_db": {
      "is_categorical": false,
      "bins": 10,
      "values": {
        "(7.996, 8.4]": {
          "Éxito": 0.9491525423728814,
          "Error": 0.05084745762711865
        },
        "(8.4, 8.8]": {
          "Éxito": 0.967741935483871,
          "Error": 0.03225806451612903
        },
        "(8.8, 9.199]": {
          "Éxito": 0.9585062240663901,
          "Error": 0.04149377593360996
        },
        "(9.199, 9.599]": {
          "Éxito": 0.968,
          "Error": 0.032
        },
        "(9.599, 9.999]": {
          "Éxito": 0.9543726235741445,
          "Error": 0.045627376425855515
        },
        "(9.999, 10.399]": {
          "Éxito": 0.9689922480620154,
          "Error": 0.031007751937984496
        },
        "(10.399, 10.798]": {
          "Éxito": 0.9724770642201835,
          "Error": 0.027522935779816515
        },
        "(10.798, 11.198]": {
          "Éxito": 0.9695652173913043,
          "Error": 0.030434782608695653
        },
        "(11.198, 11.598]": {
          "Éxito": 0.9881422924901185,
          "Error": 0.011857707509881422
        },
        "(11.598, 11.997]": {
          "Éxito": 0.9846743295019157,
          "Error": 0.01532567049808429
        }
      }
    },
    "phase_offset": {
      "is_categorical": false,
      "bins": 10,
      "values": {
        "(-0.0341, 4.506]": {
          "Éxito": 0.9574468085106383,
          "Error": 0.0425531914893617
        },
        "(4.506, 9.001]": {
          "Éxito": 0.9844357976653697,
          "Error": 0.01556420233463035
        },
        "(9.001, 13.496]": {
          "Éxito": 0.973384030418251,
          "Error": 0.026615969581749048
        },
        "(13.496, 17.99]": {
          "Éxito": 0.9561752988047809,
          "Error": 0.043824701195219126
        },
        "(17.99, 22.485]": {
          "Éxito": 0.9700374531835206,
          "Error": 0.0299625468164794
        },
        "(22.485, 26.98]": {
          "Éxito": 0.9620853080568721,
          "Error": 0.037914691943127965
        },
        "(26.98, 31.475]": {
          "Éxito": 0.9770114942528736,
          "Error": 0.022988505747126436
        },
        "(31.475, 35.97]": {
          "Éxito": 0.9771689497716894,
          "Error": 0.0228310502283105
        },
        "(35.97, 40.465]": {
          "Éxito": 0.9591836734693877,
          "Error": 0.04081632653061224
        },
        "(40.465, 44.96]": {
          "Éxito": 0.963855421686747,
          "Error": 0.03614457831325301
        }
      }
    },
    "roll_off": {
      "is_categorical": false,
      "bins": 10,
      "values": {
        "(0.2, 0.21]": {
          "Éxito": 0.961864406779661,
          "Error": 0.038135593220338986
        },
        "(0.21, 0.22]": {
          "Éxito": 0.9626556016597511,
          "Error": 0.03734439834024896
        },
        "(0.22, 0.23]": {
          "Éxito": 0.9551569506726457,
          "Error": 0.04484304932735426
        },
        "(0.23, 0.24]": {
          "Éxito": 0.9553571428571429,
          "Error": 0.044642857142857144
        },
        "(0.24, 0.25]": {
          "Éxito": 0.9754098360655737,
          "Error": 0.02459016393442623
        },
        "(0.25, 0.26]": {
          "Éxito": 0.9755244755244755,
          "Error": 0.024475524475524476
        },
        "(0.26, 0.27]": {
          "Éxito": 0.9541984732824428,
          "Error": 0.04580152671755725
        },
        "(0.27, 0.28]": {
          "Éxito": 0.9748953974895398,
          "Error": 0.02510460251046025
        },
        "(0.28, 0.29]": {
          "Éxito": 0.9776951672862454,
          "Error": 0.022304832713754646
        },
        "(0.29, 0.3]": {
          "Éxito": 0.9871794871794872,
          "Error": 0.01282051282051282
        }
      }
    }
  }
}