{
  "experiment": {
    "name": "red_carlos_ESC_9",
    "timestamp": "2025-06-21T04:14:43.495630",
    "repeat_index": 2,
    "fold_index": 3
  },
  "effects": {
    "num_taps": {
      "is_categorical": true,
      "bins": null,
      "values": {
        "2": {
          "Éxito": 0.9312449145646867,
          "Error": 0.06875508543531327
        }
      }
    },
    "snr_db": {
      "is_categorical": false,
      "bins": 10,
      "values": {
        "(7.996, 8.4]": {
          "Éxito": 0.9070631970260223,
          "Error": 0.09293680297397769
        },
        "(8.4, 8.8]": {
          "Éxito": 0.9559471365638766,
          "Error": 0.04405286343612335
        },
        "(8.8, 9.2]": {
          "Éxito": 0.8978723404255319,
          "Error": 0.10212765957446808
        },
        "(9.2, 9.6]": {
          "Éxito": 0.9423868312757202,
          "Error": 0.05761316872427984
        },
        "(9.6, 10.0]": {
          "Éxito": 0.9090909090909091,
          "Error": 0.09090909090909091
        },
        "(10.0, 10.4]": {
          "Éxito": 0.9429824561403509,
          "Error": 0.05701754385964912
        },
        "(10.4, 10.8]": {
          "Éxito": 0.9259259259259259,
          "Error": 0.07407407407407407
        },
        "(10.8, 11.199]": {
          "Éxito": 0.941908713692946,
          "Error": 0.058091286307053944
        },
        "(11.199, 11.599]": {
          "Éxito": 0.9401709401709402,
          "Error": 0.05982905982905983
        },
        "(11.599, 11.999]": {
          "Éxito": 0.9534883720930233,
          "Error": 0.046511627906976744
        }
      }
    },
    "phase_offset": {
      "is_categorical": false,
      "bins": 10,
      "values": {
        "(44.975, 49.517]": {
          "Éxito": 0.9397590361445783,
          "Error": 0.060240963855421686
        },
        "(49.517, 54.013]": {
          "Éxito": 0.9506172839506173,
          "Error": 0.04938271604938271
        },
        "(54.013, 58.509]": {
          "Éxito": 0.9087301587301587,
          "Error": 0.09126984126984126
        },
        "(58.509, 63.006]": {
          "Éxito": 0.9324894514767933,
          "Error": 0.06751054852320675
        },
        "(63.006, 67.502]": {
          "Éxito": 0.9094488188976378,
          "Error": 0.09055118110236221
        },
        "(67.502, 71.998]": {
          "Éxito": 0.9285714285714286,
          "Error": 0.07142857142857142
        },
        "(71.998, 76.495]": {
          "Éxito": 0.9617021276595744,
          "Error": 0.03829787234042553
        },
        "(76.495, 80.991]": {
          "Éxito": 0.919831223628692,
          "Error": 0.08016877637130802
        },
        "(80.991, 85.487]": {
          "Éxito": 0.9421487603305785,
          "Error": 0.05785123966942149
        },
        "(85.487, 89.984]": {
          "Éxito": 0.9218106995884774,
          "Error": 0.07818930041152264
        }
      }
    },
    "roll_off": {
      "is_categorical": false,
      "bins": 10,
      "values": {
        "(0.2, 0.21]": {
          "Éxito": 0.9118773946360154,
          "Error": 0.08812260536398467
        },
        "(0.21, 0.22]": {
          "Éxito": 0.9306569343065694,
          "Error": 0.06934306569343066
        },
        "(0.22, 0.23]": {
          "Éxito": 0.9523809523809523,
          "Error": 0.047619047619047616
        },
        "(0.23, 0.24]": {
          "Éxito": 0.9377777777777778,
          "Error": 0.06222222222222222
        },
        "(0.24, 0.25]": {
          "Éxito": 0.9218106995884774,
          "Error": 0.07818930041152264
        },
        "(0.25, 0.26]": {
          "Éxito": 0.9133858267716536,
          "Error": 0.08661417322834646
        },
        "(0.26, 0.27]": {
          "Éxito": 0.9407114624505929,
          "Error": 0.05928853754940711
        },
        "(0.27, 0.28]": {
          "Éxito": 0.9369369369369369,
          "Error": 0.06306306306306306
        },
        "(0.28, 0.29]": {
          "Éxito": 0.9256505576208178,
          "Error": 0.07434944237918216
        },
        "(0.29, 0.3]": {
          "Éxito": 0.9469026548672567,
          "Error": 0.05309734513274336
        }
      }
    }
  }
}