{
  "experiment": {
    "name": "res_tcn_se_esc_1",
    "timestamp": "2025-06-21T02:52:40.196099",
    "repeat_index": 3,
    "fold_index": 0
  },
  "effects": {
    "num_taps": {
      "is_categorical": true,
      "bins": null,
      "values": {
        "2": {
          "Éxito": 0.6716842961757526,
          "Error": 0.32831570382424735
        }
      }
    },
    "snr_db": {
      "is_categorical": false,
      "bins": 10,
      "values": {
        "(-0.00225, 0.402]": {
          "Éxito": 0.6544715447154471,
          "Error": 0.34552845528455284
        },
        "(0.402, 0.801]": {
          "Éxito": 0.6637168141592921,
          "Error": 0.336283185840708
        },
        "(0.801, 1.201]": {
          "Éxito": 0.6563706563706564,
          "Error": 0.3436293436293436
        },
        "(1.201, 1.601]": {
          "Éxito": 0.6436781609195402,
          "Error": 0.3563218390804598
        },
        "(1.601, 2.001]": {
          "Éxito": 0.6916299559471366,
          "Error": 0.30837004405286345
        },
        "(2.001, 2.401]": {
          "Éxito": 0.6966292134831461,
          "Error": 0.30337078651685395
        },
        "(2.401, 2.8]": {
          "Éxito": 0.6981132075471698,
          "Error": 0.3018867924528302
        },
        "(2.8, 3.2]": {
          "Éxito": 0.6287878787878788,
          "Error": 0.3712121212121212
        },
        "(3.2, 3.6]": {
          "Éxito": 0.7056451612903226,
          "Error": 0.29435483870967744
        },
        "(3.6, 4.0]": {
          "Éxito": 0.6854838709677419,
          "Error": 0.31451612903225806
        }
      }
    },
    "phase_offset": {
      "is_categorical": false,
      "bins": 10,
      "values": {
        "(-0.0246, 4.515]": {
          "Éxito": 0.6607142857142857,
          "Error": 0.3392857142857143
        },
        "(4.515, 9.01]": {
          "Éxito": 0.6504065040650406,
          "Error": 0.34959349593495936
        },
        "(9.01, 13.506]": {
          "Éxito": 0.669683257918552,
          "Error": 0.33031674208144796
        },
        "(13.506, 18.001]": {
          "Éxito": 0.6388888888888888,
          "Error": 0.3611111111111111
        },
        "(18.001, 22.496]": {
          "Éxito": 0.6641221374045801,
          "Error": 0.33587786259541985
        },
        "(22.496, 26.991]": {
          "Éxito": 0.7098214285714286,
          "Error": 0.29017857142857145
        },
        "(26.991, 31.486]": {
          "Éxito": 0.7264957264957265,
          "Error": 0.27350427350427353
        },
        "(31.486, 35.981]": {
          "Éxito": 0.7213114754098361,
          "Error": 0.2786885245901639
        },
        "(35.981, 40.476]": {
          "Éxito": 0.6235294117647059,
          "Error": 0.3764705882352941
        },
        "(40.476, 44.971]": {
          "Éxito": 0.6653846153846154,
          "Error": 0.3346153846153846
        }
      }
    },
    "roll_off": {
      "is_categorical": false,
      "bins": 10,
      "values": {
        "(0.2, 0.21]": {
          "Éxito": 0.6120689655172413,
          "Error": 0.3879310344827586
        },
        "(0.21, 0.22]": {
          "Éxito": 0.7268722466960352,
          "Error": 0.27312775330396477
        },
        "(0.22, 0.23]": {
          "Éxito": 0.6450381679389313,
          "Error": 0.3549618320610687
        },
        "(0.23, 0.24]": {
          "Éxito": 0.6639004149377593,
          "Error": 0.3360995850622407
        },
        "(0.24, 0.25]": {
          "Éxito": 0.634703196347032,
          "Error": 0.365296803652968
        },
        "(0.25, 0.26]": {
          "Éxito": 0.69140625,
          "Error": 0.30859375
        },
        "(0.26, 0.27]": {
          "Éxito": 0.672,
          "Error": 0.328
        },
        "(0.27, 0.28]": {
          "Éxito": 0.6845878136200717,
          "Error": 0.3154121863799283
        },
        "(0.28, 0.29]": {
          "Éxito": 0.6816326530612244,
          "Error": 0.3183673469387755
        },
        "(0.29, 0.3]": {
          "Éxito": 0.7004048582995951,
          "Error": 0.29959514170040485
        }
      }
    }
  }
}