{
  "experiment": {
    "name": "red_carlos_ESC_4",
    "timestamp": "2025-06-18T07:51:23.661514",
    "repeat_index": 0,
    "fold_index": 1
  },
  "effects": {
    "num_taps": {
      "is_categorical": true,
      "bins": null,
      "values": {
        "2": {
          "Éxito": 0.9934906427990235,
          "Error": 0.006509357200976403
        }
      }
    },
    "snr_db": {
      "is_categorical": false,
      "bins": 10,
      "values": {
        "(11.998, 12.401]": {
          "Éxito": 0.9916317991631799,
          "Error": 0.008368200836820083
        },
        "(12.401, 12.8]": {
          "Éxito": 0.9957081545064378,
          "Error": 0.004291845493562232
        },
        "(12.8, 13.199]": {
          "Éxito": 0.992619926199262,
          "Error": 0.007380073800738007
        },
        "(13.199, 13.599]": {
          "Éxito": 0.9836734693877551,
          "Error": 0.0163265306122449
        },
        "(13.599, 13.998]": {
          "Éxito": 0.9782608695652174,
          "Error": 0.021739130434782608
        },
        "(13.998, 14.397]": {
          "Éxito": 1.0,
          "Error": 0.0
        },
        "(14.397, 14.797]": {
          "Éxito": 1.0,
          "Error": 0.0
        },
        "(14.797, 15.196]": {
          "Éxito": 0.9962546816479401,
          "Error": 0.003745318352059925
        },
        "(15.196, 15.595]": {
          "Éxito": 1.0,
          "Error": 0.0
        },
        "(15.595, 15.994]": {
          "Éxito": 0.9962264150943396,
          "Error": 0.0037735849056603774
        }
      }
    },
    "phase_offset": {
      "is_categorical": false,
      "bins": 10,
      "values": {
        "(-0.0416, 4.497]": {
          "Éxito": 0.9957446808510638,
          "Error": 0.00425531914893617
        },
        "(4.497, 8.991]": {
          "Éxito": 0.9961685823754789,
          "Error": 0.0038314176245210726
        },
        "(8.991, 13.485]": {
          "Éxito": 0.9914163090128756,
          "Error": 0.008583690987124463
        },
        "(13.485, 17.979]": {
          "Éxito": 1.0,
          "Error": 0.0
        },
        "(17.979, 22.473]": {
          "Éxito": 0.9959839357429718,
          "Error": 0.004016064257028112
        },
        "(22.473, 26.967]": {
          "Éxito": 0.9918367346938776,
          "Error": 0.00816326530612245
        },
        "(26.967, 31.46]": {
          "Éxito": 0.9847328244274809,
          "Error": 0.015267175572519083
        },
        "(31.46, 35.954]": {
          "Éxito": 0.9915611814345991,
          "Error": 0.008438818565400843
        },
        "(35.954, 40.448]": {
          "Éxito": 0.992,
          "Error": 0.008
        },
        "(40.448, 44.942]": {
          "Éxito": 0.99609375,
          "Error": 0.00390625
        }
      }
    },
    "roll_off": {
      "is_categorical": false,
      "bins": 10,
      "values": {
        "(0.2, 0.21]": {
          "Éxito": 0.9958677685950413,
          "Error": 0.004132231404958678
        },
        "(0.21, 0.22]": {
          "Éxito": 0.99609375,
          "Error": 0.00390625
        },
        "(0.22, 0.23]": {
          "Éxito": 0.987603305785124,
          "Error": 0.012396694214876033
        },
        "(0.23, 0.24]": {
          "Éxito": 0.9911894273127754,
          "Error": 0.00881057268722467
        },
        "(0.24, 0.25]": {
          "Éxito": 0.9959016393442623,
          "Error": 0.004098360655737705
        },
        "(0.25, 0.26]": {
          "Éxito": 0.9880478087649402,
          "Error": 0.01195219123505976
        },
        "(0.26, 0.27]": {
          "Éxito": 0.9883720930232558,
          "Error": 0.011627906976744186
        },
        "(0.27, 0.28]": {
          "Éxito": 0.9908675799086758,
          "Error": 0.0091324200913242
        },
        "(0.28, 0.29]": {
          "Éxito": 1.0,
          "Error": 0.0
        },
        "(0.29, 0.3]": {
          "Éxito": 1.0,
          "Error": 0.0
        }
      }
    }
  }
}