{
  "experiment": {
    "name": "cnn_bilstm_attn_esc_2",
    "timestamp": "2025-06-19T06:21:21.768782",
    "repeat_index": 2,
    "fold_index": 2
  },
  "effects": {
    "num_taps": {
      "is_categorical": true,
      "bins": null,
      "values": {
        "2": {
          "Éxito": 0.8978844589096827,
          "Error": 0.10211554109031733
        }
      }
    },
    "snr_db": {
      "is_categorical": false,
      "bins": 10,
      "values": {
        "(4.001, 4.404]": {
          "Éxito": 0.8658536585365854,
          "Error": 0.13414634146341464
        },
        "(4.404, 4.804]": {
          "Éxito": 0.8803088803088803,
          "Error": 0.11969111969111969
        },
        "(4.804, 5.203]": {
          "Éxito": 0.8734177215189873,
          "Error": 0.12658227848101267
        },
        "(5.203, 5.603]": {
          "Éxito": 0.8869565217391304,
          "Error": 0.11304347826086956
        },
        "(5.603, 6.002]": {
          "Éxito": 0.9051383399209486,
          "Error": 0.09486166007905138
        },
        "(6.002, 6.402]": {
          "Éxito": 0.9130434782608695,
          "Error": 0.08695652173913043
        },
        "(6.402, 6.801]": {
          "Éxito": 0.8870967741935484,
          "Error": 0.11290322580645161
        },
        "(6.801, 7.201]": {
          "Éxito": 0.924901185770751,
          "Error": 0.07509881422924901
        },
        "(7.201, 7.6]": {
          "Éxito": 0.9115384615384615,
          "Error": 0.08846153846153847
        },
        "(7.6, 8.0]": {
          "Éxito": 0.9315068493150684,
          "Error": 0.0684931506849315
        }
      }
    },
    "phase_offset": {
      "is_categorical": false,
      "bins": 10,
      "values": {
        "(-0.0433, 4.498]": {
          "Éxito": 0.8697478991596639,
          "Error": 0.13025210084033614
        },
        "(4.498, 8.994]": {
          "Éxito": 0.9090909090909091,
          "Error": 0.09090909090909091
        },
        "(8.994, 13.489]": {
          "Éxito": 0.9140625,
          "Error": 0.0859375
        },
        "(13.489, 17.985]": {
          "Éxito": 0.8831168831168831,
          "Error": 0.11688311688311688
        },
        "(17.985, 22.481]": {
          "Éxito": 0.8951612903225806,
          "Error": 0.10483870967741936
        },
        "(22.481, 26.977]": {
          "Éxito": 0.8645418326693227,
          "Error": 0.13545816733067728
        },
        "(26.977, 31.473]": {
          "Éxito": 0.9049586776859504,
          "Error": 0.09504132231404959
        },
        "(31.473, 35.969]": {
          "Éxito": 0.9205776173285198,
          "Error": 0.07942238267148015
        },
        "(35.969, 40.465]": {
          "Éxito": 0.9036144578313253,
          "Error": 0.0963855421686747
        },
        "(40.465, 44.961]": {
          "Éxito": 0.9106382978723404,
          "Error": 0.08936170212765958
        }
      }
    },
    "roll_off": {
      "is_categorical": false,
      "bins": 10,
      "values": {
        "(0.2, 0.21]": {
          "Éxito": 0.908256880733945,
          "Error": 0.09174311926605505
        },
        "(0.21, 0.22]": {
          "Éxito": 0.8989169675090253,
          "Error": 0.10108303249097472
        },
        "(0.22, 0.23]": {
          "Éxito": 0.9117647058823529,
          "Error": 0.08823529411764706
        },
        "(0.23, 0.24]": {
          "Éxito": 0.872093023255814,
          "Error": 0.12790697674418605
        },
        "(0.24, 0.25]": {
          "Éxito": 0.8844621513944223,
          "Error": 0.11553784860557768
        },
        "(0.25, 0.26]": {
          "Éxito": 0.9003831417624522,
          "Error": 0.09961685823754789
        },
        "(0.26, 0.27]": {
          "Éxito": 0.8933333333333333,
          "Error": 0.10666666666666667
        },
        "(0.27, 0.28]": {
          "Éxito": 0.9116465863453815,
          "Error": 0.08835341365461848
        },
        "(0.28, 0.29]": {
          "Éxito": 0.8888888888888888,
          "Error": 0.1111111111111111
        },
        "(0.29, 0.3]": {
          "Éxito": 0.9126637554585153,
          "Error": 0.08733624454148471
        }
      }
    }
  }
}