{
  "experiment": {
    "name": "cnn_bilstm_attn_esc_3",
    "timestamp": "2025-06-17T09:04:28.909806",
    "repeat_index": 0,
    "fold_index": 4
  },
  "effects": {
    "num_taps": {
      "is_categorical": true,
      "bins": null,
      "values": {
        "2": {
          "Éxito": 0.9629780309194467,
          "Error": 0.037021969080553295
        }
      }
    },
    "snr_db": {
      "is_categorical": false,
      "bins": 10,
      "values": {
        "(7.996, 8.4]": {
          "Éxito": 0.9416666666666667,
          "Error": 0.058333333333333334
        },
        "(8.4, 8.8]": {
          "Éxito": 0.9285714285714286,
          "Error": 0.07142857142857142
        },
        "(8.8, 9.2]": {
          "Éxito": 0.9623430962343096,
          "Error": 0.03765690376569038
        },
        "(9.2, 9.6]": {
          "Éxito": 0.9669421487603306,
          "Error": 0.03305785123966942
        },
        "(9.6, 10.0]": {
          "Éxito": 0.9637096774193549,
          "Error": 0.036290322580645164
        },
        "(10.0, 10.4]": {
          "Éxito": 0.9731800766283525,
          "Error": 0.02681992337164751
        },
        "(10.4, 10.8]": {
          "Éxito": 0.9635627530364372,
          "Error": 0.03643724696356275
        },
        "(10.8, 11.2]": {
          "Éxito": 0.9666666666666667,
          "Error": 0.03333333333333333
        },
        "(11.2, 11.599]": {
          "Éxito": 0.9872881355932204,
          "Error": 0.012711864406779662
        },
        "(11.599, 11.999]": {
          "Éxito": 0.9737827715355806,
          "Error": 0.026217228464419477
        }
      }
    },
    "phase_offset": {
      "is_categorical": false,
      "bins": 10,
      "values": {
        "(-0.043, 4.501]": {
          "Éxito": 0.9642857142857143,
          "Error": 0.03571428571428571
        },
        "(4.501, 8.999]": {
          "Éxito": 0.9563318777292577,
          "Error": 0.043668122270742356
        },
        "(8.999, 13.498]": {
          "Éxito": 0.9628099173553719,
          "Error": 0.0371900826446281
        },
        "(13.498, 17.996]": {
          "Éxito": 0.960431654676259,
          "Error": 0.039568345323741004
        },
        "(17.996, 22.495]": {
          "Éxito": 0.9662921348314607,
          "Error": 0.033707865168539325
        },
        "(22.495, 26.994]": {
          "Éxito": 0.968,
          "Error": 0.032
        },
        "(26.994, 31.492]": {
          "Éxito": 0.9333333333333333,
          "Error": 0.06666666666666667
        },
        "(31.492, 35.991]": {
          "Éxito": 0.9769230769230769,
          "Error": 0.023076923076923078
        },
        "(35.991, 40.489]": {
          "Éxito": 0.9559471365638766,
          "Error": 0.04405286343612335
        },
        "(40.489, 44.988]": {
          "Éxito": 0.9794238683127572,
          "Error": 0.0205761316872428
        }
      }
    },
    "roll_off": {
      "is_categorical": false,
      "bins": 10,
      "values": {
        "(0.2, 0.21]": {
          "Éxito": 0.9673469387755103,
          "Error": 0.0326530612244898
        },
        "(0.21, 0.22]": {
          "Éxito": 0.9393939393939394,
          "Error": 0.06060606060606061
        },
        "(0.22, 0.23]": {
          "Éxito": 0.9755102040816327,
          "Error": 0.024489795918367346
        },
        "(0.23, 0.24]": {
          "Éxito": 0.9678714859437751,
          "Error": 0.0321285140562249
        },
        "(0.24, 0.25]": {
          "Éxito": 0.9432314410480349,
          "Error": 0.056768558951965066
        },
        "(0.25, 0.26]": {
          "Éxito": 0.9557522123893806,
          "Error": 0.04424778761061947
        },
        "(0.26, 0.27]": {
          "Éxito": 0.9761904761904762,
          "Error": 0.023809523809523808
        },
        "(0.27, 0.28]": {
          "Éxito": 0.966804979253112,
          "Error": 0.03319502074688797
        },
        "(0.28, 0.29]": {
          "Éxito": 0.9603174603174603,
          "Error": 0.03968253968253968
        },
        "(0.29, 0.3]": {
          "Éxito": 0.9764705882352941,
          "Error": 0.023529411764705882
        }
      }
    }
  }
}