{
  "experiment": {
    "name": "res_tcn_se_esc_7",
    "timestamp": "2025-06-21T09:48:39.790369",
    "repeat_index": 2,
    "fold_index": 3
  },
  "effects": {
    "num_taps": {
      "is_categorical": true,
      "bins": null,
      "values": {
        "4": {
          "Éxito": 0.8510984540276648,
          "Error": 0.14890154597233524
        }
      }
    },
    "snr_db": {
      "is_categorical": false,
      "bins": 10,
      "values": {
        "(7.996, 8.4]": {
          "Éxito": 0.8235294117647058,
          "Error": 0.17647058823529413
        },
        "(8.4, 8.8]": {
          "Éxito": 0.8849206349206349,
          "Error": 0.11507936507936507
        },
        "(8.8, 9.2]": {
          "Éxito": 0.8414096916299559,
          "Error": 0.15859030837004406
        },
        "(9.2, 9.6]": {
          "Éxito": 0.8653061224489796,
          "Error": 0.1346938775510204
        },
        "(9.6, 10.0]": {
          "Éxito": 0.867704280155642,
          "Error": 0.13229571984435798
        },
        "(10.0, 10.4]": {
          "Éxito": 0.8518518518518519,
          "Error": 0.14814814814814814
        },
        "(10.4, 10.8]": {
          "Éxito": 0.832,
          "Error": 0.168
        },
        "(10.8, 11.2]": {
          "Éxito": 0.8315412186379928,
          "Error": 0.16845878136200718
        },
        "(11.2, 11.6]": {
          "Éxito": 0.8769230769230769,
          "Error": 0.12307692307692308
        },
        "(11.6, 12.0]": {
          "Éxito": 0.8303571428571429,
          "Error": 0.16964285714285715
        }
      }
    },
    "phase_offset": {
      "is_categorical": false,
      "bins": 10,
      "values": {
        "(-0.0296, 4.508]": {
          "Éxito": 0.8306451612903226,
          "Error": 0.1693548387096774
        },
        "(4.508, 9.0]": {
          "Éxito": 0.8487972508591065,
          "Error": 0.15120274914089346
        },
        "(9.0, 13.492]": {
          "Éxito": 0.8677685950413223,
          "Error": 0.1322314049586777
        },
        "(13.492, 17.985]": {
          "Éxito": 0.8549019607843137,
          "Error": 0.1450980392156863
        },
        "(17.985, 22.477]": {
          "Éxito": 0.8778280542986425,
          "Error": 0.12217194570135746
        },
        "(22.477, 26.969]": {
          "Éxito": 0.8661417322834646,
          "Error": 0.13385826771653545
        },
        "(26.969, 31.462]": {
          "Éxito": 0.833976833976834,
          "Error": 0.16602316602316602
        },
        "(31.462, 35.954]": {
          "Éxito": 0.8448979591836735,
          "Error": 0.15510204081632653
        },
        "(35.954, 40.446]": {
          "Éxito": 0.8326359832635983,
          "Error": 0.16736401673640167
        },
        "(40.446, 44.939]": {
          "Éxito": 0.8578431372549019,
          "Error": 0.14215686274509803
        }
      }
    },
    "roll_off": {
      "is_categorical": false,
      "bins": 10,
      "values": {
        "(0.2, 0.21]": {
          "Éxito": 0.8664122137404581,
          "Error": 0.13358778625954199
        },
        "(0.21, 0.22]": {
          "Éxito": 0.823076923076923,
          "Error": 0.17692307692307693
        },
        "(0.22, 0.23]": {
          "Éxito": 0.8634146341463415,
          "Error": 0.13658536585365855
        },
        "(0.23, 0.24]": {
          "Éxito": 0.8588709677419355,
          "Error": 0.14112903225806453
        },
        "(0.24, 0.25]": {
          "Éxito": 0.8007968127490039,
          "Error": 0.199203187250996
        },
        "(0.25, 0.26]": {
          "Éxito": 0.8300395256916996,
          "Error": 0.16996047430830039
        },
        "(0.26, 0.27]": {
          "Éxito": 0.8717948717948718,
          "Error": 0.1282051282051282
        },
        "(0.27, 0.28]": {
          "Éxito": 0.8744769874476988,
          "Error": 0.12552301255230125
        },
        "(0.28, 0.29]": {
          "Éxito": 0.8490566037735849,
          "Error": 0.1509433962264151
        },
        "(0.29, 0.3]": {
          "Éxito": 0.8796680497925311,
          "Error": 0.12033195020746888
        }
      }
    }
  }
}