{
  "experiment": {
    "name": "red_carlos_ESC_8",
    "timestamp": "2025-06-21T02:36:46.602817",
    "repeat_index": 3,
    "fold_index": 3
  },
  "evaluation": {
    "loss": 0.8193227052688599,
    "accuracy": 0.6346623301506042
  },
  "classification_report": {
    "bpsk": {
      "precision": 1.0,
      "recall": 1.0,
      "f1-score": 1.0,
      "support": 410.0
    },
    "qpsk": {
      "precision": 1.0,
      "recall": 1.0,
      "f1-score": 1.0,
      "support": 409.0
    },
    "16qam": {
      "precision": 0.3089430894308943,
      "recall": 0.18581907090464547,
      "f1-score": 0.2320610687022901,
      "support": 409.0
    },
    "32qam cross": {
      "precision": 0.48867924528301887,
      "recall": 0.6317073170731707,
      "f1-score": 0.5510638297872341,
      "support": 410.0
    },
    "64qam": {
      "precision": 0.6159250585480094,
      "recall": 0.6414634146341464,
      "f1-score": 0.6284348864994026,
      "support": 410.0
    },
    "128qam cross": {
      "precision": 0.3256880733944954,
      "recall": 0.3463414634146341,
      "f1-score": 0.33569739952718675,
      "support": 410.0
    },
    "accuracy": 0.6342554922701383,
    "macro avg": {
      "precision": 0.6232059111094029,
      "recall": 0.6342218776710995,
      "f1-score": 0.6245428640860189,
      "support": 2458.0
    },
    "weighted avg": {
      "precision": 0.623180471212246,
      "recall": 0.6342554922701383,
      "f1-score": 0.624549790310376,
      "support": 2458.0
    }
  }
}