{
  "experiment": {
    "name": "ARQ_1__ESC_11",
    "timestamp": "2025-06-22T18:18:39.385595",
    "repeat_index": 7
  },
  "effects": {
    "num_taps": {
      "is_categorical": true,
      "bins": null,
      "values": {
        "2": {
          "Éxito": 0.9777018229166666,
          "Error": 0.022298177083333332
        }
      }
    },
    "snr_db": {
      "is_categorical": false,
      "bins": 10,
      "values": {
        "(7.996, 8.4]": {
          "Éxito": 0.9635499207606973,
          "Error": 0.03645007923930269
        },
        "(8.4, 8.8]": {
          "Éxito": 0.9555921052631579,
          "Error": 0.044407894736842105
        },
        "(8.8, 9.2]": {
          "Éxito": 0.968798751950078,
          "Error": 0.031201248049921998
        },
        "(9.2, 9.6]": {
          "Éxito": 0.9820554649265906,
          "Error": 0.01794453507340946
        },
        "(9.6, 10.0]": {
          "Éxito": 0.9795221843003413,
          "Error": 0.020477815699658702
        },
        "(10.0, 10.4]": {
          "Éxito": 0.9847972972972973,
          "Error": 0.015202702702702704
        },
        "(10.4, 10.8]": {
          "Éxito": 0.9900990099009901,
          "Error": 0.009900990099009901
        },
        "(10.8, 11.2]": {
          "Éxito": 0.9811320754716981,
          "Error": 0.018867924528301886
        },
        "(11.2, 11.6]": {
          "Éxito": 0.9891472868217054,
          "Error": 0.010852713178294573
        },
        "(11.6, 12.0]": {
          "Éxito": 0.9827856025039123,
          "Error": 0.017214397496087636
        }
      }
    },
    "phase_offset": {
      "is_categorical": false,
      "bins": 10,
      "values": {
        "(134.963, 139.507]": {
          "Éxito": 0.9678456591639871,
          "Error": 0.03215434083601286
        },
        "(139.507, 144.006]": {
          "Éxito": 0.9761904761904762,
          "Error": 0.023809523809523808
        },
        "(144.006, 148.505]": {
          "Éxito": 0.9904153354632588,
          "Error": 0.009584664536741214
        },
        "(148.505, 153.004]": {
          "Éxito": 0.9686985172981878,
          "Error": 0.03130148270181219
        },
        "(153.004, 157.503]": {
          "Éxito": 0.9810725552050473,
          "Error": 0.01892744479495268
        },
        "(157.503, 162.002]": {
          "Éxito": 0.9785831960461285,
          "Error": 0.0214168039538715
        },
        "(162.002, 166.501]": {
          "Éxito": 0.9756493506493507,
          "Error": 0.024350649350649352
        },
        "(166.501, 171.0]": {
          "Éxito": 0.9692832764505119,
          "Error": 0.030716723549488054
        },
        "(171.0, 175.498]": {
          "Éxito": 0.9835796387520526,
          "Error": 0.016420361247947456
        },
        "(175.498, 179.997]": {
          "Éxito": 0.985172981878089,
          "Error": 0.014827018121911038
        }
      }
    },
    "roll_off": {
      "is_categorical": false,
      "bins": 10,
      "values": {
        "(0.2, 0.21]": {
          "Éxito": 0.9637931034482758,
          "Error": 0.03620689655172414
        },
        "(0.21, 0.22]": {
          "Éxito": 0.9814502529510961,
          "Error": 0.01854974704890388
        },
        "(0.22, 0.23]": {
          "Éxito": 0.9819078947368421,
          "Error": 0.018092105263157895
        },
        "(0.23, 0.24]": {
          "Éxito": 0.9671875,
          "Error": 0.0328125
        },
        "(0.24, 0.25]": {
          "Éxito": 0.9755700325732899,
          "Error": 0.024429967426710098
        },
        "(0.25, 0.26]": {
          "Éxito": 0.9728,
          "Error": 0.0272
        },
        "(0.26, 0.27]": {
          "Éxito": 0.9847972972972973,
          "Error": 0.015202702702702704
        },
        "(0.27, 0.28]": {
          "Éxito": 0.9824561403508771,
          "Error": 0.017543859649122806
        },
        "(0.28, 0.29]": {
          "Éxito": 0.984375,
          "Error": 0.015625
        },
        "(0.29, 0.3]": {
          "Éxito": 0.9824,
          "Error": 0.0176
        }
      }
    }
  }
}