{
  "experiment": {
    "name": "res_tcn_se_esc_9",
    "timestamp": "2025-06-22T01:47:37.738673",
    "repeat_index": 3,
    "fold_index": 3
  },
  "evaluation": {
    "loss": 0.21299879252910614,
    "accuracy": 0.9385679364204407
  },
  "classification_report": {
    "bpsk": {
      "precision": 1.0,
      "recall": 1.0,
      "f1-score": 1.0,
      "support": 409.0
    },
    "qpsk": {
      "precision": 1.0,
      "recall": 1.0,
      "f1-score": 1.0,
      "support": 410.0
    },
    "16qam": {
      "precision": 0.9685230024213075,
      "recall": 0.975609756097561,
      "f1-score": 0.9720534629404617,
      "support": 410.0
    },
    "32qam cross": {
      "precision": 0.8418491484184915,
      "recall": 0.8439024390243902,
      "f1-score": 0.8428745432399513,
      "support": 410.0
    },
    "64qam": {
      "precision": 0.9705159705159705,
      "recall": 0.9657701711491442,
      "f1-score": 0.9681372549019608,
      "support": 409.0
    },
    "128qam cross": {
      "precision": 0.8504901960784313,
      "recall": 0.8463414634146341,
      "f1-score": 0.8484107579462102,
      "support": 410.0
    },
    "accuracy": 0.9385679414157851,
    "macro avg": {
      "precision": 0.9385630529057001,
      "recall": 0.9386039716142883,
      "f1-score": 0.938579336504764,
      "support": 2458.0
    },
    "weighted avg": {
      "precision": 0.9385250586564305,
      "recall": 0.9385679414157851,
      "f1-score": 0.9385423232493154,
      "support": 2458.0
    }
  }
}