{
  "experiment": {
    "name": "cnn_bilstm_attn_esc_11",
    "timestamp": "2025-06-22T12:31:43.122692",
    "repeat_index": 3,
    "fold_index": 1
  },
  "evaluation": {
    "loss": 0.14887091517448425,
    "accuracy": 0.9658258557319641
  },
  "classification_report": {
    "bpsk": {
      "precision": 1.0,
      "recall": 0.9975550122249389,
      "f1-score": 0.9987760097919217,
      "support": 409.0
    },
    "qpsk": {
      "precision": 0.9975669099756691,
      "recall": 1.0,
      "f1-score": 0.9987819732034104,
      "support": 410.0
    },
    "16qam": {
      "precision": 0.9925558312655087,
      "recall": 0.975609756097561,
      "f1-score": 0.984009840098401,
      "support": 410.0
    },
    "32qam cross": {
      "precision": 0.9267676767676768,
      "recall": 0.8951219512195122,
      "f1-score": 0.9106699751861043,
      "support": 410.0
    },
    "64qam": {
      "precision": 0.9759615384615384,
      "recall": 0.9926650366748166,
      "f1-score": 0.9842424242424243,
      "support": 409.0
    },
    "128qam cross": {
      "precision": 0.9033018867924528,
      "recall": 0.9341463414634147,
      "f1-score": 0.9184652278177458,
      "support": 410.0
    },
    "accuracy": 0.9658258746948739,
    "macro avg": {
      "precision": 0.9660256405438076,
      "recall": 0.9658496829467073,
      "f1-score": 0.9658242417233346,
      "support": 2458.0
    },
    "weighted avg": {
      "precision": 0.9660077763219306,
      "recall": 0.9658258746948739,
      "f1-score": 0.9658033426384738,
      "support": 2458.0
    }
  }
}