{
  "experiment": {
    "name": "cnn_bilstm_attn_esc_11",
    "timestamp": "2025-06-22T12:31:46.315529",
    "repeat_index": 3,
    "fold_index": 1
  },
  "effects": {
    "num_taps": {
      "is_categorical": true,
      "bins": null,
      "values": {
        "2": {
          "Éxito": 0.9658258746948739,
          "Error": 0.03417412530512612
        }
      }
    },
    "snr_db": {
      "is_categorical": false,
      "bins": 10,
      "values": {
        "(7.997, 8.401]": {
          "Éxito": 0.9361702127659575,
          "Error": 0.06382978723404255
        },
        "(8.401, 8.801]": {
          "Éxito": 0.9384615384615385,
          "Error": 0.06153846153846154
        },
        "(8.801, 9.201]": {
          "Éxito": 0.9615384615384616,
          "Error": 0.038461538461538464
        },
        "(9.201, 9.6]": {
          "Éxito": 0.9612068965517241,
          "Error": 0.03879310344827586
        },
        "(9.6, 10.0]": {
          "Éxito": 0.9609375,
          "Error": 0.0390625
        },
        "(10.0, 10.4]": {
          "Éxito": 0.9828326180257511,
          "Error": 0.017167381974248927
        },
        "(10.4, 10.8]": {
          "Éxito": 0.9821428571428571,
          "Error": 0.017857142857142856
        },
        "(10.8, 11.199]": {
          "Éxito": 0.9695652173913043,
          "Error": 0.030434782608695653
        },
        "(11.199, 11.599]": {
          "Éxito": 0.9787234042553191,
          "Error": 0.02127659574468085
        },
        "(11.599, 11.999]": {
          "Éxito": 0.9873417721518988,
          "Error": 0.012658227848101266
        }
      }
    },
    "phase_offset": {
      "is_categorical": false,
      "bins": 10,
      "values": {
        "(134.965, 139.509]": {
          "Éxito": 0.9655172413793104,
          "Error": 0.034482758620689655
        },
        "(139.509, 144.008]": {
          "Éxito": 0.9657794676806084,
          "Error": 0.034220532319391636
        },
        "(144.008, 148.507]": {
          "Éxito": 0.9831223628691983,
          "Error": 0.016877637130801686
        },
        "(148.507, 153.006]": {
          "Éxito": 0.9504132231404959,
          "Error": 0.049586776859504134
        },
        "(153.006, 157.504]": {
          "Éxito": 0.9535864978902954,
          "Error": 0.046413502109704644
        },
        "(157.504, 162.003]": {
          "Éxito": 0.9787234042553191,
          "Error": 0.02127659574468085
        },
        "(162.003, 166.502]": {
          "Éxito": 0.9662921348314607,
          "Error": 0.033707865168539325
        },
        "(166.502, 171.001]": {
          "Éxito": 0.9647577092511013,
          "Error": 0.03524229074889868
        },
        "(171.001, 175.5]": {
          "Éxito": 0.9552845528455285,
          "Error": 0.044715447154471545
        },
        "(175.5, 179.999]": {
          "Éxito": 0.9753086419753086,
          "Error": 0.024691358024691357
        }
      }
    },
    "roll_off": {
      "is_categorical": false,
      "bins": 10,
      "values": {
        "(0.2, 0.21]": {
          "Éxito": 0.941908713692946,
          "Error": 0.058091286307053944
        },
        "(0.21, 0.22]": {
          "Éxito": 0.9832635983263598,
          "Error": 0.016736401673640166
        },
        "(0.22, 0.23]": {
          "Éxito": 0.9471544715447154,
          "Error": 0.052845528455284556
        },
        "(0.23, 0.24]": {
          "Éxito": 0.959349593495935,
          "Error": 0.04065040650406504
        },
        "(0.24, 0.25]": {
          "Éxito": 0.972,
          "Error": 0.028
        },
        "(0.25, 0.26]": {
          "Éxito": 0.9656488549618321,
          "Error": 0.03435114503816794
        },
        "(0.26, 0.27]": {
          "Éxito": 0.9724409448818898,
          "Error": 0.027559055118110236
        },
        "(0.27, 0.28]": {
          "Éxito": 0.963963963963964,
          "Error": 0.036036036036036036
        },
        "(0.28, 0.29]": {
          "Éxito": 0.979757085020243,
          "Error": 0.020242914979757085
        },
        "(0.29, 0.3]": {
          "Éxito": 0.9721115537848606,
          "Error": 0.027888446215139442
        }
      }
    }
  }
}