{
  "experiment": {
    "name": "ARQ_2__ESC_3",
    "timestamp": "2025-06-19T12:27:57.200434",
    "repeat_index": 9
  },
  "evaluation": {
    "loss": 0.12641547620296478,
    "accuracy": 0.9752604365348816
  },
  "classification_report": {
    "bpsk": {
      "precision": 1.0,
      "recall": 0.9990234375,
      "f1-score": 0.9995114802149487,
      "support": 1024.0
    },
    "qpsk": {
      "precision": 0.997078870496592,
      "recall": 1.0,
      "f1-score": 0.9985372988785958,
      "support": 1024.0
    },
    "16qam": {
      "precision": 0.9844509232264335,
      "recall": 0.9892578125,
      "f1-score": 0.9868485143692158,
      "support": 1024.0
    },
    "32qam cross": {
      "precision": 0.9368932038834952,
      "recall": 0.9423828125,
      "f1-score": 0.9396299902629016,
      "support": 1024.0
    },
    "64qam": {
      "precision": 0.9921104536489151,
      "recall": 0.982421875,
      "f1-score": 0.9872423945044161,
      "support": 1024.0
    },
    "128qam cross": {
      "precision": 0.941234084231146,
      "recall": 0.9384765625,
      "f1-score": 0.9398533007334964,
      "support": 1024.0
    },
    "accuracy": 0.9752604166666666,
    "macro avg": {
      "precision": 0.9752945892477637,
      "recall": 0.9752604166666666,
      "f1-score": 0.975270496493929,
      "support": 6144.0
    },
    "weighted avg": {
      "precision": 0.9752945892477637,
      "recall": 0.9752604166666666,
      "f1-score": 0.975270496493929,
      "support": 6144.0
    }
  }
}