{
  "experiment": {
    "name": "red_carlos_ESC_2",
    "timestamp": "2025-06-18T03:44:17.026631",
    "repeat_index": 0,
    "fold_index": 1
  },
  "effects": {
    "num_taps": {
      "is_categorical": true,
      "bins": null,
      "values": {
        "2": {
          "Éxito": 0.8755085435313262,
          "Error": 0.12449145646867373
        }
      }
    },
    "snr_db": {
      "is_categorical": false,
      "bins": 10,
      "values": {
        "(4.003, 4.406]": {
          "Éxito": 0.8127659574468085,
          "Error": 0.18723404255319148
        },
        "(4.406, 4.804]": {
          "Éxito": 0.8716981132075472,
          "Error": 0.12830188679245283
        },
        "(4.804, 5.203]": {
          "Éxito": 0.8697318007662835,
          "Error": 0.13026819923371646
        },
        "(5.203, 5.601]": {
          "Éxito": 0.8340248962655602,
          "Error": 0.16597510373443983
        },
        "(5.601, 6.0]": {
          "Éxito": 0.875,
          "Error": 0.125
        },
        "(6.0, 6.398]": {
          "Éxito": 0.8951612903225806,
          "Error": 0.10483870967741936
        },
        "(6.398, 6.797]": {
          "Éxito": 0.891566265060241,
          "Error": 0.10843373493975904
        },
        "(6.797, 7.195]": {
          "Éxito": 0.9279661016949152,
          "Error": 0.07203389830508475
        },
        "(7.195, 7.594]": {
          "Éxito": 0.8653061224489796,
          "Error": 0.1346938775510204
        },
        "(7.594, 7.992]": {
          "Éxito": 0.9105691056910569,
          "Error": 0.08943089430894309
        }
      }
    },
    "phase_offset": {
      "is_categorical": false,
      "bins": 10,
      "values": {
        "(-0.0353, 4.506]": {
          "Éxito": 0.895397489539749,
          "Error": 0.10460251046025104
        },
        "(4.506, 9.002]": {
          "Éxito": 0.9024390243902439,
          "Error": 0.0975609756097561
        },
        "(9.002, 13.498]": {
          "Éxito": 0.8801652892561983,
          "Error": 0.11983471074380166
        },
        "(13.498, 17.994]": {
          "Éxito": 0.8594377510040161,
          "Error": 0.14056224899598393
        },
        "(17.994, 22.49]": {
          "Éxito": 0.8740458015267175,
          "Error": 0.12595419847328243
        },
        "(22.49, 26.986]": {
          "Éxito": 0.8584070796460177,
          "Error": 0.1415929203539823
        },
        "(26.986, 31.482]": {
          "Éxito": 0.888030888030888,
          "Error": 0.11196911196911197
        },
        "(31.482, 35.979]": {
          "Éxito": 0.875,
          "Error": 0.125
        },
        "(35.979, 40.475]": {
          "Éxito": 0.8669354838709677,
          "Error": 0.13306451612903225
        },
        "(40.475, 44.971]": {
          "Éxito": 0.8528138528138528,
          "Error": 0.1471861471861472
        }
      }
    },
    "roll_off": {
      "is_categorical": false,
      "bins": 10,
      "values": {
        "(0.2, 0.21]": {
          "Éxito": 0.8523206751054853,
          "Error": 0.14767932489451477
        },
        "(0.21, 0.22]": {
          "Éxito": 0.872,
          "Error": 0.128
        },
        "(0.22, 0.23]": {
          "Éxito": 0.8595744680851064,
          "Error": 0.14042553191489363
        },
        "(0.23, 0.24]": {
          "Éxito": 0.8640350877192983,
          "Error": 0.13596491228070176
        },
        "(0.24, 0.25]": {
          "Éxito": 0.8831168831168831,
          "Error": 0.11688311688311688
        },
        "(0.25, 0.26]": {
          "Éxito": 0.926530612244898,
          "Error": 0.07346938775510205
        },
        "(0.26, 0.27]": {
          "Éxito": 0.8605577689243028,
          "Error": 0.1394422310756972
        },
        "(0.27, 0.28]": {
          "Éxito": 0.8705882352941177,
          "Error": 0.12941176470588237
        },
        "(0.28, 0.29]": {
          "Éxito": 0.8847583643122676,
          "Error": 0.11524163568773234
        },
        "(0.29, 0.3]": {
          "Éxito": 0.8793774319066148,
          "Error": 0.12062256809338522
        }
      }
    }
  }
}