{
  "experiment": {
    "name": "res_tcn_se_esc_9",
    "timestamp": "2025-06-22T01:32:12.149165",
    "repeat_index": 3,
    "fold_index": 2
  },
  "evaluation": {
    "loss": 0.25559893250465393,
    "accuracy": 0.9397884607315063
  },
  "classification_report": {
    "bpsk": {
      "precision": 1.0,
      "recall": 0.9975550122249389,
      "f1-score": 0.9987760097919217,
      "support": 409.0
    },
    "qpsk": {
      "precision": 0.9951338199513382,
      "recall": 0.9975609756097561,
      "f1-score": 0.9963459196102314,
      "support": 410.0
    },
    "16qam": {
      "precision": 0.9852216748768473,
      "recall": 0.975609756097561,
      "f1-score": 0.9803921568627451,
      "support": 410.0
    },
    "32qam cross": {
      "precision": 0.8482587064676617,
      "recall": 0.8317073170731707,
      "f1-score": 0.8399014778325123,
      "support": 410.0
    },
    "64qam": {
      "precision": 0.9710144927536232,
      "recall": 0.9828850855745721,
      "f1-score": 0.976913730255164,
      "support": 409.0
    },
    "128qam cross": {
      "precision": 0.8393285371702638,
      "recall": 0.8536585365853658,
      "f1-score": 0.8464328899637243,
      "support": 410.0
    },
    "accuracy": 0.9397884458909682,
    "macro avg": {
      "precision": 0.9398262052032891,
      "recall": 0.9398294471942275,
      "f1-score": 0.9397936973860498,
      "support": 2458.0
    },
    "weighted avg": {
      "precision": 0.9397890359265002,
      "recall": 0.9397884458909682,
      "f1-score": 0.9397545996052219,
      "support": 2458.0
    }
  }
}