{
  "experiment": {
    "name": "res_tcn_se_esc_9",
    "timestamp": "2025-06-22T01:32:12.857317",
    "repeat_index": 3,
    "fold_index": 2
  },
  "effects": {
    "num_taps": {
      "is_categorical": true,
      "bins": null,
      "values": {
        "2": {
          "Éxito": 0.9397884458909682,
          "Error": 0.060211554109031735
        }
      }
    },
    "snr_db": {
      "is_categorical": false,
      "bins": 10,
      "values": {
        "(7.997, 8.401]": {
          "Éxito": 0.9203187250996016,
          "Error": 0.0796812749003984
        },
        "(8.401, 8.8]": {
          "Éxito": 0.9140271493212669,
          "Error": 0.08597285067873303
        },
        "(8.8, 9.2]": {
          "Éxito": 0.9322033898305084,
          "Error": 0.06779661016949153
        },
        "(9.2, 9.6]": {
          "Éxito": 0.9069767441860465,
          "Error": 0.09302325581395349
        },
        "(9.6, 9.999]": {
          "Éxito": 0.9482071713147411,
          "Error": 0.05179282868525897
        },
        "(9.999, 10.399]": {
          "Éxito": 0.9676113360323887,
          "Error": 0.032388663967611336
        },
        "(10.399, 10.798]": {
          "Éxito": 0.933920704845815,
          "Error": 0.06607929515418502
        },
        "(10.798, 11.198]": {
          "Éxito": 0.9543726235741445,
          "Error": 0.045627376425855515
        },
        "(11.198, 11.598]": {
          "Éxito": 0.9628099173553719,
          "Error": 0.0371900826446281
        },
        "(11.598, 11.997]": {
          "Éxito": 0.9541984732824428,
          "Error": 0.04580152671755725
        }
      }
    },
    "phase_offset": {
      "is_categorical": false,
      "bins": 10,
      "values": {
        "(44.965, 49.507]": {
          "Éxito": 0.9209486166007905,
          "Error": 0.07905138339920949
        },
        "(49.507, 54.004]": {
          "Éxito": 0.9186046511627907,
          "Error": 0.08139534883720931
        },
        "(54.004, 58.501]": {
          "Éxito": 0.9625,
          "Error": 0.0375
        },
        "(58.501, 62.998]": {
          "Éxito": 0.9295154185022027,
          "Error": 0.07048458149779736
        },
        "(62.998, 67.495]": {
          "Éxito": 0.9493670886075949,
          "Error": 0.05063291139240506
        },
        "(67.495, 71.992]": {
          "Éxito": 0.9407114624505929,
          "Error": 0.05928853754940711
        },
        "(71.992, 76.488]": {
          "Éxito": 0.9324894514767933,
          "Error": 0.06751054852320675
        },
        "(76.488, 80.985]": {
          "Éxito": 0.9307359307359307,
          "Error": 0.06926406926406926
        },
        "(80.985, 85.482]": {
          "Éxito": 0.9566929133858267,
          "Error": 0.04330708661417323
        },
        "(85.482, 89.979]": {
          "Éxito": 0.9552238805970149,
          "Error": 0.04477611940298507
        }
      }
    },
    "roll_off": {
      "is_categorical": false,
      "bins": 10,
      "values": {
        "(0.2, 0.21]": {
          "Éxito": 0.9057377049180327,
          "Error": 0.0942622950819672
        },
        "(0.21, 0.22]": {
          "Éxito": 0.9418181818181818,
          "Error": 0.05818181818181818
        },
        "(0.22, 0.23]": {
          "Éxito": 0.9547325102880658,
          "Error": 0.04526748971193416
        },
        "(0.23, 0.24]": {
          "Éxito": 0.937007874015748,
          "Error": 0.06299212598425197
        },
        "(0.24, 0.25]": {
          "Éxito": 0.9434782608695652,
          "Error": 0.05652173913043478
        },
        "(0.25, 0.26]": {
          "Éxito": 0.9586776859504132,
          "Error": 0.04132231404958678
        },
        "(0.26, 0.27]": {
          "Éxito": 0.9243027888446215,
          "Error": 0.07569721115537849
        },
        "(0.27, 0.28]": {
          "Éxito": 0.9433962264150944,
          "Error": 0.05660377358490566
        },
        "(0.28, 0.29]": {
          "Éxito": 0.9525862068965517,
          "Error": 0.04741379310344827
        },
        "(0.29, 0.3]": {
          "Éxito": 0.9369369369369369,
          "Error": 0.06306306306306306
        }
      }
    }
  }
}