{
  "experiment": {
    "name": "ARQ_1__ESC_5",
    "timestamp": "2025-06-22T13:00:38.821536",
    "repeat_index": 3
  },
  "effects": {
    "num_taps": {
      "is_categorical": true,
      "bins": null,
      "values": {
        "2": {
          "Éxito": 0.9943033854166666,
          "Error": 0.005696614583333333
        }
      }
    },
    "snr_db": {
      "is_categorical": false,
      "bins": 10,
      "values": {
        "(15.997, 16.401]": {
          "Éxito": 0.9934747145187602,
          "Error": 0.0065252854812398045
        },
        "(16.401, 16.801]": {
          "Éxito": 0.9904912836767037,
          "Error": 0.009508716323296355
        },
        "(16.801, 17.201]": {
          "Éxito": 0.9917355371900827,
          "Error": 0.008264462809917356
        },
        "(17.201, 17.6]": {
          "Éxito": 0.9968203497615262,
          "Error": 0.003179650238473768
        },
        "(17.6, 18.0]": {
          "Éxito": 0.9921383647798742,
          "Error": 0.007861635220125786
        },
        "(18.0, 18.4]": {
          "Éxito": 0.9934959349593496,
          "Error": 0.0065040650406504065
        },
        "(18.4, 18.8]": {
          "Éxito": 0.9966996699669967,
          "Error": 0.0033003300330033004
        },
        "(18.8, 19.2]": {
          "Éxito": 0.9984101748807631,
          "Error": 0.001589825119236884
        },
        "(19.2, 19.599]": {
          "Éxito": 0.9983050847457627,
          "Error": 0.001694915254237288
        },
        "(19.599, 19.999]": {
          "Éxito": 0.9915254237288136,
          "Error": 0.00847457627118644
        }
      }
    },
    "phase_offset": {
      "is_categorical": false,
      "bins": 10,
      "values": {
        "(-0.0341, 4.51]": {
          "Éxito": 0.9982847341337907,
          "Error": 0.0017152658662092624
        },
        "(4.51, 9.008]": {
          "Éxito": 0.9984025559105432,
          "Error": 0.001597444089456869
        },
        "(9.008, 13.507]": {
          "Éxito": 0.9967159277504105,
          "Error": 0.003284072249589491
        },
        "(13.507, 18.006]": {
          "Éxito": 0.9937007874015747,
          "Error": 0.006299212598425197
        },
        "(18.006, 22.504]": {
          "Éxito": 0.9919614147909968,
          "Error": 0.008038585209003215
        },
        "(22.504, 27.003]": {
          "Éxito": 0.9934959349593496,
          "Error": 0.0065040650406504065
        },
        "(27.003, 31.502]": {
          "Éxito": 0.990521327014218,
          "Error": 0.009478672985781991
        },
        "(31.502, 36.0]": {
          "Éxito": 0.9917898193760263,
          "Error": 0.008210180623973728
        },
        "(36.0, 40.499]": {
          "Éxito": 0.9933774834437086,
          "Error": 0.006622516556291391
        },
        "(40.499, 44.998]": {
          "Éxito": 0.9950657894736842,
          "Error": 0.004934210526315789
        }
      }
    },
    "roll_off": {
      "is_categorical": false,
      "bins": 10,
      "values": {
        "(0.2, 0.21]": {
          "Éxito": 0.9888178913738019,
          "Error": 0.011182108626198083
        },
        "(0.21, 0.22]": {
          "Éxito": 0.9932659932659933,
          "Error": 0.006734006734006734
        },
        "(0.22, 0.23]": {
          "Éxito": 0.9938650306748467,
          "Error": 0.006134969325153374
        },
        "(0.23, 0.24]": {
          "Éxito": 0.9929328621908127,
          "Error": 0.007067137809187279
        },
        "(0.24, 0.25]": {
          "Éxito": 0.9949748743718593,
          "Error": 0.005025125628140704
        },
        "(0.25, 0.26]": {
          "Éxito": 0.9950083194675541,
          "Error": 0.004991680532445923
        },
        "(0.26, 0.27]": {
          "Éxito": 0.9967373572593801,
          "Error": 0.0032626427406199023
        },
        "(0.27, 0.28]": {
          "Éxito": 0.9953560371517027,
          "Error": 0.0046439628482972135
        },
        "(0.28, 0.29]": {
          "Éxito": 0.9931623931623932,
          "Error": 0.006837606837606838
        },
        "(0.29, 0.3]": {
          "Éxito": 0.9984939759036144,
          "Error": 0.0015060240963855422
        }
      }
    }
  }
}