{
  "experiment": {
    "name": "res_tcn_se_esc_6",
    "timestamp": "2025-06-16T11:24:15.291279",
    "repeat_index": 1,
    "fold_index": 0
  },
  "effects": {
    "num_taps": {
      "is_categorical": true,
      "bins": null,
      "values": {
        "1": {
          "Éxito": 0.9723352318958502,
          "Error": 0.027664768104149716
        }
      }
    },
    "snr_db": {
      "is_categorical": false,
      "bins": 10,
      "values": {
        "(7.996, 8.4]": {
          "Éxito": 0.9545454545454546,
          "Error": 0.045454545454545456
        },
        "(8.4, 8.8]": {
          "Éxito": 0.9426229508196722,
          "Error": 0.05737704918032787
        },
        "(8.8, 9.2]": {
          "Éxito": 0.9591836734693877,
          "Error": 0.04081632653061224
        },
        "(9.2, 9.6]": {
          "Éxito": 0.9714285714285714,
          "Error": 0.02857142857142857
        },
        "(9.6, 10.0]": {
          "Éxito": 0.9661654135338346,
          "Error": 0.03383458646616541
        },
        "(10.0, 10.4]": {
          "Éxito": 0.9565217391304348,
          "Error": 0.043478260869565216
        },
        "(10.4, 10.8]": {
          "Éxito": 1.0,
          "Error": 0.0
        },
        "(10.8, 11.2]": {
          "Éxito": 0.9958333333333333,
          "Error": 0.004166666666666667
        },
        "(11.2, 11.6]": {
          "Éxito": 0.996031746031746,
          "Error": 0.003968253968253968
        },
        "(11.6, 12.0]": {
          "Éxito": 0.984375,
          "Error": 0.015625
        }
      }
    },
    "phase_offset": {
      "is_categorical": false,
      "bins": 10,
      "values": {
        "(0.00881, 4.548]": {
          "Éxito": 0.9731800766283525,
          "Error": 0.02681992337164751
        },
        "(4.548, 9.042]": {
          "Éxito": 0.9836734693877551,
          "Error": 0.0163265306122449
        },
        "(9.042, 13.536]": {
          "Éxito": 0.9764705882352941,
          "Error": 0.023529411764705882
        },
        "(13.536, 18.031]": {
          "Éxito": 0.9704641350210971,
          "Error": 0.029535864978902954
        },
        "(18.031, 22.525]": {
          "Éxito": 0.9651162790697675,
          "Error": 0.03488372093023256
        },
        "(22.525, 27.019]": {
          "Éxito": 0.9656652360515021,
          "Error": 0.034334763948497854
        },
        "(27.019, 31.513]": {
          "Éxito": 0.9665271966527197,
          "Error": 0.03347280334728033
        },
        "(31.513, 36.008]": {
          "Éxito": 0.9628099173553719,
          "Error": 0.0371900826446281
        },
        "(36.008, 40.502]": {
          "Éxito": 0.9829059829059829,
          "Error": 0.017094017094017096
        },
        "(40.502, 44.996]": {
          "Éxito": 0.9763779527559056,
          "Error": 0.023622047244094488
        }
      }
    },
    "roll_off": {
      "is_categorical": false,
      "bins": 10,
      "values": {
        "(0.2, 0.21]": {
          "Éxito": 0.96484375,
          "Error": 0.03515625
        },
        "(0.21, 0.22]": {
          "Éxito": 0.9831223628691983,
          "Error": 0.016877637130801686
        },
        "(0.22, 0.23]": {
          "Éxito": 0.975,
          "Error": 0.025
        },
        "(0.23, 0.24]": {
          "Éxito": 0.976,
          "Error": 0.024
        },
        "(0.24, 0.25]": {
          "Éxito": 0.9738805970149254,
          "Error": 0.026119402985074626
        },
        "(0.25, 0.26]": {
          "Éxito": 0.9747292418772563,
          "Error": 0.02527075812274368
        },
        "(0.26, 0.27]": {
          "Éxito": 0.974025974025974,
          "Error": 0.025974025974025976
        },
        "(0.27, 0.28]": {
          "Éxito": 0.9777777777777777,
          "Error": 0.022222222222222223
        },
        "(0.28, 0.29]": {
          "Éxito": 0.9608695652173913,
          "Error": 0.0391304347826087
        },
        "(0.29, 0.3]": {
          "Éxito": 0.9631147540983607,
          "Error": 0.036885245901639344
        }
      }
    }
  }
}