{
  "experiment": {
    "name": "red_carlos_ESC_5",
    "timestamp": "2025-06-18T11:58:59.230193",
    "repeat_index": 2,
    "fold_index": 4
  },
  "effects": {
    "num_taps": {
      "is_categorical": true,
      "bins": null,
      "values": {
        "2": {
          "Éxito": 0.9820992676973149,
          "Error": 0.01790073230268511
        }
      }
    },
    "snr_db": {
      "is_categorical": false,
      "bins": 10,
      "values": {
        "(15.996, 16.4]": {
          "Éxito": 0.975609756097561,
          "Error": 0.024390243902439025
        },
        "(16.4, 16.8]": {
          "Éxito": 0.961038961038961,
          "Error": 0.03896103896103896
        },
        "(16.8, 17.2]": {
          "Éxito": 0.983402489626556,
          "Error": 0.016597510373443983
        },
        "(17.2, 17.6]": {
          "Éxito": 0.9959514170040485,
          "Error": 0.004048582995951417
        },
        "(17.6, 18.0]": {
          "Éxito": 0.9774774774774775,
          "Error": 0.02252252252252252
        },
        "(18.0, 18.4]": {
          "Éxito": 0.9604743083003953,
          "Error": 0.039525691699604744
        },
        "(18.4, 18.799]": {
          "Éxito": 0.9887218045112782,
          "Error": 0.011278195488721804
        },
        "(18.799, 19.199]": {
          "Éxito": 0.996551724137931,
          "Error": 0.0034482758620689655
        },
        "(19.199, 19.599]": {
          "Éxito": 0.9958333333333333,
          "Error": 0.004166666666666667
        },
        "(19.599, 19.999]": {
          "Éxito": 0.9819819819819819,
          "Error": 0.018018018018018018
        }
      }
    },
    "phase_offset": {
      "is_categorical": false,
      "bins": 10,
      "values": {
        "(-0.0217, 4.518]": {
          "Éxito": 0.9880952380952381,
          "Error": 0.011904761904761904
        },
        "(4.518, 9.013]": {
          "Éxito": 0.9830508474576272,
          "Error": 0.01694915254237288
        },
        "(9.013, 13.507]": {
          "Éxito": 0.9786324786324786,
          "Error": 0.021367521367521368
        },
        "(13.507, 18.002]": {
          "Éxito": 0.9841269841269841,
          "Error": 0.015873015873015872
        },
        "(18.002, 22.497]": {
          "Éxito": 0.9789029535864979,
          "Error": 0.02109704641350211
        },
        "(22.497, 26.991]": {
          "Éxito": 0.9799196787148594,
          "Error": 0.020080321285140562
        },
        "(26.991, 31.486]": {
          "Éxito": 0.9884615384615385,
          "Error": 0.011538461538461539
        },
        "(31.486, 35.981]": {
          "Éxito": 0.9841897233201581,
          "Error": 0.015810276679841896
        },
        "(35.981, 40.475]": {
          "Éxito": 0.979253112033195,
          "Error": 0.02074688796680498
        },
        "(40.475, 44.97]": {
          "Éxito": 0.9754098360655737,
          "Error": 0.02459016393442623
        }
      }
    },
    "roll_off": {
      "is_categorical": false,
      "bins": 10,
      "values": {
        "(0.2, 0.21]": {
          "Éxito": 0.9688715953307393,
          "Error": 0.0311284046692607
        },
        "(0.21, 0.22]": {
          "Éxito": 0.9849056603773585,
          "Error": 0.01509433962264151
        },
        "(0.22, 0.23]": {
          "Éxito": 0.9820627802690582,
          "Error": 0.017937219730941704
        },
        "(0.23, 0.24]": {
          "Éxito": 0.9801587301587301,
          "Error": 0.01984126984126984
        },
        "(0.24, 0.25]": {
          "Éxito": 0.9806201550387597,
          "Error": 0.01937984496124031
        },
        "(0.25, 0.26]": {
          "Éxito": 0.9821428571428571,
          "Error": 0.017857142857142856
        },
        "(0.26, 0.27]": {
          "Éxito": 0.9869565217391304,
          "Error": 0.013043478260869565
        },
        "(0.27, 0.28]": {
          "Éxito": 0.9852941176470589,
          "Error": 0.014705882352941176
        },
        "(0.28, 0.29]": {
          "Éxito": 0.9871244635193133,
          "Error": 0.012875536480686695
        },
        "(0.29, 0.3]": {
          "Éxito": 0.9836065573770492,
          "Error": 0.01639344262295082
        }
      }
    }
  }
}