{
  "experiment": {
    "name": "res_tcn_se_esc_10",
    "timestamp": "2025-06-22T00:09:04.854587",
    "repeat_index": 0,
    "fold_index": 2
  },
  "effects": {
    "num_taps": {
      "is_categorical": true,
      "bins": null,
      "values": {
        "2": {
          "Éxito": 0.9434499593165175,
          "Error": 0.05655004068348251
        }
      }
    },
    "snr_db": {
      "is_categorical": false,
      "bins": 10,
      "values": {
        "(7.997, 8.401]": {
          "Éxito": 0.9102040816326531,
          "Error": 0.08979591836734693
        },
        "(8.401, 8.801]": {
          "Éxito": 0.9274809160305344,
          "Error": 0.07251908396946564
        },
        "(8.801, 9.201]": {
          "Éxito": 0.9262295081967213,
          "Error": 0.07377049180327869
        },
        "(9.201, 9.6]": {
          "Éxito": 0.9375,
          "Error": 0.0625
        },
        "(9.6, 10.0]": {
          "Éxito": 0.9579439252336449,
          "Error": 0.04205607476635514
        },
        "(10.0, 10.4]": {
          "Éxito": 0.9624060150375939,
          "Error": 0.03759398496240601
        },
        "(10.4, 10.8]": {
          "Éxito": 0.930327868852459,
          "Error": 0.06967213114754098
        },
        "(10.8, 11.2]": {
          "Éxito": 0.9547169811320755,
          "Error": 0.045283018867924525
        },
        "(11.2, 11.6]": {
          "Éxito": 0.9563318777292577,
          "Error": 0.043668122270742356
        },
        "(11.6, 12.0]": {
          "Éxito": 0.9718875502008032,
          "Error": 0.028112449799196786
        }
      }
    },
    "phase_offset": {
      "is_categorical": false,
      "bins": 10,
      "values": {
        "(89.957, 94.496]": {
          "Éxito": 0.9581589958158996,
          "Error": 0.04184100418410042
        },
        "(94.496, 98.991]": {
          "Éxito": 0.952191235059761,
          "Error": 0.04780876494023904
        },
        "(98.991, 103.485]": {
          "Éxito": 0.9243027888446215,
          "Error": 0.07569721115537849
        },
        "(103.485, 107.979]": {
          "Éxito": 0.9581589958158996,
          "Error": 0.04184100418410042
        },
        "(107.979, 112.474]": {
          "Éxito": 0.926923076923077,
          "Error": 0.07307692307692308
        },
        "(112.474, 116.968]": {
          "Éxito": 0.9437229437229437,
          "Error": 0.05627705627705628
        },
        "(116.968, 121.463]": {
          "Éxito": 0.952755905511811,
          "Error": 0.047244094488188976
        },
        "(121.463, 125.957]": {
          "Éxito": 0.9349593495934959,
          "Error": 0.06504065040650407
        },
        "(125.957, 130.452]": {
          "Éxito": 0.943089430894309,
          "Error": 0.056910569105691054
        },
        "(130.452, 134.946]": {
          "Éxito": 0.941908713692946,
          "Error": 0.058091286307053944
        }
      }
    },
    "roll_off": {
      "is_categorical": false,
      "bins": 10,
      "values": {
        "(0.2, 0.21]": {
          "Éxito": 0.9203187250996016,
          "Error": 0.0796812749003984
        },
        "(0.21, 0.22]": {
          "Éxito": 0.914396887159533,
          "Error": 0.08560311284046693
        },
        "(0.22, 0.23]": {
          "Éxito": 0.9438202247191011,
          "Error": 0.056179775280898875
        },
        "(0.23, 0.24]": {
          "Éxito": 0.9452054794520548,
          "Error": 0.0547945205479452
        },
        "(0.24, 0.25]": {
          "Éxito": 0.9455252918287937,
          "Error": 0.054474708171206226
        },
        "(0.25, 0.26]": {
          "Éxito": 0.9324324324324325,
          "Error": 0.06756756756756757
        },
        "(0.26, 0.27]": {
          "Éxito": 0.9543726235741445,
          "Error": 0.045627376425855515
        },
        "(0.27, 0.28]": {
          "Éxito": 0.9581589958158996,
          "Error": 0.04184100418410042
        },
        "(0.28, 0.29]": {
          "Éxito": 0.9620253164556962,
          "Error": 0.0379746835443038
        },
        "(0.29, 0.3]": {
          "Éxito": 0.959349593495935,
          "Error": 0.04065040650406504
        }
      }
    }
  }
}