{
  "experiment": {
    "name": "red_carlos_ESC_8",
    "timestamp": "2025-06-18T17:15:49.463364",
    "repeat_index": 1,
    "fold_index": 2
  },
  "evaluation": {
    "loss": 0.8160378336906433,
    "accuracy": 0.6232709288597107
  },
  "classification_report": {
    "bpsk": {
      "precision": 1.0,
      "recall": 1.0,
      "f1-score": 1.0,
      "support": 410.0
    },
    "qpsk": {
      "precision": 1.0,
      "recall": 0.9975609756097561,
      "f1-score": 0.9987789987789988,
      "support": 410.0
    },
    "16qam": {
      "precision": 0.2887323943661972,
      "recall": 0.2,
      "f1-score": 0.23631123919308358,
      "support": 410.0
    },
    "32qam cross": {
      "precision": 0.49074074074074076,
      "recall": 0.5170731707317073,
      "f1-score": 0.503562945368171,
      "support": 410.0
    },
    "64qam": {
      "precision": 0.5468164794007491,
      "recall": 0.7139364303178484,
      "f1-score": 0.6193001060445387,
      "support": 409.0
    },
    "128qam cross": {
      "precision": 0.3264781491002571,
      "recall": 0.3105134474327628,
      "f1-score": 0.31829573934837085,
      "support": 409.0
    },
    "accuracy": 0.6232709519934907,
    "macro avg": {
      "precision": 0.6087946272679906,
      "recall": 0.6231806706820124,
      "f1-score": 0.6127081714555271,
      "support": 2458.0
    },
    "weighted avg": {
      "precision": 0.6089346983119431,
      "recall": 0.6232709519934907,
      "f1-score": 0.6128252668572839,
      "support": 2458.0
    }
  }
}