{
  "experiment": {
    "name": "red_carlos_ESC_8",
    "timestamp": "2025-06-18T17:15:49.915440",
    "repeat_index": 1,
    "fold_index": 2
  },
  "effects": {
    "num_taps": {
      "is_categorical": true,
      "bins": null,
      "values": {
        "6": {
          "Éxito": 0.6232709519934907,
          "Error": 0.37672904800650936
        }
      }
    },
    "snr_db": {
      "is_categorical": false,
      "bins": 10,
      "values": {
        "(7.997, 8.401]": {
          "Éxito": 0.6200873362445415,
          "Error": 0.3799126637554585
        },
        "(8.401, 8.801]": {
          "Éxito": 0.5944055944055944,
          "Error": 0.40559440559440557
        },
        "(8.801, 9.2]": {
          "Éxito": 0.6129032258064516,
          "Error": 0.3870967741935484
        },
        "(9.2, 9.6]": {
          "Éxito": 0.5840336134453782,
          "Error": 0.41596638655462187
        },
        "(9.6, 9.999]": {
          "Éxito": 0.6203007518796992,
          "Error": 0.37969924812030076
        },
        "(9.999, 10.399]": {
          "Éxito": 0.6542056074766355,
          "Error": 0.34579439252336447
        },
        "(10.399, 10.798]": {
          "Éxito": 0.6169354838709677,
          "Error": 0.38306451612903225
        },
        "(10.798, 11.198]": {
          "Éxito": 0.6454183266932271,
          "Error": 0.3545816733067729
        },
        "(11.198, 11.597]": {
          "Éxito": 0.5836431226765799,
          "Error": 0.4163568773234201
        },
        "(11.597, 11.997]": {
          "Éxito": 0.7125,
          "Error": 0.2875
        }
      }
    },
    "phase_offset": {
      "is_categorical": false,
      "bins": 10,
      "values": {
        "(-0.0384, 4.504]": {
          "Éxito": 0.6058394160583942,
          "Error": 0.39416058394160586
        },
        "(4.504, 9.002]": {
          "Éxito": 0.6550218340611353,
          "Error": 0.34497816593886466
        },
        "(9.002, 13.5]": {
          "Éxito": 0.5587044534412956,
          "Error": 0.44129554655870445
        },
        "(13.5, 17.998]": {
          "Éxito": 0.6448979591836734,
          "Error": 0.3551020408163265
        },
        "(17.998, 22.496]": {
          "Éxito": 0.6767241379310345,
          "Error": 0.3232758620689655
        },
        "(22.496, 26.994]": {
          "Éxito": 0.6303501945525292,
          "Error": 0.36964980544747084
        },
        "(26.994, 31.492]": {
          "Éxito": 0.6764705882352942,
          "Error": 0.3235294117647059
        },
        "(31.492, 35.99]": {
          "Éxito": 0.624113475177305,
          "Error": 0.375886524822695
        },
        "(35.99, 40.488]": {
          "Éxito": 0.5686274509803921,
          "Error": 0.43137254901960786
        },
        "(40.488, 44.986]": {
          "Éxito": 0.592,
          "Error": 0.408
        }
      }
    },
    "roll_off": {
      "is_categorical": false,
      "bins": 10,
      "values": {
        "(0.2, 0.21]": {
          "Éxito": 0.6101694915254238,
          "Error": 0.3898305084745763
        },
        "(0.21, 0.22]": {
          "Éxito": 0.6341463414634146,
          "Error": 0.36585365853658536
        },
        "(0.22, 0.23]": {
          "Éxito": 0.6198347107438017,
          "Error": 0.38016528925619836
        },
        "(0.23, 0.24]": {
          "Éxito": 0.6276150627615062,
          "Error": 0.3723849372384937
        },
        "(0.24, 0.25]": {
          "Éxito": 0.6017699115044248,
          "Error": 0.39823008849557523
        },
        "(0.25, 0.26]": {
          "Éxito": 0.6371681415929203,
          "Error": 0.36283185840707965
        },
        "(0.26, 0.27]": {
          "Éxito": 0.6378600823045267,
          "Error": 0.36213991769547327
        },
        "(0.27, 0.28]": {
          "Éxito": 0.616,
          "Error": 0.384
        },
        "(0.28, 0.29]": {
          "Éxito": 0.6482213438735178,
          "Error": 0.35177865612648224
        },
        "(0.29, 0.3]": {
          "Éxito": 0.6008403361344538,
          "Error": 0.39915966386554624
        }
      }
    }
  }
}