{
  "experiment": {
    "name": "ARQ_2__ESC_6",
    "timestamp": "2025-06-19T17:58:47.620369",
    "repeat_index": 6
  },
  "effects": {
    "num_taps": {
      "is_categorical": true,
      "bins": null,
      "values": {
        "1": {
          "Éxito": 0.9884440104166666,
          "Error": 0.011555989583333334
        }
      }
    },
    "snr_db": {
      "is_categorical": false,
      "bins": 10,
      "values": {
        "(7.996, 8.4]": {
          "Éxito": 0.9766355140186916,
          "Error": 0.02336448598130841
        },
        "(8.4, 8.8]": {
          "Éxito": 0.9809825673534073,
          "Error": 0.01901743264659271
        },
        "(8.8, 9.2]": {
          "Éxito": 0.9849246231155779,
          "Error": 0.01507537688442211
        },
        "(9.2, 9.6]": {
          "Éxito": 0.9821138211382113,
          "Error": 0.01788617886178862
        },
        "(9.6, 10.0]": {
          "Éxito": 0.9914821124361158,
          "Error": 0.008517887563884156
        },
        "(10.0, 10.4]": {
          "Éxito": 0.991652754590985,
          "Error": 0.008347245409015025
        },
        "(10.4, 10.8]": {
          "Éxito": 0.9916666666666667,
          "Error": 0.008333333333333333
        },
        "(10.8, 11.2]": {
          "Éxito": 0.9952076677316294,
          "Error": 0.004792332268370607
        },
        "(11.2, 11.6]": {
          "Éxito": 0.9951923076923077,
          "Error": 0.004807692307692308
        },
        "(11.6, 12.0]": {
          "Éxito": 0.9951845906902087,
          "Error": 0.004815409309791332
        }
      }
    },
    "phase_offset": {
      "is_categorical": false,
      "bins": 10,
      "values": {
        "(-0.0425, 4.502]": {
          "Éxito": 0.9778129952456418,
          "Error": 0.022187004754358162
        },
        "(4.502, 9.002]": {
          "Éxito": 0.991869918699187,
          "Error": 0.008130081300813009
        },
        "(9.002, 13.501]": {
          "Éxito": 0.9860681114551083,
          "Error": 0.01393188854489164
        },
        "(13.501, 18.001]": {
          "Éxito": 0.9896907216494846,
          "Error": 0.010309278350515464
        },
        "(18.001, 22.501]": {
          "Éxito": 0.9852216748768473,
          "Error": 0.014778325123152709
        },
        "(22.501, 27.0]": {
          "Éxito": 0.9951219512195122,
          "Error": 0.004878048780487805
        },
        "(27.0, 31.5]": {
          "Éxito": 0.9923547400611621,
          "Error": 0.00764525993883792
        },
        "(31.5, 35.999]": {
          "Éxito": 0.9900497512437811,
          "Error": 0.009950248756218905
        },
        "(35.999, 40.499]": {
          "Éxito": 0.9899159663865547,
          "Error": 0.010084033613445379
        },
        "(40.499, 44.999]": {
          "Éxito": 0.9865319865319865,
          "Error": 0.013468013468013467
        }
      }
    },
    "roll_off": {
      "is_categorical": false,
      "bins": 10,
      "values": {
        "(0.2, 0.21]": {
          "Éxito": 0.9886178861788618,
          "Error": 0.011382113821138212
        },
        "(0.21, 0.22]": {
          "Éxito": 0.9867109634551495,
          "Error": 0.013289036544850499
        },
        "(0.22, 0.23]": {
          "Éxito": 0.9872611464968153,
          "Error": 0.012738853503184714
        },
        "(0.23, 0.24]": {
          "Éxito": 0.9836552748885586,
          "Error": 0.01634472511144131
        },
        "(0.24, 0.25]": {
          "Éxito": 0.9884678747940692,
          "Error": 0.011532125205930808
        },
        "(0.25, 0.26]": {
          "Éxito": 0.9903225806451613,
          "Error": 0.00967741935483871
        },
        "(0.26, 0.27]": {
          "Éxito": 0.9833333333333333,
          "Error": 0.016666666666666666
        },
        "(0.27, 0.28]": {
          "Éxito": 0.9912434325744308,
          "Error": 0.008756567425569177
        },
        "(0.28, 0.29]": {
          "Éxito": 0.990228013029316,
          "Error": 0.009771986970684038
        },
        "(0.29, 0.3]": {
          "Éxito": 0.995114006514658,
          "Error": 0.004885993485342019
        }
      }
    }
  }
}