{
  "experiment": {
    "name": "ARQ_1__ESC_9",
    "timestamp": "2025-06-22T08:24:06.290663",
    "repeat_index": 7
  },
  "evaluation": {
    "loss": 0.08641063421964645,
    "accuracy": 0.9778645634651184
  },
  "classification_report": {
    "bpsk": {
      "precision": 1.0,
      "recall": 1.0,
      "f1-score": 1.0,
      "support": 1024.0
    },
    "qpsk": {
      "precision": 1.0,
      "recall": 1.0,
      "f1-score": 1.0,
      "support": 1024.0
    },
    "16qam": {
      "precision": 0.9990186457311089,
      "recall": 0.994140625,
      "f1-score": 0.9965736661771902,
      "support": 1024.0
    },
    "32qam cross": {
      "precision": 0.9328859060402684,
      "recall": 0.9501953125,
      "f1-score": 0.9414610546686019,
      "support": 1024.0
    },
    "64qam": {
      "precision": 0.9864734299516909,
      "recall": 0.9970703125,
      "f1-score": 0.9917435648372996,
      "support": 1024.0
    },
    "128qam cross": {
      "precision": 0.948948948948949,
      "recall": 0.92578125,
      "f1-score": 0.9372219476025706,
      "support": 1024.0
    },
    "accuracy": 0.9778645833333334,
    "macro avg": {
      "precision": 0.9778878217786696,
      "recall": 0.9778645833333334,
      "f1-score": 0.9778333722142771,
      "support": 6144.0
    },
    "weighted avg": {
      "precision": 0.9778878217786696,
      "recall": 0.9778645833333334,
      "f1-score": 0.9778333722142771,
      "support": 6144.0
    }
  }
}