{
  "experiment": {
    "name": "cnn_bilstm_attn_esc_10",
    "timestamp": "2025-06-18T21:06:55.340932",
    "repeat_index": 2,
    "fold_index": 0
  },
  "effects": {
    "num_taps": {
      "is_categorical": true,
      "bins": null,
      "values": {
        "2": {
          "Éxito": 0.9593165174938975,
          "Error": 0.04068348250610252
        }
      }
    },
    "snr_db": {
      "is_categorical": false,
      "bins": 10,
      "values": {
        "(8.001, 8.405]": {
          "Éxito": 0.9404255319148936,
          "Error": 0.059574468085106386
        },
        "(8.405, 8.804]": {
          "Éxito": 0.9219512195121952,
          "Error": 0.07804878048780488
        },
        "(8.804, 9.204]": {
          "Éxito": 0.9613899613899614,
          "Error": 0.03861003861003861
        },
        "(9.204, 9.603]": {
          "Éxito": 0.9490909090909091,
          "Error": 0.05090909090909091
        },
        "(9.603, 10.002]": {
          "Éxito": 0.9568627450980393,
          "Error": 0.043137254901960784
        },
        "(10.002, 10.402]": {
          "Éxito": 0.9631336405529954,
          "Error": 0.03686635944700461
        },
        "(10.402, 10.801]": {
          "Éxito": 0.9711934156378601,
          "Error": 0.02880658436213992
        },
        "(10.801, 11.201]": {
          "Éxito": 0.9635627530364372,
          "Error": 0.03643724696356275
        },
        "(11.201, 11.6]": {
          "Éxito": 0.9740740740740741,
          "Error": 0.025925925925925925
        },
        "(11.6, 12.0]": {
          "Éxito": 0.9841269841269841,
          "Error": 0.015873015873015872
        }
      }
    },
    "phase_offset": {
      "is_categorical": false,
      "bins": 10,
      "values": {
        "(89.966, 94.505]": {
          "Éxito": 0.952,
          "Error": 0.048
        },
        "(94.505, 98.999]": {
          "Éxito": 0.9690265486725663,
          "Error": 0.030973451327433628
        },
        "(98.999, 103.494]": {
          "Éxito": 0.9642857142857143,
          "Error": 0.03571428571428571
        },
        "(103.494, 107.988]": {
          "Éxito": 0.9703389830508474,
          "Error": 0.029661016949152543
        },
        "(107.988, 112.483]": {
          "Éxito": 0.9583333333333334,
          "Error": 0.041666666666666664
        },
        "(112.483, 116.977]": {
          "Éxito": 0.9471544715447154,
          "Error": 0.052845528455284556
        },
        "(116.977, 121.472]": {
          "Éxito": 0.961038961038961,
          "Error": 0.03896103896103896
        },
        "(121.472, 125.966]": {
          "Éxito": 0.9433962264150944,
          "Error": 0.05660377358490566
        },
        "(125.966, 130.46]": {
          "Éxito": 0.9650655021834061,
          "Error": 0.034934497816593885
        },
        "(130.46, 134.955]": {
          "Éxito": 0.9652509652509652,
          "Error": 0.03474903474903475
        }
      }
    },
    "roll_off": {
      "is_categorical": false,
      "bins": 10,
      "values": {
        "(0.2, 0.21]": {
          "Éxito": 0.960352422907489,
          "Error": 0.039647577092511016
        },
        "(0.21, 0.22]": {
          "Éxito": 0.9566929133858267,
          "Error": 0.04330708661417323
        },
        "(0.22, 0.23]": {
          "Éxito": 0.9506172839506173,
          "Error": 0.04938271604938271
        },
        "(0.23, 0.24]": {
          "Éxito": 0.9465648854961832,
          "Error": 0.05343511450381679
        },
        "(0.24, 0.25]": {
          "Éxito": 0.9518072289156626,
          "Error": 0.04819277108433735
        },
        "(0.25, 0.26]": {
          "Éxito": 0.9635627530364372,
          "Error": 0.03643724696356275
        },
        "(0.26, 0.27]": {
          "Éxito": 0.9344262295081968,
          "Error": 0.06557377049180328
        },
        "(0.27, 0.28]": {
          "Éxito": 0.9767441860465116,
          "Error": 0.023255813953488372
        },
        "(0.28, 0.29]": {
          "Éxito": 0.978448275862069,
          "Error": 0.021551724137931036
        },
        "(0.29, 0.3]": {
          "Éxito": 0.9752066115702479,
          "Error": 0.024793388429752067
        }
      }
    }
  }
}