{
  "experiment": {
    "name": "res_tcn_se_esc_9",
    "timestamp": "2025-06-22T00:47:54.475387",
    "repeat_index": 0,
    "fold_index": 4
  },
  "effects": {
    "num_taps": {
      "is_categorical": true,
      "bins": null,
      "values": {
        "2": {
          "Éxito": 0.9483319772172498,
          "Error": 0.051668022782750206
        }
      }
    },
    "snr_db": {
      "is_categorical": false,
      "bins": 10,
      "values": {
        "(7.996, 8.4]": {
          "Éxito": 0.9446808510638298,
          "Error": 0.05531914893617021
        },
        "(8.4, 8.8]": {
          "Éxito": 0.9635627530364372,
          "Error": 0.03643724696356275
        },
        "(8.8, 9.2]": {
          "Éxito": 0.9431818181818182,
          "Error": 0.056818181818181816
        },
        "(9.2, 9.6]": {
          "Éxito": 0.9487179487179487,
          "Error": 0.05128205128205128
        },
        "(9.6, 10.0]": {
          "Éxito": 0.9494949494949495,
          "Error": 0.050505050505050504
        },
        "(10.0, 10.4]": {
          "Éxito": 0.9342105263157895,
          "Error": 0.06578947368421052
        },
        "(10.4, 10.8]": {
          "Éxito": 0.9203187250996016,
          "Error": 0.0796812749003984
        },
        "(10.8, 11.2]": {
          "Éxito": 0.9571428571428572,
          "Error": 0.04285714285714286
        },
        "(11.2, 11.6]": {
          "Éxito": 0.9732824427480916,
          "Error": 0.026717557251908396
        },
        "(11.6, 12.0]": {
          "Éxito": 0.9459459459459459,
          "Error": 0.05405405405405406
        }
      }
    },
    "phase_offset": {
      "is_categorical": false,
      "bins": 10,
      "values": {
        "(44.957, 49.496]": {
          "Éxito": 0.9462809917355371,
          "Error": 0.05371900826446281
        },
        "(49.496, 53.991]": {
          "Éxito": 0.959349593495935,
          "Error": 0.04065040650406504
        },
        "(53.991, 58.485]": {
          "Éxito": 0.9409282700421941,
          "Error": 0.05907172995780591
        },
        "(58.485, 62.98]": {
          "Éxito": 0.9529411764705882,
          "Error": 0.047058823529411764
        },
        "(62.98, 67.474]": {
          "Éxito": 0.95,
          "Error": 0.05
        },
        "(67.474, 71.969]": {
          "Éxito": 0.9255813953488372,
          "Error": 0.07441860465116279
        },
        "(71.969, 76.463]": {
          "Éxito": 0.9521739130434783,
          "Error": 0.04782608695652174
        },
        "(76.463, 80.957]": {
          "Éxito": 0.9608540925266904,
          "Error": 0.03914590747330961
        },
        "(80.957, 85.452]": {
          "Éxito": 0.941908713692946,
          "Error": 0.058091286307053944
        },
        "(85.452, 89.946]": {
          "Éxito": 0.9482071713147411,
          "Error": 0.05179282868525897
        }
      }
    },
    "roll_off": {
      "is_categorical": false,
      "bins": 10,
      "values": {
        "(0.2, 0.21]": {
          "Éxito": 0.9594594594594594,
          "Error": 0.04054054054054054
        },
        "(0.21, 0.22]": {
          "Éxito": 0.9432314410480349,
          "Error": 0.056768558951965066
        },
        "(0.22, 0.23]": {
          "Éxito": 0.9391634980988594,
          "Error": 0.060836501901140684
        },
        "(0.23, 0.24]": {
          "Éxito": 0.9487179487179487,
          "Error": 0.05128205128205128
        },
        "(0.24, 0.25]": {
          "Éxito": 0.9409448818897638,
          "Error": 0.05905511811023622
        },
        "(0.25, 0.26]": {
          "Éxito": 0.9673469387755103,
          "Error": 0.0326530612244898
        },
        "(0.26, 0.27]": {
          "Éxito": 0.959349593495935,
          "Error": 0.04065040650406504
        },
        "(0.27, 0.28]": {
          "Éxito": 0.9261992619926199,
          "Error": 0.07380073800738007
        },
        "(0.28, 0.29]": {
          "Éxito": 0.9508196721311475,
          "Error": 0.04918032786885246
        },
        "(0.29, 0.3]": {
          "Éxito": 0.952,
          "Error": 0.048
        }
      }
    }
  }
}