{
  "experiment": {
    "name": "ARQ_1__ESC_5",
    "timestamp": "2025-06-22T15:16:55.613870",
    "repeat_index": 5
  },
  "effects": {
    "num_taps": {
      "is_categorical": true,
      "bins": null,
      "values": {
        "2": {
          "Éxito": 0.9930013020833334,
          "Error": 0.006998697916666667
        }
      }
    },
    "snr_db": {
      "is_categorical": false,
      "bins": 10,
      "values": {
        "(15.997, 16.401]": {
          "Éxito": 0.99836867862969,
          "Error": 0.0016313213703099511
        },
        "(16.401, 16.801]": {
          "Éxito": 0.9873217115689382,
          "Error": 0.012678288431061807
        },
        "(16.801, 17.201]": {
          "Éxito": 0.9884297520661157,
          "Error": 0.011570247933884297
        },
        "(17.201, 17.6]": {
          "Éxito": 0.9872813990461049,
          "Error": 0.012718600953895072
        },
        "(17.6, 18.0]": {
          "Éxito": 0.9937106918238994,
          "Error": 0.006289308176100629
        },
        "(18.0, 18.4]": {
          "Éxito": 0.9967479674796748,
          "Error": 0.0032520325203252032
        },
        "(18.4, 18.8]": {
          "Éxito": 0.9983498349834984,
          "Error": 0.0016501650165016502
        },
        "(18.8, 19.2]": {
          "Éxito": 0.9952305246422893,
          "Error": 0.0047694753577106515
        },
        "(19.2, 19.599]": {
          "Éxito": 0.9932203389830508,
          "Error": 0.006779661016949152
        },
        "(19.599, 19.999]": {
          "Éxito": 0.9915254237288136,
          "Error": 0.00847457627118644
        }
      }
    },
    "phase_offset": {
      "is_categorical": false,
      "bins": 10,
      "values": {
        "(-0.0341, 4.51]": {
          "Éxito": 0.9948542024013722,
          "Error": 0.005145797598627788
        },
        "(4.51, 9.008]": {
          "Éxito": 0.9968051118210862,
          "Error": 0.003194888178913738
        },
        "(9.008, 13.507]": {
          "Éxito": 0.9950738916256158,
          "Error": 0.0049261083743842365
        },
        "(13.507, 18.006]": {
          "Éxito": 0.9952755905511811,
          "Error": 0.004724409448818898
        },
        "(18.006, 22.504]": {
          "Éxito": 0.9887459807073955,
          "Error": 0.011254019292604502
        },
        "(22.504, 27.003]": {
          "Éxito": 0.9967479674796748,
          "Error": 0.0032520325203252032
        },
        "(27.003, 31.502]": {
          "Éxito": 0.985781990521327,
          "Error": 0.014218009478672985
        },
        "(31.502, 36.0]": {
          "Éxito": 0.993431855500821,
          "Error": 0.006568144499178982
        },
        "(36.0, 40.499]": {
          "Éxito": 0.9884105960264901,
          "Error": 0.011589403973509934
        },
        "(40.499, 44.998]": {
          "Éxito": 0.9950657894736842,
          "Error": 0.004934210526315789
        }
      }
    },
    "roll_off": {
      "is_categorical": false,
      "bins": 10,
      "values": {
        "(0.2, 0.21]": {
          "Éxito": 0.9952076677316294,
          "Error": 0.004792332268370607
        },
        "(0.21, 0.22]": {
          "Éxito": 0.9882154882154882,
          "Error": 0.011784511784511785
        },
        "(0.22, 0.23]": {
          "Éxito": 0.9938650306748467,
          "Error": 0.006134969325153374
        },
        "(0.23, 0.24]": {
          "Éxito": 0.9876325088339223,
          "Error": 0.012367491166077738
        },
        "(0.24, 0.25]": {
          "Éxito": 0.9966499162479062,
          "Error": 0.0033500837520938024
        },
        "(0.25, 0.26]": {
          "Éxito": 0.9950083194675541,
          "Error": 0.004991680532445923
        },
        "(0.26, 0.27]": {
          "Éxito": 0.9934747145187602,
          "Error": 0.0065252854812398045
        },
        "(0.27, 0.28]": {
          "Éxito": 0.9938080495356038,
          "Error": 0.006191950464396285
        },
        "(0.28, 0.29]": {
          "Éxito": 0.9948717948717949,
          "Error": 0.005128205128205128
        },
        "(0.29, 0.3]": {
          "Éxito": 0.9909638554216867,
          "Error": 0.009036144578313253
        }
      }
    }
  }
}