{
  "experiment": {
    "name": "ARQ_1__ESC_8",
    "timestamp": "2025-06-22T08:42:07.841002",
    "repeat_index": 3
  },
  "evaluation": {
    "loss": 0.347637802362442,
    "accuracy": 0.8601887822151184
  },
  "classification_report": {
    "bpsk": {
      "precision": 1.0,
      "recall": 1.0,
      "f1-score": 1.0,
      "support": 1024.0
    },
    "qpsk": {
      "precision": 0.9990215264187867,
      "recall": 0.9970703125,
      "f1-score": 0.9980449657869013,
      "support": 1024.0
    },
    "16qam": {
      "precision": 0.8819875776397516,
      "recall": 0.83203125,
      "f1-score": 0.8562814070351757,
      "support": 1024.0
    },
    "32qam cross": {
      "precision": 0.7374631268436578,
      "recall": 0.732421875,
      "f1-score": 0.7349338559529642,
      "support": 1024.0
    },
    "64qam": {
      "precision": 0.8246268656716418,
      "recall": 0.86328125,
      "f1-score": 0.8435114503816794,
      "support": 1024.0
    },
    "128qam cross": {
      "precision": 0.7229146692233941,
      "recall": 0.736328125,
      "f1-score": 0.729559748427673,
      "support": 1024.0
    },
    "accuracy": 0.8601888020833334,
    "macro avg": {
      "precision": 0.8610022942995387,
      "recall": 0.8601888020833334,
      "f1-score": 0.8603885712640656,
      "support": 6144.0
    },
    "weighted avg": {
      "precision": 0.8610022942995387,
      "recall": 0.8601888020833334,
      "f1-score": 0.8603885712640656,
      "support": 6144.0
    }
  }
}