{
  "experiment": {
    "name": "ARQ_1__ESC_1",
    "timestamp": "2025-06-21T12:54:21.162007",
    "repeat_index": 4
  },
  "evaluation": {
    "loss": 0.41971662640571594,
    "accuracy": 0.8190104365348816
  },
  "classification_report": {
    "bpsk": {
      "precision": 1.0,
      "recall": 1.0,
      "f1-score": 1.0,
      "support": 1024.0
    },
    "qpsk": {
      "precision": 0.9980487804878049,
      "recall": 0.9990234375,
      "f1-score": 0.9985358711566618,
      "support": 1024.0
    },
    "16qam": {
      "precision": 0.8368580060422961,
      "recall": 0.8115234375,
      "f1-score": 0.8239960337134359,
      "support": 1024.0
    },
    "32qam cross": {
      "precision": 0.6494736842105263,
      "recall": 0.6025390625,
      "f1-score": 0.6251266464032421,
      "support": 1024.0
    },
    "64qam": {
      "precision": 0.7879924953095685,
      "recall": 0.8203125,
      "f1-score": 0.8038277511961722,
      "support": 1024.0
    },
    "128qam cross": {
      "precision": 0.641804788213628,
      "recall": 0.6806640625,
      "f1-score": 0.6606635071090047,
      "support": 1024.0
    },
    "accuracy": 0.8190104166666666,
    "macro avg": {
      "precision": 0.8190296257106372,
      "recall": 0.8190104166666666,
      "f1-score": 0.8186916349297527,
      "support": 6144.0
    },
    "weighted avg": {
      "precision": 0.8190296257106372,
      "recall": 0.8190104166666666,
      "f1-score": 0.8186916349297527,
      "support": 6144.0
    }
  }
}