{
  "experiment": {
    "name": "cnn_bilstm_attn_esc_9",
    "timestamp": "2025-06-18T21:05:47.686875",
    "repeat_index": 0,
    "fold_index": 0
  },
  "effects": {
    "num_taps": {
      "is_categorical": true,
      "bins": null,
      "values": {
        "2": {
          "Éxito": 0.9365337672904801,
          "Error": 0.06346623270951994
        }
      }
    },
    "snr_db": {
      "is_categorical": false,
      "bins": 10,
      "values": {
        "(7.996, 8.4]": {
          "Éxito": 0.9191489361702128,
          "Error": 0.08085106382978724
        },
        "(8.4, 8.8]": {
          "Éxito": 0.9230769230769231,
          "Error": 0.07692307692307693
        },
        "(8.8, 9.2]": {
          "Éxito": 0.9166666666666666,
          "Error": 0.08333333333333333
        },
        "(9.2, 9.6]": {
          "Éxito": 0.9102564102564102,
          "Error": 0.08974358974358974
        },
        "(9.6, 10.0]": {
          "Éxito": 0.9292929292929293,
          "Error": 0.0707070707070707
        },
        "(10.0, 10.4]": {
          "Éxito": 0.956140350877193,
          "Error": 0.043859649122807015
        },
        "(10.4, 10.8]": {
          "Éxito": 0.9482071713147411,
          "Error": 0.05179282868525897
        },
        "(10.8, 11.2]": {
          "Éxito": 0.9464285714285714,
          "Error": 0.05357142857142857
        },
        "(11.2, 11.6]": {
          "Éxito": 0.950381679389313,
          "Error": 0.04961832061068702
        },
        "(11.6, 12.0]": {
          "Éxito": 0.9613899613899614,
          "Error": 0.03861003861003861
        }
      }
    },
    "phase_offset": {
      "is_categorical": false,
      "bins": 10,
      "values": {
        "(44.957, 49.496]": {
          "Éxito": 0.9173553719008265,
          "Error": 0.08264462809917356
        },
        "(49.496, 53.991]": {
          "Éxito": 0.9308943089430894,
          "Error": 0.06910569105691057
        },
        "(53.991, 58.485]": {
          "Éxito": 0.9409282700421941,
          "Error": 0.05907172995780591
        },
        "(58.485, 62.98]": {
          "Éxito": 0.9254901960784314,
          "Error": 0.07450980392156863
        },
        "(62.98, 67.474]": {
          "Éxito": 0.9307692307692308,
          "Error": 0.06923076923076923
        },
        "(67.474, 71.969]": {
          "Éxito": 0.9395348837209302,
          "Error": 0.06046511627906977
        },
        "(71.969, 76.463]": {
          "Éxito": 0.9521739130434783,
          "Error": 0.04782608695652174
        },
        "(76.463, 80.957]": {
          "Éxito": 0.9537366548042705,
          "Error": 0.046263345195729534
        },
        "(80.957, 85.452]": {
          "Éxito": 0.941908713692946,
          "Error": 0.058091286307053944
        },
        "(85.452, 89.946]": {
          "Éxito": 0.9322709163346613,
          "Error": 0.06772908366533864
        }
      }
    },
    "roll_off": {
      "is_categorical": false,
      "bins": 10,
      "values": {
        "(0.2, 0.21]": {
          "Éxito": 0.9369369369369369,
          "Error": 0.06306306306306306
        },
        "(0.21, 0.22]": {
          "Éxito": 0.9388646288209607,
          "Error": 0.0611353711790393
        },
        "(0.22, 0.23]": {
          "Éxito": 0.973384030418251,
          "Error": 0.026615969581749048
        },
        "(0.23, 0.24]": {
          "Éxito": 0.9316239316239316,
          "Error": 0.06837606837606838
        },
        "(0.24, 0.25]": {
          "Éxito": 0.9488188976377953,
          "Error": 0.051181102362204724
        },
        "(0.25, 0.26]": {
          "Éxito": 0.9428571428571428,
          "Error": 0.05714285714285714
        },
        "(0.26, 0.27]": {
          "Éxito": 0.9349593495934959,
          "Error": 0.06504065040650407
        },
        "(0.27, 0.28]": {
          "Éxito": 0.915129151291513,
          "Error": 0.08487084870848709
        },
        "(0.28, 0.29]": {
          "Éxito": 0.9262295081967213,
          "Error": 0.07377049180327869
        },
        "(0.29, 0.3]": {
          "Éxito": 0.916,
          "Error": 0.084
        }
      }
    }
  }
}