{
  "experiment": {
    "name": "cnn_bilstm_attn_esc_10",
    "timestamp": "2025-06-18T22:07:40.947537",
    "repeat_index": 3,
    "fold_index": 1
  },
  "effects": {
    "num_taps": {
      "is_categorical": true,
      "bins": null,
      "values": {
        "2": {
          "Éxito": 0.9336859235150529,
          "Error": 0.06631407648494711
        }
      }
    },
    "snr_db": {
      "is_categorical": false,
      "bins": 10,
      "values": {
        "(7.997, 8.4]": {
          "Éxito": 0.9115384615384615,
          "Error": 0.08846153846153847
        },
        "(8.4, 8.8]": {
          "Éxito": 0.9285714285714286,
          "Error": 0.07142857142857142
        },
        "(8.8, 9.2]": {
          "Éxito": 0.9044117647058824,
          "Error": 0.09558823529411764
        },
        "(9.2, 9.599]": {
          "Éxito": 0.9372384937238494,
          "Error": 0.06276150627615062
        },
        "(9.599, 9.999]": {
          "Éxito": 0.9418604651162791,
          "Error": 0.05813953488372093
        },
        "(9.999, 10.398]": {
          "Éxito": 0.9375,
          "Error": 0.0625
        },
        "(10.398, 10.798]": {
          "Éxito": 0.9173553719008265,
          "Error": 0.08264462809917356
        },
        "(10.798, 11.198]": {
          "Éxito": 0.9446808510638298,
          "Error": 0.05531914893617021
        },
        "(11.198, 11.597]": {
          "Éxito": 0.9563318777292577,
          "Error": 0.043668122270742356
        },
        "(11.597, 11.997]": {
          "Éxito": 0.9629629629629629,
          "Error": 0.037037037037037035
        }
      }
    },
    "phase_offset": {
      "is_categorical": false,
      "bins": 10,
      "values": {
        "(89.957, 94.5]": {
          "Éxito": 0.928030303030303,
          "Error": 0.07196969696969698
        },
        "(94.5, 98.998]": {
          "Éxito": 0.9539748953974896,
          "Error": 0.04602510460251046
        },
        "(98.998, 103.496]": {
          "Éxito": 0.9288702928870293,
          "Error": 0.07112970711297072
        },
        "(103.496, 107.994]": {
          "Éxito": 0.9251968503937008,
          "Error": 0.07480314960629922
        },
        "(107.994, 112.492]": {
          "Éxito": 0.921875,
          "Error": 0.078125
        },
        "(112.492, 116.99]": {
          "Éxito": 0.9510204081632653,
          "Error": 0.04897959183673469
        },
        "(116.99, 121.488]": {
          "Éxito": 0.8991596638655462,
          "Error": 0.10084033613445378
        },
        "(121.488, 125.986]": {
          "Éxito": 0.948936170212766,
          "Error": 0.05106382978723404
        },
        "(125.986, 130.484]": {
          "Éxito": 0.9490740740740741,
          "Error": 0.05092592592592592
        },
        "(130.484, 134.982]": {
          "Éxito": 0.9338235294117647,
          "Error": 0.0661764705882353
        }
      }
    },
    "roll_off": {
      "is_categorical": false,
      "bins": 10,
      "values": {
        "(0.2, 0.21]": {
          "Éxito": 0.9498069498069498,
          "Error": 0.05019305019305019
        },
        "(0.21, 0.22]": {
          "Éxito": 0.91796875,
          "Error": 0.08203125
        },
        "(0.22, 0.23]": {
          "Éxito": 0.91324200913242,
          "Error": 0.0867579908675799
        },
        "(0.23, 0.24]": {
          "Éxito": 0.9473684210526315,
          "Error": 0.05263157894736842
        },
        "(0.24, 0.25]": {
          "Éxito": 0.9441860465116279,
          "Error": 0.05581395348837209
        },
        "(0.25, 0.26]": {
          "Éxito": 0.9390243902439024,
          "Error": 0.06097560975609756
        },
        "(0.26, 0.27]": {
          "Éxito": 0.9181034482758621,
          "Error": 0.08189655172413793
        },
        "(0.27, 0.28]": {
          "Éxito": 0.9083665338645418,
          "Error": 0.09163346613545817
        },
        "(0.28, 0.29]": {
          "Éxito": 0.9448275862068966,
          "Error": 0.05517241379310345
        },
        "(0.29, 0.3]": {
          "Éxito": 0.9506172839506173,
          "Error": 0.04938271604938271
        }
      }
    }
  }
}