{
  "experiment": {
    "name": "red_carlos_ESC_4",
    "timestamp": "2025-06-18T09:25:27.441963",
    "repeat_index": 2,
    "fold_index": 4
  },
  "effects": {
    "num_taps": {
      "is_categorical": true,
      "bins": null,
      "values": {
        "2": {
          "Éxito": 0.9776240846216436,
          "Error": 0.022375915378356388
        }
      }
    },
    "snr_db": {
      "is_categorical": false,
      "bins": 10,
      "values": {
        "(11.996, 12.4]": {
          "Éxito": 0.9482071713147411,
          "Error": 0.05179282868525897
        },
        "(12.4, 12.8]": {
          "Éxito": 0.9607843137254902,
          "Error": 0.0392156862745098
        },
        "(12.8, 13.2]": {
          "Éxito": 0.9713114754098361,
          "Error": 0.028688524590163935
        },
        "(13.2, 13.6]": {
          "Éxito": 0.986784140969163,
          "Error": 0.013215859030837005
        },
        "(13.6, 14.0]": {
          "Éxito": 0.9789915966386554,
          "Error": 0.02100840336134454
        },
        "(14.0, 14.4]": {
          "Éxito": 0.9798387096774194,
          "Error": 0.020161290322580645
        },
        "(14.4, 14.799]": {
          "Éxito": 0.9798387096774194,
          "Error": 0.020161290322580645
        },
        "(14.799, 15.199]": {
          "Éxito": 0.9924242424242424,
          "Error": 0.007575757575757576
        },
        "(15.199, 15.599]": {
          "Éxito": 0.9957627118644068,
          "Error": 0.00423728813559322
        },
        "(15.599, 15.999]": {
          "Éxito": 0.9838056680161943,
          "Error": 0.016194331983805668
        }
      }
    },
    "phase_offset": {
      "is_categorical": false,
      "bins": 10,
      "values": {
        "(-0.0272, 4.515]": {
          "Éxito": 0.981203007518797,
          "Error": 0.018796992481203006
        },
        "(4.515, 9.012]": {
          "Éxito": 0.9823788546255506,
          "Error": 0.01762114537444934
        },
        "(9.012, 13.51]": {
          "Éxito": 0.9738805970149254,
          "Error": 0.026119402985074626
        },
        "(13.51, 18.007]": {
          "Éxito": 0.9829787234042553,
          "Error": 0.01702127659574468
        },
        "(18.007, 22.504]": {
          "Éxito": 0.9678899082568807,
          "Error": 0.03211009174311927
        },
        "(22.504, 27.001]": {
          "Éxito": 0.9829787234042553,
          "Error": 0.01702127659574468
        },
        "(27.001, 31.499]": {
          "Éxito": 0.9827586206896551,
          "Error": 0.017241379310344827
        },
        "(31.499, 35.996]": {
          "Éxito": 0.9664179104477612,
          "Error": 0.033582089552238806
        },
        "(35.996, 40.493]": {
          "Éxito": 0.98,
          "Error": 0.02
        },
        "(40.493, 44.991]": {
          "Éxito": 0.9768339768339769,
          "Error": 0.023166023166023165
        }
      }
    },
    "roll_off": {
      "is_categorical": false,
      "bins": 10,
      "values": {
        "(0.2, 0.21]": {
          "Éxito": 0.9581749049429658,
          "Error": 0.04182509505703422
        },
        "(0.21, 0.22]": {
          "Éxito": 0.9715447154471545,
          "Error": 0.028455284552845527
        },
        "(0.22, 0.23]": {
          "Éxito": 0.9853658536585366,
          "Error": 0.014634146341463415
        },
        "(0.23, 0.24]": {
          "Éxito": 0.9701492537313433,
          "Error": 0.029850746268656716
        },
        "(0.24, 0.25]": {
          "Éxito": 0.9886792452830189,
          "Error": 0.011320754716981131
        },
        "(0.25, 0.26]": {
          "Éxito": 0.9832635983263598,
          "Error": 0.016736401673640166
        },
        "(0.26, 0.27]": {
          "Éxito": 0.9765625,
          "Error": 0.0234375
        },
        "(0.27, 0.28]": {
          "Éxito": 0.9826086956521739,
          "Error": 0.017391304347826087
        },
        "(0.28, 0.29]": {
          "Éxito": 0.9914893617021276,
          "Error": 0.00851063829787234
        },
        "(0.29, 0.3]": {
          "Éxito": 0.9721115537848606,
          "Error": 0.027888446215139442
        }
      }
    }
  }
}