{
  "experiment": {
    "name": "ARQ_1__ESC_10",
    "timestamp": "2025-06-22T19:10:28.888401",
    "repeat_index": 4
  },
  "evaluation": {
    "loss": 0.08887463063001633,
    "accuracy": 0.9793294072151184
  },
  "classification_report": {
    "bpsk": {
      "precision": 1.0,
      "recall": 1.0,
      "f1-score": 1.0,
      "support": 1024.0
    },
    "qpsk": {
      "precision": 1.0,
      "recall": 1.0,
      "f1-score": 1.0,
      "support": 1024.0
    },
    "16qam": {
      "precision": 0.99317738791423,
      "recall": 0.9951171875,
      "f1-score": 0.9941463414634146,
      "support": 1024.0
    },
    "32qam cross": {
      "precision": 0.9366602687140115,
      "recall": 0.953125,
      "f1-score": 0.9448209099709584,
      "support": 1024.0
    },
    "64qam": {
      "precision": 0.9950980392156863,
      "recall": 0.9912109375,
      "f1-score": 0.9931506849315068,
      "support": 1024.0
    },
    "128qam cross": {
      "precision": 0.9513888888888888,
      "recall": 0.9365234375,
      "f1-score": 0.9438976377952755,
      "support": 1024.0
    },
    "accuracy": 0.9793294270833334,
    "macro avg": {
      "precision": 0.9793874307888029,
      "recall": 0.9793294270833334,
      "f1-score": 0.9793359290268592,
      "support": 6144.0
    },
    "weighted avg": {
      "precision": 0.9793874307888029,
      "recall": 0.9793294270833334,
      "f1-score": 0.9793359290268592,
      "support": 6144.0
    }
  }
}