{
  "experiment": {
    "name": "ARQ_1__ESC_10",
    "timestamp": "2025-06-22T19:10:30.971629",
    "repeat_index": 4
  },
  "effects": {
    "num_taps": {
      "is_categorical": true,
      "bins": null,
      "values": {
        "2": {
          "Éxito": 0.9793294270833334,
          "Error": 0.020670572916666668
        }
      }
    },
    "snr_db": {
      "is_categorical": false,
      "bins": 10,
      "values": {
        "(7.997, 8.401]": {
          "Éxito": 0.9580093312597201,
          "Error": 0.041990668740279936
        },
        "(8.401, 8.801]": {
          "Éxito": 0.9630931458699473,
          "Error": 0.03690685413005272
        },
        "(8.801, 9.201]": {
          "Éxito": 0.9790996784565916,
          "Error": 0.02090032154340836
        },
        "(9.201, 9.6]": {
          "Éxito": 0.9792,
          "Error": 0.0208
        },
        "(9.6, 10.0]": {
          "Éxito": 0.9840764331210191,
          "Error": 0.01592356687898089
        },
        "(10.0, 10.4]": {
          "Éxito": 0.9796264855687606,
          "Error": 0.02037351443123939
        },
        "(10.4, 10.8]": {
          "Éxito": 0.9887820512820513,
          "Error": 0.011217948717948718
        },
        "(10.8, 11.2]": {
          "Éxito": 0.988976377952756,
          "Error": 0.011023622047244094
        },
        "(11.2, 11.6]": {
          "Éxito": 0.9837133550488599,
          "Error": 0.016286644951140065
        },
        "(11.6, 11.999]": {
          "Éxito": 0.9882352941176471,
          "Error": 0.011764705882352941
        }
      }
    },
    "phase_offset": {
      "is_categorical": false,
      "bins": 10,
      "values": {
        "(89.957, 94.5]": {
          "Éxito": 0.9790996784565916,
          "Error": 0.02090032154340836
        },
        "(94.5, 98.998]": {
          "Éxito": 0.9762658227848101,
          "Error": 0.023734177215189875
        },
        "(98.998, 103.496]": {
          "Éxito": 0.9743589743589743,
          "Error": 0.02564102564102564
        },
        "(103.496, 107.994]": {
          "Éxito": 0.9854838709677419,
          "Error": 0.014516129032258065
        },
        "(107.994, 112.492]": {
          "Éxito": 0.9770491803278688,
          "Error": 0.022950819672131147
        },
        "(112.492, 116.99]": {
          "Éxito": 0.983249581239531,
          "Error": 0.01675041876046901
        },
        "(116.99, 121.488]": {
          "Éxito": 0.9795275590551181,
          "Error": 0.02047244094488189
        },
        "(121.488, 125.986]": {
          "Éxito": 0.9748031496062992,
          "Error": 0.025196850393700787
        },
        "(125.986, 130.483]": {
          "Éxito": 0.9849749582637729,
          "Error": 0.015025041736227046
        },
        "(130.483, 134.981]": {
          "Éxito": 0.9789473684210527,
          "Error": 0.021052631578947368
        }
      }
    },
    "roll_off": {
      "is_categorical": false,
      "bins": 10,
      "values": {
        "(0.2, 0.21]": {
          "Éxito": 0.9715242881072027,
          "Error": 0.02847571189279732
        },
        "(0.21, 0.22]": {
          "Éxito": 0.9763779527559056,
          "Error": 0.023622047244094488
        },
        "(0.22, 0.23]": {
          "Éxito": 0.9759450171821306,
          "Error": 0.024054982817869417
        },
        "(0.23, 0.24]": {
          "Éxito": 0.9706896551724138,
          "Error": 0.029310344827586206
        },
        "(0.24, 0.25]": {
          "Éxito": 0.9778830963665087,
          "Error": 0.022116903633491312
        },
        "(0.25, 0.26]": {
          "Éxito": 0.977810650887574,
          "Error": 0.022189349112426034
        },
        "(0.26, 0.27]": {
          "Éxito": 0.9898132427843803,
          "Error": 0.010186757215619695
        },
        "(0.27, 0.28]": {
          "Éxito": 0.9852700490998363,
          "Error": 0.014729950900163666
        },
        "(0.28, 0.29]": {
          "Éxito": 0.9792,
          "Error": 0.0208
        },
        "(0.29, 0.3]": {
          "Éxito": 0.9886363636363636,
          "Error": 0.011363636363636364
        }
      }
    }
  }
}