{
  "experiment": {
    "name": "ARQ_2__ESC_2",
    "timestamp": "2025-06-19T09:23:30.100434",
    "repeat_index": 0
  },
  "effects": {
    "num_taps": {
      "is_categorical": true,
      "bins": null,
      "values": {
        "2": {
          "Éxito": 0.9112955729166666,
          "Error": 0.08870442708333333
        }
      }
    },
    "snr_db": {
      "is_categorical": false,
      "bins": 10,
      "values": {
        "(3.998, 4.402]": {
          "Éxito": 0.9018987341772152,
          "Error": 0.0981012658227848
        },
        "(4.402, 4.801]": {
          "Éxito": 0.8801916932907349,
          "Error": 0.11980830670926518
        },
        "(4.801, 5.201]": {
          "Éxito": 0.8939641109298532,
          "Error": 0.10603588907014681
        },
        "(5.201, 5.601]": {
          "Éxito": 0.8998410174880763,
          "Error": 0.10015898251192369
        },
        "(5.601, 6.001]": {
          "Éxito": 0.9069020866773676,
          "Error": 0.09309791332263243
        },
        "(6.001, 6.4]": {
          "Éxito": 0.9028006589785832,
          "Error": 0.09719934102141681
        },
        "(6.4, 6.8]": {
          "Éxito": 0.919104991394148,
          "Error": 0.08089500860585198
        },
        "(6.8, 7.2]": {
          "Éxito": 0.9354838709677419,
          "Error": 0.06451612903225806
        },
        "(7.2, 7.6]": {
          "Éxito": 0.9318181818181818,
          "Error": 0.06818181818181818
        },
        "(7.6, 7.999]": {
          "Éxito": 0.9430485762144054,
          "Error": 0.05695142378559464
        }
      }
    },
    "phase_offset": {
      "is_categorical": false,
      "bins": 10,
      "values": {
        "(-0.0413, 4.503]": {
          "Éxito": 0.9071661237785016,
          "Error": 0.09283387622149837
        },
        "(4.503, 9.003]": {
          "Éxito": 0.9170653907496013,
          "Error": 0.08293460925039872
        },
        "(9.003, 13.502]": {
          "Éxito": 0.8947368421052632,
          "Error": 0.10526315789473684
        },
        "(13.502, 18.002]": {
          "Éxito": 0.9079159935379645,
          "Error": 0.09208400646203554
        },
        "(18.002, 22.501]": {
          "Éxito": 0.9016393442622951,
          "Error": 0.09836065573770492
        },
        "(22.501, 27.001]": {
          "Éxito": 0.9092382495948136,
          "Error": 0.09076175040518639
        },
        "(27.001, 31.5]": {
          "Éxito": 0.9298245614035088,
          "Error": 0.07017543859649122
        },
        "(31.5, 36.0]": {
          "Éxito": 0.9248366013071896,
          "Error": 0.07516339869281045
        },
        "(36.0, 40.499]": {
          "Éxito": 0.910828025477707,
          "Error": 0.08917197452229299
        },
        "(40.499, 44.999]": {
          "Éxito": 0.908485856905158,
          "Error": 0.09151414309484193
        }
      }
    },
    "roll_off": {
      "is_categorical": false,
      "bins": 10,
      "values": {
        "(0.2, 0.21]": {
          "Éxito": 0.8991596638655462,
          "Error": 0.10084033613445378
        },
        "(0.21, 0.22]": {
          "Éxito": 0.8978583196046128,
          "Error": 0.10214168039538715
        },
        "(0.22, 0.23]": {
          "Éxito": 0.9090909090909091,
          "Error": 0.09090909090909091
        },
        "(0.23, 0.24]": {
          "Éxito": 0.8993808049535603,
          "Error": 0.10061919504643962
        },
        "(0.24, 0.25]": {
          "Éxito": 0.9324116743471582,
          "Error": 0.06758832565284179
        },
        "(0.25, 0.26]": {
          "Éxito": 0.913767019667171,
          "Error": 0.08623298033282904
        },
        "(0.26, 0.27]": {
          "Éxito": 0.9136807817589576,
          "Error": 0.08631921824104234
        },
        "(0.27, 0.28]": {
          "Éxito": 0.9276315789473685,
          "Error": 0.07236842105263158
        },
        "(0.28, 0.29]": {
          "Éxito": 0.9086460032626428,
          "Error": 0.09135399673735727
        },
        "(0.29, 0.3]": {
          "Éxito": 0.9098639455782312,
          "Error": 0.09013605442176871
        }
      }
    }
  }
}