{
  "experiment": {
    "name": "res_tcn_se_esc_2",
    "timestamp": "2025-06-21T03:51:03.755068",
    "repeat_index": 3,
    "fold_index": 0
  },
  "effects": {
    "num_taps": {
      "is_categorical": true,
      "bins": null,
      "values": {
        "2": {
          "Éxito": 0.8563873067534581,
          "Error": 0.1436126932465419
        }
      }
    },
    "snr_db": {
      "is_categorical": false,
      "bins": 10,
      "values": {
        "(3.996, 4.4]": {
          "Éxito": 0.8452380952380952,
          "Error": 0.15476190476190477
        },
        "(4.4, 4.8]": {
          "Éxito": 0.8423076923076923,
          "Error": 0.1576923076923077
        },
        "(4.8, 5.2]": {
          "Éxito": 0.8395522388059702,
          "Error": 0.16044776119402984
        },
        "(5.2, 5.6]": {
          "Éxito": 0.8217391304347826,
          "Error": 0.1782608695652174
        },
        "(5.6, 6.0]": {
          "Éxito": 0.8455284552845529,
          "Error": 0.15447154471544716
        },
        "(6.0, 6.4]": {
          "Éxito": 0.8311111111111111,
          "Error": 0.1688888888888889
        },
        "(6.4, 6.8]": {
          "Éxito": 0.8861788617886179,
          "Error": 0.11382113821138211
        },
        "(6.8, 7.2]": {
          "Éxito": 0.8864628820960698,
          "Error": 0.11353711790393013
        },
        "(7.2, 7.6]": {
          "Éxito": 0.88,
          "Error": 0.12
        },
        "(7.6, 7.999]": {
          "Éxito": 0.8849206349206349,
          "Error": 0.11507936507936507
        }
      }
    },
    "phase_offset": {
      "is_categorical": false,
      "bins": 10,
      "values": {
        "(-0.0429, 4.499]": {
          "Éxito": 0.8590308370044053,
          "Error": 0.14096916299559473
        },
        "(4.499, 8.996]": {
          "Éxito": 0.8838174273858921,
          "Error": 0.11618257261410789
        },
        "(8.996, 13.493]": {
          "Éxito": 0.8571428571428571,
          "Error": 0.14285714285714285
        },
        "(13.493, 17.99]": {
          "Éxito": 0.8514056224899599,
          "Error": 0.14859437751004015
        },
        "(17.99, 22.486]": {
          "Éxito": 0.8571428571428571,
          "Error": 0.14285714285714285
        },
        "(22.486, 26.983]": {
          "Éxito": 0.8577235772357723,
          "Error": 0.14227642276422764
        },
        "(26.983, 31.48]": {
          "Éxito": 0.8704453441295547,
          "Error": 0.12955465587044535
        },
        "(31.48, 35.977]": {
          "Éxito": 0.8390804597701149,
          "Error": 0.16091954022988506
        },
        "(35.977, 40.474]": {
          "Éxito": 0.8553719008264463,
          "Error": 0.1446280991735537
        },
        "(40.474, 44.971]": {
          "Éxito": 0.8346774193548387,
          "Error": 0.16532258064516128
        }
      }
    },
    "roll_off": {
      "is_categorical": false,
      "bins": 10,
      "values": {
        "(0.2, 0.21]": {
          "Éxito": 0.8064516129032258,
          "Error": 0.1935483870967742
        },
        "(0.21, 0.22]": {
          "Éxito": 0.8650793650793651,
          "Error": 0.1349206349206349
        },
        "(0.22, 0.23]": {
          "Éxito": 0.8724279835390947,
          "Error": 0.12757201646090535
        },
        "(0.23, 0.24]": {
          "Éxito": 0.857707509881423,
          "Error": 0.1422924901185771
        },
        "(0.24, 0.25]": {
          "Éxito": 0.8623481781376519,
          "Error": 0.13765182186234817
        },
        "(0.25, 0.26]": {
          "Éxito": 0.857707509881423,
          "Error": 0.1422924901185771
        },
        "(0.26, 0.27]": {
          "Éxito": 0.8571428571428571,
          "Error": 0.14285714285714285
        },
        "(0.27, 0.28]": {
          "Éxito": 0.8482490272373541,
          "Error": 0.1517509727626459
        },
        "(0.28, 0.29]": {
          "Éxito": 0.8938775510204081,
          "Error": 0.10612244897959183
        },
        "(0.29, 0.3]": {
          "Éxito": 0.8423423423423423,
          "Error": 0.15765765765765766
        }
      }
    }
  }
}