{
  "experiment": {
    "name": "ARQ_1__ESC_6",
    "timestamp": "2025-06-22T22:36:42.350358",
    "repeat_index": 2
  },
  "effects": {
    "num_taps": {
      "is_categorical": true,
      "bins": null,
      "values": {
        "1": {
          "Éxito": 0.9931640625,
          "Error": 0.0068359375
        }
      }
    },
    "snr_db": {
      "is_categorical": false,
      "bins": 10,
      "values": {
        "(7.996, 8.4]": {
          "Éxito": 0.9828660436137072,
          "Error": 0.017133956386292833
        },
        "(8.4, 8.8]": {
          "Éxito": 0.9904912836767037,
          "Error": 0.009508716323296355
        },
        "(8.8, 9.2]": {
          "Éxito": 0.9899497487437185,
          "Error": 0.010050251256281407
        },
        "(9.2, 9.6]": {
          "Éxito": 0.991869918699187,
          "Error": 0.008130081300813009
        },
        "(9.6, 10.0]": {
          "Éxito": 0.9914821124361158,
          "Error": 0.008517887563884156
        },
        "(10.0, 10.4]": {
          "Éxito": 0.998330550918197,
          "Error": 0.001669449081803005
        },
        "(10.4, 10.8]": {
          "Éxito": 0.9966666666666667,
          "Error": 0.0033333333333333335
        },
        "(10.8, 11.2]": {
          "Éxito": 0.9920127795527156,
          "Error": 0.007987220447284345
        },
        "(11.2, 11.6]": {
          "Éxito": 1.0,
          "Error": 0.0
        },
        "(11.6, 12.0]": {
          "Éxito": 0.9983948635634029,
          "Error": 0.0016051364365971107
        }
      }
    },
    "phase_offset": {
      "is_categorical": false,
      "bins": 10,
      "values": {
        "(-0.0425, 4.502]": {
          "Éxito": 0.9857369255150554,
          "Error": 0.014263074484944533
        },
        "(4.502, 9.002]": {
          "Éxito": 0.9967479674796748,
          "Error": 0.0032520325203252032
        },
        "(9.002, 13.501]": {
          "Éxito": 0.9922600619195047,
          "Error": 0.007739938080495356
        },
        "(13.501, 18.001]": {
          "Éxito": 0.9965635738831615,
          "Error": 0.003436426116838488
        },
        "(18.001, 22.501]": {
          "Éxito": 0.993431855500821,
          "Error": 0.006568144499178982
        },
        "(22.501, 27.0]": {
          "Éxito": 0.9967479674796748,
          "Error": 0.0032520325203252032
        },
        "(27.0, 31.5]": {
          "Éxito": 0.9954128440366973,
          "Error": 0.0045871559633027525
        },
        "(31.5, 35.999]": {
          "Éxito": 0.988391376451078,
          "Error": 0.011608623548922056
        },
        "(35.999, 40.499]": {
          "Éxito": 0.9915966386554622,
          "Error": 0.008403361344537815
        },
        "(40.499, 44.999]": {
          "Éxito": 0.9949494949494949,
          "Error": 0.005050505050505051
        }
      }
    },
    "roll_off": {
      "is_categorical": false,
      "bins": 10,
      "values": {
        "(0.2, 0.21]": {
          "Éxito": 0.9934959349593496,
          "Error": 0.0065040650406504065
        },
        "(0.21, 0.22]": {
          "Éxito": 0.9950166112956811,
          "Error": 0.0049833887043189366
        },
        "(0.22, 0.23]": {
          "Éxito": 0.9888535031847133,
          "Error": 0.011146496815286623
        },
        "(0.23, 0.24]": {
          "Éxito": 0.9925705794947994,
          "Error": 0.007429420505200594
        },
        "(0.24, 0.25]": {
          "Éxito": 0.9917627677100495,
          "Error": 0.008237232289950576
        },
        "(0.25, 0.26]": {
          "Éxito": 0.9935483870967742,
          "Error": 0.0064516129032258064
        },
        "(0.26, 0.27]": {
          "Éxito": 0.9933333333333333,
          "Error": 0.006666666666666667
        },
        "(0.27, 0.28]": {
          "Éxito": 0.989492119089317,
          "Error": 0.010507880910683012
        },
        "(0.28, 0.29]": {
          "Éxito": 0.993485342019544,
          "Error": 0.006514657980456026
        },
        "(0.29, 0.3]": {
          "Éxito": 1.0,
          "Error": 0.0
        }
      }
    }
  }
}