{
  "experiment": {
    "name": "cnn_bilstm_attn_esc_5",
    "timestamp": "2025-06-23T04:42:08.827210",
    "repeat_index": 2,
    "fold_index": 2
  },
  "effects": {
    "num_taps": {
      "is_categorical": true,
      "bins": null,
      "values": {
        "2": {
          "Éxito": 0.9914564686737185,
          "Error": 0.00854353132628153
        }
      }
    },
    "snr_db": {
      "is_categorical": false,
      "bins": 10,
      "values": {
        "(15.996, 16.4]": {
          "Éxito": 0.991869918699187,
          "Error": 0.008130081300813009
        },
        "(16.4, 16.8]": {
          "Éxito": 0.9913419913419913,
          "Error": 0.008658008658008658
        },
        "(16.8, 17.2]": {
          "Éxito": 0.9875518672199171,
          "Error": 0.012448132780082987
        },
        "(17.2, 17.6]": {
          "Éxito": 0.9959514170040485,
          "Error": 0.004048582995951417
        },
        "(17.6, 18.0]": {
          "Éxito": 0.9954954954954955,
          "Error": 0.0045045045045045045
        },
        "(18.0, 18.4]": {
          "Éxito": 0.9841897233201581,
          "Error": 0.015810276679841896
        },
        "(18.4, 18.799]": {
          "Éxito": 1.0,
          "Error": 0.0
        },
        "(18.799, 19.199]": {
          "Éxito": 0.993103448275862,
          "Error": 0.006896551724137931
        },
        "(19.199, 19.599]": {
          "Éxito": 0.9833333333333333,
          "Error": 0.016666666666666666
        },
        "(19.599, 19.999]": {
          "Éxito": 0.990990990990991,
          "Error": 0.009009009009009009
        }
      }
    },
    "phase_offset": {
      "is_categorical": false,
      "bins": 10,
      "values": {
        "(-0.0217, 4.518]": {
          "Éxito": 0.9880952380952381,
          "Error": 0.011904761904761904
        },
        "(4.518, 9.013]": {
          "Éxito": 0.9915254237288136,
          "Error": 0.00847457627118644
        },
        "(9.013, 13.507]": {
          "Éxito": 0.9914529914529915,
          "Error": 0.008547008547008548
        },
        "(13.507, 18.002]": {
          "Éxito": 0.996031746031746,
          "Error": 0.003968253968253968
        },
        "(18.002, 22.497]": {
          "Éxito": 0.9915611814345991,
          "Error": 0.008438818565400843
        },
        "(22.497, 26.991]": {
          "Éxito": 0.9919678714859438,
          "Error": 0.008032128514056224
        },
        "(26.991, 31.486]": {
          "Éxito": 0.9961538461538462,
          "Error": 0.0038461538461538464
        },
        "(31.486, 35.981]": {
          "Éxito": 0.9960474308300395,
          "Error": 0.003952569169960474
        },
        "(35.981, 40.475]": {
          "Éxito": 0.9875518672199171,
          "Error": 0.012448132780082987
        },
        "(40.475, 44.97]": {
          "Éxito": 0.9836065573770492,
          "Error": 0.01639344262295082
        }
      }
    },
    "roll_off": {
      "is_categorical": false,
      "bins": 10,
      "values": {
        "(0.2, 0.21]": {
          "Éxito": 0.9883268482490273,
          "Error": 0.011673151750972763
        },
        "(0.21, 0.22]": {
          "Éxito": 0.9962264150943396,
          "Error": 0.0037735849056603774
        },
        "(0.22, 0.23]": {
          "Éxito": 0.9775784753363229,
          "Error": 0.02242152466367713
        },
        "(0.23, 0.24]": {
          "Éxito": 0.9880952380952381,
          "Error": 0.011904761904761904
        },
        "(0.24, 0.25]": {
          "Éxito": 0.9883720930232558,
          "Error": 0.011627906976744186
        },
        "(0.25, 0.26]": {
          "Éxito": 0.9910714285714286,
          "Error": 0.008928571428571428
        },
        "(0.26, 0.27]": {
          "Éxito": 0.991304347826087,
          "Error": 0.008695652173913044
        },
        "(0.27, 0.28]": {
          "Éxito": 1.0,
          "Error": 0.0
        },
        "(0.28, 0.29]": {
          "Éxito": 1.0,
          "Error": 0.0
        },
        "(0.29, 0.3]": {
          "Éxito": 0.9918032786885246,
          "Error": 0.00819672131147541
        }
      }
    }
  }
}