{
  "experiment": {
    "name": "ARQ_3__ESC_6",
    "timestamp": "2025-06-19T15:20:33.815436",
    "repeat_index": 4
  },
  "effects": {
    "num_taps": {
      "is_categorical": true,
      "bins": null,
      "values": {
        "1": {
          "Éxito": 0.9881184895833334,
          "Error": 0.011881510416666666
        }
      }
    },
    "snr_db": {
      "is_categorical": false,
      "bins": 10,
      "values": {
        "(7.996, 8.4]": {
          "Éxito": 0.9750778816199377,
          "Error": 0.024922118380062305
        },
        "(8.4, 8.8]": {
          "Éxito": 0.9762282091917591,
          "Error": 0.02377179080824089
        },
        "(8.8, 9.2]": {
          "Éxito": 0.9865996649916248,
          "Error": 0.01340033500837521
        },
        "(9.2, 9.6]": {
          "Éxito": 0.9902439024390244,
          "Error": 0.00975609756097561
        },
        "(9.6, 10.0]": {
          "Éxito": 0.9863713798977853,
          "Error": 0.013628620102214651
        },
        "(10.0, 10.4]": {
          "Éxito": 0.991652754590985,
          "Error": 0.008347245409015025
        },
        "(10.4, 10.8]": {
          "Éxito": 0.9966666666666667,
          "Error": 0.0033333333333333335
        },
        "(10.8, 11.2]": {
          "Éxito": 0.9856230031948882,
          "Error": 0.01437699680511182
        },
        "(11.2, 11.6]": {
          "Éxito": 0.9983974358974359,
          "Error": 0.0016025641025641025
        },
        "(11.6, 12.0]": {
          "Éxito": 0.9951845906902087,
          "Error": 0.004815409309791332
        }
      }
    },
    "phase_offset": {
      "is_categorical": false,
      "bins": 10,
      "values": {
        "(-0.0425, 4.502]": {
          "Éxito": 0.9841521394611727,
          "Error": 0.01584786053882726
        },
        "(4.502, 9.002]": {
          "Éxito": 0.9886178861788618,
          "Error": 0.011382113821138212
        },
        "(9.002, 13.501]": {
          "Éxito": 0.9845201238390093,
          "Error": 0.015479876160990712
        },
        "(13.501, 18.001]": {
          "Éxito": 0.9879725085910653,
          "Error": 0.012027491408934709
        },
        "(18.001, 22.501]": {
          "Éxito": 0.993431855500821,
          "Error": 0.006568144499178982
        },
        "(22.501, 27.0]": {
          "Éxito": 0.9951219512195122,
          "Error": 0.004878048780487805
        },
        "(27.0, 31.5]": {
          "Éxito": 0.9892966360856269,
          "Error": 0.010703363914373088
        },
        "(31.5, 35.999]": {
          "Éxito": 0.9900497512437811,
          "Error": 0.009950248756218905
        },
        "(35.999, 40.499]": {
          "Éxito": 0.9915966386554622,
          "Error": 0.008403361344537815
        },
        "(40.499, 44.999]": {
          "Éxito": 0.9764309764309764,
          "Error": 0.02356902356902357
        }
      }
    },
    "roll_off": {
      "is_categorical": false,
      "bins": 10,
      "values": {
        "(0.2, 0.21]": {
          "Éxito": 0.9853658536585366,
          "Error": 0.014634146341463415
        },
        "(0.21, 0.22]": {
          "Éxito": 0.9883720930232558,
          "Error": 0.011627906976744186
        },
        "(0.22, 0.23]": {
          "Éxito": 0.9888535031847133,
          "Error": 0.011146496815286623
        },
        "(0.23, 0.24]": {
          "Éxito": 0.9881129271916791,
          "Error": 0.01188707280832095
        },
        "(0.24, 0.25]": {
          "Éxito": 0.985172981878089,
          "Error": 0.014827018121911038
        },
        "(0.25, 0.26]": {
          "Éxito": 0.9870967741935484,
          "Error": 0.012903225806451613
        },
        "(0.26, 0.27]": {
          "Éxito": 0.9833333333333333,
          "Error": 0.016666666666666666
        },
        "(0.27, 0.28]": {
          "Éxito": 0.9947460595446584,
          "Error": 0.005253940455341506
        },
        "(0.28, 0.29]": {
          "Éxito": 0.988599348534202,
          "Error": 0.011400651465798045
        },
        "(0.29, 0.3]": {
          "Éxito": 0.99185667752443,
          "Error": 0.008143322475570033
        }
      }
    }
  }
}