{
  "experiment": {
    "name": "res_tcn_se_esc_7",
    "timestamp": "2025-06-21T09:59:04.308805",
    "repeat_index": 3,
    "fold_index": 0
  },
  "effects": {
    "num_taps": {
      "is_categorical": true,
      "bins": null,
      "values": {
        "4": {
          "Éxito": 0.8840520748576078,
          "Error": 0.11594792514239219
        }
      }
    },
    "snr_db": {
      "is_categorical": false,
      "bins": 10,
      "values": {
        "(7.996, 8.4]": {
          "Éxito": 0.8735177865612648,
          "Error": 0.12648221343873517
        },
        "(8.4, 8.8]": {
          "Éxito": 0.8853754940711462,
          "Error": 0.11462450592885376
        },
        "(8.8, 9.2]": {
          "Éxito": 0.8888888888888888,
          "Error": 0.1111111111111111
        },
        "(9.2, 9.599]": {
          "Éxito": 0.8956521739130435,
          "Error": 0.10434782608695652
        },
        "(9.599, 9.999]": {
          "Éxito": 0.8860759493670886,
          "Error": 0.11392405063291139
        },
        "(9.999, 10.399]": {
          "Éxito": 0.8326530612244898,
          "Error": 0.1673469387755102
        },
        "(10.399, 10.799]": {
          "Éxito": 0.8909774436090225,
          "Error": 0.10902255639097744
        },
        "(10.799, 11.199]": {
          "Éxito": 0.9007936507936508,
          "Error": 0.0992063492063492
        },
        "(11.199, 11.598]": {
          "Éxito": 0.902542372881356,
          "Error": 0.09745762711864407
        },
        "(11.598, 11.998]": {
          "Éxito": 0.8846153846153846,
          "Error": 0.11538461538461539
        }
      }
    },
    "phase_offset": {
      "is_categorical": false,
      "bins": 10,
      "values": {
        "(-0.0376, 4.505]": {
          "Éxito": 0.8502202643171806,
          "Error": 0.14977973568281938
        },
        "(4.505, 9.003]": {
          "Éxito": 0.8849206349206349,
          "Error": 0.11507936507936507
        },
        "(9.003, 13.501]": {
          "Éxito": 0.9047619047619048,
          "Error": 0.09523809523809523
        },
        "(13.501, 17.999]": {
          "Éxito": 0.8938775510204081,
          "Error": 0.10612244897959183
        },
        "(17.999, 22.497]": {
          "Éxito": 0.8883928571428571,
          "Error": 0.11160714285714286
        },
        "(22.497, 26.995]": {
          "Éxito": 0.859375,
          "Error": 0.140625
        },
        "(26.995, 31.492]": {
          "Éxito": 0.8893280632411067,
          "Error": 0.11067193675889328
        },
        "(31.492, 35.99]": {
          "Éxito": 0.9071729957805907,
          "Error": 0.09282700421940929
        },
        "(35.99, 40.488]": {
          "Éxito": 0.8785425101214575,
          "Error": 0.1214574898785425
        },
        "(40.488, 44.986]": {
          "Éxito": 0.8830188679245283,
          "Error": 0.1169811320754717
        }
      }
    },
    "roll_off": {
      "is_categorical": false,
      "bins": 10,
      "values": {
        "(0.2, 0.21]": {
          "Éxito": 0.8725868725868726,
          "Error": 0.1274131274131274
        },
        "(0.21, 0.22]": {
          "Éxito": 0.8765957446808511,
          "Error": 0.12340425531914893
        },
        "(0.22, 0.23]": {
          "Éxito": 0.8966942148760331,
          "Error": 0.10330578512396695
        },
        "(0.23, 0.24]": {
          "Éxito": 0.8866396761133604,
          "Error": 0.11336032388663968
        },
        "(0.24, 0.25]": {
          "Éxito": 0.8779527559055118,
          "Error": 0.1220472440944882
        },
        "(0.25, 0.26]": {
          "Éxito": 0.9153225806451613,
          "Error": 0.0846774193548387
        },
        "(0.26, 0.27]": {
          "Éxito": 0.881578947368421,
          "Error": 0.11842105263157894
        },
        "(0.27, 0.28]": {
          "Éxito": 0.8902439024390244,
          "Error": 0.10975609756097561
        },
        "(0.28, 0.29]": {
          "Éxito": 0.8740458015267175,
          "Error": 0.12595419847328243
        },
        "(0.29, 0.3]": {
          "Éxito": 0.869198312236287,
          "Error": 0.1308016877637131
        }
      }
    }
  }
}