{
  "experiment": {
    "name": "cnn_bilstm_attn_esc_5",
    "timestamp": "2025-06-23T07:03:12.573137",
    "repeat_index": 3,
    "fold_index": 2
  },
  "effects": {
    "num_taps": {
      "is_categorical": true,
      "bins": null,
      "values": {
        "2": {
          "Éxito": 0.9922701383238405,
          "Error": 0.007729861676159479
        }
      }
    },
    "snr_db": {
      "is_categorical": false,
      "bins": 10,
      "values": {
        "(15.998, 16.402]": {
          "Éxito": 0.99609375,
          "Error": 0.00390625
        },
        "(16.402, 16.802]": {
          "Éxito": 0.9957627118644068,
          "Error": 0.00423728813559322
        },
        "(16.802, 17.201]": {
          "Éxito": 0.9915966386554622,
          "Error": 0.008403361344537815
        },
        "(17.201, 17.601]": {
          "Éxito": 0.9956140350877193,
          "Error": 0.0043859649122807015
        },
        "(17.601, 18.001]": {
          "Éxito": 1.0,
          "Error": 0.0
        },
        "(18.001, 18.4]": {
          "Éxito": 0.9960474308300395,
          "Error": 0.003952569169960474
        },
        "(18.4, 18.8]": {
          "Éxito": 0.9957081545064378,
          "Error": 0.004291845493562232
        },
        "(18.8, 19.2]": {
          "Éxito": 0.9841897233201581,
          "Error": 0.015810276679841896
        },
        "(19.2, 19.6]": {
          "Éxito": 0.9922178988326849,
          "Error": 0.007782101167315175
        },
        "(19.6, 19.999]": {
          "Éxito": 0.9765625,
          "Error": 0.0234375
        }
      }
    },
    "phase_offset": {
      "is_categorical": false,
      "bins": 10,
      "values": {
        "(-0.0379, 4.505]": {
          "Éxito": 0.984,
          "Error": 0.016
        },
        "(4.505, 9.003]": {
          "Éxito": 0.9910313901345291,
          "Error": 0.008968609865470852
        },
        "(9.003, 13.501]": {
          "Éxito": 0.9917695473251029,
          "Error": 0.00823045267489712
        },
        "(13.501, 17.999]": {
          "Éxito": 1.0,
          "Error": 0.0
        },
        "(17.999, 22.497]": {
          "Éxito": 0.9883720930232558,
          "Error": 0.011627906976744186
        },
        "(22.497, 26.995]": {
          "Éxito": 0.9847328244274809,
          "Error": 0.015267175572519083
        },
        "(26.995, 31.493]": {
          "Éxito": 0.991869918699187,
          "Error": 0.008130081300813009
        },
        "(31.493, 35.991]": {
          "Éxito": 0.9959016393442623,
          "Error": 0.004098360655737705
        },
        "(35.991, 40.489]": {
          "Éxito": 1.0,
          "Error": 0.0
        },
        "(40.489, 44.987]": {
          "Éxito": 0.9958677685950413,
          "Error": 0.004132231404958678
        }
      }
    },
    "roll_off": {
      "is_categorical": false,
      "bins": 10,
      "values": {
        "(0.2, 0.21]": {
          "Éxito": 0.9878542510121457,
          "Error": 0.012145748987854251
        },
        "(0.21, 0.22]": {
          "Éxito": 0.9845559845559846,
          "Error": 0.015444015444015444
        },
        "(0.22, 0.23]": {
          "Éxito": 0.9817351598173516,
          "Error": 0.0182648401826484
        },
        "(0.23, 0.24]": {
          "Éxito": 0.9912280701754386,
          "Error": 0.008771929824561403
        },
        "(0.24, 0.25]": {
          "Éxito": 0.99609375,
          "Error": 0.00390625
        },
        "(0.25, 0.26]": {
          "Éxito": 0.9958333333333333,
          "Error": 0.004166666666666667
        },
        "(0.26, 0.27]": {
          "Éxito": 0.9920948616600791,
          "Error": 0.007905138339920948
        },
        "(0.27, 0.28]": {
          "Éxito": 1.0,
          "Error": 0.0
        },
        "(0.28, 0.29]": {
          "Éxito": 0.9957264957264957,
          "Error": 0.004273504273504274
        },
        "(0.29, 0.3]": {
          "Éxito": 0.9959349593495935,
          "Error": 0.0040650406504065045
        }
      }
    }
  }
}