{
  "experiment": {
    "name": "res_tcn_se_esc_2",
    "timestamp": "2025-06-16T06:51:11.422137",
    "repeat_index": 1,
    "fold_index": 1
  },
  "effects": {
    "num_taps": {
      "is_categorical": true,
      "bins": null,
      "values": {
        "2": {
          "Éxito": 0.8462164361269324,
          "Error": 0.15378356387306755
        }
      }
    },
    "snr_db": {
      "is_categorical": false,
      "bins": 10,
      "values": {
        "(3.997, 4.401]": {
          "Éxito": 0.7991967871485943,
          "Error": 0.20080321285140562
        },
        "(4.401, 4.801]": {
          "Éxito": 0.85546875,
          "Error": 0.14453125
        },
        "(4.801, 5.201]": {
          "Éxito": 0.8014981273408239,
          "Error": 0.19850187265917604
        },
        "(5.201, 5.601]": {
          "Éxito": 0.8558558558558559,
          "Error": 0.14414414414414414
        },
        "(5.601, 6.0]": {
          "Éxito": 0.8146718146718147,
          "Error": 0.18532818532818532
        },
        "(6.0, 6.4]": {
          "Éxito": 0.8675213675213675,
          "Error": 0.13247863247863248
        },
        "(6.4, 6.8]": {
          "Éxito": 0.8713692946058091,
          "Error": 0.12863070539419086
        },
        "(6.8, 7.2]": {
          "Éxito": 0.828125,
          "Error": 0.171875
        },
        "(7.2, 7.6]": {
          "Éxito": 0.8902439024390244,
          "Error": 0.10975609756097561
        },
        "(7.6, 8.0]": {
          "Éxito": 0.8903508771929824,
          "Error": 0.10964912280701754
        }
      }
    },
    "phase_offset": {
      "is_categorical": false,
      "bins": 10,
      "values": {
        "(-0.0428, 4.496]": {
          "Éxito": 0.8842975206611571,
          "Error": 0.11570247933884298
        },
        "(4.496, 8.991]": {
          "Éxito": 0.8744769874476988,
          "Error": 0.12552301255230125
        },
        "(8.991, 13.485]": {
          "Éxito": 0.8458333333333333,
          "Error": 0.15416666666666667
        },
        "(13.485, 17.979]": {
          "Éxito": 0.8547717842323651,
          "Error": 0.14522821576763487
        },
        "(17.979, 22.473]": {
          "Éxito": 0.823076923076923,
          "Error": 0.17692307692307693
        },
        "(22.473, 26.968]": {
          "Éxito": 0.8715953307392996,
          "Error": 0.12840466926070038
        },
        "(26.968, 31.462]": {
          "Éxito": 0.8523206751054853,
          "Error": 0.14767932489451477
        },
        "(31.462, 35.956]": {
          "Éxito": 0.8366533864541833,
          "Error": 0.16334661354581673
        },
        "(35.956, 40.45]": {
          "Éxito": 0.7969924812030075,
          "Error": 0.20300751879699247
        },
        "(40.45, 44.944]": {
          "Éxito": 0.8266666666666667,
          "Error": 0.17333333333333334
        }
      }
    },
    "roll_off": {
      "is_categorical": false,
      "bins": 10,
      "values": {
        "(0.2, 0.21]": {
          "Éxito": 0.8086642599277978,
          "Error": 0.19133574007220217
        },
        "(0.21, 0.22]": {
          "Éxito": 0.8432835820895522,
          "Error": 0.15671641791044777
        },
        "(0.22, 0.23]": {
          "Éxito": 0.8744588744588745,
          "Error": 0.12554112554112554
        },
        "(0.23, 0.24]": {
          "Éxito": 0.8596491228070176,
          "Error": 0.14035087719298245
        },
        "(0.24, 0.25]": {
          "Éxito": 0.8632478632478633,
          "Error": 0.13675213675213677
        },
        "(0.25, 0.26]": {
          "Éxito": 0.8488372093023255,
          "Error": 0.1511627906976744
        },
        "(0.26, 0.27]": {
          "Éxito": 0.8387096774193549,
          "Error": 0.16129032258064516
        },
        "(0.27, 0.28]": {
          "Éxito": 0.8854625550660793,
          "Error": 0.1145374449339207
        },
        "(0.28, 0.29]": {
          "Éxito": 0.8436213991769548,
          "Error": 0.15637860082304528
        },
        "(0.29, 0.3]": {
          "Éxito": 0.8073770491803278,
          "Error": 0.19262295081967212
        }
      }
    }
  }
}