{
  "experiment": {
    "name": "ARQ_2__ESC_1",
    "timestamp": "2025-06-19T08:35:05.858005",
    "repeat_index": 4
  },
  "effects": {
    "num_taps": {
      "is_categorical": true,
      "bins": null,
      "values": {
        "2": {
          "Éxito": 0.6064453125,
          "Error": 0.3935546875
        }
      }
    },
    "snr_db": {
      "is_categorical": false,
      "bins": 10,
      "values": {
        "(-0.00268, 0.401]": {
          "Éxito": 0.5912052117263844,
          "Error": 0.40879478827361565
        },
        "(0.401, 0.801]": {
          "Éxito": 0.5883256528417818,
          "Error": 0.4116743471582181
        },
        "(0.801, 1.201]": {
          "Éxito": 0.5415430267062314,
          "Error": 0.45845697329376855
        },
        "(1.201, 1.6]": {
          "Éxito": 0.599009900990099,
          "Error": 0.400990099009901
        },
        "(1.6, 2.0]": {
          "Éxito": 0.6306451612903226,
          "Error": 0.36935483870967745
        },
        "(2.0, 2.4]": {
          "Éxito": 0.6009693053311793,
          "Error": 0.3990306946688207
        },
        "(2.4, 2.799]": {
          "Éxito": 0.634974533106961,
          "Error": 0.36502546689303905
        },
        "(2.799, 3.199]": {
          "Éxito": 0.6256499133448874,
          "Error": 0.37435008665511266
        },
        "(3.199, 3.599]": {
          "Éxito": 0.632890365448505,
          "Error": 0.36710963455149503
        },
        "(3.599, 3.999]": {
          "Éxito": 0.6300675675675675,
          "Error": 0.36993243243243246
        }
      }
    },
    "phase_offset": {
      "is_categorical": false,
      "bins": 10,
      "values": {
        "(-0.0368, 4.506]": {
          "Éxito": 0.6182707993474714,
          "Error": 0.3817292006525285
        },
        "(4.506, 9.004]": {
          "Éxito": 0.6162420382165605,
          "Error": 0.3837579617834395
        },
        "(9.004, 13.502]": {
          "Éxito": 0.6042345276872965,
          "Error": 0.3957654723127036
        },
        "(13.502, 17.999]": {
          "Éxito": 0.6016260162601627,
          "Error": 0.3983739837398374
        },
        "(17.999, 22.497]": {
          "Éxito": 0.6114864864864865,
          "Error": 0.3885135135135135
        },
        "(22.497, 26.995]": {
          "Éxito": 0.6126984126984127,
          "Error": 0.3873015873015873
        },
        "(26.995, 31.493]": {
          "Éxito": 0.5826645264847512,
          "Error": 0.4173354735152488
        },
        "(31.493, 35.991]": {
          "Éxito": 0.6110183639398998,
          "Error": 0.38898163606010017
        },
        "(35.991, 40.488]": {
          "Éxito": 0.5803722504230119,
          "Error": 0.4196277495769882
        },
        "(40.488, 44.986]": {
          "Éxito": 0.6244131455399061,
          "Error": 0.3755868544600939
        }
      }
    },
    "roll_off": {
      "is_categorical": false,
      "bins": 10,
      "values": {
        "(0.2, 0.21]": {
          "Éxito": 0.5725938009787929,
          "Error": 0.4274061990212072
        },
        "(0.21, 0.22]": {
          "Éxito": 0.6177847113884556,
          "Error": 0.38221528861154447
        },
        "(0.22, 0.23]": {
          "Éxito": 0.6158730158730159,
          "Error": 0.38412698412698415
        },
        "(0.23, 0.24]": {
          "Éxito": 0.6192733017377567,
          "Error": 0.3807266982622433
        },
        "(0.24, 0.25]": {
          "Éxito": 0.5767366720516963,
          "Error": 0.42326332794830374
        },
        "(0.25, 0.26]": {
          "Éxito": 0.5983333333333334,
          "Error": 0.40166666666666667
        },
        "(0.26, 0.27]": {
          "Éxito": 0.6013179571663921,
          "Error": 0.3986820428336079
        },
        "(0.27, 0.28]": {
          "Éxito": 0.6523125996810207,
          "Error": 0.34768740031897927
        },
        "(0.28, 0.29]": {
          "Éxito": 0.6258620689655172,
          "Error": 0.3741379310344828
        },
        "(0.29, 0.3]": {
          "Éxito": 0.5824915824915825,
          "Error": 0.4175084175084175
        }
      }
    }
  }
}