{
  "experiment": {
    "name": "res_tcn_se_esc_2",
    "timestamp": "2025-06-16T07:01:41.296734",
    "repeat_index": 1,
    "fold_index": 3
  },
  "effects": {
    "num_taps": {
      "is_categorical": true,
      "bins": null,
      "values": {
        "2": {
          "Éxito": 0.8633034987794955,
          "Error": 0.13669650122050447
        }
      }
    },
    "snr_db": {
      "is_categorical": false,
      "bins": 10,
      "values": {
        "(3.998, 4.402]": {
          "Éxito": 0.7857142857142857,
          "Error": 0.21428571428571427
        },
        "(4.402, 4.802]": {
          "Éxito": 0.8217054263565892,
          "Error": 0.17829457364341086
        },
        "(4.802, 5.201]": {
          "Éxito": 0.8823529411764706,
          "Error": 0.11764705882352941
        },
        "(5.201, 5.601]": {
          "Éxito": 0.8240343347639485,
          "Error": 0.1759656652360515
        },
        "(5.601, 6.001]": {
          "Éxito": 0.8983739837398373,
          "Error": 0.1016260162601626
        },
        "(6.001, 6.401]": {
          "Éxito": 0.8913043478260869,
          "Error": 0.10869565217391304
        },
        "(6.401, 6.8]": {
          "Éxito": 0.8688524590163934,
          "Error": 0.13114754098360656
        },
        "(6.8, 7.2]": {
          "Éxito": 0.892,
          "Error": 0.108
        },
        "(7.2, 7.6]": {
          "Éxito": 0.8969465648854962,
          "Error": 0.10305343511450382
        },
        "(7.6, 8.0]": {
          "Éxito": 0.8787878787878788,
          "Error": 0.12121212121212122
        }
      }
    },
    "phase_offset": {
      "is_categorical": false,
      "bins": 10,
      "values": {
        "(-0.0396, 4.504]": {
          "Éxito": 0.8691588785046729,
          "Error": 0.1308411214953271
        },
        "(4.504, 9.003]": {
          "Éxito": 0.8674698795180723,
          "Error": 0.13253012048192772
        },
        "(9.003, 13.502]": {
          "Éxito": 0.8870967741935484,
          "Error": 0.11290322580645161
        },
        "(13.502, 18.001]": {
          "Éxito": 0.8685121107266436,
          "Error": 0.1314878892733564
        },
        "(18.001, 22.499]": {
          "Éxito": 0.8506224066390041,
          "Error": 0.14937759336099585
        },
        "(22.499, 26.998]": {
          "Éxito": 0.8396946564885496,
          "Error": 0.16030534351145037
        },
        "(26.998, 31.497]": {
          "Éxito": 0.8577405857740585,
          "Error": 0.14225941422594143
        },
        "(31.497, 35.996]": {
          "Éxito": 0.8866396761133604,
          "Error": 0.11336032388663968
        },
        "(35.996, 40.495]": {
          "Éxito": 0.852589641434263,
          "Error": 0.14741035856573706
        },
        "(40.495, 44.993]": {
          "Éxito": 0.8532110091743119,
          "Error": 0.14678899082568808
        }
      }
    },
    "roll_off": {
      "is_categorical": false,
      "bins": 10,
      "values": {
        "(0.2, 0.21]": {
          "Éxito": 0.8347107438016529,
          "Error": 0.1652892561983471
        },
        "(0.21, 0.22]": {
          "Éxito": 0.8454545454545455,
          "Error": 0.15454545454545454
        },
        "(0.22, 0.23]": {
          "Éxito": 0.8627450980392157,
          "Error": 0.13725490196078433
        },
        "(0.23, 0.24]": {
          "Éxito": 0.8559322033898306,
          "Error": 0.1440677966101695
        },
        "(0.24, 0.25]": {
          "Éxito": 0.91015625,
          "Error": 0.08984375
        },
        "(0.25, 0.26]": {
          "Éxito": 0.8782608695652174,
          "Error": 0.12173913043478261
        },
        "(0.26, 0.27]": {
          "Éxito": 0.8823529411764706,
          "Error": 0.11764705882352941
        },
        "(0.27, 0.28]": {
          "Éxito": 0.8163265306122449,
          "Error": 0.1836734693877551
        },
        "(0.28, 0.29]": {
          "Éxito": 0.8617021276595744,
          "Error": 0.13829787234042554
        },
        "(0.29, 0.3]": {
          "Éxito": 0.8818565400843882,
          "Error": 0.11814345991561181
        }
      }
    }
  }
}