{
  "experiment": {
    "name": "ARQ_2__ESC_8",
    "timestamp": "2025-06-19T21:00:11.610629",
    "repeat_index": 5
  },
  "evaluation": {
    "loss": 0.3970887362957001,
    "accuracy": 0.8688151240348816
  },
  "classification_report": {
    "bpsk": {
      "precision": 1.0,
      "recall": 1.0,
      "f1-score": 1.0,
      "support": 1024.0
    },
    "qpsk": {
      "precision": 1.0,
      "recall": 0.99609375,
      "f1-score": 0.9980430528375733,
      "support": 1024.0
    },
    "16qam": {
      "precision": 0.8638996138996139,
      "recall": 0.8740234375,
      "f1-score": 0.8689320388349514,
      "support": 1024.0
    },
    "32qam cross": {
      "precision": 0.7419945105215004,
      "recall": 0.7919921875,
      "f1-score": 0.7661785545583373,
      "support": 1024.0
    },
    "64qam": {
      "precision": 0.8537782139352306,
      "recall": 0.849609375,
      "f1-score": 0.8516886930983847,
      "support": 1024.0
    },
    "128qam cross": {
      "precision": 0.7542016806722689,
      "recall": 0.701171875,
      "f1-score": 0.7267206477732794,
      "support": 1024.0
    },
    "accuracy": 0.8688151041666666,
    "macro avg": {
      "precision": 0.8689790031714356,
      "recall": 0.8688151041666666,
      "f1-score": 0.8685938311837543,
      "support": 6144.0
    },
    "weighted avg": {
      "precision": 0.8689790031714356,
      "recall": 0.8688151041666666,
      "f1-score": 0.8685938311837543,
      "support": 6144.0
    }
  }
}