{
  "experiment": {
    "name": "ARQ_2__ESC_8",
    "timestamp": "2025-06-19T21:00:12.359145",
    "repeat_index": 5
  },
  "effects": {
    "num_taps": {
      "is_categorical": true,
      "bins": null,
      "values": {
        "6": {
          "Éxito": 0.8688151041666666,
          "Error": 0.13118489583333334
        }
      }
    },
    "snr_db": {
      "is_categorical": false,
      "bins": 10,
      "values": {
        "(7.997, 8.4]": {
          "Éxito": 0.8441558441558441,
          "Error": 0.15584415584415584
        },
        "(8.4, 8.8]": {
          "Éxito": 0.8521594684385382,
          "Error": 0.1478405315614618
        },
        "(8.8, 9.2]": {
          "Éxito": 0.835725677830941,
          "Error": 0.16427432216905902
        },
        "(9.2, 9.6]": {
          "Éxito": 0.8731466227347611,
          "Error": 0.12685337726523888
        },
        "(9.6, 9.999]": {
          "Éxito": 0.8782467532467533,
          "Error": 0.12175324675324675
        },
        "(9.999, 10.399]": {
          "Éxito": 0.8681318681318682,
          "Error": 0.13186813186813187
        },
        "(10.399, 10.799]": {
          "Éxito": 0.8836140888208269,
          "Error": 0.11638591117917305
        },
        "(10.799, 11.199]": {
          "Éxito": 0.8738898756660746,
          "Error": 0.1261101243339254
        },
        "(11.199, 11.598]": {
          "Éxito": 0.9046875,
          "Error": 0.0953125
        },
        "(11.598, 11.998]": {
          "Éxito": 0.8730703259005146,
          "Error": 0.1269296740994854
        }
      }
    },
    "phase_offset": {
      "is_categorical": false,
      "bins": 10,
      "values": {
        "(-0.0382, 4.506]": {
          "Éxito": 0.8993399339933993,
          "Error": 0.10066006600660066
        },
        "(4.506, 9.005]": {
          "Éxito": 0.8578512396694215,
          "Error": 0.14214876033057852
        },
        "(9.005, 13.503]": {
          "Éxito": 0.8803827751196173,
          "Error": 0.11961722488038277
        },
        "(13.503, 18.002]": {
          "Éxito": 0.8653846153846154,
          "Error": 0.1346153846153846
        },
        "(18.002, 22.501]": {
          "Éxito": 0.8824531516183987,
          "Error": 0.11754684838160136
        },
        "(22.501, 27.0]": {
          "Éxito": 0.8680659670164917,
          "Error": 0.13193403298350825
        },
        "(27.0, 31.499]": {
          "Éxito": 0.8616666666666667,
          "Error": 0.13833333333333334
        },
        "(31.499, 35.998]": {
          "Éxito": 0.8583333333333333,
          "Error": 0.14166666666666666
        },
        "(35.998, 40.497]": {
          "Éxito": 0.8603531300160514,
          "Error": 0.13964686998394862
        },
        "(40.497, 44.996]": {
          "Éxito": 0.8545454545454545,
          "Error": 0.14545454545454545
        }
      }
    },
    "roll_off": {
      "is_categorical": false,
      "bins": 10,
      "values": {
        "(0.2, 0.21]": {
          "Éxito": 0.8679577464788732,
          "Error": 0.13204225352112675
        },
        "(0.21, 0.22]": {
          "Éxito": 0.8844884488448845,
          "Error": 0.11551155115511551
        },
        "(0.22, 0.23]": {
          "Éxito": 0.8758169934640523,
          "Error": 0.12418300653594772
        },
        "(0.23, 0.24]": {
          "Éxito": 0.855973813420622,
          "Error": 0.14402618657937807
        },
        "(0.24, 0.25]": {
          "Éxito": 0.8834154351395731,
          "Error": 0.11658456486042693
        },
        "(0.25, 0.26]": {
          "Éxito": 0.8474320241691843,
          "Error": 0.15256797583081572
        },
        "(0.26, 0.27]": {
          "Éxito": 0.858034321372855,
          "Error": 0.1419656786271451
        },
        "(0.27, 0.28]": {
          "Éxito": 0.8813838550247117,
          "Error": 0.1186161449752883
        },
        "(0.28, 0.29]": {
          "Éxito": 0.8739770867430442,
          "Error": 0.1260229132569558
        },
        "(0.29, 0.3]": {
          "Éxito": 0.8622366288492707,
          "Error": 0.13776337115072934
        }
      }
    }
  }
}