{
  "experiment": {
    "name": "red_carlos_ESC_3",
    "timestamp": "2025-06-18T07:17:36.665303",
    "repeat_index": 3,
    "fold_index": 2
  },
  "effects": {
    "num_taps": {
      "is_categorical": true,
      "bins": null,
      "values": {
        "2": {
          "Éxito": 0.9528071602929211,
          "Error": 0.047192839707078924
        }
      }
    },
    "snr_db": {
      "is_categorical": false,
      "bins": 10,
      "values": {
        "(7.999, 8.403]": {
          "Éxito": 0.9306569343065694,
          "Error": 0.06934306569343066
        },
        "(8.403, 8.802]": {
          "Éxito": 0.9149797570850202,
          "Error": 0.08502024291497975
        },
        "(8.802, 9.202]": {
          "Éxito": 0.9482071713147411,
          "Error": 0.05179282868525897
        },
        "(9.202, 9.602]": {
          "Éxito": 0.955719557195572,
          "Error": 0.04428044280442804
        },
        "(9.602, 10.001]": {
          "Éxito": 0.9508928571428571,
          "Error": 0.049107142857142856
        },
        "(10.001, 10.401]": {
          "Éxito": 0.9785407725321889,
          "Error": 0.02145922746781116
        },
        "(10.401, 10.801]": {
          "Éxito": 0.9563318777292577,
          "Error": 0.043668122270742356
        },
        "(10.801, 11.2]": {
          "Éxito": 0.974025974025974,
          "Error": 0.025974025974025976
        },
        "(11.2, 11.6]": {
          "Éxito": 0.9607843137254902,
          "Error": 0.0392156862745098
        },
        "(11.6, 12.0]": {
          "Éxito": 0.9629629629629629,
          "Error": 0.037037037037037035
        }
      }
    },
    "phase_offset": {
      "is_categorical": false,
      "bins": 10,
      "values": {
        "(-0.0322, 4.511]": {
          "Éxito": 0.9398148148148148,
          "Error": 0.06018518518518518
        },
        "(4.511, 9.009]": {
          "Éxito": 0.9389312977099237,
          "Error": 0.061068702290076333
        },
        "(9.009, 13.507]": {
          "Éxito": 0.9462809917355371,
          "Error": 0.05371900826446281
        },
        "(13.507, 18.005]": {
          "Éxito": 0.9591078066914498,
          "Error": 0.040892193308550186
        },
        "(18.005, 22.503]": {
          "Éxito": 0.9477911646586346,
          "Error": 0.05220883534136546
        },
        "(22.503, 27.001]": {
          "Éxito": 0.9619771863117871,
          "Error": 0.03802281368821293
        },
        "(27.001, 31.5]": {
          "Éxito": 0.9484978540772532,
          "Error": 0.05150214592274678
        },
        "(31.5, 35.998]": {
          "Éxito": 0.9585062240663901,
          "Error": 0.04149377593360996
        },
        "(35.998, 40.496]": {
          "Éxito": 0.9637096774193549,
          "Error": 0.036290322580645164
        },
        "(40.496, 44.994]": {
          "Éxito": 0.9617021276595744,
          "Error": 0.03829787234042553
        }
      }
    },
    "roll_off": {
      "is_categorical": false,
      "bins": 10,
      "values": {
        "(0.2, 0.21]": {
          "Éxito": 0.9389312977099237,
          "Error": 0.061068702290076333
        },
        "(0.21, 0.22]": {
          "Éxito": 0.9402985074626866,
          "Error": 0.05970149253731343
        },
        "(0.22, 0.23]": {
          "Éxito": 0.9665271966527197,
          "Error": 0.03347280334728033
        },
        "(0.23, 0.24]": {
          "Éxito": 0.954337899543379,
          "Error": 0.045662100456621
        },
        "(0.24, 0.25]": {
          "Éxito": 0.9688888888888889,
          "Error": 0.03111111111111111
        },
        "(0.25, 0.26]": {
          "Éxito": 0.9578059071729957,
          "Error": 0.04219409282700422
        },
        "(0.26, 0.27]": {
          "Éxito": 0.9536679536679536,
          "Error": 0.04633204633204633
        },
        "(0.27, 0.28]": {
          "Éxito": 0.9307692307692308,
          "Error": 0.06923076923076923
        },
        "(0.28, 0.29]": {
          "Éxito": 0.9606299212598425,
          "Error": 0.03937007874015748
        },
        "(0.29, 0.3]": {
          "Éxito": 0.9617021276595744,
          "Error": 0.03829787234042553
        }
      }
    }
  }
}