{
  "experiment": {
    "name": "res_tcn_se_esc_6",
    "timestamp": "2025-06-21T08:51:39.940979",
    "repeat_index": 2,
    "fold_index": 4
  },
  "effects": {
    "num_taps": {
      "is_categorical": true,
      "bins": null,
      "values": {
        "1": {
          "Éxito": 0.9613506916192026,
          "Error": 0.038649308380797394
        }
      }
    },
    "snr_db": {
      "is_categorical": false,
      "bins": 10,
      "values": {
        "(7.999, 8.402]": {
          "Éxito": 0.9221311475409836,
          "Error": 0.0778688524590164
        },
        "(8.402, 8.802]": {
          "Éxito": 0.9032258064516129,
          "Error": 0.0967741935483871
        },
        "(8.802, 9.201]": {
          "Éxito": 0.9517543859649122,
          "Error": 0.04824561403508772
        },
        "(9.201, 9.601]": {
          "Éxito": 0.9673469387755103,
          "Error": 0.0326530612244898
        },
        "(9.601, 10.0]": {
          "Éxito": 0.9783393501805054,
          "Error": 0.021660649819494584
        },
        "(10.0, 10.4]": {
          "Éxito": 0.966789667896679,
          "Error": 0.033210332103321034
        },
        "(10.4, 10.799]": {
          "Éxito": 0.9772727272727273,
          "Error": 0.022727272727272728
        },
        "(10.799, 11.199]": {
          "Éxito": 0.9743589743589743,
          "Error": 0.02564102564102564
        },
        "(11.199, 11.598]": {
          "Éxito": 0.980544747081712,
          "Error": 0.019455252918287938
        },
        "(11.598, 11.998]": {
          "Éxito": 0.9914529914529915,
          "Error": 0.008547008547008548
        }
      }
    },
    "phase_offset": {
      "is_categorical": false,
      "bins": 10,
      "values": {
        "(-0.0416, 4.501]": {
          "Éxito": 0.9251101321585903,
          "Error": 0.07488986784140969
        },
        "(4.501, 8.999]": {
          "Éxito": 0.975,
          "Error": 0.025
        },
        "(8.999, 13.497]": {
          "Éxito": 0.9696969696969697,
          "Error": 0.030303030303030304
        },
        "(13.497, 17.995]": {
          "Éxito": 0.9708333333333333,
          "Error": 0.029166666666666667
        },
        "(17.995, 22.493]": {
          "Éxito": 0.9699248120300752,
          "Error": 0.03007518796992481
        },
        "(22.493, 26.991]": {
          "Éxito": 0.9613899613899614,
          "Error": 0.03861003861003861
        },
        "(26.991, 31.488]": {
          "Éxito": 0.952755905511811,
          "Error": 0.047244094488188976
        },
        "(31.488, 35.986]": {
          "Éxito": 0.9535864978902954,
          "Error": 0.046413502109704644
        },
        "(35.986, 40.484]": {
          "Éxito": 0.9759036144578314,
          "Error": 0.024096385542168676
        },
        "(40.484, 44.982]": {
          "Éxito": 0.9568627450980393,
          "Error": 0.043137254901960784
        }
      }
    },
    "roll_off": {
      "is_categorical": false,
      "bins": 10,
      "values": {
        "(0.2, 0.21]": {
          "Éxito": 0.9125475285171103,
          "Error": 0.08745247148288973
        },
        "(0.21, 0.22]": {
          "Éxito": 0.9405594405594405,
          "Error": 0.05944055944055944
        },
        "(0.22, 0.23]": {
          "Éxito": 0.9590163934426229,
          "Error": 0.040983606557377046
        },
        "(0.23, 0.24]": {
          "Éxito": 0.95703125,
          "Error": 0.04296875
        },
        "(0.24, 0.25]": {
          "Éxito": 0.9881889763779528,
          "Error": 0.011811023622047244
        },
        "(0.25, 0.26]": {
          "Éxito": 0.9772727272727273,
          "Error": 0.022727272727272728
        },
        "(0.26, 0.27]": {
          "Éxito": 0.9585062240663901,
          "Error": 0.04149377593360996
        },
        "(0.27, 0.28]": {
          "Éxito": 0.9743589743589743,
          "Error": 0.02564102564102564
        },
        "(0.28, 0.29]": {
          "Éxito": 0.9780701754385965,
          "Error": 0.021929824561403508
        },
        "(0.29, 0.3]": {
          "Éxito": 0.978448275862069,
          "Error": 0.021551724137931036
        }
      }
    }
  }
}