{
  "experiment": {
    "name": "res_tcn_se_esc_1",
    "timestamp": "2025-06-16T06:00:59.441457",
    "repeat_index": 1,
    "fold_index": 3
  },
  "effects": {
    "num_taps": {
      "is_categorical": true,
      "bins": null,
      "values": {
        "2": {
          "Éxito": 0.6830756712774614,
          "Error": 0.3169243287225387
        }
      }
    },
    "snr_db": {
      "is_categorical": false,
      "bins": 10,
      "values": {
        "(0.00227, 0.405]": {
          "Éxito": 0.6842105263157895,
          "Error": 0.3157894736842105
        },
        "(0.405, 0.805]": {
          "Éxito": 0.647887323943662,
          "Error": 0.352112676056338
        },
        "(0.805, 1.204]": {
          "Éxito": 0.6716981132075471,
          "Error": 0.3283018867924528
        },
        "(1.204, 1.603]": {
          "Éxito": 0.6837944664031621,
          "Error": 0.31620553359683795
        },
        "(1.603, 2.002]": {
          "Éxito": 0.6600790513833992,
          "Error": 0.33992094861660077
        },
        "(2.002, 2.401]": {
          "Éxito": 0.6744186046511628,
          "Error": 0.32558139534883723
        },
        "(2.401, 2.8]": {
          "Éxito": 0.7078651685393258,
          "Error": 0.29213483146067415
        },
        "(2.8, 3.2]": {
          "Éxito": 0.6890756302521008,
          "Error": 0.31092436974789917
        },
        "(3.2, 3.599]": {
          "Éxito": 0.7051282051282052,
          "Error": 0.2948717948717949
        },
        "(3.599, 3.998]": {
          "Éxito": 0.7043478260869566,
          "Error": 0.2956521739130435
        }
      }
    },
    "phase_offset": {
      "is_categorical": false,
      "bins": 10,
      "values": {
        "(-0.0389, 4.503]": {
          "Éxito": 0.6818181818181818,
          "Error": 0.3181818181818182
        },
        "(4.503, 9.0]": {
          "Éxito": 0.6830188679245283,
          "Error": 0.3169811320754717
        },
        "(9.0, 13.497]": {
          "Éxito": 0.7354085603112841,
          "Error": 0.26459143968871596
        },
        "(13.497, 17.994]": {
          "Éxito": 0.6877637130801688,
          "Error": 0.31223628691983124
        },
        "(17.994, 22.491]": {
          "Éxito": 0.6703296703296703,
          "Error": 0.32967032967032966
        },
        "(22.491, 26.988]": {
          "Éxito": 0.7098039215686275,
          "Error": 0.2901960784313726
        },
        "(26.988, 31.485]": {
          "Éxito": 0.6822033898305084,
          "Error": 0.3177966101694915
        },
        "(31.485, 35.982]": {
          "Éxito": 0.6244131455399061,
          "Error": 0.3755868544600939
        },
        "(35.982, 40.479]": {
          "Éxito": 0.6785714285714286,
          "Error": 0.32142857142857145
        },
        "(40.479, 44.976]": {
          "Éxito": 0.66796875,
          "Error": 0.33203125
        }
      }
    },
    "roll_off": {
      "is_categorical": false,
      "bins": 10,
      "values": {
        "(0.2, 0.21]": {
          "Éxito": 0.7016129032258065,
          "Error": 0.29838709677419356
        },
        "(0.21, 0.22]": {
          "Éxito": 0.6679841897233202,
          "Error": 0.33201581027667987
        },
        "(0.22, 0.23]": {
          "Éxito": 0.7368421052631579,
          "Error": 0.2631578947368421
        },
        "(0.23, 0.24]": {
          "Éxito": 0.6862745098039216,
          "Error": 0.3137254901960784
        },
        "(0.24, 0.25]": {
          "Éxito": 0.6772908366533864,
          "Error": 0.32270916334661354
        },
        "(0.25, 0.26]": {
          "Éxito": 0.6419753086419753,
          "Error": 0.35802469135802467
        },
        "(0.26, 0.27]": {
          "Éxito": 0.6614785992217899,
          "Error": 0.33852140077821014
        },
        "(0.27, 0.28]": {
          "Éxito": 0.6942148760330579,
          "Error": 0.30578512396694213
        },
        "(0.28, 0.29]": {
          "Éxito": 0.6617647058823529,
          "Error": 0.3382352941176471
        },
        "(0.29, 0.3]": {
          "Éxito": 0.7053941908713693,
          "Error": 0.2946058091286307
        }
      }
    }
  }
}