{
  "experiment": {
    "name": "red_carlos_ESC_9",
    "timestamp": "2025-06-21T02:54:59.606054",
    "repeat_index": 0,
    "fold_index": 1
  },
  "effects": {
    "num_taps": {
      "is_categorical": true,
      "bins": null,
      "values": {
        "2": {
          "Éxito": 0.950366151342555,
          "Error": 0.04963384865744508
        }
      }
    },
    "snr_db": {
      "is_categorical": false,
      "bins": 10,
      "values": {
        "(7.996, 8.4]": {
          "Éxito": 0.9074889867841409,
          "Error": 0.09251101321585903
        },
        "(8.4, 8.799]": {
          "Éxito": 0.946058091286307,
          "Error": 0.05394190871369295
        },
        "(8.799, 9.199]": {
          "Éxito": 0.94140625,
          "Error": 0.05859375
        },
        "(9.199, 9.599]": {
          "Éxito": 0.9539748953974896,
          "Error": 0.04602510460251046
        },
        "(9.599, 9.998]": {
          "Éxito": 0.9515418502202643,
          "Error": 0.048458149779735685
        },
        "(9.998, 10.398]": {
          "Éxito": 0.9482758620689655,
          "Error": 0.05172413793103448
        },
        "(10.398, 10.798]": {
          "Éxito": 0.9702127659574468,
          "Error": 0.029787234042553193
        },
        "(10.798, 11.197]": {
          "Éxito": 0.9629629629629629,
          "Error": 0.037037037037037035
        },
        "(11.197, 11.597]": {
          "Éxito": 0.96875,
          "Error": 0.03125
        },
        "(11.597, 11.997]": {
          "Éxito": 0.9490909090909091,
          "Error": 0.05090909090909091
        }
      }
    },
    "phase_offset": {
      "is_categorical": false,
      "bins": 10,
      "values": {
        "(44.988, 49.526]": {
          "Éxito": 0.9424778761061947,
          "Error": 0.05752212389380531
        },
        "(49.526, 54.019]": {
          "Éxito": 0.9715447154471545,
          "Error": 0.028455284552845527
        },
        "(54.019, 58.512]": {
          "Éxito": 0.927007299270073,
          "Error": 0.072992700729927
        },
        "(58.512, 63.005]": {
          "Éxito": 0.9641434262948207,
          "Error": 0.035856573705179286
        },
        "(63.005, 67.497]": {
          "Éxito": 0.964,
          "Error": 0.036
        },
        "(67.497, 71.99]": {
          "Éxito": 0.9409282700421941,
          "Error": 0.05907172995780591
        },
        "(71.99, 76.483]": {
          "Éxito": 0.9553571428571429,
          "Error": 0.044642857142857144
        },
        "(76.483, 80.976]": {
          "Éxito": 0.9477911646586346,
          "Error": 0.05220883534136546
        },
        "(80.976, 85.469]": {
          "Éxito": 0.9411764705882353,
          "Error": 0.058823529411764705
        },
        "(85.469, 89.962]": {
          "Éxito": 0.9519650655021834,
          "Error": 0.048034934497816595
        }
      }
    },
    "roll_off": {
      "is_categorical": false,
      "bins": 10,
      "values": {
        "(0.2, 0.21]": {
          "Éxito": 0.9276018099547512,
          "Error": 0.07239819004524888
        },
        "(0.21, 0.22]": {
          "Éxito": 0.9425287356321839,
          "Error": 0.05747126436781609
        },
        "(0.22, 0.23]": {
          "Éxito": 0.9466666666666667,
          "Error": 0.05333333333333334
        },
        "(0.23, 0.24]": {
          "Éxito": 0.9598540145985401,
          "Error": 0.040145985401459854
        },
        "(0.24, 0.25]": {
          "Éxito": 0.9888475836431226,
          "Error": 0.011152416356877323
        },
        "(0.25, 0.26]": {
          "Éxito": 0.967741935483871,
          "Error": 0.03225806451612903
        },
        "(0.26, 0.27]": {
          "Éxito": 0.9610894941634242,
          "Error": 0.038910505836575876
        },
        "(0.27, 0.28]": {
          "Éxito": 0.9233716475095786,
          "Error": 0.07662835249042145
        },
        "(0.28, 0.29]": {
          "Éxito": 0.9471153846153846,
          "Error": 0.052884615384615384
        },
        "(0.29, 0.3]": {
          "Éxito": 0.9316239316239316,
          "Error": 0.06837606837606838
        }
      }
    }
  }
}