{
  "experiment": {
    "name": "red_carlos_ESC_11",
    "timestamp": "2025-06-21T08:04:12.215553",
    "repeat_index": 1,
    "fold_index": 3
  },
  "effects": {
    "num_taps": {
      "is_categorical": true,
      "bins": null,
      "values": {
        "2": {
          "Éxito": 0.919039869812856,
          "Error": 0.08096013018714401
        }
      }
    },
    "snr_db": {
      "is_categorical": false,
      "bins": 10,
      "values": {
        "(7.997, 8.401]": {
          "Éxito": 0.8888888888888888,
          "Error": 0.1111111111111111
        },
        "(8.401, 8.801]": {
          "Éxito": 0.9156118143459916,
          "Error": 0.08438818565400844
        },
        "(8.801, 9.201]": {
          "Éxito": 0.9055793991416309,
          "Error": 0.0944206008583691
        },
        "(9.201, 9.601]": {
          "Éxito": 0.8992537313432836,
          "Error": 0.10074626865671642
        },
        "(9.601, 10.0]": {
          "Éxito": 0.9461538461538461,
          "Error": 0.05384615384615385
        },
        "(10.0, 10.4]": {
          "Éxito": 0.9013452914798207,
          "Error": 0.09865470852017937
        },
        "(10.4, 10.8]": {
          "Éxito": 0.91796875,
          "Error": 0.08203125
        },
        "(10.8, 11.2]": {
          "Éxito": 0.946969696969697,
          "Error": 0.05303030303030303
        },
        "(11.2, 11.6]": {
          "Éxito": 0.918918918918919,
          "Error": 0.08108108108108109
        },
        "(11.6, 12.0]": {
          "Éxito": 0.9425287356321839,
          "Error": 0.05747126436781609
        }
      }
    },
    "phase_offset": {
      "is_categorical": false,
      "bins": 10,
      "values": {
        "(134.957, 139.502]": {
          "Éxito": 0.9538461538461539,
          "Error": 0.046153846153846156
        },
        "(139.502, 144.001]": {
          "Éxito": 0.9523809523809523,
          "Error": 0.047619047619047616
        },
        "(144.001, 148.501]": {
          "Éxito": 0.8938775510204081,
          "Error": 0.10612244897959183
        },
        "(148.501, 153.001]": {
          "Éxito": 0.9128787878787878,
          "Error": 0.08712121212121213
        },
        "(153.001, 157.5]": {
          "Éxito": 0.9130434782608695,
          "Error": 0.08695652173913043
        },
        "(157.5, 162.0]": {
          "Éxito": 0.9203187250996016,
          "Error": 0.0796812749003984
        },
        "(162.0, 166.499]": {
          "Éxito": 0.9106382978723404,
          "Error": 0.08936170212765958
        },
        "(166.499, 170.999]": {
          "Éxito": 0.9459459459459459,
          "Error": 0.05405405405405406
        },
        "(170.999, 175.499]": {
          "Éxito": 0.8893129770992366,
          "Error": 0.11068702290076336
        },
        "(175.499, 179.998]": {
          "Éxito": 0.9031007751937985,
          "Error": 0.09689922480620156
        }
      }
    },
    "roll_off": {
      "is_categorical": false,
      "bins": 10,
      "values": {
        "(0.2, 0.21]": {
          "Éxito": 0.9138576779026217,
          "Error": 0.08614232209737828
        },
        "(0.21, 0.22]": {
          "Éxito": 0.9207547169811321,
          "Error": 0.07924528301886792
        },
        "(0.22, 0.23]": {
          "Éxito": 0.919831223628692,
          "Error": 0.08016877637130802
        },
        "(0.23, 0.24]": {
          "Éxito": 0.8986784140969163,
          "Error": 0.1013215859030837
        },
        "(0.24, 0.25]": {
          "Éxito": 0.9077490774907749,
          "Error": 0.09225092250922509
        },
        "(0.25, 0.26]": {
          "Éxito": 0.9122807017543859,
          "Error": 0.08771929824561403
        },
        "(0.26, 0.27]": {
          "Éxito": 0.927710843373494,
          "Error": 0.07228915662650602
        },
        "(0.27, 0.28]": {
          "Éxito": 0.9466666666666667,
          "Error": 0.05333333333333334
        },
        "(0.28, 0.29]": {
          "Éxito": 0.9458333333333333,
          "Error": 0.05416666666666667
        },
        "(0.29, 0.3]": {
          "Éxito": 0.8995983935742972,
          "Error": 0.10040160642570281
        }
      }
    }
  }
}