{
  "experiment": {
    "name": "cnn_bilstm_attn_esc_7",
    "timestamp": "2025-06-17T05:57:36.378283",
    "repeat_index": 1,
    "fold_index": 3
  },
  "evaluation": {
    "loss": 0.36978602409362793,
    "accuracy": 0.8694060444831848
  },
  "classification_report": {
    "bpsk": {
      "precision": 1.0,
      "recall": 1.0,
      "f1-score": 1.0,
      "support": 410.0
    },
    "qpsk": {
      "precision": 1.0,
      "recall": 0.9926829268292683,
      "f1-score": 0.996328029375765,
      "support": 410.0
    },
    "16qam": {
      "precision": 0.8708920187793427,
      "recall": 0.9048780487804878,
      "f1-score": 0.8875598086124402,
      "support": 410.0
    },
    "32qam cross": {
      "precision": 0.7142857142857143,
      "recall": 0.7804878048780488,
      "f1-score": 0.7459207459207461,
      "support": 410.0
    },
    "64qam": {
      "precision": 0.8863049095607235,
      "recall": 0.8386308068459658,
      "f1-score": 0.8618090452261307,
      "support": 409.0
    },
    "128qam cross": {
      "precision": 0.7526315789473684,
      "recall": 0.6992665036674817,
      "f1-score": 0.7249683143219265,
      "support": 409.0
    },
    "accuracy": 0.8694060211554109,
    "macro avg": {
      "precision": 0.8706857035955249,
      "recall": 0.8693243485002088,
      "f1-score": 0.869430990576168,
      "support": 2458.0
    },
    "weighted avg": {
      "precision": 0.8707273776877473,
      "recall": 0.8694060211554109,
      "f1-score": 0.8694928638965929,
      "support": 2458.0
    }
  }
}