{
  "experiment": {
    "name": "res_tcn_se_esc_5",
    "timestamp": "2025-06-16T10:28:09.755360",
    "repeat_index": 1,
    "fold_index": 2
  },
  "effects": {
    "num_taps": {
      "is_categorical": true,
      "bins": null,
      "values": {
        "2": {
          "Éxito": 0.9764035801464606,
          "Error": 0.023596419853539462
        }
      }
    },
    "snr_db": {
      "is_categorical": false,
      "bins": 10,
      "values": {
        "(16.0, 16.404]": {
          "Éxito": 0.96,
          "Error": 0.04
        },
        "(16.404, 16.803]": {
          "Éxito": 1.0,
          "Error": 0.0
        },
        "(16.803, 17.203]": {
          "Éxito": 0.9806949806949807,
          "Error": 0.019305019305019305
        },
        "(17.203, 17.602]": {
          "Éxito": 0.9703389830508474,
          "Error": 0.029661016949152543
        },
        "(17.602, 18.002]": {
          "Éxito": 0.9497907949790795,
          "Error": 0.0502092050209205
        },
        "(18.002, 18.401]": {
          "Éxito": 0.9775280898876404,
          "Error": 0.02247191011235955
        },
        "(18.401, 18.801]": {
          "Éxito": 0.984251968503937,
          "Error": 0.015748031496062992
        },
        "(18.801, 19.201]": {
          "Éxito": 0.9612068965517241,
          "Error": 0.03879310344827586
        },
        "(19.201, 19.6]": {
          "Éxito": 0.9810606060606061,
          "Error": 0.01893939393939394
        },
        "(19.6, 20.0]": {
          "Éxito": 0.99581589958159,
          "Error": 0.0041841004184100415
        }
      }
    },
    "phase_offset": {
      "is_categorical": false,
      "bins": 10,
      "values": {
        "(-0.035, 4.507]": {
          "Éxito": 0.9682539682539683,
          "Error": 0.031746031746031744
        },
        "(4.507, 9.005]": {
          "Éxito": 0.9663865546218487,
          "Error": 0.03361344537815126
        },
        "(9.005, 13.502]": {
          "Éxito": 0.9788135593220338,
          "Error": 0.0211864406779661
        },
        "(13.502, 18.0]": {
          "Éxito": 0.9798387096774194,
          "Error": 0.020161290322580645
        },
        "(18.0, 22.497]": {
          "Éxito": 0.9658119658119658,
          "Error": 0.03418803418803419
        },
        "(22.497, 26.995]": {
          "Éxito": 0.9846743295019157,
          "Error": 0.01532567049808429
        },
        "(26.995, 31.492]": {
          "Éxito": 0.9764705882352941,
          "Error": 0.023529411764705882
        },
        "(31.492, 35.99]": {
          "Éxito": 0.9724409448818898,
          "Error": 0.027559055118110236
        },
        "(35.99, 40.487]": {
          "Éxito": 0.9957264957264957,
          "Error": 0.004273504273504274
        },
        "(40.487, 44.985]": {
          "Éxito": 0.975609756097561,
          "Error": 0.024390243902439025
        }
      }
    },
    "roll_off": {
      "is_categorical": false,
      "bins": 10,
      "values": {
        "(0.2, 0.21]": {
          "Éxito": 0.9730769230769231,
          "Error": 0.026923076923076925
        },
        "(0.21, 0.22]": {
          "Éxito": 0.975103734439834,
          "Error": 0.024896265560165973
        },
        "(0.22, 0.23]": {
          "Éxito": 0.9587155963302753,
          "Error": 0.04128440366972477
        },
        "(0.23, 0.24]": {
          "Éxito": 0.9725490196078431,
          "Error": 0.027450980392156862
        },
        "(0.24, 0.25]": {
          "Éxito": 0.9884169884169884,
          "Error": 0.011583011583011582
        },
        "(0.25, 0.26]": {
          "Éxito": 0.975609756097561,
          "Error": 0.024390243902439025
        },
        "(0.26, 0.27]": {
          "Éxito": 0.9850187265917603,
          "Error": 0.0149812734082397
        },
        "(0.27, 0.28]": {
          "Éxito": 0.9748953974895398,
          "Error": 0.02510460251046025
        },
        "(0.28, 0.29]": {
          "Éxito": 0.9704641350210971,
          "Error": 0.029535864978902954
        },
        "(0.29, 0.3]": {
          "Éxito": 0.9872881355932204,
          "Error": 0.012711864406779662
        }
      }
    }
  }
}