{
  "experiment": {
    "name": "cnn_bilstm_attn_esc_9",
    "timestamp": "2025-06-18T21:23:11.162597",
    "repeat_index": 3,
    "fold_index": 0
  },
  "evaluation": {
    "loss": 0.21790717542171478,
    "accuracy": 0.9544345140457153
  },
  "classification_report": {
    "bpsk": {
      "precision": 1.0,
      "recall": 1.0,
      "f1-score": 1.0,
      "support": 409.0
    },
    "qpsk": {
      "precision": 1.0,
      "recall": 1.0,
      "f1-score": 1.0,
      "support": 410.0
    },
    "16qam": {
      "precision": 0.9876237623762376,
      "recall": 0.973170731707317,
      "f1-score": 0.9803439803439803,
      "support": 410.0
    },
    "32qam cross": {
      "precision": 0.9468354430379747,
      "recall": 0.9121951219512195,
      "f1-score": 0.929192546583851,
      "support": 410.0
    },
    "64qam": {
      "precision": 0.9477611940298507,
      "recall": 0.9315403422982885,
      "f1-score": 0.9395807644882861,
      "support": 409.0
    },
    "128qam cross": {
      "precision": 0.8515981735159818,
      "recall": 0.9097560975609756,
      "f1-score": 0.8797169811320755,
      "support": 410.0
    },
    "accuracy": 0.9544344995931652,
    "macro avg": {
      "precision": 0.9556364288266743,
      "recall": 0.9544437155863003,
      "f1-score": 0.9548057120913654,
      "support": 2458.0
    },
    "weighted avg": {
      "precision": 0.9556215841007276,
      "recall": 0.9544344995931652,
      "f1-score": 0.954793519520045,
      "support": 2458.0
    }
  }
}