{
  "experiment": {
    "name": "cnn_bilstm_attn_esc_9",
    "timestamp": "2025-06-18T21:23:16.477860",
    "repeat_index": 3,
    "fold_index": 0
  },
  "effects": {
    "num_taps": {
      "is_categorical": true,
      "bins": null,
      "values": {
        "2": {
          "Éxito": 0.9544344995931652,
          "Error": 0.045565500406834825
        }
      }
    },
    "snr_db": {
      "is_categorical": false,
      "bins": 10,
      "values": {
        "(7.997, 8.401]": {
          "Éxito": 0.9203187250996016,
          "Error": 0.0796812749003984
        },
        "(8.401, 8.8]": {
          "Éxito": 0.9592760180995475,
          "Error": 0.04072398190045249
        },
        "(8.8, 9.2]": {
          "Éxito": 0.9322033898305084,
          "Error": 0.06779661016949153
        },
        "(9.2, 9.6]": {
          "Éxito": 0.9534883720930233,
          "Error": 0.046511627906976744
        },
        "(9.6, 9.999]": {
          "Éxito": 0.9561752988047809,
          "Error": 0.043824701195219126
        },
        "(9.999, 10.399]": {
          "Éxito": 0.97165991902834,
          "Error": 0.02834008097165992
        },
        "(10.399, 10.798]": {
          "Éxito": 0.9427312775330396,
          "Error": 0.05726872246696035
        },
        "(10.798, 11.198]": {
          "Éxito": 0.973384030418251,
          "Error": 0.026615969581749048
        },
        "(11.198, 11.598]": {
          "Éxito": 0.9669421487603306,
          "Error": 0.03305785123966942
        },
        "(11.598, 11.997]": {
          "Éxito": 0.9656488549618321,
          "Error": 0.03435114503816794
        }
      }
    },
    "phase_offset": {
      "is_categorical": false,
      "bins": 10,
      "values": {
        "(44.965, 49.507]": {
          "Éxito": 0.9525691699604744,
          "Error": 0.04743083003952569
        },
        "(49.507, 54.004]": {
          "Éxito": 0.9728682170542635,
          "Error": 0.027131782945736434
        },
        "(54.004, 58.501]": {
          "Éxito": 0.95,
          "Error": 0.05
        },
        "(58.501, 62.998]": {
          "Éxito": 0.9295154185022027,
          "Error": 0.07048458149779736
        },
        "(62.998, 67.495]": {
          "Éxito": 0.9578059071729957,
          "Error": 0.04219409282700422
        },
        "(67.495, 71.992]": {
          "Éxito": 0.9683794466403162,
          "Error": 0.03162055335968379
        },
        "(71.992, 76.488]": {
          "Éxito": 0.9240506329113924,
          "Error": 0.0759493670886076
        },
        "(76.488, 80.985]": {
          "Éxito": 0.9567099567099567,
          "Error": 0.04329004329004329
        },
        "(80.985, 85.482]": {
          "Éxito": 0.9763779527559056,
          "Error": 0.023622047244094488
        },
        "(85.482, 89.979]": {
          "Éxito": 0.9514925373134329,
          "Error": 0.048507462686567165
        }
      }
    },
    "roll_off": {
      "is_categorical": false,
      "bins": 10,
      "values": {
        "(0.2, 0.21]": {
          "Éxito": 0.9180327868852459,
          "Error": 0.08196721311475409
        },
        "(0.21, 0.22]": {
          "Éxito": 0.9418181818181818,
          "Error": 0.05818181818181818
        },
        "(0.22, 0.23]": {
          "Éxito": 0.9629629629629629,
          "Error": 0.037037037037037035
        },
        "(0.23, 0.24]": {
          "Éxito": 0.9409448818897638,
          "Error": 0.05905511811023622
        },
        "(0.24, 0.25]": {
          "Éxito": 0.9565217391304348,
          "Error": 0.043478260869565216
        },
        "(0.25, 0.26]": {
          "Éxito": 0.9628099173553719,
          "Error": 0.0371900826446281
        },
        "(0.26, 0.27]": {
          "Éxito": 0.9721115537848606,
          "Error": 0.027888446215139442
        },
        "(0.27, 0.28]": {
          "Éxito": 0.969811320754717,
          "Error": 0.03018867924528302
        },
        "(0.28, 0.29]": {
          "Éxito": 0.9612068965517241,
          "Error": 0.03879310344827586
        },
        "(0.29, 0.3]": {
          "Éxito": 0.9594594594594594,
          "Error": 0.04054054054054054
        }
      }
    }
  }
}