{
  "experiment": {
    "name": "red_carlos_ESC_6",
    "timestamp": "2025-06-18T14:36:17.776924",
    "repeat_index": 3,
    "fold_index": 4
  },
  "effects": {
    "num_taps": {
      "is_categorical": true,
      "bins": null,
      "values": {
        "1": {
          "Éxito": 0.9719283970707893,
          "Error": 0.02807160292921074
        }
      }
    },
    "snr_db": {
      "is_categorical": false,
      "bins": 10,
      "values": {
        "(7.999, 8.402]": {
          "Éxito": 0.9644444444444444,
          "Error": 0.035555555555555556
        },
        "(8.402, 8.802]": {
          "Éxito": 0.9618320610687023,
          "Error": 0.03816793893129771
        },
        "(8.802, 9.201]": {
          "Éxito": 0.9555555555555556,
          "Error": 0.044444444444444446
        },
        "(9.201, 9.601]": {
          "Éxito": 0.9702602230483272,
          "Error": 0.02973977695167286
        },
        "(9.601, 10.0]": {
          "Éxito": 0.9794238683127572,
          "Error": 0.0205761316872428
        },
        "(10.0, 10.399]": {
          "Éxito": 0.9809160305343512,
          "Error": 0.019083969465648856
        },
        "(10.399, 10.799]": {
          "Éxito": 0.9691629955947136,
          "Error": 0.030837004405286344
        },
        "(10.799, 11.198]": {
          "Éxito": 0.9828326180257511,
          "Error": 0.017167381974248927
        },
        "(11.198, 11.598]": {
          "Éxito": 0.977859778597786,
          "Error": 0.02214022140221402
        },
        "(11.598, 11.997]": {
          "Éxito": 0.975103734439834,
          "Error": 0.024896265560165973
        }
      }
    },
    "phase_offset": {
      "is_categorical": false,
      "bins": 10,
      "values": {
        "(-0.0417, 4.502]": {
          "Éxito": 0.9921875,
          "Error": 0.0078125
        },
        "(4.502, 9.001]": {
          "Éxito": 0.9650655021834061,
          "Error": 0.034934497816593885
        },
        "(9.001, 13.499]": {
          "Éxito": 0.9770992366412213,
          "Error": 0.022900763358778626
        },
        "(13.499, 17.998]": {
          "Éxito": 0.9707112970711297,
          "Error": 0.029288702928870293
        },
        "(17.998, 22.497]": {
          "Éxito": 0.9686274509803922,
          "Error": 0.03137254901960784
        },
        "(22.497, 26.995]": {
          "Éxito": 0.991304347826087,
          "Error": 0.008695652173913044
        },
        "(26.995, 31.494]": {
          "Éxito": 0.9678714859437751,
          "Error": 0.0321285140562249
        },
        "(31.494, 35.993]": {
          "Éxito": 0.9663865546218487,
          "Error": 0.03361344537815126
        },
        "(35.993, 40.491]": {
          "Éxito": 0.9758064516129032,
          "Error": 0.024193548387096774
        },
        "(40.491, 44.99]": {
          "Éxito": 0.9444444444444444,
          "Error": 0.05555555555555555
        }
      }
    },
    "roll_off": {
      "is_categorical": false,
      "bins": 10,
      "values": {
        "(0.2, 0.21]": {
          "Éxito": 0.9432624113475178,
          "Error": 0.05673758865248227
        },
        "(0.21, 0.22]": {
          "Éxito": 0.975,
          "Error": 0.025
        },
        "(0.22, 0.23]": {
          "Éxito": 0.9670781893004116,
          "Error": 0.03292181069958848
        },
        "(0.23, 0.24]": {
          "Éxito": 0.9790794979079498,
          "Error": 0.02092050209205021
        },
        "(0.24, 0.25]": {
          "Éxito": 0.9672131147540983,
          "Error": 0.03278688524590164
        },
        "(0.25, 0.26]": {
          "Éxito": 0.9613899613899614,
          "Error": 0.03861003861003861
        },
        "(0.26, 0.27]": {
          "Éxito": 0.983739837398374,
          "Error": 0.016260162601626018
        },
        "(0.27, 0.28]": {
          "Éxito": 0.9776785714285714,
          "Error": 0.022321428571428572
        },
        "(0.28, 0.29]": {
          "Éxito": 0.98828125,
          "Error": 0.01171875
        },
        "(0.29, 0.3]": {
          "Éxito": 0.9822222222222222,
          "Error": 0.017777777777777778
        }
      }
    }
  }
}