{
  "experiment": {
    "name": "res_tcn_se_esc_2",
    "timestamp": "2025-06-16T06:56:28.870204",
    "repeat_index": 1,
    "fold_index": 2
  },
  "evaluation": {
    "loss": 0.41548213362693787,
    "accuracy": 0.863710343837738
  },
  "classification_report": {
    "bpsk": {
      "precision": 1.0,
      "recall": 1.0,
      "f1-score": 1.0,
      "support": 410.0
    },
    "qpsk": {
      "precision": 0.9879227053140096,
      "recall": 1.0,
      "f1-score": 0.9939246658566221,
      "support": 409.0
    },
    "16qam": {
      "precision": 0.8541666666666666,
      "recall": 0.9,
      "f1-score": 0.8764845605700712,
      "support": 410.0
    },
    "32qam cross": {
      "precision": 0.7396907216494846,
      "recall": 0.7,
      "f1-score": 0.7192982456140351,
      "support": 410.0
    },
    "64qam": {
      "precision": 0.8705583756345178,
      "recall": 0.8365853658536585,
      "f1-score": 0.8532338308457712,
      "support": 410.0
    },
    "128qam cross": {
      "precision": 0.7261904761904762,
      "recall": 0.7457212713936431,
      "f1-score": 0.735826296743064,
      "support": 409.0
    },
    "accuracy": 0.8637103336045565,
    "macro avg": {
      "precision": 0.8630881575758592,
      "recall": 0.8637177728745503,
      "f1-score": 0.8631279332715939,
      "support": 2458.0
    },
    "weighted avg": {
      "precision": 0.8630930652787262,
      "recall": 0.8637103336045565,
      "f1-score": 0.8631265113448012,
      "support": 2458.0
    }
  }
}