{
  "experiment": {
    "name": "red_carlos_ESC_6",
    "timestamp": "2025-06-18T12:46:10.903736",
    "repeat_index": 0,
    "fold_index": 1
  },
  "evaluation": {
    "loss": 0.1797667294740677,
    "accuracy": 0.9637917280197144
  },
  "classification_report": {
    "bpsk": {
      "precision": 1.0,
      "recall": 1.0,
      "f1-score": 1.0,
      "support": 410.0
    },
    "qpsk": {
      "precision": 1.0,
      "recall": 1.0,
      "f1-score": 1.0,
      "support": 410.0
    },
    "16qam": {
      "precision": 0.9975186104218362,
      "recall": 0.9804878048780488,
      "f1-score": 0.988929889298893,
      "support": 410.0
    },
    "32qam cross": {
      "precision": 0.9104477611940298,
      "recall": 0.8926829268292683,
      "f1-score": 0.9014778325123152,
      "support": 410.0
    },
    "64qam": {
      "precision": 0.9807692307692307,
      "recall": 0.9975550122249389,
      "f1-score": 0.9890909090909091,
      "support": 409.0
    },
    "128qam cross": {
      "precision": 0.894484412470024,
      "recall": 0.9119804400977995,
      "f1-score": 0.9031476997578692,
      "support": 409.0
    },
    "accuracy": 0.9637917005695688,
    "macro avg": {
      "precision": 0.9638700024758534,
      "recall": 0.9637843640050092,
      "f1-score": 0.9637743884433311,
      "support": 2458.0
    },
    "weighted avg": {
      "precision": 0.9638913557556389,
      "recall": 0.9637917005695688,
      "f1-score": 0.9637887538493677,
      "support": 2458.0
    }
  }
}