{
  "experiment": {
    "name": "res_tcn_se_esc_3",
    "timestamp": "2025-06-21T04:35:48.677021",
    "repeat_index": 2,
    "fold_index": 1
  },
  "effects": {
    "num_taps": {
      "is_categorical": true,
      "bins": null,
      "values": {
        "2": {
          "Éxito": 0.9479251423921887,
          "Error": 0.05207485760781123
        }
      }
    },
    "snr_db": {
      "is_categorical": false,
      "bins": 10,
      "values": {
        "(7.997, 8.401]": {
          "Éxito": 0.9433962264150944,
          "Error": 0.05660377358490566
        },
        "(8.401, 8.801]": {
          "Éxito": 0.9264069264069265,
          "Error": 0.0735930735930736
        },
        "(8.801, 9.2]": {
          "Éxito": 0.944,
          "Error": 0.056
        },
        "(9.2, 9.6]": {
          "Éxito": 0.9342723004694836,
          "Error": 0.06572769953051644
        },
        "(9.6, 10.0]": {
          "Éxito": 0.9525862068965517,
          "Error": 0.04741379310344827
        },
        "(10.0, 10.4]": {
          "Éxito": 0.9620253164556962,
          "Error": 0.0379746835443038
        },
        "(10.4, 10.8]": {
          "Éxito": 0.9458128078817734,
          "Error": 0.054187192118226604
        },
        "(10.8, 11.2]": {
          "Éxito": 0.9608540925266904,
          "Error": 0.03914590747330961
        },
        "(11.2, 11.6]": {
          "Éxito": 0.9518518518518518,
          "Error": 0.04814814814814815
        },
        "(11.6, 12.0]": {
          "Éxito": 0.9528985507246377,
          "Error": 0.04710144927536232
        }
      }
    },
    "phase_offset": {
      "is_categorical": false,
      "bins": 10,
      "values": {
        "(-0.043, 4.501]": {
          "Éxito": 0.9465020576131687,
          "Error": 0.053497942386831275
        },
        "(4.501, 9.001]": {
          "Éxito": 0.9418181818181818,
          "Error": 0.05818181818181818
        },
        "(9.001, 13.5]": {
          "Éxito": 0.9383259911894273,
          "Error": 0.06167400881057269
        },
        "(13.5, 17.999]": {
          "Éxito": 0.9556451612903226,
          "Error": 0.04435483870967742
        },
        "(17.999, 22.498]": {
          "Éxito": 0.9432314410480349,
          "Error": 0.056768558951965066
        },
        "(22.498, 26.998]": {
          "Éxito": 0.9512195121951219,
          "Error": 0.04878048780487805
        },
        "(26.998, 31.497]": {
          "Éxito": 0.9471544715447154,
          "Error": 0.052845528455284556
        },
        "(31.497, 35.996]": {
          "Éxito": 0.9748953974895398,
          "Error": 0.02510460251046025
        },
        "(35.996, 40.495]": {
          "Éxito": 0.947565543071161,
          "Error": 0.052434456928838954
        },
        "(40.495, 44.994]": {
          "Éxito": 0.9327731092436975,
          "Error": 0.06722689075630252
        }
      }
    },
    "roll_off": {
      "is_categorical": false,
      "bins": 10,
      "values": {
        "(0.2, 0.21]": {
          "Éxito": 0.9304347826086956,
          "Error": 0.06956521739130435
        },
        "(0.21, 0.22]": {
          "Éxito": 0.926530612244898,
          "Error": 0.07346938775510205
        },
        "(0.22, 0.23]": {
          "Éxito": 0.9401709401709402,
          "Error": 0.05982905982905983
        },
        "(0.23, 0.24]": {
          "Éxito": 0.9433198380566802,
          "Error": 0.05668016194331984
        },
        "(0.24, 0.25]": {
          "Éxito": 0.9333333333333333,
          "Error": 0.06666666666666667
        },
        "(0.25, 0.26]": {
          "Éxito": 0.9574468085106383,
          "Error": 0.0425531914893617
        },
        "(0.26, 0.27]": {
          "Éxito": 0.9448818897637795,
          "Error": 0.05511811023622047
        },
        "(0.27, 0.28]": {
          "Éxito": 0.9572649572649573,
          "Error": 0.042735042735042736
        },
        "(0.28, 0.29]": {
          "Éxito": 0.9847328244274809,
          "Error": 0.015267175572519083
        },
        "(0.29, 0.3]": {
          "Éxito": 0.9595141700404858,
          "Error": 0.04048582995951417
        }
      }
    }
  }
}