{
  "experiment": {
    "name": "red_carlos_ESC_7",
    "timestamp": "2025-06-18T15:23:04.568790",
    "repeat_index": 1,
    "fold_index": 3
  },
  "effects": {
    "num_taps": {
      "is_categorical": true,
      "bins": null,
      "values": {
        "4": {
          "Éxito": 0.8449959316517494,
          "Error": 0.15500406834825062
        }
      }
    },
    "snr_db": {
      "is_categorical": false,
      "bins": 10,
      "values": {
        "(7.997, 8.4]": {
          "Éxito": 0.8382978723404255,
          "Error": 0.16170212765957448
        },
        "(8.4, 8.8]": {
          "Éxito": 0.8354978354978355,
          "Error": 0.1645021645021645
        },
        "(8.8, 9.199]": {
          "Éxito": 0.8210116731517509,
          "Error": 0.17898832684824903
        },
        "(9.199, 9.599]": {
          "Éxito": 0.8174273858921162,
          "Error": 0.1825726141078838
        },
        "(9.599, 9.999]": {
          "Éxito": 0.872,
          "Error": 0.128
        },
        "(9.999, 10.398]": {
          "Éxito": 0.8549019607843137,
          "Error": 0.1450980392156863
        },
        "(10.398, 10.798]": {
          "Éxito": 0.8347107438016529,
          "Error": 0.1652892561983471
        },
        "(10.798, 11.197]": {
          "Éxito": 0.8790322580645161,
          "Error": 0.12096774193548387
        },
        "(11.197, 11.597]": {
          "Éxito": 0.85,
          "Error": 0.15
        },
        "(11.597, 11.997]": {
          "Éxito": 0.8451882845188284,
          "Error": 0.15481171548117154
        }
      }
    },
    "phase_offset": {
      "is_categorical": false,
      "bins": 10,
      "values": {
        "(-0.0373, 4.503]": {
          "Éxito": 0.8189655172413793,
          "Error": 0.1810344827586207
        },
        "(4.503, 8.999]": {
          "Éxito": 0.86,
          "Error": 0.14
        },
        "(8.999, 13.495]": {
          "Éxito": 0.8383458646616542,
          "Error": 0.16165413533834586
        },
        "(13.495, 17.991]": {
          "Éxito": 0.834061135371179,
          "Error": 0.16593886462882096
        },
        "(17.991, 22.487]": {
          "Éxito": 0.8346774193548387,
          "Error": 0.16532258064516128
        },
        "(22.487, 26.982]": {
          "Éxito": 0.8436018957345972,
          "Error": 0.15639810426540285
        },
        "(26.982, 31.478]": {
          "Éxito": 0.8560606060606061,
          "Error": 0.14393939393939395
        },
        "(31.478, 35.974]": {
          "Éxito": 0.8215767634854771,
          "Error": 0.17842323651452283
        },
        "(35.974, 40.47]": {
          "Éxito": 0.8515625,
          "Error": 0.1484375
        },
        "(40.47, 44.966]": {
          "Éxito": 0.8850574712643678,
          "Error": 0.11494252873563218
        }
      }
    },
    "roll_off": {
      "is_categorical": false,
      "bins": 10,
      "values": {
        "(0.2, 0.21]": {
          "Éxito": 0.8251121076233184,
          "Error": 0.17488789237668162
        },
        "(0.21, 0.22]": {
          "Éxito": 0.7928286852589641,
          "Error": 0.20717131474103587
        },
        "(0.22, 0.23]": {
          "Éxito": 0.8587786259541985,
          "Error": 0.14122137404580154
        },
        "(0.23, 0.24]": {
          "Éxito": 0.8773946360153256,
          "Error": 0.12260536398467432
        },
        "(0.24, 0.25]": {
          "Éxito": 0.7773109243697479,
          "Error": 0.22268907563025211
        },
        "(0.25, 0.26]": {
          "Éxito": 0.8731884057971014,
          "Error": 0.12681159420289856
        },
        "(0.26, 0.27]": {
          "Éxito": 0.8623481781376519,
          "Error": 0.13765182186234817
        },
        "(0.27, 0.28]": {
          "Éxito": 0.8683127572016461,
          "Error": 0.13168724279835392
        },
        "(0.28, 0.29]": {
          "Éxito": 0.8356807511737089,
          "Error": 0.1643192488262911
        },
        "(0.29, 0.3]": {
          "Éxito": 0.8688524590163934,
          "Error": 0.13114754098360656
        }
      }
    }
  }
}