{
  "experiment": {
    "name": "cnn_bilstm_attn_esc_6",
    "timestamp": "2025-06-17T07:50:56.071430",
    "repeat_index": 0,
    "fold_index": 2
  },
  "effects": {
    "num_taps": {
      "is_categorical": true,
      "bins": null,
      "values": {
        "1": {
          "Éxito": 0.9808787632221319,
          "Error": 0.019121236777868186
        }
      }
    },
    "snr_db": {
      "is_categorical": false,
      "bins": 10,
      "values": {
        "(7.997, 8.401]": {
          "Éxito": 0.9651162790697675,
          "Error": 0.03488372093023256
        },
        "(8.401, 8.8]": {
          "Éxito": 0.9606299212598425,
          "Error": 0.03937007874015748
        },
        "(8.8, 9.2]": {
          "Éxito": 0.976,
          "Error": 0.024
        },
        "(9.2, 9.6]": {
          "Éxito": 0.9795081967213115,
          "Error": 0.020491803278688523
        },
        "(9.6, 10.0]": {
          "Éxito": 0.9832635983263598,
          "Error": 0.016736401673640166
        },
        "(10.0, 10.4]": {
          "Éxito": 0.992,
          "Error": 0.008
        },
        "(10.4, 10.8]": {
          "Éxito": 0.9956140350877193,
          "Error": 0.0043859649122807015
        },
        "(10.8, 11.2]": {
          "Éxito": 0.984375,
          "Error": 0.015625
        },
        "(11.2, 11.6]": {
          "Éxito": 0.9916317991631799,
          "Error": 0.008368200836820083
        },
        "(11.6, 12.0]": {
          "Éxito": 0.9833333333333333,
          "Error": 0.016666666666666666
        }
      }
    },
    "phase_offset": {
      "is_categorical": false,
      "bins": 10,
      "values": {
        "(-0.0417, 4.503]": {
          "Éxito": 0.9619771863117871,
          "Error": 0.03802281368821293
        },
        "(4.503, 9.002]": {
          "Éxito": 0.9695652173913043,
          "Error": 0.030434782608695653
        },
        "(9.002, 13.502]": {
          "Éxito": 0.9786324786324786,
          "Error": 0.021367521367521368
        },
        "(13.502, 18.001]": {
          "Éxito": 0.9846153846153847,
          "Error": 0.015384615384615385
        },
        "(18.001, 22.5]": {
          "Éxito": 0.9924812030075187,
          "Error": 0.007518796992481203
        },
        "(22.5, 27.0]": {
          "Éxito": 0.99581589958159,
          "Error": 0.0041841004184100415
        },
        "(27.0, 31.499]": {
          "Éxito": 0.973384030418251,
          "Error": 0.026615969581749048
        },
        "(31.499, 35.999]": {
          "Éxito": 0.9908256880733946,
          "Error": 0.009174311926605505
        },
        "(35.999, 40.498]": {
          "Éxito": 0.9919354838709677,
          "Error": 0.008064516129032258
        },
        "(40.498, 44.997]": {
          "Éxito": 0.9704641350210971,
          "Error": 0.029535864978902954
        }
      }
    },
    "roll_off": {
      "is_categorical": false,
      "bins": 10,
      "values": {
        "(0.2, 0.21]": {
          "Éxito": 0.9663865546218487,
          "Error": 0.03361344537815126
        },
        "(0.21, 0.22]": {
          "Éxito": 0.9826388888888888,
          "Error": 0.017361111111111112
        },
        "(0.22, 0.23]": {
          "Éxito": 0.9757085020242915,
          "Error": 0.024291497975708502
        },
        "(0.23, 0.24]": {
          "Éxito": 0.9836734693877551,
          "Error": 0.0163265306122449
        },
        "(0.24, 0.25]": {
          "Éxito": 0.987012987012987,
          "Error": 0.012987012987012988
        },
        "(0.25, 0.26]": {
          "Éxito": 0.9768339768339769,
          "Error": 0.023166023166023165
        },
        "(0.26, 0.27]": {
          "Éxito": 0.9745762711864406,
          "Error": 0.025423728813559324
        },
        "(0.27, 0.28]": {
          "Éxito": 0.9801587301587301,
          "Error": 0.01984126984126984
        },
        "(0.28, 0.29]": {
          "Éxito": 0.9872340425531915,
          "Error": 0.01276595744680851
        },
        "(0.29, 0.3]": {
          "Éxito": 0.9955947136563876,
          "Error": 0.004405286343612335
        }
      }
    }
  }
}