{
  "experiment": {
    "name": "ARQ_1__ESC_11",
    "timestamp": "2025-06-22T19:26:50.581006",
    "repeat_index": 8
  },
  "evaluation": {
    "loss": 0.1825597733259201,
    "accuracy": 0.9630534052848816
  },
  "classification_report": {
    "bpsk": {
      "precision": 1.0,
      "recall": 1.0,
      "f1-score": 1.0,
      "support": 1024.0
    },
    "qpsk": {
      "precision": 1.0,
      "recall": 1.0,
      "f1-score": 1.0,
      "support": 1024.0
    },
    "16qam": {
      "precision": 0.9892578125,
      "recall": 0.9892578125,
      "f1-score": 0.9892578125,
      "support": 1024.0
    },
    "32qam cross": {
      "precision": 0.9415708812260536,
      "recall": 0.9599609375,
      "f1-score": 0.9506769825918763,
      "support": 1024.0
    },
    "64qam": {
      "precision": 0.954864593781344,
      "recall": 0.9296875,
      "f1-score": 0.9421078673923801,
      "support": 1024.0
    },
    "128qam cross": {
      "precision": 0.8933074684772065,
      "recall": 0.8994140625,
      "f1-score": 0.8963503649635036,
      "support": 1024.0
    },
    "accuracy": 0.9630533854166666,
    "macro avg": {
      "precision": 0.9631667926641007,
      "recall": 0.9630533854166666,
      "f1-score": 0.9630655045746267,
      "support": 6144.0
    },
    "weighted avg": {
      "precision": 0.9631667926641007,
      "recall": 0.9630533854166666,
      "f1-score": 0.9630655045746267,
      "support": 6144.0
    }
  }
}