{
  "experiment": {
    "name": "ARQ_1__ESC_7",
    "timestamp": "2025-06-22T00:43:45.302353",
    "repeat_index": 2
  },
  "evaluation": {
    "loss": 0.29070043563842773,
    "accuracy": 0.904296875
  },
  "classification_report": {
    "bpsk": {
      "precision": 1.0,
      "recall": 1.0,
      "f1-score": 1.0,
      "support": 1024.0
    },
    "qpsk": {
      "precision": 1.0,
      "recall": 1.0,
      "f1-score": 1.0,
      "support": 1024.0
    },
    "16qam": {
      "precision": 0.9239653512993262,
      "recall": 0.9375,
      "f1-score": 0.930683470673776,
      "support": 1024.0
    },
    "32qam cross": {
      "precision": 0.7823639774859287,
      "recall": 0.814453125,
      "f1-score": 0.7980861244019138,
      "support": 1024.0
    },
    "64qam": {
      "precision": 0.9188660801564027,
      "recall": 0.91796875,
      "f1-score": 0.9184171958964338,
      "support": 1024.0
    },
    "128qam cross": {
      "precision": 0.7995867768595041,
      "recall": 0.755859375,
      "f1-score": 0.7771084337349399,
      "support": 1024.0
    },
    "accuracy": 0.904296875,
    "macro avg": {
      "precision": 0.9041303643001938,
      "recall": 0.904296875,
      "f1-score": 0.904049204117844,
      "support": 6144.0
    },
    "weighted avg": {
      "precision": 0.9041303643001938,
      "recall": 0.904296875,
      "f1-score": 0.904049204117844,
      "support": 6144.0
    }
  }
}