{
  "experiment": {
    "name": "ARQ_3__ESC_11",
    "timestamp": "2025-06-19T23:44:45.302067",
    "repeat_index": 9
  },
  "effects": {
    "num_taps": {
      "is_categorical": true,
      "bins": null,
      "values": {
        "2": {
          "Éxito": 0.9625651041666666,
          "Error": 0.037434895833333336
        }
      }
    },
    "snr_db": {
      "is_categorical": false,
      "bins": 10,
      "values": {
        "(7.996, 8.4]": {
          "Éxito": 0.9492868462757528,
          "Error": 0.05071315372424723
        },
        "(8.4, 8.8]": {
          "Éxito": 0.9325657894736842,
          "Error": 0.06743421052631579
        },
        "(8.8, 9.2]": {
          "Éxito": 0.9563182527301092,
          "Error": 0.0436817472698908
        },
        "(9.2, 9.6]": {
          "Éxito": 0.965742251223491,
          "Error": 0.03425774877650897
        },
        "(9.6, 10.0]": {
          "Éxito": 0.9607508532423208,
          "Error": 0.03924914675767918
        },
        "(10.0, 10.4]": {
          "Éxito": 0.9628378378378378,
          "Error": 0.037162162162162164
        },
        "(10.4, 10.8]": {
          "Éxito": 0.9735973597359736,
          "Error": 0.026402640264026403
        },
        "(10.8, 11.2]": {
          "Éxito": 0.9759862778730704,
          "Error": 0.024013722126929673
        },
        "(11.2, 11.6]": {
          "Éxito": 0.9658914728682171,
          "Error": 0.034108527131782945
        },
        "(11.6, 12.0]": {
          "Éxito": 0.9827856025039123,
          "Error": 0.017214397496087636
        }
      }
    },
    "phase_offset": {
      "is_categorical": false,
      "bins": 10,
      "values": {
        "(134.963, 139.507]": {
          "Éxito": 0.9581993569131833,
          "Error": 0.04180064308681672
        },
        "(139.507, 144.006]": {
          "Éxito": 0.9603174603174603,
          "Error": 0.03968253968253968
        },
        "(144.006, 148.505]": {
          "Éxito": 0.9600638977635783,
          "Error": 0.039936102236421724
        },
        "(148.505, 153.004]": {
          "Éxito": 0.9670510708401977,
          "Error": 0.032948929159802305
        },
        "(153.004, 157.503]": {
          "Éxito": 0.9574132492113565,
          "Error": 0.04258675078864353
        },
        "(157.503, 162.002]": {
          "Éxito": 0.9604612850082372,
          "Error": 0.039538714991762765
        },
        "(162.002, 166.501]": {
          "Éxito": 0.9724025974025974,
          "Error": 0.027597402597402596
        },
        "(166.501, 171.0]": {
          "Éxito": 0.9488054607508533,
          "Error": 0.051194539249146756
        },
        "(171.0, 175.498]": {
          "Éxito": 0.9704433497536946,
          "Error": 0.029556650246305417
        },
        "(175.498, 179.997]": {
          "Éxito": 0.9703459637561779,
          "Error": 0.029654036243822075
        }
      }
    },
    "roll_off": {
      "is_categorical": false,
      "bins": 10,
      "values": {
        "(0.2, 0.21]": {
          "Éxito": 0.9551724137931035,
          "Error": 0.04482758620689655
        },
        "(0.21, 0.22]": {
          "Éxito": 0.9595278246205734,
          "Error": 0.04047217537942664
        },
        "(0.22, 0.23]": {
          "Éxito": 0.9555921052631579,
          "Error": 0.044407894736842105
        },
        "(0.23, 0.24]": {
          "Éxito": 0.9625,
          "Error": 0.0375
        },
        "(0.24, 0.25]": {
          "Éxito": 0.9511400651465798,
          "Error": 0.048859934853420196
        },
        "(0.25, 0.26]": {
          "Éxito": 0.9616,
          "Error": 0.0384
        },
        "(0.26, 0.27]": {
          "Éxito": 0.9611486486486487,
          "Error": 0.03885135135135135
        },
        "(0.27, 0.28]": {
          "Éxito": 0.9760765550239234,
          "Error": 0.023923444976076555
        },
        "(0.28, 0.29]": {
          "Éxito": 0.9765625,
          "Error": 0.0234375
        },
        "(0.29, 0.3]": {
          "Éxito": 0.9648,
          "Error": 0.0352
        }
      }
    }
  }
}