{
  "experiment": {
    "name": "res_tcn_se_esc_4",
    "timestamp": "2025-06-16T08:58:05.661604",
    "repeat_index": 1,
    "fold_index": 0
  },
  "effects": {
    "num_taps": {
      "is_categorical": true,
      "bins": null,
      "values": {
        "2": {
          "Éxito": 0.9768104149715215,
          "Error": 0.023189585028478437
        }
      }
    },
    "snr_db": {
      "is_categorical": false,
      "bins": 10,
      "values": {
        "(11.999, 12.402]": {
          "Éxito": 0.9770114942528736,
          "Error": 0.022988505747126436
        },
        "(12.402, 12.802]": {
          "Éxito": 0.9728682170542635,
          "Error": 0.027131782945736434
        },
        "(12.802, 13.202]": {
          "Éxito": 0.9659574468085106,
          "Error": 0.03404255319148936
        },
        "(13.202, 13.601]": {
          "Éxito": 0.9855769230769231,
          "Error": 0.014423076923076924
        },
        "(13.601, 14.001]": {
          "Éxito": 0.9818840579710145,
          "Error": 0.018115942028985508
        },
        "(14.001, 14.401]": {
          "Éxito": 0.9826086956521739,
          "Error": 0.017391304347826087
        },
        "(14.401, 14.8]": {
          "Éxito": 0.9722222222222222,
          "Error": 0.027777777777777776
        },
        "(14.8, 15.2]": {
          "Éxito": 0.9747899159663865,
          "Error": 0.025210084033613446
        },
        "(15.2, 15.6]": {
          "Éxito": 0.9831223628691983,
          "Error": 0.016877637130801686
        },
        "(15.6, 15.999]": {
          "Éxito": 0.973384030418251,
          "Error": 0.026615969581749048
        }
      }
    },
    "phase_offset": {
      "is_categorical": false,
      "bins": 10,
      "values": {
        "(-0.0417, 4.502]": {
          "Éxito": 0.9632352941176471,
          "Error": 0.03676470588235294
        },
        "(4.502, 9.001]": {
          "Éxito": 0.9521739130434783,
          "Error": 0.04782608695652174
        },
        "(9.001, 13.499]": {
          "Éxito": 0.9889705882352942,
          "Error": 0.011029411764705883
        },
        "(13.499, 17.998]": {
          "Éxito": 0.9703389830508474,
          "Error": 0.029661016949152543
        },
        "(17.998, 22.496]": {
          "Éxito": 0.9802371541501976,
          "Error": 0.019762845849802372
        },
        "(22.496, 26.995]": {
          "Éxito": 0.9835390946502057,
          "Error": 0.01646090534979424
        },
        "(26.995, 31.494]": {
          "Éxito": 0.983739837398374,
          "Error": 0.016260162601626018
        },
        "(31.494, 35.992]": {
          "Éxito": 0.9830508474576272,
          "Error": 0.01694915254237288
        },
        "(35.992, 40.491]": {
          "Éxito": 0.9840637450199203,
          "Error": 0.01593625498007968
        },
        "(40.491, 44.989]": {
          "Éxito": 0.9771689497716894,
          "Error": 0.0228310502283105
        }
      }
    },
    "roll_off": {
      "is_categorical": false,
      "bins": 10,
      "values": {
        "(0.2, 0.21]": {
          "Éxito": 0.9732824427480916,
          "Error": 0.026717557251908396
        },
        "(0.21, 0.22]": {
          "Éxito": 0.9606986899563319,
          "Error": 0.039301310043668124
        },
        "(0.22, 0.23]": {
          "Éxito": 0.9808429118773946,
          "Error": 0.019157088122605363
        },
        "(0.23, 0.24]": {
          "Éxito": 0.9757085020242915,
          "Error": 0.024291497975708502
        },
        "(0.24, 0.25]": {
          "Éxito": 0.9788135593220338,
          "Error": 0.0211864406779661
        },
        "(0.25, 0.26]": {
          "Éxito": 0.9665271966527197,
          "Error": 0.03347280334728033
        },
        "(0.26, 0.27]": {
          "Éxito": 0.9813432835820896,
          "Error": 0.018656716417910446
        },
        "(0.27, 0.28]": {
          "Éxito": 0.9752066115702479,
          "Error": 0.024793388429752067
        },
        "(0.28, 0.29]": {
          "Éxito": 0.9920318725099602,
          "Error": 0.00796812749003984
        },
        "(0.29, 0.3]": {
          "Éxito": 0.9820627802690582,
          "Error": 0.017937219730941704
        }
      }
    }
  }
}