{
  "experiment": {
    "name": "res_tcn_se_esc_8",
    "timestamp": "2025-06-21T10:34:03.308810",
    "repeat_index": 2,
    "fold_index": 1
  },
  "effects": {
    "num_taps": {
      "is_categorical": true,
      "bins": null,
      "values": {
        "6": {
          "Éxito": 0.7949552481692432,
          "Error": 0.2050447518307567
        }
      }
    },
    "snr_db": {
      "is_categorical": false,
      "bins": 10,
      "values": {
        "(7.997, 8.401]": {
          "Éxito": 0.7894736842105263,
          "Error": 0.21052631578947367
        },
        "(8.401, 8.801]": {
          "Éxito": 0.7624521072796935,
          "Error": 0.23754789272030652
        },
        "(8.801, 9.201]": {
          "Éxito": 0.8088888888888889,
          "Error": 0.19111111111111112
        },
        "(9.201, 9.601]": {
          "Éxito": 0.768,
          "Error": 0.232
        },
        "(9.601, 10.0]": {
          "Éxito": 0.78099173553719,
          "Error": 0.2190082644628099
        },
        "(10.0, 10.4]": {
          "Éxito": 0.7796610169491526,
          "Error": 0.22033898305084745
        },
        "(10.4, 10.8]": {
          "Éxito": 0.8396946564885496,
          "Error": 0.16030534351145037
        },
        "(10.8, 11.2]": {
          "Éxito": 0.7915057915057915,
          "Error": 0.2084942084942085
        },
        "(11.2, 11.6]": {
          "Éxito": 0.809322033898305,
          "Error": 0.1906779661016949
        },
        "(11.6, 12.0]": {
          "Éxito": 0.8208333333333333,
          "Error": 0.17916666666666667
        }
      }
    },
    "phase_offset": {
      "is_categorical": false,
      "bins": 10,
      "values": {
        "(-0.00872, 4.531]": {
          "Éxito": 0.788,
          "Error": 0.212
        },
        "(4.531, 9.027]": {
          "Éxito": 0.8249027237354085,
          "Error": 0.17509727626459143
        },
        "(9.027, 13.522]": {
          "Éxito": 0.805668016194332,
          "Error": 0.19433198380566802
        },
        "(13.522, 18.017]": {
          "Éxito": 0.7868852459016393,
          "Error": 0.21311475409836064
        },
        "(18.017, 22.512]": {
          "Éxito": 0.7758620689655172,
          "Error": 0.22413793103448276
        },
        "(22.512, 27.008]": {
          "Éxito": 0.8138528138528138,
          "Error": 0.18614718614718614
        },
        "(27.008, 31.503]": {
          "Éxito": 0.78,
          "Error": 0.22
        },
        "(31.503, 35.998]": {
          "Éxito": 0.8007518796992481,
          "Error": 0.19924812030075187
        },
        "(35.998, 40.493]": {
          "Éxito": 0.7896995708154506,
          "Error": 0.21030042918454936
        },
        "(40.493, 44.989]": {
          "Éxito": 0.782258064516129,
          "Error": 0.21774193548387097
        }
      }
    },
    "roll_off": {
      "is_categorical": false,
      "bins": 10,
      "values": {
        "(0.2, 0.21]": {
          "Éxito": 0.8008474576271186,
          "Error": 0.19915254237288135
        },
        "(0.21, 0.22]": {
          "Éxito": 0.8063241106719368,
          "Error": 0.19367588932806323
        },
        "(0.22, 0.23]": {
          "Éxito": 0.8146718146718147,
          "Error": 0.18532818532818532
        },
        "(0.23, 0.24]": {
          "Éxito": 0.7807017543859649,
          "Error": 0.21929824561403508
        },
        "(0.24, 0.25]": {
          "Éxito": 0.7982832618025751,
          "Error": 0.2017167381974249
        },
        "(0.25, 0.26]": {
          "Éxito": 0.7983870967741935,
          "Error": 0.20161290322580644
        },
        "(0.26, 0.27]": {
          "Éxito": 0.78125,
          "Error": 0.21875
        },
        "(0.27, 0.28]": {
          "Éxito": 0.7813765182186235,
          "Error": 0.21862348178137653
        },
        "(0.28, 0.29]": {
          "Éxito": 0.7937743190661478,
          "Error": 0.20622568093385213
        },
        "(0.29, 0.3]": {
          "Éxito": 0.7925311203319502,
          "Error": 0.2074688796680498
        }
      }
    }
  }
}