{
  "experiment": {
    "name": "cnn_bilstm_attn_esc_8",
    "timestamp": "2025-06-16T23:46:58.186814",
    "repeat_index": 0,
    "fold_index": 0
  },
  "effects": {
    "num_taps": {
      "is_categorical": true,
      "bins": null,
      "values": {
        "6": {
          "Éxito": 0.806346623270952,
          "Error": 0.193653376729048
        }
      }
    },
    "snr_db": {
      "is_categorical": false,
      "bins": 10,
      "values": {
        "(7.996, 8.4]": {
          "Éxito": 0.7613168724279835,
          "Error": 0.23868312757201646
        },
        "(8.4, 8.8]": {
          "Éxito": 0.7725490196078432,
          "Error": 0.22745098039215686
        },
        "(8.8, 9.2]": {
          "Éxito": 0.8032128514056225,
          "Error": 0.19678714859437751
        },
        "(9.2, 9.6]": {
          "Éxito": 0.8045112781954887,
          "Error": 0.19548872180451127
        },
        "(9.6, 10.0]": {
          "Éxito": 0.7937219730941704,
          "Error": 0.2062780269058296
        },
        "(10.0, 10.4]": {
          "Éxito": 0.8609865470852018,
          "Error": 0.13901345291479822
        },
        "(10.4, 10.8]": {
          "Éxito": 0.752,
          "Error": 0.248
        },
        "(10.8, 11.2]": {
          "Éxito": 0.8467741935483871,
          "Error": 0.1532258064516129
        },
        "(11.2, 11.6]": {
          "Éxito": 0.8127490039840638,
          "Error": 0.18725099601593626
        },
        "(11.6, 12.0]": {
          "Éxito": 0.86,
          "Error": 0.14
        }
      }
    },
    "phase_offset": {
      "is_categorical": false,
      "bins": 10,
      "values": {
        "(-0.0087, 4.529]": {
          "Éxito": 0.7963800904977375,
          "Error": 0.20361990950226244
        },
        "(4.529, 9.022]": {
          "Éxito": 0.8050847457627118,
          "Error": 0.19491525423728814
        },
        "(9.022, 13.515]": {
          "Éxito": 0.7791164658634538,
          "Error": 0.22088353413654618
        },
        "(13.515, 18.008]": {
          "Éxito": 0.8208955223880597,
          "Error": 0.1791044776119403
        },
        "(18.008, 22.501]": {
          "Éxito": 0.8392156862745098,
          "Error": 0.1607843137254902
        },
        "(22.501, 26.994]": {
          "Éxito": 0.8177570093457944,
          "Error": 0.1822429906542056
        },
        "(26.994, 31.488]": {
          "Éxito": 0.76171875,
          "Error": 0.23828125
        },
        "(31.488, 35.981]": {
          "Éxito": 0.8192307692307692,
          "Error": 0.18076923076923077
        },
        "(35.981, 40.474]": {
          "Éxito": 0.7860082304526749,
          "Error": 0.2139917695473251
        },
        "(40.474, 44.967]": {
          "Éxito": 0.8359375,
          "Error": 0.1640625
        }
      }
    },
    "roll_off": {
      "is_categorical": false,
      "bins": 10,
      "values": {
        "(0.2, 0.21]": {
          "Éxito": 0.8390804597701149,
          "Error": 0.16091954022988506
        },
        "(0.21, 0.22]": {
          "Éxito": 0.7795918367346939,
          "Error": 0.22040816326530613
        },
        "(0.22, 0.23]": {
          "Éxito": 0.7865612648221344,
          "Error": 0.2134387351778656
        },
        "(0.23, 0.24]": {
          "Éxito": 0.788,
          "Error": 0.212
        },
        "(0.24, 0.25]": {
          "Éxito": 0.8218623481781376,
          "Error": 0.17813765182186234
        },
        "(0.25, 0.26]": {
          "Éxito": 0.8130081300813008,
          "Error": 0.18699186991869918
        },
        "(0.26, 0.27]": {
          "Éxito": 0.7782101167315175,
          "Error": 0.22178988326848248
        },
        "(0.27, 0.28]": {
          "Éxito": 0.8080357142857143,
          "Error": 0.19196428571428573
        },
        "(0.28, 0.29]": {
          "Éxito": 0.8481012658227848,
          "Error": 0.1518987341772152
        },
        "(0.29, 0.3]": {
          "Éxito": 0.8025210084033614,
          "Error": 0.19747899159663865
        }
      }
    }
  }
}