{
  "experiment": {
    "name": "red_carlos_ESC_3",
    "timestamp": "2025-06-18T05:16:00.424887",
    "repeat_index": 0,
    "fold_index": 0
  },
  "evaluation": {
    "loss": 0.25641292333602905,
    "accuracy": 0.9528071880340576
  },
  "classification_report": {
    "bpsk": {
      "precision": 1.0,
      "recall": 1.0,
      "f1-score": 1.0,
      "support": 410.0
    },
    "qpsk": {
      "precision": 1.0,
      "recall": 1.0,
      "f1-score": 1.0,
      "support": 410.0
    },
    "16qam": {
      "precision": 0.9783653846153846,
      "recall": 0.9926829268292683,
      "f1-score": 0.9854721549636803,
      "support": 410.0
    },
    "32qam cross": {
      "precision": 0.894484412470024,
      "recall": 0.9097560975609756,
      "f1-score": 0.902055622732769,
      "support": 410.0
    },
    "64qam": {
      "precision": 0.960880195599022,
      "recall": 0.960880195599022,
      "f1-score": 0.960880195599022,
      "support": 409.0
    },
    "128qam cross": {
      "precision": 0.8813131313131313,
      "recall": 0.8533007334963325,
      "f1-score": 0.867080745341615,
      "support": 409.0
    },
    "accuracy": 0.9528071602929211,
    "macro avg": {
      "precision": 0.952507187332927,
      "recall": 0.9527699922475996,
      "f1-score": 0.9525814531061809,
      "support": 2458.0
    },
    "weighted avg": {
      "precision": 0.9525327451229001,
      "recall": 0.9528071602929211,
      "f1-score": 0.9526128615542168,
      "support": 2458.0
    }
  }
}