{
  "experiment": {
    "name": "red_carlos_ESC_3",
    "timestamp": "2025-06-18T05:16:00.872948",
    "repeat_index": 0,
    "fold_index": 0
  },
  "effects": {
    "num_taps": {
      "is_categorical": true,
      "bins": null,
      "values": {
        "2": {
          "Éxito": 0.9528071602929211,
          "Error": 0.047192839707078924
        }
      }
    },
    "snr_db": {
      "is_categorical": false,
      "bins": 10,
      "values": {
        "(7.996, 8.4]": {
          "Éxito": 0.9375,
          "Error": 0.0625
        },
        "(8.4, 8.8]": {
          "Éxito": 0.9201680672268907,
          "Error": 0.07983193277310924
        },
        "(8.8, 9.2]": {
          "Éxito": 0.9456066945606695,
          "Error": 0.05439330543933055
        },
        "(9.2, 9.6]": {
          "Éxito": 0.9586776859504132,
          "Error": 0.04132231404958678
        },
        "(9.6, 10.0]": {
          "Éxito": 0.9274193548387096,
          "Error": 0.07258064516129033
        },
        "(10.0, 10.4]": {
          "Éxito": 0.9770114942528736,
          "Error": 0.022988505747126436
        },
        "(10.4, 10.8]": {
          "Éxito": 0.9595141700404858,
          "Error": 0.04048582995951417
        },
        "(10.8, 11.2]": {
          "Éxito": 0.9625,
          "Error": 0.0375
        },
        "(11.2, 11.599]": {
          "Éxito": 0.9788135593220338,
          "Error": 0.0211864406779661
        },
        "(11.599, 11.999]": {
          "Éxito": 0.9588014981273408,
          "Error": 0.04119850187265917
        }
      }
    },
    "phase_offset": {
      "is_categorical": false,
      "bins": 10,
      "values": {
        "(-0.043, 4.501]": {
          "Éxito": 0.9722222222222222,
          "Error": 0.027777777777777776
        },
        "(4.501, 8.999]": {
          "Éxito": 0.9606986899563319,
          "Error": 0.039301310043668124
        },
        "(8.999, 13.498]": {
          "Éxito": 0.9586776859504132,
          "Error": 0.04132231404958678
        },
        "(13.498, 17.996]": {
          "Éxito": 0.9460431654676259,
          "Error": 0.0539568345323741
        },
        "(17.996, 22.495]": {
          "Éxito": 0.9550561797752809,
          "Error": 0.0449438202247191
        },
        "(22.495, 26.994]": {
          "Éxito": 0.956,
          "Error": 0.044
        },
        "(26.994, 31.492]": {
          "Éxito": 0.9428571428571428,
          "Error": 0.05714285714285714
        },
        "(31.492, 35.991]": {
          "Éxito": 0.9423076923076923,
          "Error": 0.057692307692307696
        },
        "(35.991, 40.489]": {
          "Éxito": 0.9427312775330396,
          "Error": 0.05726872246696035
        },
        "(40.489, 44.988]": {
          "Éxito": 0.9506172839506173,
          "Error": 0.04938271604938271
        }
      }
    },
    "roll_off": {
      "is_categorical": false,
      "bins": 10,
      "values": {
        "(0.2, 0.21]": {
          "Éxito": 0.9591836734693877,
          "Error": 0.04081632653061224
        },
        "(0.21, 0.22]": {
          "Éxito": 0.9204545454545454,
          "Error": 0.07954545454545454
        },
        "(0.22, 0.23]": {
          "Éxito": 0.963265306122449,
          "Error": 0.036734693877551024
        },
        "(0.23, 0.24]": {
          "Éxito": 0.9598393574297188,
          "Error": 0.040160642570281124
        },
        "(0.24, 0.25]": {
          "Éxito": 0.9563318777292577,
          "Error": 0.043668122270742356
        },
        "(0.25, 0.26]": {
          "Éxito": 0.9513274336283186,
          "Error": 0.048672566371681415
        },
        "(0.26, 0.27]": {
          "Éxito": 0.9682539682539683,
          "Error": 0.031746031746031744
        },
        "(0.27, 0.28]": {
          "Éxito": 0.9543568464730291,
          "Error": 0.04564315352697095
        },
        "(0.28, 0.29]": {
          "Éxito": 0.9484126984126984,
          "Error": 0.051587301587301584
        },
        "(0.29, 0.3]": {
          "Éxito": 0.9490196078431372,
          "Error": 0.050980392156862744
        }
      }
    }
  }
}