{
  "experiment": {
    "name": "cnn_bilstm_attn_esc_3",
    "timestamp": "2025-06-19T11:43:45.575068",
    "repeat_index": 2,
    "fold_index": 4
  },
  "evaluation": {
    "loss": 0.13624320924282074,
    "accuracy": 0.966639518737793
  },
  "classification_report": {
    "bpsk": {
      "precision": 1.0,
      "recall": 1.0,
      "f1-score": 1.0,
      "support": 409.0
    },
    "qpsk": {
      "precision": 1.0,
      "recall": 1.0,
      "f1-score": 1.0,
      "support": 410.0
    },
    "16qam": {
      "precision": 0.9927184466019418,
      "recall": 0.9975609756097561,
      "f1-score": 0.9951338199513382,
      "support": 410.0
    },
    "32qam cross": {
      "precision": 0.8883720930232558,
      "recall": 0.9339853300733496,
      "f1-score": 0.9106078665077473,
      "support": 409.0
    },
    "64qam": {
      "precision": 0.9902912621359223,
      "recall": 0.9951219512195122,
      "f1-score": 0.9927007299270073,
      "support": 410.0
    },
    "128qam cross": {
      "precision": 0.9298701298701298,
      "recall": 0.8731707317073171,
      "f1-score": 0.9006289308176101,
      "support": 410.0
    },
    "accuracy": 0.9666395443449959,
    "macro avg": {
      "precision": 0.9668753219385415,
      "recall": 0.9666398314349891,
      "f1-score": 0.966511891200617,
      "support": 2458.0
    },
    "weighted avg": {
      "precision": 0.9668937835133398,
      "recall": 0.9666395443449959,
      "f1-score": 0.9665210107758383,
      "support": 2458.0
    }
  }
}