{
  "experiment": {
    "name": "cnn_bilstm_attn_esc_3",
    "timestamp": "2025-06-19T11:43:46.459396",
    "repeat_index": 2,
    "fold_index": 4
  },
  "effects": {
    "num_taps": {
      "is_categorical": true,
      "bins": null,
      "values": {
        "2": {
          "Éxito": 0.9666395443449959,
          "Error": 0.03336045565500407
        }
      }
    },
    "snr_db": {
      "is_categorical": false,
      "bins": 10,
      "values": {
        "(7.998, 8.401]": {
          "Éxito": 0.92578125,
          "Error": 0.07421875
        },
        "(8.401, 8.8]": {
          "Éxito": 0.9384057971014492,
          "Error": 0.06159420289855073
        },
        "(8.8, 9.2]": {
          "Éxito": 0.9803921568627451,
          "Error": 0.0196078431372549
        },
        "(9.2, 9.599]": {
          "Éxito": 0.9653679653679653,
          "Error": 0.03463203463203463
        },
        "(9.599, 9.998]": {
          "Éxito": 0.9689922480620154,
          "Error": 0.031007751937984496
        },
        "(9.998, 10.397]": {
          "Éxito": 1.0,
          "Error": 0.0
        },
        "(10.397, 10.797]": {
          "Éxito": 0.970954356846473,
          "Error": 0.029045643153526972
        },
        "(10.797, 11.196]": {
          "Éxito": 0.9695817490494296,
          "Error": 0.030418250950570342
        },
        "(11.196, 11.595]": {
          "Éxito": 0.9753694581280788,
          "Error": 0.024630541871921183
        },
        "(11.595, 11.994]": {
          "Éxito": 0.979253112033195,
          "Error": 0.02074688796680498
        }
      }
    },
    "phase_offset": {
      "is_categorical": false,
      "bins": 10,
      "values": {
        "(-0.0349, 4.507]": {
          "Éxito": 0.9565217391304348,
          "Error": 0.043478260869565216
        },
        "(4.507, 9.004]": {
          "Éxito": 0.9540229885057471,
          "Error": 0.04597701149425287
        },
        "(9.004, 13.501]": {
          "Éxito": 0.9789029535864979,
          "Error": 0.02109704641350211
        },
        "(13.501, 17.998]": {
          "Éxito": 0.9800796812749004,
          "Error": 0.0199203187250996
        },
        "(17.998, 22.495]": {
          "Éxito": 0.9541666666666667,
          "Error": 0.04583333333333333
        },
        "(22.495, 26.992]": {
          "Éxito": 0.9581589958158996,
          "Error": 0.04184100418410042
        },
        "(26.992, 31.49]": {
          "Éxito": 0.9578544061302682,
          "Error": 0.0421455938697318
        },
        "(31.49, 35.987]": {
          "Éxito": 0.9715447154471545,
          "Error": 0.028455284552845527
        },
        "(35.987, 40.484]": {
          "Éxito": 0.9820627802690582,
          "Error": 0.017937219730941704
        },
        "(40.484, 44.981]": {
          "Éxito": 0.9757085020242915,
          "Error": 0.024291497975708502
        }
      }
    },
    "roll_off": {
      "is_categorical": false,
      "bins": 10,
      "values": {
        "(0.2, 0.21]": {
          "Éxito": 0.9723320158102767,
          "Error": 0.02766798418972332
        },
        "(0.21, 0.22]": {
          "Éxito": 0.9609375,
          "Error": 0.0390625
        },
        "(0.22, 0.23]": {
          "Éxito": 0.983739837398374,
          "Error": 0.016260162601626018
        },
        "(0.23, 0.24]": {
          "Éxito": 0.9833333333333333,
          "Error": 0.016666666666666666
        },
        "(0.24, 0.25]": {
          "Éxito": 0.9555555555555556,
          "Error": 0.044444444444444446
        },
        "(0.25, 0.26]": {
          "Éxito": 0.9686274509803922,
          "Error": 0.03137254901960784
        },
        "(0.26, 0.27]": {
          "Éxito": 0.9646017699115044,
          "Error": 0.035398230088495575
        },
        "(0.27, 0.28]": {
          "Éxito": 0.9663865546218487,
          "Error": 0.03361344537815126
        },
        "(0.28, 0.29]": {
          "Éxito": 0.94921875,
          "Error": 0.05078125
        },
        "(0.29, 0.3]": {
          "Éxito": 0.9619771863117871,
          "Error": 0.03802281368821293
        }
      }
    }
  }
}