{
  "experiment": {
    "name": "ARQ_2__ESC_5",
    "timestamp": "2025-06-19T16:14:53.836660",
    "repeat_index": 7
  },
  "effects": {
    "num_taps": {
      "is_categorical": true,
      "bins": null,
      "values": {
        "2": {
          "Éxito": 0.9952799479166666,
          "Error": 0.004720052083333333
        }
      }
    },
    "snr_db": {
      "is_categorical": false,
      "bins": 10,
      "values": {
        "(15.997, 16.401]": {
          "Éxito": 0.9918433931484503,
          "Error": 0.008156606851549755
        },
        "(16.401, 16.801]": {
          "Éxito": 0.9873217115689382,
          "Error": 0.012678288431061807
        },
        "(16.801, 17.201]": {
          "Éxito": 0.9950413223140496,
          "Error": 0.0049586776859504135
        },
        "(17.201, 17.6]": {
          "Éxito": 0.9968203497615262,
          "Error": 0.003179650238473768
        },
        "(17.6, 18.0]": {
          "Éxito": 0.9952830188679245,
          "Error": 0.0047169811320754715
        },
        "(18.0, 18.4]": {
          "Éxito": 0.9983739837398374,
          "Error": 0.0016260162601626016
        },
        "(18.4, 18.8]": {
          "Éxito": 0.9983498349834984,
          "Error": 0.0016501650165016502
        },
        "(18.8, 19.2]": {
          "Éxito": 0.9952305246422893,
          "Error": 0.0047694753577106515
        },
        "(19.2, 19.599]": {
          "Éxito": 0.9966101694915255,
          "Error": 0.003389830508474576
        },
        "(19.599, 19.999]": {
          "Éxito": 0.9983050847457627,
          "Error": 0.001694915254237288
        }
      }
    },
    "phase_offset": {
      "is_categorical": false,
      "bins": 10,
      "values": {
        "(-0.0341, 4.51]": {
          "Éxito": 1.0,
          "Error": 0.0
        },
        "(4.51, 9.008]": {
          "Éxito": 0.9968051118210862,
          "Error": 0.003194888178913738
        },
        "(9.008, 13.507]": {
          "Éxito": 0.9950738916256158,
          "Error": 0.0049261083743842365
        },
        "(13.507, 18.006]": {
          "Éxito": 0.9968503937007874,
          "Error": 0.0031496062992125984
        },
        "(18.006, 22.504]": {
          "Éxito": 0.9935691318327974,
          "Error": 0.006430868167202572
        },
        "(22.504, 27.003]": {
          "Éxito": 1.0,
          "Error": 0.0
        },
        "(27.003, 31.502]": {
          "Éxito": 0.9889415481832543,
          "Error": 0.011058451816745656
        },
        "(31.502, 36.0]": {
          "Éxito": 0.986863711001642,
          "Error": 0.013136288998357963
        },
        "(36.0, 40.499]": {
          "Éxito": 0.9983443708609272,
          "Error": 0.0016556291390728477
        },
        "(40.499, 44.998]": {
          "Éxito": 0.9967105263157895,
          "Error": 0.003289473684210526
        }
      }
    },
    "roll_off": {
      "is_categorical": false,
      "bins": 10,
      "values": {
        "(0.2, 0.21]": {
          "Éxito": 0.9936102236421726,
          "Error": 0.006389776357827476
        },
        "(0.21, 0.22]": {
          "Éxito": 0.98989898989899,
          "Error": 0.010101010101010102
        },
        "(0.22, 0.23]": {
          "Éxito": 0.9969325153374233,
          "Error": 0.003067484662576687
        },
        "(0.23, 0.24]": {
          "Éxito": 0.9964664310954063,
          "Error": 0.0035335689045936395
        },
        "(0.24, 0.25]": {
          "Éxito": 0.9949748743718593,
          "Error": 0.005025125628140704
        },
        "(0.25, 0.26]": {
          "Éxito": 0.9983361064891847,
          "Error": 0.0016638935108153079
        },
        "(0.26, 0.27]": {
          "Éxito": 0.9967373572593801,
          "Error": 0.0032626427406199023
        },
        "(0.27, 0.28]": {
          "Éxito": 0.9984520123839009,
          "Error": 0.0015479876160990713
        },
        "(0.28, 0.29]": {
          "Éxito": 0.9931623931623932,
          "Error": 0.006837606837606838
        },
        "(0.29, 0.3]": {
          "Éxito": 0.9939759036144579,
          "Error": 0.006024096385542169
        }
      }
    }
  }
}