{
  "experiment": {
    "name": "ARQ_3__ESC_2",
    "timestamp": "2025-06-19T08:46:25.755027",
    "repeat_index": 8
  },
  "evaluation": {
    "loss": 0.39781078696250916,
    "accuracy": 0.8943684697151184
  },
  "classification_report": {
    "bpsk": {
      "precision": 1.0,
      "recall": 1.0,
      "f1-score": 1.0,
      "support": 1024.0
    },
    "qpsk": {
      "precision": 1.0,
      "recall": 0.9990234375,
      "f1-score": 0.9995114802149487,
      "support": 1024.0
    },
    "16qam": {
      "precision": 0.9414634146341463,
      "recall": 0.9423828125,
      "f1-score": 0.9419228892142508,
      "support": 1024.0
    },
    "32qam cross": {
      "precision": 0.7387218045112782,
      "recall": 0.767578125,
      "f1-score": 0.7528735632183908,
      "support": 1024.0
    },
    "64qam": {
      "precision": 0.9279454722492697,
      "recall": 0.9306640625,
      "f1-score": 0.9293027791321307,
      "support": 1024.0
    },
    "128qam cross": {
      "precision": 0.7584097859327217,
      "recall": 0.7265625,
      "f1-score": 0.74214463840399,
      "support": 1024.0
    },
    "accuracy": 0.8943684895833334,
    "macro avg": {
      "precision": 0.8944234128879026,
      "recall": 0.8943684895833334,
      "f1-score": 0.8942925583639517,
      "support": 6144.0
    },
    "weighted avg": {
      "precision": 0.8944234128879026,
      "recall": 0.8943684895833334,
      "f1-score": 0.8942925583639517,
      "support": 6144.0
    }
  }
}