{
  "experiment": {
    "name": "res_tcn_se_esc_4",
    "timestamp": "2025-06-16T09:19:51.466474",
    "repeat_index": 1,
    "fold_index": 3
  },
  "evaluation": {
    "loss": 0.2110774964094162,
    "accuracy": 0.9458909630775452
  },
  "classification_report": {
    "bpsk": {
      "precision": 1.0,
      "recall": 1.0,
      "f1-score": 1.0,
      "support": 410.0
    },
    "qpsk": {
      "precision": 0.9975669099756691,
      "recall": 1.0,
      "f1-score": 0.9987819732034106,
      "support": 410.0
    },
    "16qam": {
      "precision": 0.9876847290640394,
      "recall": 0.980440097799511,
      "f1-score": 0.9840490797546012,
      "support": 409.0
    },
    "32qam cross": {
      "precision": 0.9467312348668281,
      "recall": 0.9559902200488998,
      "f1-score": 0.951338199513382,
      "support": 409.0
    },
    "64qam": {
      "precision": 0.910025706940874,
      "recall": 0.8634146341463415,
      "f1-score": 0.8861076345431789,
      "support": 410.0
    },
    "128qam cross": {
      "precision": 0.8368298368298368,
      "recall": 0.875609756097561,
      "f1-score": 0.8557806912991657,
      "support": 410.0
    },
    "accuracy": 0.9458909682668837,
    "macro avg": {
      "precision": 0.9464730696128744,
      "recall": 0.9459091180153857,
      "f1-score": 0.9460095963856231,
      "support": 2458.0
    },
    "weighted avg": {
      "precision": 0.9464561982439954,
      "recall": 0.9458909682668837,
      "f1-score": 0.9459919527377401,
      "support": 2458.0
    }
  }
}