{
  "experiment": {
    "name": "res_tcn_se_esc_9",
    "timestamp": "2025-06-22T00:31:19.579983",
    "repeat_index": 0,
    "fold_index": 3
  },
  "effects": {
    "num_taps": {
      "is_categorical": true,
      "bins": null,
      "values": {
        "2": {
          "Éxito": 0.9479251423921887,
          "Error": 0.05207485760781123
        }
      }
    },
    "snr_db": {
      "is_categorical": false,
      "bins": 10,
      "values": {
        "(7.996, 8.4]": {
          "Éxito": 0.9404255319148936,
          "Error": 0.059574468085106386
        },
        "(8.4, 8.8]": {
          "Éxito": 0.9352226720647774,
          "Error": 0.06477732793522267
        },
        "(8.8, 9.2]": {
          "Éxito": 0.9431818181818182,
          "Error": 0.056818181818181816
        },
        "(9.2, 9.6]": {
          "Éxito": 0.9529914529914529,
          "Error": 0.04700854700854701
        },
        "(9.6, 10.0]": {
          "Éxito": 0.9494949494949495,
          "Error": 0.050505050505050504
        },
        "(10.0, 10.4]": {
          "Éxito": 0.9473684210526315,
          "Error": 0.05263157894736842
        },
        "(10.4, 10.8]": {
          "Éxito": 0.9442231075697212,
          "Error": 0.055776892430278883
        },
        "(10.8, 11.2]": {
          "Éxito": 0.9535714285714286,
          "Error": 0.04642857142857143
        },
        "(11.2, 11.6]": {
          "Éxito": 0.9580152671755725,
          "Error": 0.04198473282442748
        },
        "(11.6, 12.0]": {
          "Éxito": 0.9536679536679536,
          "Error": 0.04633204633204633
        }
      }
    },
    "phase_offset": {
      "is_categorical": false,
      "bins": 10,
      "values": {
        "(44.957, 49.496]": {
          "Éxito": 0.9338842975206612,
          "Error": 0.06611570247933884
        },
        "(49.496, 53.991]": {
          "Éxito": 0.959349593495935,
          "Error": 0.04065040650406504
        },
        "(53.991, 58.485]": {
          "Éxito": 0.9409282700421941,
          "Error": 0.05907172995780591
        },
        "(58.485, 62.98]": {
          "Éxito": 0.9607843137254902,
          "Error": 0.0392156862745098
        },
        "(62.98, 67.474]": {
          "Éxito": 0.9576923076923077,
          "Error": 0.04230769230769231
        },
        "(67.474, 71.969]": {
          "Éxito": 0.9534883720930233,
          "Error": 0.046511627906976744
        },
        "(71.969, 76.463]": {
          "Éxito": 0.9478260869565217,
          "Error": 0.05217391304347826
        },
        "(76.463, 80.957]": {
          "Éxito": 0.9359430604982206,
          "Error": 0.06405693950177936
        },
        "(80.957, 85.452]": {
          "Éxito": 0.9377593360995851,
          "Error": 0.06224066390041494
        },
        "(85.452, 89.946]": {
          "Éxito": 0.952191235059761,
          "Error": 0.04780876494023904
        }
      }
    },
    "roll_off": {
      "is_categorical": false,
      "bins": 10,
      "values": {
        "(0.2, 0.21]": {
          "Éxito": 0.9459459459459459,
          "Error": 0.05405405405405406
        },
        "(0.21, 0.22]": {
          "Éxito": 0.9301310043668122,
          "Error": 0.06986899563318777
        },
        "(0.22, 0.23]": {
          "Éxito": 0.9391634980988594,
          "Error": 0.060836501901140684
        },
        "(0.23, 0.24]": {
          "Éxito": 0.9572649572649573,
          "Error": 0.042735042735042736
        },
        "(0.24, 0.25]": {
          "Éxito": 0.9763779527559056,
          "Error": 0.023622047244094488
        },
        "(0.25, 0.26]": {
          "Éxito": 0.963265306122449,
          "Error": 0.036734693877551024
        },
        "(0.26, 0.27]": {
          "Éxito": 0.9512195121951219,
          "Error": 0.04878048780487805
        },
        "(0.27, 0.28]": {
          "Éxito": 0.9372693726937269,
          "Error": 0.06273062730627306
        },
        "(0.28, 0.29]": {
          "Éxito": 0.9426229508196722,
          "Error": 0.05737704918032787
        },
        "(0.29, 0.3]": {
          "Éxito": 0.936,
          "Error": 0.064
        }
      }
    }
  }
}