{
  "experiment": {
    "name": "red_carlos_ESC_8",
    "timestamp": "2025-06-18T16:59:37.375910",
    "repeat_index": 0,
    "fold_index": 4
  },
  "effects": {
    "num_taps": {
      "is_categorical": true,
      "bins": null,
      "values": {
        "6": {
          "Éxito": 0.7717656631407649,
          "Error": 0.22823433685923514
        }
      }
    },
    "snr_db": {
      "is_categorical": false,
      "bins": 10,
      "values": {
        "(7.996, 8.4]": {
          "Éxito": 0.7119341563786008,
          "Error": 0.2880658436213992
        },
        "(8.4, 8.8]": {
          "Éxito": 0.7803921568627451,
          "Error": 0.2196078431372549
        },
        "(8.8, 9.2]": {
          "Éxito": 0.7670682730923695,
          "Error": 0.23293172690763053
        },
        "(9.2, 9.6]": {
          "Éxito": 0.7781954887218046,
          "Error": 0.22180451127819548
        },
        "(9.6, 10.0]": {
          "Éxito": 0.7847533632286996,
          "Error": 0.21524663677130046
        },
        "(10.0, 10.4]": {
          "Éxito": 0.7937219730941704,
          "Error": 0.2062780269058296
        },
        "(10.4, 10.8]": {
          "Éxito": 0.76,
          "Error": 0.24
        },
        "(10.8, 11.2]": {
          "Éxito": 0.7862903225806451,
          "Error": 0.21370967741935484
        },
        "(11.2, 11.6]": {
          "Éxito": 0.7290836653386454,
          "Error": 0.27091633466135456
        },
        "(11.6, 12.0]": {
          "Éxito": 0.828,
          "Error": 0.172
        }
      }
    },
    "phase_offset": {
      "is_categorical": false,
      "bins": 10,
      "values": {
        "(-0.0087, 4.529]": {
          "Éxito": 0.7285067873303167,
          "Error": 0.27149321266968324
        },
        "(4.529, 9.022]": {
          "Éxito": 0.7669491525423728,
          "Error": 0.2330508474576271
        },
        "(9.022, 13.515]": {
          "Éxito": 0.7469879518072289,
          "Error": 0.25301204819277107
        },
        "(13.515, 18.008]": {
          "Éxito": 0.7947761194029851,
          "Error": 0.20522388059701493
        },
        "(18.008, 22.501]": {
          "Éxito": 0.807843137254902,
          "Error": 0.19215686274509805
        },
        "(22.501, 26.994]": {
          "Éxito": 0.7616822429906542,
          "Error": 0.2383177570093458
        },
        "(26.994, 31.488]": {
          "Éxito": 0.7578125,
          "Error": 0.2421875
        },
        "(31.488, 35.981]": {
          "Éxito": 0.8192307692307692,
          "Error": 0.18076923076923077
        },
        "(35.981, 40.474]": {
          "Éxito": 0.7530864197530864,
          "Error": 0.24691358024691357
        },
        "(40.474, 44.967]": {
          "Éxito": 0.76953125,
          "Error": 0.23046875
        }
      }
    },
    "roll_off": {
      "is_categorical": false,
      "bins": 10,
      "values": {
        "(0.2, 0.21]": {
          "Éxito": 0.7854406130268199,
          "Error": 0.21455938697318008
        },
        "(0.21, 0.22]": {
          "Éxito": 0.8081632653061225,
          "Error": 0.19183673469387755
        },
        "(0.22, 0.23]": {
          "Éxito": 0.7549407114624506,
          "Error": 0.2450592885375494
        },
        "(0.23, 0.24]": {
          "Éxito": 0.748,
          "Error": 0.252
        },
        "(0.24, 0.25]": {
          "Éxito": 0.757085020242915,
          "Error": 0.242914979757085
        },
        "(0.25, 0.26]": {
          "Éxito": 0.7682926829268293,
          "Error": 0.23170731707317074
        },
        "(0.26, 0.27]": {
          "Éxito": 0.7821011673151751,
          "Error": 0.2178988326848249
        },
        "(0.27, 0.28]": {
          "Éxito": 0.7901785714285714,
          "Error": 0.20982142857142858
        },
        "(0.28, 0.29]": {
          "Éxito": 0.7805907172995781,
          "Error": 0.21940928270042195
        },
        "(0.29, 0.3]": {
          "Éxito": 0.7436974789915967,
          "Error": 0.25630252100840334
        }
      }
    }
  }
}