{
  "experiment": {
    "name": "red_carlos_ESC_11",
    "timestamp": "2025-06-21T08:16:51.203792",
    "repeat_index": 2,
    "fold_index": 0
  },
  "effects": {
    "num_taps": {
      "is_categorical": true,
      "bins": null,
      "values": {
        "2": {
          "Éxito": 0.9401952807160293,
          "Error": 0.05980471928397071
        }
      }
    },
    "snr_db": {
      "is_categorical": false,
      "bins": 10,
      "values": {
        "(7.996, 8.4]": {
          "Éxito": 0.907258064516129,
          "Error": 0.09274193548387097
        },
        "(8.4, 8.8]": {
          "Éxito": 0.9277566539923955,
          "Error": 0.07224334600760456
        },
        "(8.8, 9.2]": {
          "Éxito": 0.9365079365079365,
          "Error": 0.06349206349206349
        },
        "(9.2, 9.6]": {
          "Éxito": 0.9306122448979591,
          "Error": 0.06938775510204082
        },
        "(9.6, 10.0]": {
          "Éxito": 0.9336099585062241,
          "Error": 0.06639004149377593
        },
        "(10.0, 10.4]": {
          "Éxito": 0.9294605809128631,
          "Error": 0.07053941908713693
        },
        "(10.4, 10.8]": {
          "Éxito": 0.9575289575289575,
          "Error": 0.04247104247104247
        },
        "(10.8, 11.2]": {
          "Éxito": 0.9621212121212122,
          "Error": 0.03787878787878788
        },
        "(11.2, 11.6]": {
          "Éxito": 0.9531914893617022,
          "Error": 0.04680851063829787
        },
        "(11.6, 12.0]": {
          "Éxito": 0.9666666666666667,
          "Error": 0.03333333333333333
        }
      }
    },
    "phase_offset": {
      "is_categorical": false,
      "bins": 10,
      "values": {
        "(134.969, 139.512]": {
          "Éxito": 0.9166666666666666,
          "Error": 0.08333333333333333
        },
        "(139.512, 144.01]": {
          "Éxito": 0.9244444444444444,
          "Error": 0.07555555555555556
        },
        "(144.01, 148.508]": {
          "Éxito": 0.9442231075697212,
          "Error": 0.055776892430278883
        },
        "(148.508, 153.006]": {
          "Éxito": 0.9555555555555556,
          "Error": 0.044444444444444446
        },
        "(153.006, 157.504]": {
          "Éxito": 0.9301310043668122,
          "Error": 0.06986899563318777
        },
        "(157.504, 162.002]": {
          "Éxito": 0.9591836734693877,
          "Error": 0.04081632653061224
        },
        "(162.002, 166.5]": {
          "Éxito": 0.9333333333333333,
          "Error": 0.06666666666666667
        },
        "(166.5, 170.998]": {
          "Éxito": 0.9467213114754098,
          "Error": 0.05327868852459016
        },
        "(170.998, 175.496]": {
          "Éxito": 0.9547325102880658,
          "Error": 0.04526748971193416
        },
        "(175.496, 179.994]": {
          "Éxito": 0.9379562043795621,
          "Error": 0.06204379562043796
        }
      }
    },
    "roll_off": {
      "is_categorical": false,
      "bins": 10,
      "values": {
        "(0.2, 0.21]": {
          "Éxito": 0.9260700389105059,
          "Error": 0.07392996108949416
        },
        "(0.21, 0.22]": {
          "Éxito": 0.9327354260089686,
          "Error": 0.06726457399103139
        },
        "(0.22, 0.23]": {
          "Éxito": 0.9484978540772532,
          "Error": 0.05150214592274678
        },
        "(0.23, 0.24]": {
          "Éxito": 0.9462809917355371,
          "Error": 0.05371900826446281
        },
        "(0.24, 0.25]": {
          "Éxito": 0.9344262295081968,
          "Error": 0.06557377049180328
        },
        "(0.25, 0.26]": {
          "Éxito": 0.9349593495934959,
          "Error": 0.06504065040650407
        },
        "(0.26, 0.27]": {
          "Éxito": 0.9767441860465116,
          "Error": 0.023255813953488372
        },
        "(0.27, 0.28]": {
          "Éxito": 0.9598393574297188,
          "Error": 0.040160642570281124
        },
        "(0.28, 0.29]": {
          "Éxito": 0.925764192139738,
          "Error": 0.07423580786026202
        },
        "(0.29, 0.3]": {
          "Éxito": 0.9169675090252708,
          "Error": 0.08303249097472924
        }
      }
    }
  }
}