{
  "experiment": {
    "name": "ARQ_1__ESC_4",
    "timestamp": "2025-06-22T05:12:21.506558",
    "repeat_index": 6
  },
  "effects": {
    "num_taps": {
      "is_categorical": true,
      "bins": null,
      "values": {
        "2": {
          "Éxito": 0.9871419270833334,
          "Error": 0.012858072916666666
        }
      }
    },
    "snr_db": {
      "is_categorical": false,
      "bins": 10,
      "values": {
        "(11.996, 12.4]": {
          "Éxito": 0.9777777777777777,
          "Error": 0.022222222222222223
        },
        "(12.4, 12.8]": {
          "Éxito": 0.9873015873015873,
          "Error": 0.012698412698412698
        },
        "(12.8, 13.2]": {
          "Éxito": 0.984182776801406,
          "Error": 0.015817223198594025
        },
        "(13.2, 13.6]": {
          "Éxito": 0.9824281150159745,
          "Error": 0.01757188498402556
        },
        "(13.6, 14.0]": {
          "Éxito": 0.988673139158576,
          "Error": 0.011326860841423949
        },
        "(14.0, 14.4]": {
          "Éxito": 0.9918032786885246,
          "Error": 0.00819672131147541
        },
        "(14.4, 14.8]": {
          "Éxito": 0.9887459807073955,
          "Error": 0.011254019292604502
        },
        "(14.8, 15.2]": {
          "Éxito": 0.9916666666666667,
          "Error": 0.008333333333333333
        },
        "(15.2, 15.599]": {
          "Éxito": 0.9887096774193549,
          "Error": 0.01129032258064516
        },
        "(15.599, 15.999]": {
          "Éxito": 0.9903069466882067,
          "Error": 0.009693053311793215
        }
      }
    },
    "phase_offset": {
      "is_categorical": false,
      "bins": 10,
      "values": {
        "(-0.0418, 4.501]": {
          "Éxito": 0.9837925445705025,
          "Error": 0.01620745542949757
        },
        "(4.501, 9.0]": {
          "Éxito": 0.9873015873015873,
          "Error": 0.012698412698412698
        },
        "(9.0, 13.498]": {
          "Éxito": 0.9884105960264901,
          "Error": 0.011589403973509934
        },
        "(13.498, 17.996]": {
          "Éxito": 0.9917898193760263,
          "Error": 0.008210180623973728
        },
        "(17.996, 22.495]": {
          "Éxito": 0.9797297297297297,
          "Error": 0.02027027027027027
        },
        "(22.495, 26.993]": {
          "Éxito": 0.9796264855687606,
          "Error": 0.02037351443123939
        },
        "(26.993, 31.491]": {
          "Éxito": 0.9887278582930756,
          "Error": 0.011272141706924315
        },
        "(31.491, 35.99]": {
          "Éxito": 0.987460815047022,
          "Error": 0.012539184952978056
        },
        "(35.99, 40.488]": {
          "Éxito": 0.9879725085910653,
          "Error": 0.012027491408934709
        },
        "(40.488, 44.986]": {
          "Éxito": 0.9954682779456193,
          "Error": 0.004531722054380665
        }
      }
    },
    "roll_off": {
      "is_categorical": false,
      "bins": 10,
      "values": {
        "(0.2, 0.21]": {
          "Éxito": 0.9889415481832543,
          "Error": 0.011058451816745656
        },
        "(0.21, 0.22]": {
          "Éxito": 0.9848714069591528,
          "Error": 0.015128593040847202
        },
        "(0.22, 0.23]": {
          "Éxito": 0.992,
          "Error": 0.008
        },
        "(0.23, 0.24]": {
          "Éxito": 0.9845890410958904,
          "Error": 0.015410958904109588
        },
        "(0.24, 0.25]": {
          "Éxito": 0.9883333333333333,
          "Error": 0.011666666666666667
        },
        "(0.25, 0.26]": {
          "Éxito": 0.9855072463768116,
          "Error": 0.014492753623188406
        },
        "(0.26, 0.27]": {
          "Éxito": 0.9832775919732442,
          "Error": 0.016722408026755852
        },
        "(0.27, 0.28]": {
          "Éxito": 0.9884297520661157,
          "Error": 0.011570247933884297
        },
        "(0.28, 0.29]": {
          "Éxito": 0.9915966386554622,
          "Error": 0.008403361344537815
        },
        "(0.29, 0.3]": {
          "Éxito": 0.9839228295819936,
          "Error": 0.01607717041800643
        }
      }
    }
  }
}