{
  "experiment": {
    "name": "res_tcn_se_esc_6",
    "timestamp": "2025-06-21T08:38:50.059710",
    "repeat_index": 2,
    "fold_index": 2
  },
  "evaluation": {
    "loss": 0.14263756573200226,
    "accuracy": 0.9698942303657532
  },
  "classification_report": {
    "bpsk": {
      "precision": 1.0,
      "recall": 1.0,
      "f1-score": 1.0,
      "support": 410.0
    },
    "qpsk": {
      "precision": 1.0,
      "recall": 1.0,
      "f1-score": 1.0,
      "support": 410.0
    },
    "16qam": {
      "precision": 0.9975609756097561,
      "recall": 1.0,
      "f1-score": 0.9987789987789988,
      "support": 409.0
    },
    "32qam cross": {
      "precision": 0.8988235294117647,
      "recall": 0.9317073170731708,
      "f1-score": 0.9149700598802395,
      "support": 410.0
    },
    "64qam": {
      "precision": 0.9927007299270073,
      "recall": 0.9975550122249389,
      "f1-score": 0.9951219512195123,
      "support": 409.0
    },
    "128qam cross": {
      "precision": 0.9311224489795918,
      "recall": 0.8902439024390244,
      "f1-score": 0.9102244389027432,
      "support": 410.0
    },
    "accuracy": 0.9698942229454841,
    "macro avg": {
      "precision": 0.9700346139880199,
      "recall": 0.9699177052895224,
      "f1-score": 0.9698492414635823,
      "support": 2458.0
    },
    "weighted avg": {
      "precision": 0.9700141939401922,
      "recall": 0.9698942229454841,
      "f1-score": 0.9698271900123735,
      "support": 2458.0
    }
  }
}