{
  "experiment": {
    "name": "res_tcn_se_esc_1",
    "timestamp": "2025-06-16T05:42:52.250929",
    "repeat_index": 1,
    "fold_index": 0
  },
  "effects": {
    "num_taps": {
      "is_categorical": true,
      "bins": null,
      "values": {
        "2": {
          "Éxito": 0.7379983726606998,
          "Error": 0.26200162733930027
        }
      }
    },
    "snr_db": {
      "is_categorical": false,
      "bins": 10,
      "values": {
        "(-0.00334, 0.401]": {
          "Éxito": 0.7361702127659574,
          "Error": 0.26382978723404255
        },
        "(0.401, 0.8]": {
          "Éxito": 0.725,
          "Error": 0.275
        },
        "(0.8, 1.2]": {
          "Éxito": 0.75,
          "Error": 0.25
        },
        "(1.2, 1.6]": {
          "Éxito": 0.7538461538461538,
          "Error": 0.24615384615384617
        },
        "(1.6, 2.0]": {
          "Éxito": 0.7124463519313304,
          "Error": 0.2875536480686695
        },
        "(2.0, 2.4]": {
          "Éxito": 0.7301038062283737,
          "Error": 0.2698961937716263
        },
        "(2.4, 2.8]": {
          "Éxito": 0.7641921397379913,
          "Error": 0.23580786026200873
        },
        "(2.8, 3.2]": {
          "Éxito": 0.7296137339055794,
          "Error": 0.2703862660944206
        },
        "(3.2, 3.6]": {
          "Éxito": 0.7148760330578512,
          "Error": 0.28512396694214875
        },
        "(3.6, 4.0]": {
          "Éxito": 0.7637130801687764,
          "Error": 0.23628691983122363
        }
      }
    },
    "phase_offset": {
      "is_categorical": false,
      "bins": 10,
      "values": {
        "(-0.0197, 4.522]": {
          "Éxito": 0.7415254237288136,
          "Error": 0.2584745762711864
        },
        "(4.522, 9.019]": {
          "Éxito": 0.758364312267658,
          "Error": 0.241635687732342
        },
        "(9.019, 13.516]": {
          "Éxito": 0.7581967213114754,
          "Error": 0.24180327868852458
        },
        "(13.516, 18.013]": {
          "Éxito": 0.7631578947368421,
          "Error": 0.23684210526315788
        },
        "(18.013, 22.51]": {
          "Éxito": 0.7094017094017094,
          "Error": 0.2905982905982906
        },
        "(22.51, 27.007]": {
          "Éxito": 0.73046875,
          "Error": 0.26953125
        },
        "(27.007, 31.504]": {
          "Éxito": 0.6745098039215687,
          "Error": 0.3254901960784314
        },
        "(31.504, 36.001]": {
          "Éxito": 0.7444933920704846,
          "Error": 0.2555066079295154
        },
        "(36.001, 40.498]": {
          "Éxito": 0.726890756302521,
          "Error": 0.27310924369747897
        },
        "(40.498, 44.995]": {
          "Éxito": 0.7712177121771218,
          "Error": 0.22878228782287824
        }
      }
    },
    "roll_off": {
      "is_categorical": false,
      "bins": 10,
      "values": {
        "(0.2, 0.21]": {
          "Éxito": 0.7401574803149606,
          "Error": 0.25984251968503935
        },
        "(0.21, 0.22]": {
          "Éxito": 0.7368421052631579,
          "Error": 0.2631578947368421
        },
        "(0.22, 0.23]": {
          "Éxito": 0.7564102564102564,
          "Error": 0.24358974358974358
        },
        "(0.23, 0.24]": {
          "Éxito": 0.7257383966244726,
          "Error": 0.2742616033755274
        },
        "(0.24, 0.25]": {
          "Éxito": 0.7379032258064516,
          "Error": 0.2620967741935484
        },
        "(0.25, 0.26]": {
          "Éxito": 0.75,
          "Error": 0.25
        },
        "(0.26, 0.27]": {
          "Éxito": 0.7361702127659574,
          "Error": 0.26382978723404255
        },
        "(0.27, 0.28]": {
          "Éxito": 0.7380952380952381,
          "Error": 0.2619047619047619
        },
        "(0.28, 0.29]": {
          "Éxito": 0.751004016064257,
          "Error": 0.24899598393574296
        },
        "(0.29, 0.3]": {
          "Éxito": 0.7086614173228346,
          "Error": 0.29133858267716534
        }
      }
    }
  }
}