{
  "experiment": {
    "name": "res_tcn_se_esc_8",
    "timestamp": "2025-06-21T11:59:44.563719",
    "repeat_index": 3,
    "fold_index": 4
  },
  "effects": {
    "num_taps": {
      "is_categorical": true,
      "bins": null,
      "values": {
        "6": {
          "Éxito": 0.6712774613506917,
          "Error": 0.3287225386493084
        }
      }
    },
    "snr_db": {
      "is_categorical": false,
      "bins": 10,
      "values": {
        "(7.997, 8.401]": {
          "Éxito": 0.5843621399176955,
          "Error": 0.4156378600823045
        },
        "(8.401, 8.801]": {
          "Éxito": 0.6653386454183267,
          "Error": 0.3346613545816733
        },
        "(8.801, 9.201]": {
          "Éxito": 0.6508620689655172,
          "Error": 0.34913793103448276
        },
        "(9.201, 9.6]": {
          "Éxito": 0.6423076923076924,
          "Error": 0.3576923076923077
        },
        "(9.6, 10.0]": {
          "Éxito": 0.685823754789272,
          "Error": 0.31417624521072796
        },
        "(10.0, 10.4]": {
          "Éxito": 0.6651982378854625,
          "Error": 0.33480176211453744
        },
        "(10.4, 10.8]": {
          "Éxito": 0.6578947368421053,
          "Error": 0.34210526315789475
        },
        "(10.8, 11.199]": {
          "Éxito": 0.7407407407407407,
          "Error": 0.25925925925925924
        },
        "(11.199, 11.599]": {
          "Éxito": 0.6818181818181818,
          "Error": 0.3181818181818182
        },
        "(11.599, 11.999]": {
          "Éxito": 0.7306273062730627,
          "Error": 0.2693726937269373
        }
      }
    },
    "phase_offset": {
      "is_categorical": false,
      "bins": 10,
      "values": {
        "(0.015, 4.552]": {
          "Éxito": 0.6590038314176245,
          "Error": 0.34099616858237547
        },
        "(4.552, 9.045]": {
          "Éxito": 0.6753731343283582,
          "Error": 0.3246268656716418
        },
        "(9.045, 13.537]": {
          "Éxito": 0.6271186440677966,
          "Error": 0.3728813559322034
        },
        "(13.537, 18.03]": {
          "Éxito": 0.6779661016949152,
          "Error": 0.3220338983050847
        },
        "(18.03, 22.522]": {
          "Éxito": 0.7426160337552743,
          "Error": 0.25738396624472576
        },
        "(22.522, 27.015]": {
          "Éxito": 0.6916666666666667,
          "Error": 0.30833333333333335
        },
        "(27.015, 31.507]": {
          "Éxito": 0.6313725490196078,
          "Error": 0.3686274509803922
        },
        "(31.507, 35.999]": {
          "Éxito": 0.664179104477612,
          "Error": 0.3358208955223881
        },
        "(35.999, 40.492]": {
          "Éxito": 0.7083333333333334,
          "Error": 0.2916666666666667
        },
        "(40.492, 44.984]": {
          "Éxito": 0.6431535269709544,
          "Error": 0.35684647302904565
        }
      }
    },
    "roll_off": {
      "is_categorical": false,
      "bins": 10,
      "values": {
        "(0.2, 0.21]": {
          "Éxito": 0.6616541353383458,
          "Error": 0.3383458646616541
        },
        "(0.21, 0.22]": {
          "Éxito": 0.6614173228346457,
          "Error": 0.33858267716535434
        },
        "(0.22, 0.23]": {
          "Éxito": 0.6832579185520362,
          "Error": 0.3167420814479638
        },
        "(0.23, 0.24]": {
          "Éxito": 0.690677966101695,
          "Error": 0.3093220338983051
        },
        "(0.24, 0.25]": {
          "Éxito": 0.6442687747035574,
          "Error": 0.3557312252964427
        },
        "(0.25, 0.26]": {
          "Éxito": 0.6590909090909091,
          "Error": 0.3409090909090909
        },
        "(0.26, 0.27]": {
          "Éxito": 0.6770428015564203,
          "Error": 0.3229571984435798
        },
        "(0.27, 0.28]": {
          "Éxito": 0.7125506072874493,
          "Error": 0.2874493927125506
        },
        "(0.28, 0.29]": {
          "Éxito": 0.6388888888888888,
          "Error": 0.3611111111111111
        },
        "(0.29, 0.3]": {
          "Éxito": 0.6844262295081968,
          "Error": 0.3155737704918033
        }
      }
    }
  }
}