{
  "experiment": {
    "name": "cnn_bilstm_attn_esc_9",
    "timestamp": "2025-06-19T00:59:12.103020",
    "repeat_index": 0,
    "fold_index": 3
  },
  "effects": {
    "num_taps": {
      "is_categorical": true,
      "bins": null,
      "values": {
        "2": {
          "Éxito": 0.9617575264442636,
          "Error": 0.03824247355573637
        }
      }
    },
    "snr_db": {
      "is_categorical": false,
      "bins": 10,
      "values": {
        "(7.996, 8.4]": {
          "Éxito": 0.9574468085106383,
          "Error": 0.0425531914893617
        },
        "(8.4, 8.8]": {
          "Éxito": 0.97165991902834,
          "Error": 0.02834008097165992
        },
        "(8.8, 9.2]": {
          "Éxito": 0.9583333333333334,
          "Error": 0.041666666666666664
        },
        "(9.2, 9.6]": {
          "Éxito": 0.9572649572649573,
          "Error": 0.042735042735042736
        },
        "(9.6, 10.0]": {
          "Éxito": 0.9494949494949495,
          "Error": 0.050505050505050504
        },
        "(10.0, 10.4]": {
          "Éxito": 0.9649122807017544,
          "Error": 0.03508771929824561
        },
        "(10.4, 10.8]": {
          "Éxito": 0.9482071713147411,
          "Error": 0.05179282868525897
        },
        "(10.8, 11.2]": {
          "Éxito": 0.9607142857142857,
          "Error": 0.039285714285714285
        },
        "(11.2, 11.6]": {
          "Éxito": 0.9809160305343512,
          "Error": 0.019083969465648856
        },
        "(11.6, 12.0]": {
          "Éxito": 0.9652509652509652,
          "Error": 0.03474903474903475
        }
      }
    },
    "phase_offset": {
      "is_categorical": false,
      "bins": 10,
      "values": {
        "(44.957, 49.496]": {
          "Éxito": 0.9462809917355371,
          "Error": 0.05371900826446281
        },
        "(49.496, 53.991]": {
          "Éxito": 0.9715447154471545,
          "Error": 0.028455284552845527
        },
        "(53.991, 58.485]": {
          "Éxito": 0.9493670886075949,
          "Error": 0.05063291139240506
        },
        "(58.485, 62.98]": {
          "Éxito": 0.9607843137254902,
          "Error": 0.0392156862745098
        },
        "(62.98, 67.474]": {
          "Éxito": 0.9730769230769231,
          "Error": 0.026923076923076925
        },
        "(67.474, 71.969]": {
          "Éxito": 0.9395348837209302,
          "Error": 0.06046511627906977
        },
        "(71.969, 76.463]": {
          "Éxito": 0.9565217391304348,
          "Error": 0.043478260869565216
        },
        "(76.463, 80.957]": {
          "Éxito": 0.9679715302491103,
          "Error": 0.03202846975088968
        },
        "(80.957, 85.452]": {
          "Éxito": 0.970954356846473,
          "Error": 0.029045643153526972
        },
        "(85.452, 89.946]": {
          "Éxito": 0.9760956175298805,
          "Error": 0.02390438247011952
        }
      }
    },
    "roll_off": {
      "is_categorical": false,
      "bins": 10,
      "values": {
        "(0.2, 0.21]": {
          "Éxito": 0.9774774774774775,
          "Error": 0.02252252252252252
        },
        "(0.21, 0.22]": {
          "Éxito": 0.9563318777292577,
          "Error": 0.043668122270742356
        },
        "(0.22, 0.23]": {
          "Éxito": 0.9543726235741445,
          "Error": 0.045627376425855515
        },
        "(0.23, 0.24]": {
          "Éxito": 0.9786324786324786,
          "Error": 0.021367521367521368
        },
        "(0.24, 0.25]": {
          "Éxito": 0.968503937007874,
          "Error": 0.031496062992125984
        },
        "(0.25, 0.26]": {
          "Éxito": 0.9755102040816327,
          "Error": 0.024489795918367346
        },
        "(0.26, 0.27]": {
          "Éxito": 0.9512195121951219,
          "Error": 0.04878048780487805
        },
        "(0.27, 0.28]": {
          "Éxito": 0.933579335793358,
          "Error": 0.06642066420664207
        },
        "(0.28, 0.29]": {
          "Éxito": 0.9590163934426229,
          "Error": 0.040983606557377046
        },
        "(0.29, 0.3]": {
          "Éxito": 0.968,
          "Error": 0.032
        }
      }
    }
  }
}