{
  "experiment": {
    "name": "ARQ_3__ESC_9",
    "timestamp": "2025-06-19T19:17:17.843525",
    "repeat_index": 1
  },
  "evaluation": {
    "loss": 0.15586955845355988,
    "accuracy": 0.9640299677848816
  },
  "classification_report": {
    "bpsk": {
      "precision": 1.0,
      "recall": 1.0,
      "f1-score": 1.0,
      "support": 1024.0
    },
    "qpsk": {
      "precision": 1.0,
      "recall": 1.0,
      "f1-score": 1.0,
      "support": 1024.0
    },
    "16qam": {
      "precision": 0.9921875,
      "recall": 0.9921875,
      "f1-score": 0.9921875,
      "support": 1024.0
    },
    "32qam cross": {
      "precision": 0.8919431279620853,
      "recall": 0.9189453125,
      "f1-score": 0.9052429052429053,
      "support": 1024.0
    },
    "64qam": {
      "precision": 0.9844810863239574,
      "recall": 0.9912109375,
      "f1-score": 0.9878345498783455,
      "support": 1024.0
    },
    "128qam cross": {
      "precision": 0.9158215010141988,
      "recall": 0.8818359375,
      "f1-score": 0.8985074626865671,
      "support": 1024.0
    },
    "accuracy": 0.9640299479166666,
    "macro avg": {
      "precision": 0.9640722025500402,
      "recall": 0.9640299479166666,
      "f1-score": 0.9639620696346363,
      "support": 6144.0
    },
    "weighted avg": {
      "precision": 0.9640722025500402,
      "recall": 0.9640299479166666,
      "f1-score": 0.9639620696346363,
      "support": 6144.0
    }
  }
}