{
  "experiment": {
    "name": "res_tcn_se_esc_5",
    "timestamp": "2025-06-16T10:05:56.809137",
    "repeat_index": 0,
    "fold_index": 4
  },
  "effects": {
    "num_taps": {
      "is_categorical": true,
      "bins": null,
      "values": {
        "2": {
          "Éxito": 0.9735557363710333,
          "Error": 0.02644426362896664
        }
      }
    },
    "snr_db": {
      "is_categorical": false,
      "bins": 10,
      "values": {
        "(15.996, 16.4]": {
          "Éxito": 0.9650655021834061,
          "Error": 0.034934497816593885
        },
        "(16.4, 16.8]": {
          "Éxito": 0.9607843137254902,
          "Error": 0.0392156862745098
        },
        "(16.8, 17.2]": {
          "Éxito": 0.9565217391304348,
          "Error": 0.043478260869565216
        },
        "(17.2, 17.6]": {
          "Éxito": 0.9717741935483871,
          "Error": 0.028225806451612902
        },
        "(17.6, 18.0]": {
          "Éxito": 0.9918032786885246,
          "Error": 0.00819672131147541
        },
        "(18.0, 18.4]": {
          "Éxito": 0.9692307692307692,
          "Error": 0.03076923076923077
        },
        "(18.4, 18.799]": {
          "Éxito": 0.9681274900398407,
          "Error": 0.03187250996015936
        },
        "(18.799, 19.199]": {
          "Éxito": 0.9806201550387597,
          "Error": 0.01937984496124031
        },
        "(19.199, 19.599]": {
          "Éxito": 0.9858490566037735,
          "Error": 0.014150943396226415
        },
        "(19.599, 19.999]": {
          "Éxito": 0.9879032258064516,
          "Error": 0.012096774193548387
        }
      }
    },
    "phase_offset": {
      "is_categorical": false,
      "bins": 10,
      "values": {
        "(-0.0329, 4.51]": {
          "Éxito": 0.961864406779661,
          "Error": 0.038135593220338986
        },
        "(4.51, 9.008]": {
          "Éxito": 0.9589552238805971,
          "Error": 0.041044776119402986
        },
        "(9.008, 13.505]": {
          "Éxito": 0.984251968503937,
          "Error": 0.015748031496062992
        },
        "(13.505, 18.003]": {
          "Éxito": 0.9760956175298805,
          "Error": 0.02390438247011952
        },
        "(18.003, 22.501]": {
          "Éxito": 0.995850622406639,
          "Error": 0.004149377593360996
        },
        "(22.501, 26.999]": {
          "Éxito": 0.9734513274336283,
          "Error": 0.02654867256637168
        },
        "(26.999, 31.496]": {
          "Éxito": 0.9711934156378601,
          "Error": 0.02880658436213992
        },
        "(31.496, 35.994]": {
          "Éxito": 0.9612403100775194,
          "Error": 0.03875968992248062
        },
        "(35.994, 40.492]": {
          "Éxito": 0.9662447257383966,
          "Error": 0.03375527426160337
        },
        "(40.492, 44.989]": {
          "Éxito": 0.9877049180327869,
          "Error": 0.012295081967213115
        }
      }
    },
    "roll_off": {
      "is_categorical": false,
      "bins": 10,
      "values": {
        "(0.2, 0.21]": {
          "Éxito": 0.9802371541501976,
          "Error": 0.019762845849802372
        },
        "(0.21, 0.22]": {
          "Éxito": 0.9735849056603774,
          "Error": 0.026415094339622643
        },
        "(0.22, 0.23]": {
          "Éxito": 0.9550561797752809,
          "Error": 0.0449438202247191
        },
        "(0.23, 0.24]": {
          "Éxito": 0.9678899082568807,
          "Error": 0.03211009174311927
        },
        "(0.24, 0.25]": {
          "Éxito": 0.9653846153846154,
          "Error": 0.03461538461538462
        },
        "(0.25, 0.26]": {
          "Éxito": 0.9836065573770492,
          "Error": 0.01639344262295082
        },
        "(0.26, 0.27]": {
          "Éxito": 0.9656652360515021,
          "Error": 0.034334763948497854
        },
        "(0.27, 0.28]": {
          "Éxito": 0.9915966386554622,
          "Error": 0.008403361344537815
        },
        "(0.28, 0.29]": {
          "Éxito": 0.986784140969163,
          "Error": 0.013215859030837005
        },
        "(0.29, 0.3]": {
          "Éxito": 0.9683794466403162,
          "Error": 0.03162055335968379
        }
      }
    }
  }
}