{
  "experiment": {
    "name": "res_tcn_se_esc_9",
    "timestamp": "2025-06-22T01:50:02.303993",
    "repeat_index": 1,
    "fold_index": 1
  },
  "effects": {
    "num_taps": {
      "is_categorical": true,
      "bins": null,
      "values": {
        "2": {
          "Éxito": 0.9442636289666395,
          "Error": 0.05573637103336045
        }
      }
    },
    "snr_db": {
      "is_categorical": false,
      "bins": 10,
      "values": {
        "(7.996, 8.4]": {
          "Éxito": 0.924901185770751,
          "Error": 0.07509881422924901
        },
        "(8.4, 8.8]": {
          "Éxito": 0.9395161290322581,
          "Error": 0.06048387096774194
        },
        "(8.8, 9.2]": {
          "Éxito": 0.9201680672268907,
          "Error": 0.07983193277310924
        },
        "(9.2, 9.6]": {
          "Éxito": 0.9383259911894273,
          "Error": 0.06167400881057269
        },
        "(9.6, 10.0]": {
          "Éxito": 0.9649805447470817,
          "Error": 0.03501945525291829
        },
        "(10.0, 10.4]": {
          "Éxito": 0.9417040358744395,
          "Error": 0.05829596412556054
        },
        "(10.4, 10.799]": {
          "Éxito": 0.9629629629629629,
          "Error": 0.037037037037037035
        },
        "(10.799, 11.199]": {
          "Éxito": 0.9580152671755725,
          "Error": 0.04198473282442748
        },
        "(11.199, 11.599]": {
          "Éxito": 0.9451476793248945,
          "Error": 0.05485232067510549
        },
        "(11.599, 11.999]": {
          "Éxito": 0.9444444444444444,
          "Error": 0.05555555555555555
        }
      }
    },
    "phase_offset": {
      "is_categorical": false,
      "bins": 10,
      "values": {
        "(44.957, 49.499]": {
          "Éxito": 0.926923076923077,
          "Error": 0.07307692307692308
        },
        "(49.499, 53.997]": {
          "Éxito": 0.9346938775510204,
          "Error": 0.0653061224489796
        },
        "(53.997, 58.494]": {
          "Éxito": 0.9363636363636364,
          "Error": 0.06363636363636363
        },
        "(58.494, 62.991]": {
          "Éxito": 0.9678714859437751,
          "Error": 0.0321285140562249
        },
        "(62.991, 67.489]": {
          "Éxito": 0.954954954954955,
          "Error": 0.04504504504504504
        },
        "(67.489, 71.986]": {
          "Éxito": 0.9506172839506173,
          "Error": 0.04938271604938271
        },
        "(71.986, 76.483]": {
          "Éxito": 0.9386973180076629,
          "Error": 0.06130268199233716
        },
        "(76.483, 80.98]": {
          "Éxito": 0.94140625,
          "Error": 0.05859375
        },
        "(80.98, 85.478]": {
          "Éxito": 0.9438202247191011,
          "Error": 0.056179775280898875
        },
        "(85.478, 89.975]": {
          "Éxito": 0.948936170212766,
          "Error": 0.05106382978723404
        }
      }
    },
    "roll_off": {
      "is_categorical": false,
      "bins": 10,
      "values": {
        "(0.2, 0.21]": {
          "Éxito": 0.9393939393939394,
          "Error": 0.06060606060606061
        },
        "(0.21, 0.22]": {
          "Éxito": 0.9437229437229437,
          "Error": 0.05627705627705628
        },
        "(0.22, 0.23]": {
          "Éxito": 0.9139344262295082,
          "Error": 0.0860655737704918
        },
        "(0.23, 0.24]": {
          "Éxito": 0.9688888888888889,
          "Error": 0.03111111111111111
        },
        "(0.24, 0.25]": {
          "Éxito": 0.9325842696629213,
          "Error": 0.06741573033707865
        },
        "(0.25, 0.26]": {
          "Éxito": 0.95703125,
          "Error": 0.04296875
        },
        "(0.26, 0.27]": {
          "Éxito": 0.9358490566037736,
          "Error": 0.06415094339622641
        },
        "(0.27, 0.28]": {
          "Éxito": 0.9568627450980393,
          "Error": 0.043137254901960784
        },
        "(0.28, 0.29]": {
          "Éxito": 0.9434782608695652,
          "Error": 0.05652173913043478
        },
        "(0.29, 0.3]": {
          "Éxito": 0.9547511312217195,
          "Error": 0.04524886877828054
        }
      }
    }
  }
}