{
  "experiment": {
    "name": "cnn_bilstm_attn_esc_5",
    "timestamp": "2025-06-18T22:07:42.396030",
    "repeat_index": 2,
    "fold_index": 0
  },
  "effects": {
    "num_taps": {
      "is_categorical": true,
      "bins": null,
      "values": {
        "2": {
          "Éxito": 0.9951179820992677,
          "Error": 0.004882017900732303
        }
      }
    },
    "snr_db": {
      "is_categorical": false,
      "bins": 10,
      "values": {
        "(15.996, 16.4]": {
          "Éxito": 1.0,
          "Error": 0.0
        },
        "(16.4, 16.8]": {
          "Éxito": 0.9913419913419913,
          "Error": 0.008658008658008658
        },
        "(16.8, 17.2]": {
          "Éxito": 0.995850622406639,
          "Error": 0.004149377593360996
        },
        "(17.2, 17.6]": {
          "Éxito": 0.9959514170040485,
          "Error": 0.004048582995951417
        },
        "(17.6, 18.0]": {
          "Éxito": 1.0,
          "Error": 0.0
        },
        "(18.0, 18.4]": {
          "Éxito": 0.9881422924901185,
          "Error": 0.011857707509881422
        },
        "(18.4, 18.799]": {
          "Éxito": 1.0,
          "Error": 0.0
        },
        "(18.799, 19.199]": {
          "Éxito": 0.996551724137931,
          "Error": 0.0034482758620689655
        },
        "(19.199, 19.599]": {
          "Éxito": 0.9958333333333333,
          "Error": 0.004166666666666667
        },
        "(19.599, 19.999]": {
          "Éxito": 0.9864864864864865,
          "Error": 0.013513513513513514
        }
      }
    },
    "phase_offset": {
      "is_categorical": false,
      "bins": 10,
      "values": {
        "(-0.0217, 4.518]": {
          "Éxito": 0.996031746031746,
          "Error": 0.003968253968253968
        },
        "(4.518, 9.013]": {
          "Éxito": 0.9957627118644068,
          "Error": 0.00423728813559322
        },
        "(9.013, 13.507]": {
          "Éxito": 1.0,
          "Error": 0.0
        },
        "(13.507, 18.002]": {
          "Éxito": 0.996031746031746,
          "Error": 0.003968253968253968
        },
        "(18.002, 22.497]": {
          "Éxito": 0.9957805907172996,
          "Error": 0.004219409282700422
        },
        "(22.497, 26.991]": {
          "Éxito": 0.9919678714859438,
          "Error": 0.008032128514056224
        },
        "(26.991, 31.486]": {
          "Éxito": 0.9961538461538462,
          "Error": 0.0038461538461538464
        },
        "(31.486, 35.981]": {
          "Éxito": 0.9960474308300395,
          "Error": 0.003952569169960474
        },
        "(35.981, 40.475]": {
          "Éxito": 0.991701244813278,
          "Error": 0.008298755186721992
        },
        "(40.475, 44.97]": {
          "Éxito": 0.9918032786885246,
          "Error": 0.00819672131147541
        }
      }
    },
    "roll_off": {
      "is_categorical": false,
      "bins": 10,
      "values": {
        "(0.2, 0.21]": {
          "Éxito": 0.9883268482490273,
          "Error": 0.011673151750972763
        },
        "(0.21, 0.22]": {
          "Éxito": 1.0,
          "Error": 0.0
        },
        "(0.22, 0.23]": {
          "Éxito": 1.0,
          "Error": 0.0
        },
        "(0.23, 0.24]": {
          "Éxito": 0.9920634920634921,
          "Error": 0.007936507936507936
        },
        "(0.24, 0.25]": {
          "Éxito": 0.9922480620155039,
          "Error": 0.007751937984496124
        },
        "(0.25, 0.26]": {
          "Éxito": 0.9955357142857143,
          "Error": 0.004464285714285714
        },
        "(0.26, 0.27]": {
          "Éxito": 1.0,
          "Error": 0.0
        },
        "(0.27, 0.28]": {
          "Éxito": 0.9963235294117647,
          "Error": 0.003676470588235294
        },
        "(0.28, 0.29]": {
          "Éxito": 0.9957081545064378,
          "Error": 0.004291845493562232
        },
        "(0.29, 0.3]": {
          "Éxito": 0.9918032786885246,
          "Error": 0.00819672131147541
        }
      }
    }
  }
}