{
  "experiment": {
    "name": "res_tcn_se_esc_11",
    "timestamp": "2025-06-22T00:34:21.370915",
    "repeat_index": 0,
    "fold_index": 3
  },
  "evaluation": {
    "loss": 0.20678302645683289,
    "accuracy": 0.936940610408783
  },
  "classification_report": {
    "bpsk": {
      "precision": 1.0,
      "recall": 1.0,
      "f1-score": 1.0,
      "support": 410.0
    },
    "qpsk": {
      "precision": 0.9975669099756691,
      "recall": 1.0,
      "f1-score": 0.9987819732034104,
      "support": 410.0
    },
    "16qam": {
      "precision": 0.9665071770334929,
      "recall": 0.9853658536585366,
      "f1-score": 0.9758454106280193,
      "support": 410.0
    },
    "32qam cross": {
      "precision": 0.8419753086419753,
      "recall": 0.8317073170731707,
      "f1-score": 0.8368098159509203,
      "support": 410.0
    },
    "64qam": {
      "precision": 0.9777227722772277,
      "recall": 0.9657701711491442,
      "f1-score": 0.971709717097171,
      "support": 409.0
    },
    "128qam cross": {
      "precision": 0.8365853658536585,
      "recall": 0.8386308068459658,
      "f1-score": 0.8376068376068376,
      "support": 409.0
    },
    "accuracy": 0.9369406021155411,
    "macro avg": {
      "precision": 0.9367262556303372,
      "recall": 0.9369123581211362,
      "f1-score": 0.9367922924143931,
      "support": 2458.0
    },
    "weighted avg": {
      "precision": 0.9367503176210329,
      "recall": 0.9369406021155411,
      "f1-score": 0.936818438887186,
      "support": 2458.0
    }
  }
}