{
  "experiment": {
    "name": "ARQ_2__ESC_7",
    "timestamp": "2025-06-19T19:40:19.529518",
    "repeat_index": 7
  },
  "effects": {
    "num_taps": {
      "is_categorical": true,
      "bins": null,
      "values": {
        "4": {
          "Éxito": 0.9029947916666666,
          "Error": 0.09700520833333333
        }
      }
    },
    "snr_db": {
      "is_categorical": false,
      "bins": 10,
      "values": {
        "(7.996, 8.4]": {
          "Éxito": 0.8789808917197452,
          "Error": 0.12101910828025478
        },
        "(8.4, 8.8]": {
          "Éxito": 0.8762711864406779,
          "Error": 0.12372881355932204
        },
        "(8.8, 9.2]": {
          "Éxito": 0.8776167471819646,
          "Error": 0.12238325281803543
        },
        "(9.2, 9.6]": {
          "Éxito": 0.9035532994923858,
          "Error": 0.09644670050761421
        },
        "(9.6, 10.0]": {
          "Éxito": 0.919175911251981,
          "Error": 0.08082408874801902
        },
        "(10.0, 10.4]": {
          "Éxito": 0.9076682316118936,
          "Error": 0.09233176838810642
        },
        "(10.4, 10.8]": {
          "Éxito": 0.9180064308681672,
          "Error": 0.0819935691318328
        },
        "(10.8, 11.2]": {
          "Éxito": 0.9283276450511946,
          "Error": 0.07167235494880546
        },
        "(11.2, 11.6]": {
          "Éxito": 0.9136807817589576,
          "Error": 0.08631921824104234
        },
        "(11.6, 12.0]": {
          "Éxito": 0.9067524115755627,
          "Error": 0.0932475884244373
        }
      }
    },
    "phase_offset": {
      "is_categorical": false,
      "bins": 10,
      "values": {
        "(-0.0414, 4.503]": {
          "Éxito": 0.8979591836734694,
          "Error": 0.10204081632653061
        },
        "(4.503, 9.003]": {
          "Éxito": 0.9035087719298246,
          "Error": 0.09649122807017543
        },
        "(9.003, 13.502]": {
          "Éxito": 0.8922056384742952,
          "Error": 0.1077943615257048
        },
        "(13.502, 18.002]": {
          "Éxito": 0.896875,
          "Error": 0.103125
        },
        "(18.002, 22.501]": {
          "Éxito": 0.908485856905158,
          "Error": 0.09151414309484193
        },
        "(22.501, 27.001]": {
          "Éxito": 0.9184339314845025,
          "Error": 0.08156606851549755
        },
        "(27.001, 31.5]": {
          "Éxito": 0.9179487179487179,
          "Error": 0.08205128205128205
        },
        "(31.5, 36.0]": {
          "Éxito": 0.8785488958990536,
          "Error": 0.12145110410094637
        },
        "(36.0, 40.499]": {
          "Éxito": 0.9096573208722741,
          "Error": 0.09034267912772585
        },
        "(40.499, 44.999]": {
          "Éxito": 0.9079159935379645,
          "Error": 0.09208400646203554
        }
      }
    },
    "roll_off": {
      "is_categorical": false,
      "bins": 10,
      "values": {
        "(0.2, 0.21]": {
          "Éxito": 0.8772802653399668,
          "Error": 0.12271973466003316
        },
        "(0.21, 0.22]": {
          "Éxito": 0.9124203821656051,
          "Error": 0.0875796178343949
        },
        "(0.22, 0.23]": {
          "Éxito": 0.8998384491114702,
          "Error": 0.10016155088852989
        },
        "(0.23, 0.24]": {
          "Éxito": 0.8980582524271845,
          "Error": 0.10194174757281553
        },
        "(0.24, 0.25]": {
          "Éxito": 0.9038142620232172,
          "Error": 0.09618573797678276
        },
        "(0.25, 0.26]": {
          "Éxito": 0.9210084033613445,
          "Error": 0.07899159663865546
        },
        "(0.26, 0.27]": {
          "Éxito": 0.9101123595505618,
          "Error": 0.0898876404494382
        },
        "(0.27, 0.28]": {
          "Éxito": 0.9018003273322422,
          "Error": 0.09819967266775777
        },
        "(0.28, 0.29]": {
          "Éxito": 0.8906752411575563,
          "Error": 0.10932475884244373
        },
        "(0.29, 0.3]": {
          "Éxito": 0.9147909967845659,
          "Error": 0.08520900321543408
        }
      }
    }
  }
}