{
  "experiment": {
    "name": "red_carlos_ESC_1",
    "timestamp": "2025-06-17T13:10:55.166529",
    "repeat_index": 0,
    "fold_index": 3
  },
  "evaluation": {
    "loss": 0.9465282559394836,
    "accuracy": 0.5809601545333862
  },
  "classification_report": {
    "bpsk": {
      "precision": 1.0,
      "recall": 0.9951219512195122,
      "f1-score": 0.9975550122249389,
      "support": 410.0
    },
    "qpsk": {
      "precision": 0.9975669099756691,
      "recall": 1.0,
      "f1-score": 0.9987819732034106,
      "support": 410.0
    },
    "16qam": {
      "precision": 0.27323943661971833,
      "recall": 0.23658536585365852,
      "f1-score": 0.25359477124183005,
      "support": 410.0
    },
    "32qam cross": {
      "precision": 0.42755344418052255,
      "recall": 0.43902439024390244,
      "f1-score": 0.43321299638989164,
      "support": 410.0
    },
    "64qam": {
      "precision": 0.4823529411764706,
      "recall": 0.5012224938875306,
      "f1-score": 0.4916067146282974,
      "support": 409.0
    },
    "128qam cross": {
      "precision": 0.2922374429223744,
      "recall": 0.31295843520782396,
      "f1-score": 0.3022432113341204,
      "support": 409.0
    },
    "accuracy": 0.580960130187144,
    "macro avg": {
      "precision": 0.5788250291457925,
      "recall": 0.5808187727354046,
      "f1-score": 0.5794991131704148,
      "support": 2458.0
    },
    "weighted avg": {
      "precision": 0.5789808711613307,
      "recall": 0.580960130187144,
      "f1-score": 0.5796476682153207,
      "support": 2458.0
    }
  }
}