{
  "experiment": {
    "name": "red_carlos_ESC_1",
    "timestamp": "2025-06-17T13:10:55.946979",
    "repeat_index": 0,
    "fold_index": 3
  },
  "effects": {
    "num_taps": {
      "is_categorical": true,
      "bins": null,
      "values": {
        "2": {
          "Éxito": 0.580960130187144,
          "Error": 0.41903986981285596
        }
      }
    },
    "snr_db": {
      "is_categorical": false,
      "bins": 10,
      "values": {
        "(-0.00277, 0.401]": {
          "Éxito": 0.5340909090909091,
          "Error": 0.4659090909090909
        },
        "(0.401, 0.801]": {
          "Éxito": 0.5772357723577236,
          "Error": 0.42276422764227645
        },
        "(0.801, 1.2]": {
          "Éxito": 0.5991902834008097,
          "Error": 0.4008097165991903
        },
        "(1.2, 1.6]": {
          "Éxito": 0.5515873015873016,
          "Error": 0.44841269841269843
        },
        "(1.6, 2.0]": {
          "Éxito": 0.5714285714285714,
          "Error": 0.42857142857142855
        },
        "(2.0, 2.399]": {
          "Éxito": 0.5612648221343873,
          "Error": 0.43873517786561267
        },
        "(2.399, 2.799]": {
          "Éxito": 0.5959183673469388,
          "Error": 0.40408163265306124
        },
        "(2.799, 3.198]": {
          "Éxito": 0.5933609958506224,
          "Error": 0.4066390041493776
        },
        "(3.198, 3.598]": {
          "Éxito": 0.6177777777777778,
          "Error": 0.38222222222222224
        },
        "(3.598, 3.998]": {
          "Éxito": 0.6153846153846154,
          "Error": 0.38461538461538464
        }
      }
    },
    "phase_offset": {
      "is_categorical": false,
      "bins": 10,
      "values": {
        "(-0.0389, 4.505]": {
          "Éxito": 0.5673469387755102,
          "Error": 0.4326530612244898
        },
        "(4.505, 9.004]": {
          "Éxito": 0.5367965367965368,
          "Error": 0.46320346320346323
        },
        "(9.004, 13.503]": {
          "Éxito": 0.5939849624060151,
          "Error": 0.40601503759398494
        },
        "(13.503, 18.001]": {
          "Éxito": 0.540650406504065,
          "Error": 0.45934959349593496
        },
        "(18.001, 22.5]": {
          "Éxito": 0.553030303030303,
          "Error": 0.44696969696969696
        },
        "(22.5, 26.999]": {
          "Éxito": 0.5983935742971888,
          "Error": 0.40160642570281124
        },
        "(26.999, 31.498]": {
          "Éxito": 0.6445497630331753,
          "Error": 0.35545023696682465
        },
        "(31.498, 35.997]": {
          "Éxito": 0.53125,
          "Error": 0.46875
        },
        "(35.997, 40.496]": {
          "Éxito": 0.6605166051660517,
          "Error": 0.33948339483394835
        },
        "(40.496, 44.995]": {
          "Éxito": 0.5776892430278885,
          "Error": 0.42231075697211157
        }
      }
    },
    "roll_off": {
      "is_categorical": false,
      "bins": 10,
      "values": {
        "(0.2, 0.21]": {
          "Éxito": 0.5648535564853556,
          "Error": 0.4351464435146444
        },
        "(0.21, 0.22]": {
          "Éxito": 0.5468164794007491,
          "Error": 0.45318352059925093
        },
        "(0.22, 0.23]": {
          "Éxito": 0.5161290322580645,
          "Error": 0.4838709677419355
        },
        "(0.23, 0.24]": {
          "Éxito": 0.6212765957446809,
          "Error": 0.37872340425531914
        },
        "(0.24, 0.25]": {
          "Éxito": 0.6342592592592593,
          "Error": 0.36574074074074076
        },
        "(0.25, 0.26]": {
          "Éxito": 0.536,
          "Error": 0.464
        },
        "(0.26, 0.27]": {
          "Éxito": 0.6016949152542372,
          "Error": 0.3983050847457627
        },
        "(0.27, 0.28]": {
          "Éxito": 0.5903614457831325,
          "Error": 0.40963855421686746
        },
        "(0.28, 0.29]": {
          "Éxito": 0.6171875,
          "Error": 0.3828125
        },
        "(0.29, 0.3]": {
          "Éxito": 0.5916030534351145,
          "Error": 0.4083969465648855
        }
      }
    }
  }
}