{
  "experiment": {
    "name": "ARQ_1__ESC_3",
    "timestamp": "2025-06-21T20:29:03.030386",
    "repeat_index": 8
  },
  "effects": {
    "num_taps": {
      "is_categorical": true,
      "bins": null,
      "values": {
        "2": {
          "Éxito": 0.97509765625,
          "Error": 0.02490234375
        }
      }
    },
    "snr_db": {
      "is_categorical": false,
      "bins": 10,
      "values": {
        "(7.996, 8.4]": {
          "Éxito": 0.9657534246575342,
          "Error": 0.03424657534246575
        },
        "(8.4, 8.8]": {
          "Éxito": 0.967032967032967,
          "Error": 0.03296703296703297
        },
        "(8.8, 9.2]": {
          "Éxito": 0.9581320450885669,
          "Error": 0.04186795491143317
        },
        "(9.2, 9.6]": {
          "Éxito": 0.9719188767550702,
          "Error": 0.028081123244929798
        },
        "(9.6, 10.0]": {
          "Éxito": 0.9753846153846154,
          "Error": 0.024615384615384615
        },
        "(10.0, 10.4]": {
          "Éxito": 0.9901477832512315,
          "Error": 0.009852216748768473
        },
        "(10.4, 10.8]": {
          "Éxito": 0.9765494137353434,
          "Error": 0.023450586264656615
        },
        "(10.8, 11.2]": {
          "Éxito": 0.9826086956521739,
          "Error": 0.017391304347826087
        },
        "(11.2, 11.6]": {
          "Éxito": 0.9763779527559056,
          "Error": 0.023622047244094488
        },
        "(11.6, 12.0]": {
          "Éxito": 0.9882352941176471,
          "Error": 0.011764705882352941
        }
      }
    },
    "phase_offset": {
      "is_categorical": false,
      "bins": 10,
      "values": {
        "(-0.0388, 4.505]": {
          "Éxito": 0.9721254355400697,
          "Error": 0.027874564459930314
        },
        "(4.505, 9.004]": {
          "Éxito": 0.9716535433070866,
          "Error": 0.028346456692913385
        },
        "(9.004, 13.503]": {
          "Éxito": 0.9695024077046549,
          "Error": 0.030497592295345103
        },
        "(13.503, 18.002]": {
          "Éxito": 0.9813084112149533,
          "Error": 0.018691588785046728
        },
        "(18.002, 22.501]": {
          "Éxito": 0.9793459552495697,
          "Error": 0.020654044750430294
        },
        "(22.501, 27.0]": {
          "Éxito": 0.9714285714285714,
          "Error": 0.02857142857142857
        },
        "(27.0, 31.499]": {
          "Éxito": 0.9688013136288999,
          "Error": 0.031198686371100164
        },
        "(31.499, 35.998]": {
          "Éxito": 0.9788617886178862,
          "Error": 0.02113821138211382
        },
        "(35.998, 40.497]": {
          "Éxito": 0.9798136645962733,
          "Error": 0.020186335403726708
        },
        "(40.497, 44.996]": {
          "Éxito": 0.9776357827476039,
          "Error": 0.022364217252396165
        }
      }
    },
    "roll_off": {
      "is_categorical": false,
      "bins": 10,
      "values": {
        "(0.2, 0.21]": {
          "Éxito": 0.957983193277311,
          "Error": 0.04201680672268908
        },
        "(0.21, 0.22]": {
          "Éxito": 0.9727427597955707,
          "Error": 0.027257240204429302
        },
        "(0.22, 0.23]": {
          "Éxito": 0.9752321981424149,
          "Error": 0.02476780185758514
        },
        "(0.23, 0.24]": {
          "Éxito": 0.9794168096054888,
          "Error": 0.02058319039451115
        },
        "(0.24, 0.25]": {
          "Éxito": 0.978328173374613,
          "Error": 0.021671826625386997
        },
        "(0.25, 0.26]": {
          "Éxito": 0.9733124018838305,
          "Error": 0.026687598116169546
        },
        "(0.26, 0.27]": {
          "Éxito": 0.982484076433121,
          "Error": 0.01751592356687898
        },
        "(0.27, 0.28]": {
          "Éxito": 0.9833055091819699,
          "Error": 0.01669449081803005
        },
        "(0.28, 0.29]": {
          "Éxito": 0.9728,
          "Error": 0.0272
        },
        "(0.29, 0.3]": {
          "Éxito": 0.9749163879598662,
          "Error": 0.02508361204013378
        }
      }
    }
  }
}