{
  "experiment": {
    "name": "cnn_bilstm_attn_esc_4",
    "timestamp": "2025-06-21T09:01:20.643787",
    "repeat_index": 3,
    "fold_index": 0
  },
  "effects": {
    "num_taps": {
      "is_categorical": true,
      "bins": null,
      "values": {
        "2": {
          "Éxito": 0.9776240846216436,
          "Error": 0.022375915378356388
        }
      }
    },
    "snr_db": {
      "is_categorical": false,
      "bins": 10,
      "values": {
        "(11.997, 12.4]": {
          "Éxito": 0.9601593625498008,
          "Error": 0.0398406374501992
        },
        "(12.4, 12.8]": {
          "Éxito": 0.9836734693877551,
          "Error": 0.0163265306122449
        },
        "(12.8, 13.2]": {
          "Éxito": 0.9734848484848485,
          "Error": 0.026515151515151516
        },
        "(13.2, 13.6]": {
          "Éxito": 0.961864406779661,
          "Error": 0.038135593220338986
        },
        "(13.6, 14.0]": {
          "Éxito": 0.9832635983263598,
          "Error": 0.016736401673640166
        },
        "(14.0, 14.4]": {
          "Éxito": 0.9883720930232558,
          "Error": 0.011627906976744186
        },
        "(14.4, 14.8]": {
          "Éxito": 0.975609756097561,
          "Error": 0.024390243902439025
        },
        "(14.8, 15.2]": {
          "Éxito": 0.9799196787148594,
          "Error": 0.020080321285140562
        },
        "(15.2, 15.6]": {
          "Éxito": 0.9868995633187773,
          "Error": 0.013100436681222707
        },
        "(15.6, 15.999]": {
          "Éxito": 0.983402489626556,
          "Error": 0.016597510373443983
        }
      }
    },
    "phase_offset": {
      "is_categorical": false,
      "bins": 10,
      "values": {
        "(-0.0421, 4.502]": {
          "Éxito": 0.9866666666666667,
          "Error": 0.013333333333333334
        },
        "(4.502, 9.0]": {
          "Éxito": 0.9874476987447699,
          "Error": 0.012552301255230125
        },
        "(9.0, 13.499]": {
          "Éxito": 0.9728682170542635,
          "Error": 0.027131782945736434
        },
        "(13.499, 17.998]": {
          "Éxito": 0.9866666666666667,
          "Error": 0.013333333333333334
        },
        "(17.998, 22.496]": {
          "Éxito": 0.9618320610687023,
          "Error": 0.03816793893129771
        },
        "(22.496, 26.995]": {
          "Éxito": 0.9759036144578314,
          "Error": 0.024096385542168676
        },
        "(26.995, 31.494]": {
          "Éxito": 0.9806949806949807,
          "Error": 0.019305019305019305
        },
        "(31.494, 35.992]": {
          "Éxito": 0.9958677685950413,
          "Error": 0.004132231404958678
        },
        "(35.992, 40.491]": {
          "Éxito": 0.9591836734693877,
          "Error": 0.04081632653061224
        },
        "(40.491, 44.99]": {
          "Éxito": 0.9724409448818898,
          "Error": 0.027559055118110236
        }
      }
    },
    "roll_off": {
      "is_categorical": false,
      "bins": 10,
      "values": {
        "(0.2, 0.21]": {
          "Éxito": 0.9796747967479674,
          "Error": 0.02032520325203252
        },
        "(0.21, 0.22]": {
          "Éxito": 0.9573643410852714,
          "Error": 0.04263565891472868
        },
        "(0.22, 0.23]": {
          "Éxito": 0.9783549783549783,
          "Error": 0.021645021645021644
        },
        "(0.23, 0.24]": {
          "Éxito": 0.9708333333333333,
          "Error": 0.029166666666666667
        },
        "(0.24, 0.25]": {
          "Éxito": 0.969811320754717,
          "Error": 0.03018867924528302
        },
        "(0.25, 0.26]": {
          "Éxito": 0.9830508474576272,
          "Error": 0.01694915254237288
        },
        "(0.26, 0.27]": {
          "Éxito": 0.9820143884892086,
          "Error": 0.017985611510791366
        },
        "(0.27, 0.28]": {
          "Éxito": 0.9787234042553191,
          "Error": 0.02127659574468085
        },
        "(0.28, 0.29]": {
          "Éxito": 0.9954128440366973,
          "Error": 0.0045871559633027525
        },
        "(0.29, 0.3]": {
          "Éxito": 0.9840637450199203,
          "Error": 0.01593625498007968
        }
      }
    }
  }
}