{
  "experiment": {
    "name": "ARQ_3__ESC_5",
    "timestamp": "2025-06-19T14:05:28.389655",
    "repeat_index": 8
  },
  "effects": {
    "num_taps": {
      "is_categorical": true,
      "bins": null,
      "values": {
        "2": {
          "Éxito": 0.9874674479166666,
          "Error": 0.012532552083333334
        }
      }
    },
    "snr_db": {
      "is_categorical": false,
      "bins": 10,
      "values": {
        "(15.997, 16.401]": {
          "Éxito": 0.9804241435562806,
          "Error": 0.01957585644371941
        },
        "(16.401, 16.801]": {
          "Éxito": 0.9809825673534073,
          "Error": 0.01901743264659271
        },
        "(16.801, 17.201]": {
          "Éxito": 0.9801652892561984,
          "Error": 0.019834710743801654
        },
        "(17.201, 17.6]": {
          "Éxito": 0.9872813990461049,
          "Error": 0.012718600953895072
        },
        "(17.6, 18.0]": {
          "Éxito": 0.9889937106918238,
          "Error": 0.0110062893081761
        },
        "(18.0, 18.4]": {
          "Éxito": 0.9869918699186991,
          "Error": 0.013008130081300813
        },
        "(18.4, 18.8]": {
          "Éxito": 0.9966996699669967,
          "Error": 0.0033003300330033004
        },
        "(18.8, 19.2]": {
          "Éxito": 0.9920508744038156,
          "Error": 0.00794912559618442
        },
        "(19.2, 19.599]": {
          "Éxito": 0.988135593220339,
          "Error": 0.011864406779661017
        },
        "(19.599, 19.999]": {
          "Éxito": 0.9932203389830508,
          "Error": 0.006779661016949152
        }
      }
    },
    "phase_offset": {
      "is_categorical": false,
      "bins": 10,
      "values": {
        "(-0.0341, 4.51]": {
          "Éxito": 0.9914236706689536,
          "Error": 0.008576329331046312
        },
        "(4.51, 9.008]": {
          "Éxito": 0.9888178913738019,
          "Error": 0.011182108626198083
        },
        "(9.008, 13.507]": {
          "Éxito": 0.9917898193760263,
          "Error": 0.008210180623973728
        },
        "(13.507, 18.006]": {
          "Éxito": 0.9921259842519685,
          "Error": 0.007874015748031496
        },
        "(18.006, 22.504]": {
          "Éxito": 0.9758842443729904,
          "Error": 0.024115755627009645
        },
        "(22.504, 27.003]": {
          "Éxito": 0.983739837398374,
          "Error": 0.016260162601626018
        },
        "(27.003, 31.502]": {
          "Éxito": 0.981042654028436,
          "Error": 0.018957345971563982
        },
        "(31.502, 36.0]": {
          "Éxito": 0.9885057471264368,
          "Error": 0.011494252873563218
        },
        "(36.0, 40.499]": {
          "Éxito": 0.9884105960264901,
          "Error": 0.011589403973509934
        },
        "(40.499, 44.998]": {
          "Éxito": 0.993421052631579,
          "Error": 0.006578947368421052
        }
      }
    },
    "roll_off": {
      "is_categorical": false,
      "bins": 10,
      "values": {
        "(0.2, 0.21]": {
          "Éxito": 0.9840255591054313,
          "Error": 0.01597444089456869
        },
        "(0.21, 0.22]": {
          "Éxito": 0.9781144781144782,
          "Error": 0.021885521885521887
        },
        "(0.22, 0.23]": {
          "Éxito": 0.9923312883435583,
          "Error": 0.007668711656441718
        },
        "(0.23, 0.24]": {
          "Éxito": 0.9840989399293286,
          "Error": 0.015901060070671377
        },
        "(0.24, 0.25]": {
          "Éxito": 0.9865996649916248,
          "Error": 0.01340033500837521
        },
        "(0.25, 0.26]": {
          "Éxito": 0.9883527454242929,
          "Error": 0.011647254575707155
        },
        "(0.26, 0.27]": {
          "Éxito": 0.9885807504078303,
          "Error": 0.011419249592169658
        },
        "(0.27, 0.28]": {
          "Éxito": 0.9938080495356038,
          "Error": 0.006191950464396285
        },
        "(0.28, 0.29]": {
          "Éxito": 0.9914529914529915,
          "Error": 0.008547008547008548
        },
        "(0.29, 0.3]": {
          "Éxito": 0.9864457831325302,
          "Error": 0.01355421686746988
        }
      }
    }
  }
}