{
  "experiment": {
    "name": "res_tcn_se_esc_11",
    "timestamp": "2025-06-22T02:11:09.767403",
    "repeat_index": 3,
    "fold_index": 4
  },
  "effects": {
    "num_taps": {
      "is_categorical": true,
      "bins": null,
      "values": {
        "2": {
          "Éxito": 0.9422294548413345,
          "Error": 0.05777054515866558
        }
      }
    },
    "snr_db": {
      "is_categorical": false,
      "bins": 10,
      "values": {
        "(7.997, 8.401]": {
          "Éxito": 0.9234042553191489,
          "Error": 0.07659574468085106
        },
        "(8.401, 8.801]": {
          "Éxito": 0.9423076923076923,
          "Error": 0.057692307692307696
        },
        "(8.801, 9.201]": {
          "Éxito": 0.9346153846153846,
          "Error": 0.06538461538461539
        },
        "(9.201, 9.6]": {
          "Éxito": 0.9612068965517241,
          "Error": 0.03879310344827586
        },
        "(9.6, 10.0]": {
          "Éxito": 0.9296875,
          "Error": 0.0703125
        },
        "(10.0, 10.4]": {
          "Éxito": 0.9527896995708155,
          "Error": 0.04721030042918455
        },
        "(10.4, 10.8]": {
          "Éxito": 0.95,
          "Error": 0.05
        },
        "(10.8, 11.199]": {
          "Éxito": 0.9478260869565217,
          "Error": 0.05217391304347826
        },
        "(11.199, 11.599]": {
          "Éxito": 0.9234042553191489,
          "Error": 0.07659574468085106
        },
        "(11.599, 11.999]": {
          "Éxito": 0.9578059071729957,
          "Error": 0.04219409282700422
        }
      }
    },
    "phase_offset": {
      "is_categorical": false,
      "bins": 10,
      "values": {
        "(134.965, 139.509]": {
          "Éxito": 0.9540229885057471,
          "Error": 0.04597701149425287
        },
        "(139.509, 144.008]": {
          "Éxito": 0.935361216730038,
          "Error": 0.06463878326996197
        },
        "(144.008, 148.507]": {
          "Éxito": 0.9451476793248945,
          "Error": 0.05485232067510549
        },
        "(148.507, 153.006]": {
          "Éxito": 0.9628099173553719,
          "Error": 0.0371900826446281
        },
        "(153.006, 157.504]": {
          "Éxito": 0.9451476793248945,
          "Error": 0.05485232067510549
        },
        "(157.504, 162.003]": {
          "Éxito": 0.9531914893617022,
          "Error": 0.04680851063829787
        },
        "(162.003, 166.502]": {
          "Éxito": 0.9363295880149812,
          "Error": 0.06367041198501873
        },
        "(166.502, 171.001]": {
          "Éxito": 0.9074889867841409,
          "Error": 0.09251101321585903
        },
        "(171.001, 175.5]": {
          "Éxito": 0.926829268292683,
          "Error": 0.07317073170731707
        },
        "(175.5, 179.999]": {
          "Éxito": 0.9547325102880658,
          "Error": 0.04526748971193416
        }
      }
    },
    "roll_off": {
      "is_categorical": false,
      "bins": 10,
      "values": {
        "(0.2, 0.21]": {
          "Éxito": 0.921161825726141,
          "Error": 0.07883817427385892
        },
        "(0.21, 0.22]": {
          "Éxito": 0.9748953974895398,
          "Error": 0.02510460251046025
        },
        "(0.22, 0.23]": {
          "Éxito": 0.943089430894309,
          "Error": 0.056910569105691054
        },
        "(0.23, 0.24]": {
          "Éxito": 0.9186991869918699,
          "Error": 0.08130081300813008
        },
        "(0.24, 0.25]": {
          "Éxito": 0.94,
          "Error": 0.06
        },
        "(0.25, 0.26]": {
          "Éxito": 0.9312977099236641,
          "Error": 0.06870229007633588
        },
        "(0.26, 0.27]": {
          "Éxito": 0.9291338582677166,
          "Error": 0.07086614173228346
        },
        "(0.27, 0.28]": {
          "Éxito": 0.954954954954955,
          "Error": 0.04504504504504504
        },
        "(0.28, 0.29]": {
          "Éxito": 0.97165991902834,
          "Error": 0.02834008097165992
        },
        "(0.29, 0.3]": {
          "Éxito": 0.9402390438247012,
          "Error": 0.05976095617529881
        }
      }
    }
  }
}