{
  "experiment": {
    "name": "cnn_bilstm_attn_esc_8",
    "timestamp": "2025-06-22T18:32:50.864287",
    "repeat_index": 2,
    "fold_index": 0
  },
  "effects": {
    "num_taps": {
      "is_categorical": true,
      "bins": null,
      "values": {
        "6": {
          "Éxito": 0.8213995117982099,
          "Error": 0.1786004882017901
        }
      }
    },
    "snr_db": {
      "is_categorical": false,
      "bins": 10,
      "values": {
        "(7.999, 8.403]": {
          "Éxito": 0.8307086614173228,
          "Error": 0.16929133858267717
        },
        "(8.403, 8.802]": {
          "Éxito": 0.8671875,
          "Error": 0.1328125
        },
        "(8.802, 9.202]": {
          "Éxito": 0.7808219178082192,
          "Error": 0.2191780821917808
        },
        "(9.202, 9.602]": {
          "Éxito": 0.7854406130268199,
          "Error": 0.21455938697318008
        },
        "(9.602, 10.001]": {
          "Éxito": 0.8108108108108109,
          "Error": 0.1891891891891892
        },
        "(10.001, 10.401]": {
          "Éxito": 0.8135593220338984,
          "Error": 0.1864406779661017
        },
        "(10.401, 10.801]": {
          "Éxito": 0.7847533632286996,
          "Error": 0.21524663677130046
        },
        "(10.801, 11.2]": {
          "Éxito": 0.8421052631578947,
          "Error": 0.15789473684210525
        },
        "(11.2, 11.6]": {
          "Éxito": 0.8698884758364313,
          "Error": 0.13011152416356878
        },
        "(11.6, 11.999]": {
          "Éxito": 0.8162393162393162,
          "Error": 0.18376068376068377
        }
      }
    },
    "phase_offset": {
      "is_categorical": false,
      "bins": 10,
      "values": {
        "(-0.0359, 4.508]": {
          "Éxito": 0.8072289156626506,
          "Error": 0.1927710843373494
        },
        "(4.508, 9.007]": {
          "Éxito": 0.7619047619047619,
          "Error": 0.23809523809523808
        },
        "(9.007, 13.506]": {
          "Éxito": 0.8412698412698413,
          "Error": 0.15873015873015872
        },
        "(13.506, 18.005]": {
          "Éxito": 0.8380566801619433,
          "Error": 0.16194331983805668
        },
        "(18.005, 22.504]": {
          "Éxito": 0.8478260869565217,
          "Error": 0.15217391304347827
        },
        "(22.504, 27.003]": {
          "Éxito": 0.7929515418502202,
          "Error": 0.20704845814977973
        },
        "(27.003, 31.502]": {
          "Éxito": 0.8197879858657244,
          "Error": 0.18021201413427562
        },
        "(31.502, 36.001]": {
          "Éxito": 0.8353909465020576,
          "Error": 0.1646090534979424
        },
        "(36.001, 40.5]": {
          "Éxito": 0.8247011952191236,
          "Error": 0.1752988047808765
        },
        "(40.5, 44.999]": {
          "Éxito": 0.8408163265306122,
          "Error": 0.15918367346938775
        }
      }
    },
    "roll_off": {
      "is_categorical": false,
      "bins": 10,
      "values": {
        "(0.2, 0.21]": {
          "Éxito": 0.8174273858921162,
          "Error": 0.1825726141078838
        },
        "(0.21, 0.22]": {
          "Éxito": 0.8274509803921568,
          "Error": 0.17254901960784313
        },
        "(0.22, 0.23]": {
          "Éxito": 0.7991452991452992,
          "Error": 0.20085470085470086
        },
        "(0.23, 0.24]": {
          "Éxito": 0.848,
          "Error": 0.152
        },
        "(0.24, 0.25]": {
          "Éxito": 0.8104838709677419,
          "Error": 0.18951612903225806
        },
        "(0.25, 0.26]": {
          "Éxito": 0.8341013824884793,
          "Error": 0.16589861751152074
        },
        "(0.26, 0.27]": {
          "Éxito": 0.8582089552238806,
          "Error": 0.1417910447761194
        },
        "(0.27, 0.28]": {
          "Éxito": 0.788235294117647,
          "Error": 0.21176470588235294
        },
        "(0.28, 0.29]": {
          "Éxito": 0.8207171314741036,
          "Error": 0.17928286852589642
        },
        "(0.29, 0.3]": {
          "Éxito": 0.8075313807531381,
          "Error": 0.19246861924686193
        }
      }
    }
  }
}