{
  "experiment": {
    "name": "ARQ_3__ESC_10",
    "timestamp": "2025-06-19T21:27:42.906697",
    "repeat_index": 5
  },
  "effects": {
    "num_taps": {
      "is_categorical": true,
      "bins": null,
      "values": {
        "2": {
          "Éxito": 0.9602864583333334,
          "Error": 0.039713541666666664
        }
      }
    },
    "snr_db": {
      "is_categorical": false,
      "bins": 10,
      "values": {
        "(7.997, 8.401]": {
          "Éxito": 0.9471228615863142,
          "Error": 0.05287713841368585
        },
        "(8.401, 8.801]": {
          "Éxito": 0.9525483304042179,
          "Error": 0.04745166959578207
        },
        "(8.801, 9.201]": {
          "Éxito": 0.9437299035369775,
          "Error": 0.05627009646302251
        },
        "(9.201, 9.6]": {
          "Éxito": 0.952,
          "Error": 0.048
        },
        "(9.6, 10.0]": {
          "Éxito": 0.9601910828025477,
          "Error": 0.03980891719745223
        },
        "(10.0, 10.4]": {
          "Éxito": 0.9575551782682513,
          "Error": 0.042444821731748725
        },
        "(10.4, 10.8]": {
          "Éxito": 0.9551282051282052,
          "Error": 0.04487179487179487
        },
        "(10.8, 11.2]": {
          "Éxito": 0.9732283464566929,
          "Error": 0.026771653543307086
        },
        "(11.2, 11.6]": {
          "Éxito": 0.9820846905537459,
          "Error": 0.017915309446254073
        },
        "(11.6, 11.999]": {
          "Éxito": 0.9798319327731092,
          "Error": 0.020168067226890758
        }
      }
    },
    "phase_offset": {
      "is_categorical": false,
      "bins": 10,
      "values": {
        "(89.957, 94.5]": {
          "Éxito": 0.9646302250803859,
          "Error": 0.03536977491961415
        },
        "(94.5, 98.998]": {
          "Éxito": 0.9683544303797469,
          "Error": 0.03164556962025317
        },
        "(98.998, 103.496]": {
          "Éxito": 0.9439102564102564,
          "Error": 0.05608974358974359
        },
        "(103.496, 107.994]": {
          "Éxito": 0.9516129032258065,
          "Error": 0.04838709677419355
        },
        "(107.994, 112.492]": {
          "Éxito": 0.9491803278688524,
          "Error": 0.05081967213114754
        },
        "(112.492, 116.99]": {
          "Éxito": 0.9681742043551089,
          "Error": 0.031825795644891124
        },
        "(116.99, 121.488]": {
          "Éxito": 0.9606299212598425,
          "Error": 0.03937007874015748
        },
        "(121.488, 125.986]": {
          "Éxito": 0.9716535433070866,
          "Error": 0.028346456692913385
        },
        "(125.986, 130.483]": {
          "Éxito": 0.9649415692821369,
          "Error": 0.035058430717863104
        },
        "(130.483, 134.981]": {
          "Éxito": 0.9596491228070175,
          "Error": 0.04035087719298246
        }
      }
    },
    "roll_off": {
      "is_categorical": false,
      "bins": 10,
      "values": {
        "(0.2, 0.21]": {
          "Éxito": 0.9530988274706867,
          "Error": 0.04690117252931323
        },
        "(0.21, 0.22]": {
          "Éxito": 0.9653543307086614,
          "Error": 0.03464566929133858
        },
        "(0.22, 0.23]": {
          "Éxito": 0.9725085910652921,
          "Error": 0.027491408934707903
        },
        "(0.23, 0.24]": {
          "Éxito": 0.9534482758620689,
          "Error": 0.04655172413793104
        },
        "(0.24, 0.25]": {
          "Éxito": 0.9636650868878357,
          "Error": 0.036334913112164295
        },
        "(0.25, 0.26]": {
          "Éxito": 0.9497041420118343,
          "Error": 0.05029585798816568
        },
        "(0.26, 0.27]": {
          "Éxito": 0.9728353140916808,
          "Error": 0.027164685908319185
        },
        "(0.27, 0.28]": {
          "Éxito": 0.9689034369885434,
          "Error": 0.031096563011456628
        },
        "(0.28, 0.29]": {
          "Éxito": 0.9552,
          "Error": 0.0448
        },
        "(0.29, 0.3]": {
          "Éxito": 0.9496753246753247,
          "Error": 0.05032467532467533
        }
      }
    }
  }
}