{
  "experiment": {
    "name": "red_carlos_ESC_2",
    "timestamp": "2025-06-25T03:45:12.029308",
    "repeat_index": 2,
    "fold_index": 4
  },
  "effects": {
    "num_taps": {
      "is_categorical": true,
      "bins": null,
      "values": {
        "2": {
          "Éxito": 0.8787632221318145,
          "Error": 0.12123677786818551
        }
      }
    },
    "snr_db": {
      "is_categorical": false,
      "bins": 10,
      "values": {
        "(4.001, 4.404]": {
          "Éxito": 0.8130081300813008,
          "Error": 0.18699186991869918
        },
        "(4.404, 4.804]": {
          "Éxito": 0.861003861003861,
          "Error": 0.138996138996139
        },
        "(4.804, 5.203]": {
          "Éxito": 0.8565400843881856,
          "Error": 0.14345991561181434
        },
        "(5.203, 5.603]": {
          "Éxito": 0.8565217391304348,
          "Error": 0.14347826086956522
        },
        "(5.603, 6.002]": {
          "Éxito": 0.8656126482213439,
          "Error": 0.13438735177865613
        },
        "(6.002, 6.402]": {
          "Éxito": 0.8853754940711462,
          "Error": 0.11462450592885376
        },
        "(6.402, 6.801]": {
          "Éxito": 0.9032258064516129,
          "Error": 0.0967741935483871
        },
        "(6.801, 7.201]": {
          "Éxito": 0.9209486166007905,
          "Error": 0.07905138339920949
        },
        "(7.201, 7.6]": {
          "Éxito": 0.9153846153846154,
          "Error": 0.08461538461538462
        },
        "(7.6, 8.0]": {
          "Éxito": 0.908675799086758,
          "Error": 0.091324200913242
        }
      }
    },
    "phase_offset": {
      "is_categorical": false,
      "bins": 10,
      "values": {
        "(-0.0433, 4.498]": {
          "Éxito": 0.8529411764705882,
          "Error": 0.14705882352941177
        },
        "(4.498, 8.994]": {
          "Éxito": 0.8961038961038961,
          "Error": 0.1038961038961039
        },
        "(8.994, 13.489]": {
          "Éxito": 0.875,
          "Error": 0.125
        },
        "(13.489, 17.985]": {
          "Éxito": 0.8701298701298701,
          "Error": 0.12987012987012986
        },
        "(17.985, 22.481]": {
          "Éxito": 0.8790322580645161,
          "Error": 0.12096774193548387
        },
        "(22.481, 26.977]": {
          "Éxito": 0.8565737051792829,
          "Error": 0.14342629482071714
        },
        "(26.977, 31.473]": {
          "Éxito": 0.8884297520661157,
          "Error": 0.1115702479338843
        },
        "(31.473, 35.969]": {
          "Éxito": 0.9025270758122743,
          "Error": 0.09747292418772563
        },
        "(35.969, 40.465]": {
          "Éxito": 0.8795180722891566,
          "Error": 0.12048192771084337
        },
        "(40.465, 44.961]": {
          "Éxito": 0.8851063829787233,
          "Error": 0.1148936170212766
        }
      }
    },
    "roll_off": {
      "is_categorical": false,
      "bins": 10,
      "values": {
        "(0.2, 0.21]": {
          "Éxito": 0.8669724770642202,
          "Error": 0.13302752293577982
        },
        "(0.21, 0.22]": {
          "Éxito": 0.8700361010830325,
          "Error": 0.1299638989169675
        },
        "(0.22, 0.23]": {
          "Éxito": 0.8823529411764706,
          "Error": 0.11764705882352941
        },
        "(0.23, 0.24]": {
          "Éxito": 0.8643410852713178,
          "Error": 0.13565891472868216
        },
        "(0.24, 0.25]": {
          "Éxito": 0.8645418326693227,
          "Error": 0.13545816733067728
        },
        "(0.25, 0.26]": {
          "Éxito": 0.9118773946360154,
          "Error": 0.08812260536398467
        },
        "(0.26, 0.27]": {
          "Éxito": 0.8888888888888888,
          "Error": 0.1111111111111111
        },
        "(0.27, 0.28]": {
          "Éxito": 0.8554216867469879,
          "Error": 0.14457831325301204
        },
        "(0.28, 0.29]": {
          "Éxito": 0.9007936507936508,
          "Error": 0.0992063492063492
        },
        "(0.29, 0.3]": {
          "Éxito": 0.8820960698689956,
          "Error": 0.11790393013100436
        }
      }
    }
  }
}