{
  "experiment": {
    "name": "res_tcn_se_esc_4",
    "timestamp": "2025-06-21T05:50:15.074093",
    "repeat_index": 2,
    "fold_index": 2
  },
  "evaluation": {
    "loss": 0.20847448706626892,
    "accuracy": 0.9479251503944397
  },
  "classification_report": {
    "bpsk": {
      "precision": 1.0,
      "recall": 1.0,
      "f1-score": 1.0,
      "support": 410.0
    },
    "qpsk": {
      "precision": 1.0,
      "recall": 1.0,
      "f1-score": 1.0,
      "support": 410.0
    },
    "16qam": {
      "precision": 0.9878048780487805,
      "recall": 0.9902200488997555,
      "f1-score": 0.9890109890109889,
      "support": 409.0
    },
    "32qam cross": {
      "precision": 0.9344660194174758,
      "recall": 0.9390243902439024,
      "f1-score": 0.9367396593673967,
      "support": 410.0
    },
    "64qam": {
      "precision": 0.92,
      "recall": 0.8997555012224939,
      "f1-score": 0.9097651421508035,
      "support": 409.0
    },
    "128qam cross": {
      "precision": 0.8461538461538461,
      "recall": 0.8585365853658536,
      "f1-score": 0.8523002421307506,
      "support": 410.0
    },
    "accuracy": 0.9479251423921887,
    "macro avg": {
      "precision": 0.9480707906033503,
      "recall": 0.9479227542886676,
      "f1-score": 0.9479693387766566,
      "support": 2458.0
    },
    "weighted avg": {
      "precision": 0.94806604556802,
      "recall": 0.9479251423921887,
      "f1-score": 0.9479681844017142,
      "support": 2458.0
    }
  }
}