{
  "experiment": {
    "name": "res_tcn_se_esc_5",
    "timestamp": "2025-06-16T09:44:37.013242",
    "repeat_index": 0,
    "fold_index": 1
  },
  "evaluation": {
    "loss": 0.08432907611131668,
    "accuracy": 0.9727420806884766
  },
  "classification_report": {
    "bpsk": {
      "precision": 1.0,
      "recall": 1.0,
      "f1-score": 1.0,
      "support": 409.0
    },
    "qpsk": {
      "precision": 1.0,
      "recall": 1.0,
      "f1-score": 1.0,
      "support": 410.0
    },
    "16qam": {
      "precision": 0.9926108374384236,
      "recall": 0.9829268292682927,
      "f1-score": 0.9877450980392157,
      "support": 410.0
    },
    "32qam cross": {
      "precision": 0.9682926829268292,
      "recall": 0.9706601466992665,
      "f1-score": 0.9694749694749694,
      "support": 409.0
    },
    "64qam": {
      "precision": 0.9582309582309583,
      "recall": 0.9512195121951219,
      "f1-score": 0.9547123623011016,
      "support": 410.0
    },
    "128qam cross": {
      "precision": 0.9158653846153846,
      "recall": 0.9292682926829269,
      "f1-score": 0.9225181598062955,
      "support": 410.0
    },
    "accuracy": 0.9723352318958502,
    "macro avg": {
      "precision": 0.9724999772019327,
      "recall": 0.9723457968076014,
      "f1-score": 0.972408431603597,
      "support": 2458.0
    },
    "weighted avg": {
      "precision": 0.9724905009087986,
      "recall": 0.9723352318958502,
      "f1-score": 0.9723983998272472,
      "support": 2458.0
    }
  }
}