{
  "experiment": {
    "name": "res_tcn_se_esc_5",
    "timestamp": "2025-06-16T09:44:37.354054",
    "repeat_index": 0,
    "fold_index": 1
  },
  "effects": {
    "num_taps": {
      "is_categorical": true,
      "bins": null,
      "values": {
        "2": {
          "Éxito": 0.9723352318958502,
          "Error": 0.027664768104149716
        }
      }
    },
    "snr_db": {
      "is_categorical": false,
      "bins": 10,
      "values": {
        "(15.999, 16.403]": {
          "Éxito": 0.9830508474576272,
          "Error": 0.01694915254237288
        },
        "(16.403, 16.802]": {
          "Éxito": 0.9543726235741445,
          "Error": 0.045627376425855515
        },
        "(16.802, 17.202]": {
          "Éxito": 0.9704641350210971,
          "Error": 0.029535864978902954
        },
        "(17.202, 17.601]": {
          "Éxito": 0.9801587301587301,
          "Error": 0.01984126984126984
        },
        "(17.601, 18.001]": {
          "Éxito": 0.9779735682819384,
          "Error": 0.022026431718061675
        },
        "(18.001, 18.401]": {
          "Éxito": 0.96875,
          "Error": 0.03125
        },
        "(18.401, 18.8]": {
          "Éxito": 0.9844961240310077,
          "Error": 0.015503875968992248
        },
        "(18.8, 19.2]": {
          "Éxito": 0.9610894941634242,
          "Error": 0.038910505836575876
        },
        "(19.2, 19.6]": {
          "Éxito": 0.9707112970711297,
          "Error": 0.029288702928870293
        },
        "(19.6, 19.999]": {
          "Éxito": 0.9742489270386266,
          "Error": 0.02575107296137339
        }
      }
    },
    "phase_offset": {
      "is_categorical": false,
      "bins": 10,
      "values": {
        "(-0.00805, 4.533]": {
          "Éxito": 0.9536679536679536,
          "Error": 0.04633204633204633
        },
        "(4.533, 9.029]": {
          "Éxito": 0.9736842105263158,
          "Error": 0.02631578947368421
        },
        "(9.029, 13.524]": {
          "Éxito": 0.9714285714285714,
          "Error": 0.02857142857142857
        },
        "(13.524, 18.02]": {
          "Éxito": 0.9720930232558139,
          "Error": 0.027906976744186046
        },
        "(18.02, 22.516]": {
          "Éxito": 0.9724409448818898,
          "Error": 0.027559055118110236
        },
        "(22.516, 27.012]": {
          "Éxito": 0.96875,
          "Error": 0.03125
        },
        "(27.012, 31.508]": {
          "Éxito": 0.9765625,
          "Error": 0.0234375
        },
        "(31.508, 36.004]": {
          "Éxito": 0.9789029535864979,
          "Error": 0.02109704641350211
        },
        "(36.004, 40.499]": {
          "Éxito": 0.9794238683127572,
          "Error": 0.0205761316872428
        },
        "(40.499, 44.995]": {
          "Éxito": 0.9779735682819384,
          "Error": 0.022026431718061675
        }
      }
    },
    "roll_off": {
      "is_categorical": false,
      "bins": 10,
      "values": {
        "(0.2, 0.21]": {
          "Éxito": 0.9659574468085106,
          "Error": 0.03404255319148936
        },
        "(0.21, 0.22]": {
          "Éxito": 0.9547511312217195,
          "Error": 0.04524886877828054
        },
        "(0.22, 0.23]": {
          "Éxito": 0.960352422907489,
          "Error": 0.039647577092511016
        },
        "(0.23, 0.24]": {
          "Éxito": 0.9760956175298805,
          "Error": 0.02390438247011952
        },
        "(0.24, 0.25]": {
          "Éxito": 0.984251968503937,
          "Error": 0.015748031496062992
        },
        "(0.25, 0.26]": {
          "Éxito": 0.9712230215827338,
          "Error": 0.02877697841726619
        },
        "(0.26, 0.27]": {
          "Éxito": 0.98,
          "Error": 0.02
        },
        "(0.27, 0.28]": {
          "Éxito": 0.9699248120300752,
          "Error": 0.03007518796992481
        },
        "(0.28, 0.29]": {
          "Éxito": 0.9956521739130435,
          "Error": 0.004347826086956522
        },
        "(0.29, 0.3]": {
          "Éxito": 0.9634146341463414,
          "Error": 0.036585365853658534
        }
      }
    }
  }
}