{
  "experiment": {
    "name": "red_carlos_ESC_11",
    "timestamp": "2025-06-25T01:42:14.822652",
    "repeat_index": 2,
    "fold_index": 3
  },
  "effects": {
    "num_taps": {
      "is_categorical": true,
      "bins": null,
      "values": {
        "2": {
          "Éxito": 0.9479251423921887,
          "Error": 0.05207485760781123
        }
      }
    },
    "snr_db": {
      "is_categorical": false,
      "bins": 10,
      "values": {
        "(7.996, 8.4]": {
          "Éxito": 0.9314516129032258,
          "Error": 0.06854838709677419
        },
        "(8.4, 8.8]": {
          "Éxito": 0.9429657794676806,
          "Error": 0.057034220532319393
        },
        "(8.8, 9.2]": {
          "Éxito": 0.9444444444444444,
          "Error": 0.05555555555555555
        },
        "(9.2, 9.6]": {
          "Éxito": 0.9510204081632653,
          "Error": 0.04897959183673469
        },
        "(9.6, 10.0]": {
          "Éxito": 0.9336099585062241,
          "Error": 0.06639004149377593
        },
        "(10.0, 10.4]": {
          "Éxito": 0.941908713692946,
          "Error": 0.058091286307053944
        },
        "(10.4, 10.8]": {
          "Éxito": 0.9536679536679536,
          "Error": 0.04633204633204633
        },
        "(10.8, 11.2]": {
          "Éxito": 0.9583333333333334,
          "Error": 0.041666666666666664
        },
        "(11.2, 11.6]": {
          "Éxito": 0.9531914893617022,
          "Error": 0.04680851063829787
        },
        "(11.6, 12.0]": {
          "Éxito": 0.9714285714285714,
          "Error": 0.02857142857142857
        }
      }
    },
    "phase_offset": {
      "is_categorical": false,
      "bins": 10,
      "values": {
        "(134.969, 139.512]": {
          "Éxito": 0.9642857142857143,
          "Error": 0.03571428571428571
        },
        "(139.512, 144.01]": {
          "Éxito": 0.9422222222222222,
          "Error": 0.057777777777777775
        },
        "(144.01, 148.508]": {
          "Éxito": 0.9362549800796812,
          "Error": 0.06374501992031872
        },
        "(148.508, 153.006]": {
          "Éxito": 0.9644444444444444,
          "Error": 0.035555555555555556
        },
        "(153.006, 157.504]": {
          "Éxito": 0.9388646288209607,
          "Error": 0.0611353711790393
        },
        "(157.504, 162.002]": {
          "Éxito": 0.963265306122449,
          "Error": 0.036734693877551024
        },
        "(162.002, 166.5]": {
          "Éxito": 0.937037037037037,
          "Error": 0.06296296296296296
        },
        "(166.5, 170.998]": {
          "Éxito": 0.9549180327868853,
          "Error": 0.045081967213114756
        },
        "(170.998, 175.496]": {
          "Éxito": 0.9506172839506173,
          "Error": 0.04938271604938271
        },
        "(175.496, 179.994]": {
          "Éxito": 0.9306569343065694,
          "Error": 0.06934306569343066
        }
      }
    },
    "roll_off": {
      "is_categorical": false,
      "bins": 10,
      "values": {
        "(0.2, 0.21]": {
          "Éxito": 0.9377431906614786,
          "Error": 0.0622568093385214
        },
        "(0.21, 0.22]": {
          "Éxito": 0.9192825112107623,
          "Error": 0.08071748878923767
        },
        "(0.22, 0.23]": {
          "Éxito": 0.9570815450643777,
          "Error": 0.04291845493562232
        },
        "(0.23, 0.24]": {
          "Éxito": 0.9297520661157025,
          "Error": 0.07024793388429752
        },
        "(0.24, 0.25]": {
          "Éxito": 0.9590163934426229,
          "Error": 0.040983606557377046
        },
        "(0.25, 0.26]": {
          "Éxito": 0.9471544715447154,
          "Error": 0.052845528455284556
        },
        "(0.26, 0.27]": {
          "Éxito": 0.9496124031007752,
          "Error": 0.050387596899224806
        },
        "(0.27, 0.28]": {
          "Éxito": 0.9678714859437751,
          "Error": 0.0321285140562249
        },
        "(0.28, 0.29]": {
          "Éxito": 0.9606986899563319,
          "Error": 0.039301310043668124
        },
        "(0.29, 0.3]": {
          "Éxito": 0.9494584837545126,
          "Error": 0.05054151624548736
        }
      }
    }
  }
}